{"timestamp":"2026-08-24T07:50:55.073Z","level":"info","message":"File logging initialized at C:\\Users\\Student\\.kiro\\logs\\20260824T075055010"}
{"timestamp":"2026-08-24T07:50:55.073Z","level":"info","message":"Initializing persistence at C:\\Users\\Student\\.kiro\\sessions"}
{"timestamp":"2026-08-24T07:50:55.079Z","level":"info","message":"[SessionPersistence] Initialized persistence at C:\\Users\\Student\\.kiro\\sessions"}
{"timestamp":"2026-08-24T07:50:55.079Z","level":"info","message":"Persistence initialized"}
{"timestamp":"2026-08-24T07:50:55.081Z","level":"info","message":"[AgentTelemetry] Initialized {\"endpoint\":\"https://prod.us-east-1.telemetry.desktop.kiro.dev\",\"serviceName\":\"kiroAgent\"}"}
{"timestamp":"2026-08-24T07:50:55.081Z","level":"info","message":"[KiroAgent] Remote MCP client initialized"}
{"timestamp":"2026-08-24T07:50:55.081Z","level":"info","message":"[KiroAgent] remote-tools-discovery.create {\"client\":\"kiro-ide\"}"}
{"timestamp":"2026-08-24T07:50:55.082Z","level":"info","message":"[KiroAgent] Cleared stale task execution statuses"}
{"timestamp":"2026-08-24T07:50:55.082Z","level":"info","message":"[KiroAgent] Platform initialized"}
{"timestamp":"2026-08-24T07:50:55.082Z","level":"info","message":"[KiroAgent] Resolved capabilities: {\"fsReadTextFile\":true,\"fsWriteTextFile\":true,\"kiroFsReadFile\":true,\"kiroFsWriteFile\":true,\"kiroFsStat\":true,\"kiroFsReadDirectory\":true,\"kiroFsDelete\":true,\"terminal\":true,\"secretStorage\":true,\"openExternalUrl\":true,\"knowledge\":false,\"infrastructureSafety\":true,\"c2sViews\":true,\"textSearch\":true,\"findFiles\":true}"}
{"timestamp":"2026-08-24T07:50:55.082Z","level":"info","message":"[RemoteToolsDiscovery] Fetching available Remote tools"}
{"timestamp":"2026-08-24T07:50:55.082Z","level":"info","message":"[KiroAgent] Client supports ACP secret storage"}
{"timestamp":"2026-08-24T07:50:55.082Z","level":"info","message":"[KiroAgent] Client supports ACP openExternalUrl"}
{"timestamp":"2026-08-24T07:50:55.082Z","level":"info","message":"[KiroAgent] Stored clientInfo.name {\"reportedClientName\":\"kiro-ide\",\"clientAttribution\":\"kiro-ide\",\"client\":\"kiro-ide\"}"}
{"timestamp":"2026-08-24T07:50:55.083Z","level":"info","message":"[KiroAgent] Active experiments changed {\"activeExperiments\":\"\"}"}
{"timestamp":"2026-08-24T07:50:56.080Z","level":"info","message":"[RemoteToolsDiscovery] Fetching available Remote tools"}
{"timestamp":"2026-08-24T07:50:56.140Z","level":"info","message":"[RemoteToolsDiscovery] Discovered 5 Remote tools"}
{"timestamp":"2026-08-24T07:50:56.155Z","level":"info","message":"network.getFeatureConfiguration.ok {\"system\":\"network\",\"durationMs\":1070}"}
{"timestamp":"2026-08-24T07:50:56.155Z","level":"info","message":"[ExperimentConfigService] Resolved {\"origin\":\"AI_EDITOR\",\"version\":\"1.0.337\",\"keyCount\":3}"}
{"timestamp":"2026-08-24T07:50:56.155Z","level":"info","message":"[KiroAgent] Active experiments changed {\"activeExperiments\":\"cloud_config=true\",\"previous\":\"\"}"}
{"timestamp":"2026-08-24T07:50:56.155Z","level":"info","message":"[KiroAgent] v2 hooks cache initialized (hooks load at session start)"}
{"timestamp":"2026-08-24T07:50:56.155Z","level":"info","message":"Handshake: returning logging config with 3 channels at C:\\Users\\Student\\.kiro\\logs\\20260824T075055010"}
{"timestamp":"2026-08-24T07:50:56.160Z","level":"info","message":"hooks.v2.executionDisabledUntrustedWorkspace"}
{"timestamp":"2026-08-24T07:50:56.163Z","level":"info","message":"[KiroAgent] v2 hooks loaded 0 standalone hooks from .kiro/hooks/"}
{"timestamp":"2026-08-24T07:50:56.164Z","level":"info","message":"fs.hooksReload.ok {\"system\":\"fs\",\"durationMs\":4}"}
{"timestamp":"2026-08-24T07:50:56.166Z","level":"info","message":"[KiroAgent] _kiro/mcp/toggle: enabled=true"}
{"timestamp":"2026-08-24T07:50:56.167Z","level":"info","message":"[KiroAgent] ACP session/new sessionId=sess_2157ab68-9c2a-49f4-a4c7-b0cbcad4c0d2 modeId=vibe idempotent=false"}
{"timestamp":"2026-08-24T07:50:56.174Z","level":"info","message":"fs.loadSession.ok {\"system\":\"fs\",\"sessionId\":\"sess_2157ab68-9c2a-49f4-a4c7-b0cbcad4c0d2\",\"durationMs\":7}"}
{"timestamp":"2026-08-24T07:50:56.175Z","level":"info","message":"fs.loadSession.ok {\"system\":\"fs\",\"sessionId\":\"sess_2157ab68-9c2a-49f4-a4c7-b0cbcad4c0d2\",\"durationMs\":1}"}
{"timestamp":"2026-08-24T07:50:56.175Z","level":"info","message":"[GovernanceService] Resolved {\"enterprise\":false,\"provider\":\"Google\",\"profileArn\":\"arn:aws:codewhisperer:us-east-1:699475941385:profile/EHGA3GRVQMUK\",\"controlPlaneEndpoint\":\"(none)\",\"mcpDisabled\":false,\"mcpReason\":\"admin_disabled\",\"webToolsDisabled\":false,\"autonomousAgentsDisabled\":false,\"disabledReason\":\"(none)\",\"registryUrl\":\"(none)\",\"catalogSize\":0}"}
{"timestamp":"2026-08-24T07:50:56.176Z","level":"info","message":"cloudConfig.entitlement.decided {\"verdict\":\"granted\"}"}
{"timestamp":"2026-08-24T07:50:56.177Z","level":"info","message":"[KiroAgent] _kiro/mcp/toggle: enabled=true"}
{"timestamp":"2026-08-24T07:50:56.177Z","level":"info","message":"[KiroAgent] v2 hooks loaded 0 standalone hooks from .kiro/hooks/"}
{"timestamp":"2026-08-24T07:50:56.178Z","level":"info","message":"fs.hooksReload.ok {\"system\":\"fs\",\"durationMs\":1}"}
{"timestamp":"2026-08-24T07:50:56.184Z","level":"info","message":"fs.loadAgentProfiles.ok {\"system\":\"fs\",\"scope\":\"user\",\"durationMs\":1}"}
{"timestamp":"2026-08-24T07:50:56.494Z","level":"info","message":"policy.session.presets_seeded {\"sessionId\":\"sess_2157ab68-9c2a-49f4-a4c7-b0cbcad4c0d2\",\"presets\":[\"edit-workspace\"]}"}
{"timestamp":"2026-08-24T07:50:56.495Z","level":"info","message":"[AdapterFactory] read=ACP, write=ACP, stat=ACP, readDir=ACP, delete=ACP, terminal=ACP"}
{"timestamp":"2026-08-24T07:50:56.495Z","level":"info","message":"acp.workspace.client_tools_resolved {\"clientToolCount\":3,\"hasClientIOTools\":false,\"injectedFileSystem\":false,\"injectedTerminalManager\":false}"}
{"timestamp":"2026-08-24T07:50:56.497Z","level":"info","message":"[ActivityLogPublisher] Publishing to https://runtime.us-east-1.kiro.dev"}
{"timestamp":"2026-08-24T07:50:56.497Z","level":"info","message":"[KiroAgent] Skipping global context fetch (remoteMCPClient=true, executionEnvironment=local)"}
{"timestamp":"2026-08-24T07:50:56.498Z","level":"info","message":"[KiroAgent] Saving session sess_2157ab68-9c2a-49f4-a4c7-b0cbcad4c0d2 to C:\\Users\\Student\\.kiro\\sessions"}
{"timestamp":"2026-08-24T07:50:56.503Z","level":"info","message":"[KiroAgent] _kiro/mcp/toggle: enabled=true"}
{"timestamp":"2026-08-24T07:50:56.504Z","level":"info","message":"[NodeSteeringDocumentSource] Created directory: C:\\Users\\Student\\.kiro\\steering"}
{"timestamp":"2026-08-24T07:50:56.504Z","level":"info","message":"[NodeProgressiveContextSource] Created directory: C:\\Users\\Student\\.kiro\\skills"}
{"timestamp":"2026-08-24T07:50:56.509Z","level":"info","message":"fs.powers.scan.ok {\"system\":\"fs\",\"baseCount\":2,\"trigger\":\"warm\",\"durationMs\":11}"}
{"timestamp":"2026-08-24T07:50:56.525Z","level":"info","message":"fs.saveSession.ok {\"system\":\"fs\",\"sessionId\":\"sess_2157ab68-9c2a-49f4-a4c7-b0cbcad4c0d2\",\"messageCount\":0,\"durationMs\":27}"}
{"timestamp":"2026-08-24T07:50:56.525Z","level":"info","message":"[KiroAgent] Session sess_2157ab68-9c2a-49f4-a4c7-b0cbcad4c0d2 saved successfully"}
{"timestamp":"2026-08-24T07:50:56.529Z","level":"info","message":"session.new.total {\"sessionId\":\"sess_2157ab68-9c2a-49f4-a4c7-b0cbcad4c0d2\",\"outcome\":\"resolved\",\"durationMs\":363}"}
{"timestamp":"2026-08-24T07:50:56.550Z","level":"info","message":"[SessionPersistence] Updated metadata for session sess_2157ab68-9c2a-49f4-a4c7-b0cbcad4c0d2"}
{"timestamp":"2026-08-24T07:50:56.907Z","level":"info","message":"[KiroAgent] ACP session/load sessionId=sess_2157ab68-9c2a-49f4-a4c7-b0cbcad4c0d2"}
{"timestamp":"2026-08-24T07:50:56.908Z","level":"info","message":"fs.loadSession.ok {\"system\":\"fs\",\"sessionId\":\"sess_2157ab68-9c2a-49f4-a4c7-b0cbcad4c0d2\",\"durationMs\":1}"}
{"timestamp":"2026-08-24T07:50:56.910Z","level":"info","message":"[KiroAgent] ACP session/load complete sessionId=sess_2157ab68-9c2a-49f4-a4c7-b0cbcad4c0d2 messages=0 at=2026-08-24T07:50:56.910Z"}
{"timestamp":"2026-08-24T07:50:57.556Z","level":"info","message":"network.listAvailableModels.ok {\"system\":\"network\",\"durationMs\":1389}"}
{"timestamp":"2026-08-24T07:50:57.556Z","level":"info","message":"[ACPModelConfigProvider] Loaded 9 models"}
{"timestamp":"2026-08-24T07:50:58.227Z","level":"info","message":"[RemoteToolsDiscovery] Discovered 1 Remote tools"}
{"timestamp":"2026-08-24T07:52:02.016Z","level":"info","message":"[SessionPersistence] Updated metadata for session sess_2157ab68-9c2a-49f4-a4c7-b0cbcad4c0d2"}
{"timestamp":"2026-08-24T07:53:25.907Z","level":"info","message":"[KiroAgent] ACP session/prompt sessionId=sess_2157ab68-9c2a-49f4-a4c7-b0cbcad4c0d2"}
{"timestamp":"2026-08-24T07:53:25.910Z","level":"info","message":"fs.appendMessages.ok {\"system\":\"fs\",\"sessionId\":\"sess_2157ab68-9c2a-49f4-a4c7-b0cbcad4c0d2\",\"messageCount\":1,\"durationMs\":2}"}
{"timestamp":"2026-08-24T07:53:25.912Z","level":"info","message":"session.model.pinned {\"sessionId\":\"sess_2157ab68-9c2a-49f4-a4c7-b0cbcad4c0d2\",\"modelId\":\"auto\"}"}
{"timestamp":"2026-08-24T07:53:25.913Z","level":"info","message":"agent_controller.triggered {\"agentType\":\"chat-agent\",\"autonomyMode\":\"Autopilot\",\"modelId\":\"auto\"}","conversationId":"sess_2157ab68-9c2a-49f4-a4c7-b0cbcad4c0d2"}
{"timestamp":"2026-08-24T07:53:25.914Z","level":"info","message":"[ACPEventAdapter] Execution began {\"executionId\":\"00205243-fe27-4da3-bca2-e27721039ac9\"}","conversationId":"sess_2157ab68-9c2a-49f4-a4c7-b0cbcad4c0d2","turnId":"00205243-fe27-4da3-bca2-e27721039ac9","rootTurnId":"00205243-fe27-4da3-bca2-e27721039ac9"}
{"timestamp":"2026-08-24T07:53:25.918Z","level":"info","message":"[SessionPersistence] Updated metadata for session sess_2157ab68-9c2a-49f4-a4c7-b0cbcad4c0d2"}
{"timestamp":"2026-08-24T07:53:25.925Z","level":"info","message":"[SessionPersistence] Updated metadata for session sess_2157ab68-9c2a-49f4-a4c7-b0cbcad4c0d2"}
{"timestamp":"2026-08-24T07:53:25.934Z","level":"info","message":"fs.appendMessages.ok {\"system\":\"fs\",\"sessionId\":\"sess_2157ab68-9c2a-49f4-a4c7-b0cbcad4c0d2\",\"messageCount\":1,\"durationMs\":20}","conversationId":"sess_2157ab68-9c2a-49f4-a4c7-b0cbcad4c0d2","turnId":"00205243-fe27-4da3-bca2-e27721039ac9","rootTurnId":"00205243-fe27-4da3-bca2-e27721039ac9"}
{"timestamp":"2026-08-24T07:53:25.951Z","level":"info","message":"[AgentIterator] Checking for intent overrides","conversationId":"sess_2157ab68-9c2a-49f4-a4c7-b0cbcad4c0d2","turnId":"00205243-fe27-4da3-bca2-e27721039ac9","rootTurnId":"00205243-fe27-4da3-bca2-e27721039ac9"}
{"timestamp":"2026-08-24T07:53:25.953Z","level":"info","message":"[AgentIterator] Detecting intent","conversationId":"sess_2157ab68-9c2a-49f4-a4c7-b0cbcad4c0d2","turnId":"00205243-fe27-4da3-bca2-e27721039ac9","rootTurnId":"00205243-fe27-4da3-bca2-e27721039ac9"}
{"timestamp":"2026-08-24T07:53:25.953Z","level":"info","message":"[INTENT_DETECTION] Prompt input mode, skipping intent detection","conversationId":"sess_2157ab68-9c2a-49f4-a4c7-b0cbcad4c0d2","turnId":"00205243-fe27-4da3-bca2-e27721039ac9","rootTurnId":"00205243-fe27-4da3-bca2-e27721039ac9"}
{"timestamp":"2026-08-24T07:53:25.953Z","level":"info","message":"[AgentIterator] Parallel invoking agent","conversationId":"sess_2157ab68-9c2a-49f4-a4c7-b0cbcad4c0d2","turnId":"00205243-fe27-4da3-bca2-e27721039ac9","rootTurnId":"00205243-fe27-4da3-bca2-e27721039ac9"}
{"timestamp":"2026-08-24T07:53:25.953Z","level":"info","message":"[Steering] Populating steering for execution 00205243-fe27-4da3-bca2-e27721039ac9","conversationId":"sess_2157ab68-9c2a-49f4-a4c7-b0cbcad4c0d2","turnId":"00205243-fe27-4da3-bca2-e27721039ac9","rootTurnId":"00205243-fe27-4da3-bca2-e27721039ac9"}
{"timestamp":"2026-08-24T07:53:25.953Z","level":"info","message":"[Steering] ExistingFiles:  in 00205243-fe27-4da3-bca2-e27721039ac9","conversationId":"sess_2157ab68-9c2a-49f4-a4c7-b0cbcad4c0d2","turnId":"00205243-fe27-4da3-bca2-e27721039ac9","rootTurnId":"00205243-fe27-4da3-bca2-e27721039ac9"}
{"timestamp":"2026-08-24T07:53:25.961Z","level":"info","message":"[q-developer-converse] Sending GenerateAssistantResponse modelId=auto agentMode=vibe origin=AI_EDITOR streaming=true conversationId=sess_2157ab68-9c2a-49f4-a4c7-b0cbcad4c0d2","conversationId":"sess_2157ab68-9c2a-49f4-a4c7-b0cbcad4c0d2","turnId":"00205243-fe27-4da3-bca2-e27721039ac9","rootTurnId":"00205243-fe27-4da3-bca2-e27721039ac9"}
{"timestamp":"2026-08-24T07:53:25.961Z","level":"info","message":"[q-developer-converse] Request payload: 88190 chars, 2 history messages, conversationId=sess_2157ab68-9c2a-49f4-a4c7-b0cbcad4c0d2","conversationId":"sess_2157ab68-9c2a-49f4-a4c7-b0cbcad4c0d2","turnId":"00205243-fe27-4da3-bca2-e27721039ac9","rootTurnId":"00205243-fe27-4da3-bca2-e27721039ac9"}
{"timestamp":"2026-08-24T07:53:25.970Z","level":"info","message":"[SessionPersistence] Updated metadata for session sess_2157ab68-9c2a-49f4-a4c7-b0cbcad4c0d2","conversationId":"sess_2157ab68-9c2a-49f4-a4c7-b0cbcad4c0d2","turnId":"00205243-fe27-4da3-bca2-e27721039ac9","rootTurnId":"00205243-fe27-4da3-bca2-e27721039ac9"}
{"timestamp":"2026-08-24T07:53:29.222Z","level":"info","message":"[AgentIterator] Synchronizing results","conversationId":"sess_2157ab68-9c2a-49f4-a4c7-b0cbcad4c0d2","turnId":"00205243-fe27-4da3-bca2-e27721039ac9","rootTurnId":"00205243-fe27-4da3-bca2-e27721039ac9"}
{"timestamp":"2026-08-24T07:53:29.222Z","level":"info","message":"[AgentIterator] Processing intent detection result","conversationId":"sess_2157ab68-9c2a-49f4-a4c7-b0cbcad4c0d2","turnId":"00205243-fe27-4da3-bca2-e27721039ac9","rootTurnId":"00205243-fe27-4da3-bca2-e27721039ac9"}
{"timestamp":"2026-08-24T07:53:29.223Z","level":"info","message":"[ChatAgent] Processing model response stream","conversationId":"sess_2157ab68-9c2a-49f4-a4c7-b0cbcad4c0d2","turnId":"00205243-fe27-4da3-bca2-e27721039ac9","rootTurnId":"00205243-fe27-4da3-bca2-e27721039ac9"}
{"timestamp":"2026-08-24T07:53:29.223Z","level":"info","message":"[Steering] Populating steering for execution 00205243-fe27-4da3-bca2-e27721039ac9","conversationId":"sess_2157ab68-9c2a-49f4-a4c7-b0cbcad4c0d2","turnId":"00205243-fe27-4da3-bca2-e27721039ac9","rootTurnId":"00205243-fe27-4da3-bca2-e27721039ac9"}
{"timestamp":"2026-08-24T07:53:29.224Z","level":"info","message":"[Steering] ExistingFiles:  in 00205243-fe27-4da3-bca2-e27721039ac9","conversationId":"sess_2157ab68-9c2a-49f4-a4c7-b0cbcad4c0d2","turnId":"00205243-fe27-4da3-bca2-e27721039ac9","rootTurnId":"00205243-fe27-4da3-bca2-e27721039ac9"}
{"timestamp":"2026-08-24T07:53:30.812Z","level":"warn","message":"[PersistenceClassification] Unknown action type \"update_session_information\" — defaulting to \"tool\". Add it to KnownActionType in persistence-classification.ts.","conversationId":"sess_2157ab68-9c2a-49f4-a4c7-b0cbcad4c0d2","turnId":"00205243-fe27-4da3-bca2-e27721039ac9","rootTurnId":"00205243-fe27-4da3-bca2-e27721039ac9"}
{"timestamp":"2026-08-24T07:53:30.812Z","level":"warn","message":"[ACPEventAdapter] Action type has no dedicated handler and is being routed as a tool call. If this is a new non-tool action, add it to DispatchedActionType. {\"actionType\":\"update_session_information\"}","conversationId":"sess_2157ab68-9c2a-49f4-a4c7-b0cbcad4c0d2","turnId":"00205243-fe27-4da3-bca2-e27721039ac9","rootTurnId":"00205243-fe27-4da3-bca2-e27721039ac9"}
{"timestamp":"2026-08-24T07:53:30.816Z","level":"info","message":"[SessionPersistence] Updated metadata for session sess_2157ab68-9c2a-49f4-a4c7-b0cbcad4c0d2","conversationId":"sess_2157ab68-9c2a-49f4-a4c7-b0cbcad4c0d2","turnId":"00205243-fe27-4da3-bca2-e27721039ac9","rootTurnId":"00205243-fe27-4da3-bca2-e27721039ac9"}
{"timestamp":"2026-08-24T07:53:30.824Z","level":"info","message":"fs.appendMessages.ok {\"system\":\"fs\",\"sessionId\":\"sess_2157ab68-9c2a-49f4-a4c7-b0cbcad4c0d2\",\"messageCount\":2,\"durationMs\":11}","conversationId":"sess_2157ab68-9c2a-49f4-a4c7-b0cbcad4c0d2","turnId":"00205243-fe27-4da3-bca2-e27721039ac9","rootTurnId":"00205243-fe27-4da3-bca2-e27721039ac9"}
{"timestamp":"2026-08-24T07:53:30.886Z","level":"info","message":"[AgentIterator] Parallel invoking agent","conversationId":"sess_2157ab68-9c2a-49f4-a4c7-b0cbcad4c0d2","turnId":"00205243-fe27-4da3-bca2-e27721039ac9","rootTurnId":"00205243-fe27-4da3-bca2-e27721039ac9"}
{"timestamp":"2026-08-24T07:53:30.886Z","level":"info","message":"[Steering] Populating steering for execution 00205243-fe27-4da3-bca2-e27721039ac9","conversationId":"sess_2157ab68-9c2a-49f4-a4c7-b0cbcad4c0d2","turnId":"00205243-fe27-4da3-bca2-e27721039ac9","rootTurnId":"00205243-fe27-4da3-bca2-e27721039ac9"}
{"timestamp":"2026-08-24T07:53:30.886Z","level":"info","message":"[Steering] ExistingFiles:  in 00205243-fe27-4da3-bca2-e27721039ac9","conversationId":"sess_2157ab68-9c2a-49f4-a4c7-b0cbcad4c0d2","turnId":"00205243-fe27-4da3-bca2-e27721039ac9","rootTurnId":"00205243-fe27-4da3-bca2-e27721039ac9"}
{"timestamp":"2026-08-24T07:53:30.889Z","level":"info","message":"[q-developer-converse] Sending GenerateAssistantResponse modelId=auto agentMode=vibe origin=AI_EDITOR streaming=true conversationId=sess_2157ab68-9c2a-49f4-a4c7-b0cbcad4c0d2","conversationId":"sess_2157ab68-9c2a-49f4-a4c7-b0cbcad4c0d2","turnId":"00205243-fe27-4da3-bca2-e27721039ac9","rootTurnId":"00205243-fe27-4da3-bca2-e27721039ac9"}
{"timestamp":"2026-08-24T07:53:30.889Z","level":"info","message":"[q-developer-converse] Request payload: 89009 chars, 4 history messages, conversationId=sess_2157ab68-9c2a-49f4-a4c7-b0cbcad4c0d2","conversationId":"sess_2157ab68-9c2a-49f4-a4c7-b0cbcad4c0d2","turnId":"00205243-fe27-4da3-bca2-e27721039ac9","rootTurnId":"00205243-fe27-4da3-bca2-e27721039ac9"}
{"timestamp":"2026-08-24T07:53:30.898Z","level":"info","message":"fs.appendMessages.ok {\"system\":\"fs\",\"sessionId\":\"sess_2157ab68-9c2a-49f4-a4c7-b0cbcad4c0d2\",\"messageCount\":1,\"durationMs\":19}","conversationId":"sess_2157ab68-9c2a-49f4-a4c7-b0cbcad4c0d2","turnId":"00205243-fe27-4da3-bca2-e27721039ac9","rootTurnId":"00205243-fe27-4da3-bca2-e27721039ac9"}
{"timestamp":"2026-08-24T07:53:30.906Z","level":"info","message":"fs.appendMessages.ok {\"system\":\"fs\",\"sessionId\":\"sess_2157ab68-9c2a-49f4-a4c7-b0cbcad4c0d2\",\"messageCount\":1,\"durationMs\":7}","conversationId":"sess_2157ab68-9c2a-49f4-a4c7-b0cbcad4c0d2","turnId":"00205243-fe27-4da3-bca2-e27721039ac9","rootTurnId":"00205243-fe27-4da3-bca2-e27721039ac9"}
{"timestamp":"2026-08-24T07:53:33.973Z","level":"info","message":"[AgentIterator] Synchronizing results","conversationId":"sess_2157ab68-9c2a-49f4-a4c7-b0cbcad4c0d2","turnId":"00205243-fe27-4da3-bca2-e27721039ac9","rootTurnId":"00205243-fe27-4da3-bca2-e27721039ac9"}
{"timestamp":"2026-08-24T07:53:33.973Z","level":"info","message":"[AgentIterator] Processing intent detection result","conversationId":"sess_2157ab68-9c2a-49f4-a4c7-b0cbcad4c0d2","turnId":"00205243-fe27-4da3-bca2-e27721039ac9","rootTurnId":"00205243-fe27-4da3-bca2-e27721039ac9"}
{"timestamp":"2026-08-24T07:53:33.974Z","level":"info","message":"[ChatAgent] Processing model response stream","conversationId":"sess_2157ab68-9c2a-49f4-a4c7-b0cbcad4c0d2","turnId":"00205243-fe27-4da3-bca2-e27721039ac9","rootTurnId":"00205243-fe27-4da3-bca2-e27721039ac9"}
{"timestamp":"2026-08-24T07:53:33.974Z","level":"info","message":"[Steering] Populating steering for execution 00205243-fe27-4da3-bca2-e27721039ac9","conversationId":"sess_2157ab68-9c2a-49f4-a4c7-b0cbcad4c0d2","turnId":"00205243-fe27-4da3-bca2-e27721039ac9","rootTurnId":"00205243-fe27-4da3-bca2-e27721039ac9"}
{"timestamp":"2026-08-24T07:53:33.974Z","level":"info","message":"[Steering] ExistingFiles:  in 00205243-fe27-4da3-bca2-e27721039ac9","conversationId":"sess_2157ab68-9c2a-49f4-a4c7-b0cbcad4c0d2","turnId":"00205243-fe27-4da3-bca2-e27721039ac9","rootTurnId":"00205243-fe27-4da3-bca2-e27721039ac9"}
{"timestamp":"2026-08-24T07:53:39.651Z","level":"warn","message":"[ACPEventAdapter] Action type has no dedicated handler and is being routed as a tool call. If this is a new non-tool action, add it to DispatchedActionType. {\"actionType\":\"todo_list\"}","conversationId":"sess_2157ab68-9c2a-49f4-a4c7-b0cbcad4c0d2","turnId":"00205243-fe27-4da3-bca2-e27721039ac9","rootTurnId":"00205243-fe27-4da3-bca2-e27721039ac9"}
{"timestamp":"2026-08-24T07:53:39.655Z","level":"info","message":"fs.appendMessages.ok {\"system\":\"fs\",\"sessionId\":\"sess_2157ab68-9c2a-49f4-a4c7-b0cbcad4c0d2\",\"messageCount\":2,\"durationMs\":4}","conversationId":"sess_2157ab68-9c2a-49f4-a4c7-b0cbcad4c0d2","turnId":"00205243-fe27-4da3-bca2-e27721039ac9","rootTurnId":"00205243-fe27-4da3-bca2-e27721039ac9"}
{"timestamp":"2026-08-24T07:53:39.812Z","level":"info","message":"[AgentIterator] Parallel invoking agent","conversationId":"sess_2157ab68-9c2a-49f4-a4c7-b0cbcad4c0d2","turnId":"00205243-fe27-4da3-bca2-e27721039ac9","rootTurnId":"00205243-fe27-4da3-bca2-e27721039ac9"}
{"timestamp":"2026-08-24T07:53:39.813Z","level":"info","message":"[Steering] Populating steering for execution 00205243-fe27-4da3-bca2-e27721039ac9","conversationId":"sess_2157ab68-9c2a-49f4-a4c7-b0cbcad4c0d2","turnId":"00205243-fe27-4da3-bca2-e27721039ac9","rootTurnId":"00205243-fe27-4da3-bca2-e27721039ac9"}
{"timestamp":"2026-08-24T07:53:39.813Z","level":"info","message":"[Steering] ExistingFiles:  in 00205243-fe27-4da3-bca2-e27721039ac9","conversationId":"sess_2157ab68-9c2a-49f4-a4c7-b0cbcad4c0d2","turnId":"00205243-fe27-4da3-bca2-e27721039ac9","rootTurnId":"00205243-fe27-4da3-bca2-e27721039ac9"}
{"timestamp":"2026-08-24T07:53:39.813Z","level":"info","message":"Injecting todo list context into conversation","conversationId":"sess_2157ab68-9c2a-49f4-a4c7-b0cbcad4c0d2","turnId":"00205243-fe27-4da3-bca2-e27721039ac9","rootTurnId":"00205243-fe27-4da3-bca2-e27721039ac9"}
{"timestamp":"2026-08-24T07:53:39.815Z","level":"info","message":"[q-developer-converse] Sending GenerateAssistantResponse modelId=auto agentMode=vibe origin=AI_EDITOR streaming=true conversationId=sess_2157ab68-9c2a-49f4-a4c7-b0cbcad4c0d2","conversationId":"sess_2157ab68-9c2a-49f4-a4c7-b0cbcad4c0d2","turnId":"00205243-fe27-4da3-bca2-e27721039ac9","rootTurnId":"00205243-fe27-4da3-bca2-e27721039ac9"}
{"timestamp":"2026-08-24T07:53:39.815Z","level":"info","message":"[q-developer-converse] Request payload: 93917 chars, 8 history messages, conversationId=sess_2157ab68-9c2a-49f4-a4c7-b0cbcad4c0d2","conversationId":"sess_2157ab68-9c2a-49f4-a4c7-b0cbcad4c0d2","turnId":"00205243-fe27-4da3-bca2-e27721039ac9","rootTurnId":"00205243-fe27-4da3-bca2-e27721039ac9"}
{"timestamp":"2026-08-24T07:53:39.825Z","level":"info","message":"fs.appendMessages.ok {\"system\":\"fs\",\"sessionId\":\"sess_2157ab68-9c2a-49f4-a4c7-b0cbcad4c0d2\",\"messageCount\":1,\"durationMs\":16}","conversationId":"sess_2157ab68-9c2a-49f4-a4c7-b0cbcad4c0d2","turnId":"00205243-fe27-4da3-bca2-e27721039ac9","rootTurnId":"00205243-fe27-4da3-bca2-e27721039ac9"}
{"timestamp":"2026-08-24T07:53:39.831Z","level":"info","message":"fs.appendMessages.ok {\"system\":\"fs\",\"sessionId\":\"sess_2157ab68-9c2a-49f4-a4c7-b0cbcad4c0d2\",\"messageCount\":1,\"durationMs\":6}","conversationId":"sess_2157ab68-9c2a-49f4-a4c7-b0cbcad4c0d2","turnId":"00205243-fe27-4da3-bca2-e27721039ac9","rootTurnId":"00205243-fe27-4da3-bca2-e27721039ac9"}
{"timestamp":"2026-08-24T07:53:42.918Z","level":"info","message":"[AgentIterator] Synchronizing results","conversationId":"sess_2157ab68-9c2a-49f4-a4c7-b0cbcad4c0d2","turnId":"00205243-fe27-4da3-bca2-e27721039ac9","rootTurnId":"00205243-fe27-4da3-bca2-e27721039ac9"}
{"timestamp":"2026-08-24T07:53:42.918Z","level":"info","message":"[AgentIterator] Processing intent detection result","conversationId":"sess_2157ab68-9c2a-49f4-a4c7-b0cbcad4c0d2","turnId":"00205243-fe27-4da3-bca2-e27721039ac9","rootTurnId":"00205243-fe27-4da3-bca2-e27721039ac9"}
{"timestamp":"2026-08-24T07:53:42.919Z","level":"info","message":"[ChatAgent] Processing model response stream","conversationId":"sess_2157ab68-9c2a-49f4-a4c7-b0cbcad4c0d2","turnId":"00205243-fe27-4da3-bca2-e27721039ac9","rootTurnId":"00205243-fe27-4da3-bca2-e27721039ac9"}
{"timestamp":"2026-08-24T07:53:42.919Z","level":"info","message":"[Steering] Populating steering for execution 00205243-fe27-4da3-bca2-e27721039ac9","conversationId":"sess_2157ab68-9c2a-49f4-a4c7-b0cbcad4c0d2","turnId":"00205243-fe27-4da3-bca2-e27721039ac9","rootTurnId":"00205243-fe27-4da3-bca2-e27721039ac9"}
{"timestamp":"2026-08-24T07:53:42.919Z","level":"info","message":"[Steering] ExistingFiles:  in 00205243-fe27-4da3-bca2-e27721039ac9","conversationId":"sess_2157ab68-9c2a-49f4-a4c7-b0cbcad4c0d2","turnId":"00205243-fe27-4da3-bca2-e27721039ac9","rootTurnId":"00205243-fe27-4da3-bca2-e27721039ac9"}
{"timestamp":"2026-08-24T07:53:43.791Z","level":"info","message":"fs.appendMessages.ok {\"system\":\"fs\",\"sessionId\":\"sess_2157ab68-9c2a-49f4-a4c7-b0cbcad4c0d2\",\"messageCount\":1,\"durationMs\":2}","conversationId":"sess_2157ab68-9c2a-49f4-a4c7-b0cbcad4c0d2","turnId":"00205243-fe27-4da3-bca2-e27721039ac9","rootTurnId":"00205243-fe27-4da3-bca2-e27721039ac9"}
{"timestamp":"2026-08-24T07:53:45.047Z","level":"info","message":"[ACPEventAdapter] Execution yielded {\"executionId\":\"00205243-fe27-4da3-bca2-e27721039ac9\"}","conversationId":"sess_2157ab68-9c2a-49f4-a4c7-b0cbcad4c0d2","turnId":"00205243-fe27-4da3-bca2-e27721039ac9","rootTurnId":"00205243-fe27-4da3-bca2-e27721039ac9"}
{"timestamp":"2026-08-24T07:53:45.047Z","level":"warn","message":"[ACPEventAdapter] Action type has no dedicated handler and is being routed as a tool call. If this is a new non-tool action, add it to DispatchedActionType. {\"actionType\":\"run_command\"}","conversationId":"sess_2157ab68-9c2a-49f4-a4c7-b0cbcad4c0d2","turnId":"00205243-fe27-4da3-bca2-e27721039ac9","rootTurnId":"00205243-fe27-4da3-bca2-e27721039ac9"}
{"timestamp":"2026-08-24T07:53:45.109Z","level":"info","message":"acp.policy-eval.complete {\"toolId\":\"run_command\",\"effect\":\"ask\"}","conversationId":"sess_2157ab68-9c2a-49f4-a4c7-b0cbcad4c0d2","turnId":"00205243-fe27-4da3-bca2-e27721039ac9","rootTurnId":"00205243-fe27-4da3-bca2-e27721039ac9"}
{"timestamp":"2026-08-24T07:53:45.126Z","level":"info","message":"[ACP ToolApproval] Requesting permission for toolId=run_command, operationId=run_command_tooluse_8zJUA1cjuwdtDXsHFKHQey, sessionId=sess_2157ab68-9c2a-49f4-a4c7-b0cbcad4c0d2","conversationId":"sess_2157ab68-9c2a-49f4-a4c7-b0cbcad4c0d2","turnId":"00205243-fe27-4da3-bca2-e27721039ac9","rootTurnId":"00205243-fe27-4da3-bca2-e27721039ac9"}
{"timestamp":"2026-08-24T07:53:45.129Z","level":"info","message":"fs.appendMessages.ok {\"system\":\"fs\",\"sessionId\":\"sess_2157ab68-9c2a-49f4-a4c7-b0cbcad4c0d2\",\"messageCount\":1,\"durationMs\":2}","conversationId":"sess_2157ab68-9c2a-49f4-a4c7-b0cbcad4c0d2","turnId":"00205243-fe27-4da3-bca2-e27721039ac9","rootTurnId":"00205243-fe27-4da3-bca2-e27721039ac9"}
{"timestamp":"2026-08-24T07:53:45.426Z","level":"info","message":"fs.appendMessages.ok {\"system\":\"fs\",\"sessionId\":\"sess_2157ab68-9c2a-49f4-a4c7-b0cbcad4c0d2\",\"messageCount\":1,\"durationMs\":4}","conversationId":"sess_2157ab68-9c2a-49f4-a4c7-b0cbcad4c0d2","turnId":"00205243-fe27-4da3-bca2-e27721039ac9","rootTurnId":"00205243-fe27-4da3-bca2-e27721039ac9"}
{"timestamp":"2026-08-24T07:53:45.434Z","level":"info","message":"fs.appendMessages.ok {\"system\":\"fs\",\"sessionId\":\"sess_2157ab68-9c2a-49f4-a4c7-b0cbcad4c0d2\",\"messageCount\":1,\"durationMs\":7}","conversationId":"sess_2157ab68-9c2a-49f4-a4c7-b0cbcad4c0d2","turnId":"00205243-fe27-4da3-bca2-e27721039ac9","rootTurnId":"00205243-fe27-4da3-bca2-e27721039ac9"}
{"timestamp":"2026-08-24T07:54:03.471Z","level":"info","message":"fs.appendMessages.ok {\"system\":\"fs\",\"sessionId\":\"sess_2157ab68-9c2a-49f4-a4c7-b0cbcad4c0d2\",\"messageCount\":1,\"durationMs\":2}","conversationId":"sess_2157ab68-9c2a-49f4-a4c7-b0cbcad4c0d2","turnId":"00205243-fe27-4da3-bca2-e27721039ac9","rootTurnId":"00205243-fe27-4da3-bca2-e27721039ac9"}
{"timestamp":"2026-08-24T07:54:03.471Z","level":"info","message":"[ACP ToolApproval] Got response: {\"optionId\":\"always-accept\",\"outcome\":\"selected\"}","conversationId":"sess_2157ab68-9c2a-49f4-a4c7-b0cbcad4c0d2","turnId":"00205243-fe27-4da3-bca2-e27721039ac9","rootTurnId":"00205243-fe27-4da3-bca2-e27721039ac9"}
{"timestamp":"2026-08-24T07:54:03.682Z","level":"info","message":"[PolicySession] rebuild() complete: 18 rules parsed, engineActive=true, fatal=false","conversationId":"sess_2157ab68-9c2a-49f4-a4c7-b0cbcad4c0d2","turnId":"00205243-fe27-4da3-bca2-e27721039ac9","rootTurnId":"00205243-fe27-4da3-bca2-e27721039ac9"}
{"timestamp":"2026-08-24T07:54:03.682Z","level":"info","message":"[PolicySession] Persisted allow rule for shell matching \"npm create vite@latest regen -- --template react-ts 2>&1\" at scope=workspace","conversationId":"sess_2157ab68-9c2a-49f4-a4c7-b0cbcad4c0d2","turnId":"00205243-fe27-4da3-bca2-e27721039ac9","rootTurnId":"00205243-fe27-4da3-bca2-e27721039ac9"}
{"timestamp":"2026-08-24T07:54:03.687Z","level":"info","message":"[ACPEventAdapter] Execution resumed {\"executionId\":\"00205243-fe27-4da3-bca2-e27721039ac9\"}","conversationId":"sess_2157ab68-9c2a-49f4-a4c7-b0cbcad4c0d2","turnId":"00205243-fe27-4da3-bca2-e27721039ac9","rootTurnId":"00205243-fe27-4da3-bca2-e27721039ac9"}
{"timestamp":"2026-08-24T07:54:03.689Z","level":"info","message":"acp.policy-eval.complete {\"toolId\":\"list_directory\",\"effect\":\"allow\",\"capability\":\"fs_read\"}","conversationId":"sess_2157ab68-9c2a-49f4-a4c7-b0cbcad4c0d2","turnId":"00205243-fe27-4da3-bca2-e27721039ac9","rootTurnId":"00205243-fe27-4da3-bca2-e27721039ac9"}
{"timestamp":"2026-08-24T07:54:14.718Z","level":"info","message":"[AgentIterator] Parallel invoking agent","conversationId":"sess_2157ab68-9c2a-49f4-a4c7-b0cbcad4c0d2","turnId":"00205243-fe27-4da3-bca2-e27721039ac9","rootTurnId":"00205243-fe27-4da3-bca2-e27721039ac9"}
{"timestamp":"2026-08-24T07:54:14.718Z","level":"info","message":"[Steering] Populating steering for execution 00205243-fe27-4da3-bca2-e27721039ac9","conversationId":"sess_2157ab68-9c2a-49f4-a4c7-b0cbcad4c0d2","turnId":"00205243-fe27-4da3-bca2-e27721039ac9","rootTurnId":"00205243-fe27-4da3-bca2-e27721039ac9"}
{"timestamp":"2026-08-24T07:54:14.719Z","level":"info","message":"[Steering] ExistingFiles:  in 00205243-fe27-4da3-bca2-e27721039ac9","conversationId":"sess_2157ab68-9c2a-49f4-a4c7-b0cbcad4c0d2","turnId":"00205243-fe27-4da3-bca2-e27721039ac9","rootTurnId":"00205243-fe27-4da3-bca2-e27721039ac9"}
{"timestamp":"2026-08-24T07:54:14.721Z","level":"info","message":"[q-developer-converse] Sending GenerateAssistantResponse modelId=auto agentMode=vibe origin=AI_EDITOR streaming=true conversationId=sess_2157ab68-9c2a-49f4-a4c7-b0cbcad4c0d2","conversationId":"sess_2157ab68-9c2a-49f4-a4c7-b0cbcad4c0d2","turnId":"00205243-fe27-4da3-bca2-e27721039ac9","rootTurnId":"00205243-fe27-4da3-bca2-e27721039ac9"}
{"timestamp":"2026-08-24T07:54:14.721Z","level":"info","message":"[q-developer-converse] Request payload: 95644 chars, 10 history messages, conversationId=sess_2157ab68-9c2a-49f4-a4c7-b0cbcad4c0d2","conversationId":"sess_2157ab68-9c2a-49f4-a4c7-b0cbcad4c0d2","turnId":"00205243-fe27-4da3-bca2-e27721039ac9","rootTurnId":"00205243-fe27-4da3-bca2-e27721039ac9"}
{"timestamp":"2026-08-24T07:54:14.729Z","level":"info","message":"fs.appendMessages.ok {\"system\":\"fs\",\"sessionId\":\"sess_2157ab68-9c2a-49f4-a4c7-b0cbcad4c0d2\",\"messageCount\":2,\"durationMs\":15}","conversationId":"sess_2157ab68-9c2a-49f4-a4c7-b0cbcad4c0d2","turnId":"00205243-fe27-4da3-bca2-e27721039ac9","rootTurnId":"00205243-fe27-4da3-bca2-e27721039ac9"}
{"timestamp":"2026-08-24T07:54:18.065Z","level":"info","message":"[AgentIterator] Synchronizing results","conversationId":"sess_2157ab68-9c2a-49f4-a4c7-b0cbcad4c0d2","turnId":"00205243-fe27-4da3-bca2-e27721039ac9","rootTurnId":"00205243-fe27-4da3-bca2-e27721039ac9"}
{"timestamp":"2026-08-24T07:54:18.065Z","level":"info","message":"[AgentIterator] Processing intent detection result","conversationId":"sess_2157ab68-9c2a-49f4-a4c7-b0cbcad4c0d2","turnId":"00205243-fe27-4da3-bca2-e27721039ac9","rootTurnId":"00205243-fe27-4da3-bca2-e27721039ac9"}
{"timestamp":"2026-08-24T07:54:18.066Z","level":"info","message":"[ChatAgent] Processing model response stream","conversationId":"sess_2157ab68-9c2a-49f4-a4c7-b0cbcad4c0d2","turnId":"00205243-fe27-4da3-bca2-e27721039ac9","rootTurnId":"00205243-fe27-4da3-bca2-e27721039ac9"}
{"timestamp":"2026-08-24T07:54:18.066Z","level":"info","message":"[Steering] Populating steering for execution 00205243-fe27-4da3-bca2-e27721039ac9","conversationId":"sess_2157ab68-9c2a-49f4-a4c7-b0cbcad4c0d2","turnId":"00205243-fe27-4da3-bca2-e27721039ac9","rootTurnId":"00205243-fe27-4da3-bca2-e27721039ac9"}
{"timestamp":"2026-08-24T07:54:18.066Z","level":"info","message":"[Steering] ExistingFiles:  in 00205243-fe27-4da3-bca2-e27721039ac9","conversationId":"sess_2157ab68-9c2a-49f4-a4c7-b0cbcad4c0d2","turnId":"00205243-fe27-4da3-bca2-e27721039ac9","rootTurnId":"00205243-fe27-4da3-bca2-e27721039ac9"}
{"timestamp":"2026-08-24T07:54:19.185Z","level":"info","message":"[ACPEventAdapter] Execution yielded {\"executionId\":\"00205243-fe27-4da3-bca2-e27721039ac9\"}","conversationId":"sess_2157ab68-9c2a-49f4-a4c7-b0cbcad4c0d2","turnId":"00205243-fe27-4da3-bca2-e27721039ac9","rootTurnId":"00205243-fe27-4da3-bca2-e27721039ac9"}
{"timestamp":"2026-08-24T07:54:19.187Z","level":"info","message":"acp.policy-eval.complete {\"toolId\":\"run_command\",\"effect\":\"ask\"}","conversationId":"sess_2157ab68-9c2a-49f4-a4c7-b0cbcad4c0d2","turnId":"00205243-fe27-4da3-bca2-e27721039ac9","rootTurnId":"00205243-fe27-4da3-bca2-e27721039ac9"}
{"timestamp":"2026-08-24T07:54:19.200Z","level":"info","message":"[ACP ToolApproval] Requesting permission for toolId=run_command, operationId=run_command_tooluse_lK5GqvBpbjPxxceKe9A0kE, sessionId=sess_2157ab68-9c2a-49f4-a4c7-b0cbcad4c0d2","conversationId":"sess_2157ab68-9c2a-49f4-a4c7-b0cbcad4c0d2","turnId":"00205243-fe27-4da3-bca2-e27721039ac9","rootTurnId":"00205243-fe27-4da3-bca2-e27721039ac9"}
{"timestamp":"2026-08-24T07:54:19.203Z","level":"info","message":"fs.appendMessages.ok {\"system\":\"fs\",\"sessionId\":\"sess_2157ab68-9c2a-49f4-a4c7-b0cbcad4c0d2\",\"messageCount\":1,\"durationMs\":3}","conversationId":"sess_2157ab68-9c2a-49f4-a4c7-b0cbcad4c0d2","turnId":"00205243-fe27-4da3-bca2-e27721039ac9","rootTurnId":"00205243-fe27-4da3-bca2-e27721039ac9"}
{"timestamp":"2026-08-24T07:54:19.543Z","level":"info","message":"fs.appendMessages.ok {\"system\":\"fs\",\"sessionId\":\"sess_2157ab68-9c2a-49f4-a4c7-b0cbcad4c0d2\",\"messageCount\":1,\"durationMs\":4}","conversationId":"sess_2157ab68-9c2a-49f4-a4c7-b0cbcad4c0d2","turnId":"00205243-fe27-4da3-bca2-e27721039ac9","rootTurnId":"00205243-fe27-4da3-bca2-e27721039ac9"}
{"timestamp":"2026-08-24T07:54:19.549Z","level":"info","message":"fs.appendMessages.ok {\"system\":\"fs\",\"sessionId\":\"sess_2157ab68-9c2a-49f4-a4c7-b0cbcad4c0d2\",\"messageCount\":1,\"durationMs\":7}","conversationId":"sess_2157ab68-9c2a-49f4-a4c7-b0cbcad4c0d2","turnId":"00205243-fe27-4da3-bca2-e27721039ac9","rootTurnId":"00205243-fe27-4da3-bca2-e27721039ac9"}
{"timestamp":"2026-08-24T07:54:30.671Z","level":"info","message":"fs.appendMessages.ok {\"system\":\"fs\",\"sessionId\":\"sess_2157ab68-9c2a-49f4-a4c7-b0cbcad4c0d2\",\"messageCount\":1,\"durationMs\":2}","conversationId":"sess_2157ab68-9c2a-49f4-a4c7-b0cbcad4c0d2","turnId":"00205243-fe27-4da3-bca2-e27721039ac9","rootTurnId":"00205243-fe27-4da3-bca2-e27721039ac9"}
{"timestamp":"2026-08-24T07:54:30.671Z","level":"info","message":"[ACP ToolApproval] Got response: {\"optionId\":\"always-accept\",\"outcome\":\"selected\"}","conversationId":"sess_2157ab68-9c2a-49f4-a4c7-b0cbcad4c0d2","turnId":"00205243-fe27-4da3-bca2-e27721039ac9","rootTurnId":"00205243-fe27-4da3-bca2-e27721039ac9"}
{"timestamp":"2026-08-24T07:54:30.870Z","level":"info","message":"[PolicySession] rebuild() complete: 18 rules parsed, engineActive=true, fatal=false","conversationId":"sess_2157ab68-9c2a-49f4-a4c7-b0cbcad4c0d2","turnId":"00205243-fe27-4da3-bca2-e27721039ac9","rootTurnId":"00205243-fe27-4da3-bca2-e27721039ac9"}
{"timestamp":"2026-08-24T07:54:30.870Z","level":"info","message":"[PolicySession] Persisted allow rule for shell matching \"Set-ExecutionPolicy -ExecutionPolicy RemoteSigned -Scope CurrentUser -Force\" at scope=workspace","conversationId":"sess_2157ab68-9c2a-49f4-a4c7-b0cbcad4c0d2","turnId":"00205243-fe27-4da3-bca2-e27721039ac9","rootTurnId":"00205243-fe27-4da3-bca2-e27721039ac9"}
{"timestamp":"2026-08-24T07:54:30.887Z","level":"info","message":"[ACP ToolApproval] Requesting permission for toolId=run_command, operationId=run_command_tooluse_lK5GqvBpbjPxxceKe9A0kE, sessionId=sess_2157ab68-9c2a-49f4-a4c7-b0cbcad4c0d2","conversationId":"sess_2157ab68-9c2a-49f4-a4c7-b0cbcad4c0d2","turnId":"00205243-fe27-4da3-bca2-e27721039ac9","rootTurnId":"00205243-fe27-4da3-bca2-e27721039ac9"}
{"timestamp":"2026-08-24T07:54:30.890Z","level":"info","message":"fs.appendMessages.ok {\"system\":\"fs\",\"sessionId\":\"sess_2157ab68-9c2a-49f4-a4c7-b0cbcad4c0d2\",\"messageCount\":1,\"durationMs\":3}","conversationId":"sess_2157ab68-9c2a-49f4-a4c7-b0cbcad4c0d2","turnId":"00205243-fe27-4da3-bca2-e27721039ac9","rootTurnId":"00205243-fe27-4da3-bca2-e27721039ac9"}
{"timestamp":"2026-08-24T07:54:38.671Z","level":"info","message":"fs.appendMessages.ok {\"system\":\"fs\",\"sessionId\":\"sess_2157ab68-9c2a-49f4-a4c7-b0cbcad4c0d2\",\"messageCount\":1,\"durationMs\":2}","conversationId":"sess_2157ab68-9c2a-49f4-a4c7-b0cbcad4c0d2","turnId":"00205243-fe27-4da3-bca2-e27721039ac9","rootTurnId":"00205243-fe27-4da3-bca2-e27721039ac9"}
{"timestamp":"2026-08-24T07:54:38.671Z","level":"info","message":"[ACP ToolApproval] Got response: {\"optionId\":\"always-accept\",\"outcome\":\"selected\"}","conversationId":"sess_2157ab68-9c2a-49f4-a4c7-b0cbcad4c0d2","turnId":"00205243-fe27-4da3-bca2-e27721039ac9","rootTurnId":"00205243-fe27-4da3-bca2-e27721039ac9"}
{"timestamp":"2026-08-24T07:54:38.865Z","level":"info","message":"[PolicySession] rebuild() complete: 18 rules parsed, engineActive=true, fatal=false","conversationId":"sess_2157ab68-9c2a-49f4-a4c7-b0cbcad4c0d2","turnId":"00205243-fe27-4da3-bca2-e27721039ac9","rootTurnId":"00205243-fe27-4da3-bca2-e27721039ac9"}
{"timestamp":"2026-08-24T07:54:38.865Z","level":"info","message":"[PolicySession] Persisted allow rule for shell matching \"node --version\" at scope=workspace","conversationId":"sess_2157ab68-9c2a-49f4-a4c7-b0cbcad4c0d2","turnId":"00205243-fe27-4da3-bca2-e27721039ac9","rootTurnId":"00205243-fe27-4da3-bca2-e27721039ac9"}
{"timestamp":"2026-08-24T07:54:38.870Z","level":"info","message":"[ACPEventAdapter] Execution resumed {\"executionId\":\"00205243-fe27-4da3-bca2-e27721039ac9\"}","conversationId":"sess_2157ab68-9c2a-49f4-a4c7-b0cbcad4c0d2","turnId":"00205243-fe27-4da3-bca2-e27721039ac9","rootTurnId":"00205243-fe27-4da3-bca2-e27721039ac9"}
{"timestamp":"2026-08-24T07:54:38.871Z","level":"info","message":"acp.policy-eval.complete {\"toolId\":\"list_directory\",\"effect\":\"allow\",\"capability\":\"fs_read\"}","conversationId":"sess_2157ab68-9c2a-49f4-a4c7-b0cbcad4c0d2","turnId":"00205243-fe27-4da3-bca2-e27721039ac9","rootTurnId":"00205243-fe27-4da3-bca2-e27721039ac9"}
{"timestamp":"2026-08-24T07:54:39.882Z","level":"info","message":"[AgentIterator] Parallel invoking agent","conversationId":"sess_2157ab68-9c2a-49f4-a4c7-b0cbcad4c0d2","turnId":"00205243-fe27-4da3-bca2-e27721039ac9","rootTurnId":"00205243-fe27-4da3-bca2-e27721039ac9"}
{"timestamp":"2026-08-24T07:54:39.883Z","level":"info","message":"[Steering] Populating steering for execution 00205243-fe27-4da3-bca2-e27721039ac9","conversationId":"sess_2157ab68-9c2a-49f4-a4c7-b0cbcad4c0d2","turnId":"00205243-fe27-4da3-bca2-e27721039ac9","rootTurnId":"00205243-fe27-4da3-bca2-e27721039ac9"}
{"timestamp":"2026-08-24T07:54:39.883Z","level":"info","message":"[Steering] ExistingFiles:  in 00205243-fe27-4da3-bca2-e27721039ac9","conversationId":"sess_2157ab68-9c2a-49f4-a4c7-b0cbcad4c0d2","turnId":"00205243-fe27-4da3-bca2-e27721039ac9","rootTurnId":"00205243-fe27-4da3-bca2-e27721039ac9"}
{"timestamp":"2026-08-24T07:54:39.885Z","level":"info","message":"[q-developer-converse] Sending GenerateAssistantResponse modelId=auto agentMode=vibe origin=AI_EDITOR streaming=true conversationId=sess_2157ab68-9c2a-49f4-a4c7-b0cbcad4c0d2","conversationId":"sess_2157ab68-9c2a-49f4-a4c7-b0cbcad4c0d2","turnId":"00205243-fe27-4da3-bca2-e27721039ac9","rootTurnId":"00205243-fe27-4da3-bca2-e27721039ac9"}
{"timestamp":"2026-08-24T07:54:39.885Z","level":"info","message":"[q-developer-converse] Request payload: 97345 chars, 12 history messages, conversationId=sess_2157ab68-9c2a-49f4-a4c7-b0cbcad4c0d2","conversationId":"sess_2157ab68-9c2a-49f4-a4c7-b0cbcad4c0d2","turnId":"00205243-fe27-4da3-bca2-e27721039ac9","rootTurnId":"00205243-fe27-4da3-bca2-e27721039ac9"}
{"timestamp":"2026-08-24T07:54:39.893Z","level":"info","message":"fs.appendMessages.ok {\"system\":\"fs\",\"sessionId\":\"sess_2157ab68-9c2a-49f4-a4c7-b0cbcad4c0d2\",\"messageCount\":2,\"durationMs\":15}","conversationId":"sess_2157ab68-9c2a-49f4-a4c7-b0cbcad4c0d2","turnId":"00205243-fe27-4da3-bca2-e27721039ac9","rootTurnId":"00205243-fe27-4da3-bca2-e27721039ac9"}
{"timestamp":"2026-08-24T07:54:43.274Z","level":"info","message":"[AgentIterator] Synchronizing results","conversationId":"sess_2157ab68-9c2a-49f4-a4c7-b0cbcad4c0d2","turnId":"00205243-fe27-4da3-bca2-e27721039ac9","rootTurnId":"00205243-fe27-4da3-bca2-e27721039ac9"}
{"timestamp":"2026-08-24T07:54:43.274Z","level":"info","message":"[AgentIterator] Processing intent detection result","conversationId":"sess_2157ab68-9c2a-49f4-a4c7-b0cbcad4c0d2","turnId":"00205243-fe27-4da3-bca2-e27721039ac9","rootTurnId":"00205243-fe27-4da3-bca2-e27721039ac9"}
{"timestamp":"2026-08-24T07:54:43.275Z","level":"info","message":"[ChatAgent] Processing model response stream","conversationId":"sess_2157ab68-9c2a-49f4-a4c7-b0cbcad4c0d2","turnId":"00205243-fe27-4da3-bca2-e27721039ac9","rootTurnId":"00205243-fe27-4da3-bca2-e27721039ac9"}
{"timestamp":"2026-08-24T07:54:43.275Z","level":"info","message":"[Steering] Populating steering for execution 00205243-fe27-4da3-bca2-e27721039ac9","conversationId":"sess_2157ab68-9c2a-49f4-a4c7-b0cbcad4c0d2","turnId":"00205243-fe27-4da3-bca2-e27721039ac9","rootTurnId":"00205243-fe27-4da3-bca2-e27721039ac9"}
{"timestamp":"2026-08-24T07:54:43.275Z","level":"info","message":"[Steering] ExistingFiles:  in 00205243-fe27-4da3-bca2-e27721039ac9","conversationId":"sess_2157ab68-9c2a-49f4-a4c7-b0cbcad4c0d2","turnId":"00205243-fe27-4da3-bca2-e27721039ac9","rootTurnId":"00205243-fe27-4da3-bca2-e27721039ac9"}
{"timestamp":"2026-08-24T07:54:43.920Z","level":"info","message":"[ACPEventAdapter] Execution yielded {\"executionId\":\"00205243-fe27-4da3-bca2-e27721039ac9\"}","conversationId":"sess_2157ab68-9c2a-49f4-a4c7-b0cbcad4c0d2","turnId":"00205243-fe27-4da3-bca2-e27721039ac9","rootTurnId":"00205243-fe27-4da3-bca2-e27721039ac9"}
{"timestamp":"2026-08-24T07:54:43.921Z","level":"info","message":"acp.policy-eval.complete {\"toolId\":\"run_command\",\"effect\":\"ask\"}","conversationId":"sess_2157ab68-9c2a-49f4-a4c7-b0cbcad4c0d2","turnId":"00205243-fe27-4da3-bca2-e27721039ac9","rootTurnId":"00205243-fe27-4da3-bca2-e27721039ac9"}
{"timestamp":"2026-08-24T07:54:43.931Z","level":"info","message":"[ACP ToolApproval] Requesting permission for toolId=run_command, operationId=run_command_tooluse_nznM22BqBFQLkyYqPTsVvT, sessionId=sess_2157ab68-9c2a-49f4-a4c7-b0cbcad4c0d2","conversationId":"sess_2157ab68-9c2a-49f4-a4c7-b0cbcad4c0d2","turnId":"00205243-fe27-4da3-bca2-e27721039ac9","rootTurnId":"00205243-fe27-4da3-bca2-e27721039ac9"}
{"timestamp":"2026-08-24T07:54:43.933Z","level":"info","message":"fs.appendMessages.ok {\"system\":\"fs\",\"sessionId\":\"sess_2157ab68-9c2a-49f4-a4c7-b0cbcad4c0d2\",\"messageCount\":1,\"durationMs\":3}","conversationId":"sess_2157ab68-9c2a-49f4-a4c7-b0cbcad4c0d2","turnId":"00205243-fe27-4da3-bca2-e27721039ac9","rootTurnId":"00205243-fe27-4da3-bca2-e27721039ac9"}
{"timestamp":"2026-08-24T07:54:44.314Z","level":"info","message":"fs.appendMessages.ok {\"system\":\"fs\",\"sessionId\":\"sess_2157ab68-9c2a-49f4-a4c7-b0cbcad4c0d2\",\"messageCount\":1,\"durationMs\":4}","conversationId":"sess_2157ab68-9c2a-49f4-a4c7-b0cbcad4c0d2","turnId":"00205243-fe27-4da3-bca2-e27721039ac9","rootTurnId":"00205243-fe27-4da3-bca2-e27721039ac9"}
{"timestamp":"2026-08-24T07:54:44.322Z","level":"info","message":"fs.appendMessages.ok {\"system\":\"fs\",\"sessionId\":\"sess_2157ab68-9c2a-49f4-a4c7-b0cbcad4c0d2\",\"messageCount\":1,\"durationMs\":8}","conversationId":"sess_2157ab68-9c2a-49f4-a4c7-b0cbcad4c0d2","turnId":"00205243-fe27-4da3-bca2-e27721039ac9","rootTurnId":"00205243-fe27-4da3-bca2-e27721039ac9"}
{"timestamp":"2026-08-24T07:58:16.614Z","level":"info","message":"fs.appendMessages.ok {\"system\":\"fs\",\"sessionId\":\"sess_2157ab68-9c2a-49f4-a4c7-b0cbcad4c0d2\",\"messageCount\":1,\"durationMs\":2}","conversationId":"sess_2157ab68-9c2a-49f4-a4c7-b0cbcad4c0d2","turnId":"00205243-fe27-4da3-bca2-e27721039ac9","rootTurnId":"00205243-fe27-4da3-bca2-e27721039ac9"}
{"timestamp":"2026-08-24T07:58:16.614Z","level":"info","message":"[ACP ToolApproval] Got response: {\"optionId\":\"always-accept\",\"outcome\":\"selected\"}","conversationId":"sess_2157ab68-9c2a-49f4-a4c7-b0cbcad4c0d2","turnId":"00205243-fe27-4da3-bca2-e27721039ac9","rootTurnId":"00205243-fe27-4da3-bca2-e27721039ac9"}
{"timestamp":"2026-08-24T07:58:16.811Z","level":"info","message":"[PolicySession] rebuild() complete: 18 rules parsed, engineActive=true, fatal=false","conversationId":"sess_2157ab68-9c2a-49f4-a4c7-b0cbcad4c0d2","turnId":"00205243-fe27-4da3-bca2-e27721039ac9","rootTurnId":"00205243-fe27-4da3-bca2-e27721039ac9"}
{"timestamp":"2026-08-24T07:58:16.811Z","level":"info","message":"[PolicySession] Persisted allow rule for shell matching \"& 'C:\\Program Files\\nodejs\\node.exe' --version\" at scope=workspace","conversationId":"sess_2157ab68-9c2a-49f4-a4c7-b0cbcad4c0d2","turnId":"00205243-fe27-4da3-bca2-e27721039ac9","rootTurnId":"00205243-fe27-4da3-bca2-e27721039ac9"}
{"timestamp":"2026-08-24T07:58:16.815Z","level":"info","message":"[ACPEventAdapter] Execution resumed {\"executionId\":\"00205243-fe27-4da3-bca2-e27721039ac9\"}","conversationId":"sess_2157ab68-9c2a-49f4-a4c7-b0cbcad4c0d2","turnId":"00205243-fe27-4da3-bca2-e27721039ac9","rootTurnId":"00205243-fe27-4da3-bca2-e27721039ac9"}
{"timestamp":"2026-08-24T07:58:16.816Z","level":"info","message":"acp.policy-eval.complete {\"toolId\":\"list_directory\",\"effect\":\"allow\",\"capability\":\"fs_read\"}","conversationId":"sess_2157ab68-9c2a-49f4-a4c7-b0cbcad4c0d2","turnId":"00205243-fe27-4da3-bca2-e27721039ac9","rootTurnId":"00205243-fe27-4da3-bca2-e27721039ac9"}
{"timestamp":"2026-08-24T07:58:17.833Z","level":"info","message":"[AgentIterator] Parallel invoking agent","conversationId":"sess_2157ab68-9c2a-49f4-a4c7-b0cbcad4c0d2","turnId":"00205243-fe27-4da3-bca2-e27721039ac9","rootTurnId":"00205243-fe27-4da3-bca2-e27721039ac9"}
{"timestamp":"2026-08-24T07:58:17.833Z","level":"info","message":"[Steering] Populating steering for execution 00205243-fe27-4da3-bca2-e27721039ac9","conversationId":"sess_2157ab68-9c2a-49f4-a4c7-b0cbcad4c0d2","turnId":"00205243-fe27-4da3-bca2-e27721039ac9","rootTurnId":"00205243-fe27-4da3-bca2-e27721039ac9"}
{"timestamp":"2026-08-24T07:58:17.833Z","level":"info","message":"[Steering] ExistingFiles:  in 00205243-fe27-4da3-bca2-e27721039ac9","conversationId":"sess_2157ab68-9c2a-49f4-a4c7-b0cbcad4c0d2","turnId":"00205243-fe27-4da3-bca2-e27721039ac9","rootTurnId":"00205243-fe27-4da3-bca2-e27721039ac9"}
{"timestamp":"2026-08-24T07:58:17.835Z","level":"info","message":"[q-developer-converse] Sending GenerateAssistantResponse modelId=auto agentMode=vibe origin=AI_EDITOR streaming=true conversationId=sess_2157ab68-9c2a-49f4-a4c7-b0cbcad4c0d2","conversationId":"sess_2157ab68-9c2a-49f4-a4c7-b0cbcad4c0d2","turnId":"00205243-fe27-4da3-bca2-e27721039ac9","rootTurnId":"00205243-fe27-4da3-bca2-e27721039ac9"}
{"timestamp":"2026-08-24T07:58:17.836Z","level":"info","message":"[q-developer-converse] Request payload: 98536 chars, 14 history messages, conversationId=sess_2157ab68-9c2a-49f4-a4c7-b0cbcad4c0d2","conversationId":"sess_2157ab68-9c2a-49f4-a4c7-b0cbcad4c0d2","turnId":"00205243-fe27-4da3-bca2-e27721039ac9","rootTurnId":"00205243-fe27-4da3-bca2-e27721039ac9"}
{"timestamp":"2026-08-24T07:58:17.843Z","level":"info","message":"fs.appendMessages.ok {\"system\":\"fs\",\"sessionId\":\"sess_2157ab68-9c2a-49f4-a4c7-b0cbcad4c0d2\",\"messageCount\":2,\"durationMs\":15}","conversationId":"sess_2157ab68-9c2a-49f4-a4c7-b0cbcad4c0d2","turnId":"00205243-fe27-4da3-bca2-e27721039ac9","rootTurnId":"00205243-fe27-4da3-bca2-e27721039ac9"}
{"timestamp":"2026-08-24T07:58:20.815Z","level":"info","message":"[AgentIterator] Synchronizing results","conversationId":"sess_2157ab68-9c2a-49f4-a4c7-b0cbcad4c0d2","turnId":"00205243-fe27-4da3-bca2-e27721039ac9","rootTurnId":"00205243-fe27-4da3-bca2-e27721039ac9"}
{"timestamp":"2026-08-24T07:58:20.815Z","level":"info","message":"[AgentIterator] Processing intent detection result","conversationId":"sess_2157ab68-9c2a-49f4-a4c7-b0cbcad4c0d2","turnId":"00205243-fe27-4da3-bca2-e27721039ac9","rootTurnId":"00205243-fe27-4da3-bca2-e27721039ac9"}
{"timestamp":"2026-08-24T07:58:20.816Z","level":"info","message":"[ChatAgent] Processing model response stream","conversationId":"sess_2157ab68-9c2a-49f4-a4c7-b0cbcad4c0d2","turnId":"00205243-fe27-4da3-bca2-e27721039ac9","rootTurnId":"00205243-fe27-4da3-bca2-e27721039ac9"}
{"timestamp":"2026-08-24T07:58:20.816Z","level":"info","message":"[Steering] Populating steering for execution 00205243-fe27-4da3-bca2-e27721039ac9","conversationId":"sess_2157ab68-9c2a-49f4-a4c7-b0cbcad4c0d2","turnId":"00205243-fe27-4da3-bca2-e27721039ac9","rootTurnId":"00205243-fe27-4da3-bca2-e27721039ac9"}
{"timestamp":"2026-08-24T07:58:20.816Z","level":"info","message":"[Steering] ExistingFiles:  in 00205243-fe27-4da3-bca2-e27721039ac9","conversationId":"sess_2157ab68-9c2a-49f4-a4c7-b0cbcad4c0d2","turnId":"00205243-fe27-4da3-bca2-e27721039ac9","rootTurnId":"00205243-fe27-4da3-bca2-e27721039ac9"}
{"timestamp":"2026-08-24T07:58:21.476Z","level":"info","message":"[ACPEventAdapter] Execution yielded {\"executionId\":\"00205243-fe27-4da3-bca2-e27721039ac9\"}","conversationId":"sess_2157ab68-9c2a-49f4-a4c7-b0cbcad4c0d2","turnId":"00205243-fe27-4da3-bca2-e27721039ac9","rootTurnId":"00205243-fe27-4da3-bca2-e27721039ac9"}
{"timestamp":"2026-08-24T07:58:21.477Z","level":"info","message":"acp.policy-eval.complete {\"toolId\":\"run_command\",\"effect\":\"ask\"}","conversationId":"sess_2157ab68-9c2a-49f4-a4c7-b0cbcad4c0d2","turnId":"00205243-fe27-4da3-bca2-e27721039ac9","rootTurnId":"00205243-fe27-4da3-bca2-e27721039ac9"}
{"timestamp":"2026-08-24T07:58:21.486Z","level":"info","message":"[ACP ToolApproval] Requesting permission for toolId=run_command, operationId=run_command_tooluse_Ca642vUzOrCzbxixQlCmPa, sessionId=sess_2157ab68-9c2a-49f4-a4c7-b0cbcad4c0d2","conversationId":"sess_2157ab68-9c2a-49f4-a4c7-b0cbcad4c0d2","turnId":"00205243-fe27-4da3-bca2-e27721039ac9","rootTurnId":"00205243-fe27-4da3-bca2-e27721039ac9"}
{"timestamp":"2026-08-24T07:58:21.489Z","level":"info","message":"fs.appendMessages.ok {\"system\":\"fs\",\"sessionId\":\"sess_2157ab68-9c2a-49f4-a4c7-b0cbcad4c0d2\",\"messageCount\":1,\"durationMs\":3}","conversationId":"sess_2157ab68-9c2a-49f4-a4c7-b0cbcad4c0d2","turnId":"00205243-fe27-4da3-bca2-e27721039ac9","rootTurnId":"00205243-fe27-4da3-bca2-e27721039ac9"}
{"timestamp":"2026-08-24T07:58:21.870Z","level":"info","message":"fs.appendMessages.ok {\"system\":\"fs\",\"sessionId\":\"sess_2157ab68-9c2a-49f4-a4c7-b0cbcad4c0d2\",\"messageCount\":1,\"durationMs\":4}","conversationId":"sess_2157ab68-9c2a-49f4-a4c7-b0cbcad4c0d2","turnId":"00205243-fe27-4da3-bca2-e27721039ac9","rootTurnId":"00205243-fe27-4da3-bca2-e27721039ac9"}
{"timestamp":"2026-08-24T07:58:21.880Z","level":"info","message":"fs.appendMessages.ok {\"system\":\"fs\",\"sessionId\":\"sess_2157ab68-9c2a-49f4-a4c7-b0cbcad4c0d2\",\"messageCount\":1,\"durationMs\":10}","conversationId":"sess_2157ab68-9c2a-49f4-a4c7-b0cbcad4c0d2","turnId":"00205243-fe27-4da3-bca2-e27721039ac9","rootTurnId":"00205243-fe27-4da3-bca2-e27721039ac9"}
{"timestamp":"2026-08-24T07:58:24.279Z","level":"info","message":"fs.appendMessages.ok {\"system\":\"fs\",\"sessionId\":\"sess_2157ab68-9c2a-49f4-a4c7-b0cbcad4c0d2\",\"messageCount\":1,\"durationMs\":2}","conversationId":"sess_2157ab68-9c2a-49f4-a4c7-b0cbcad4c0d2","turnId":"00205243-fe27-4da3-bca2-e27721039ac9","rootTurnId":"00205243-fe27-4da3-bca2-e27721039ac9"}
{"timestamp":"2026-08-24T07:58:24.279Z","level":"info","message":"[ACP ToolApproval] Got response: {\"optionId\":\"always-accept\",\"outcome\":\"selected\"}","conversationId":"sess_2157ab68-9c2a-49f4-a4c7-b0cbcad4c0d2","turnId":"00205243-fe27-4da3-bca2-e27721039ac9","rootTurnId":"00205243-fe27-4da3-bca2-e27721039ac9"}
{"timestamp":"2026-08-24T07:58:24.475Z","level":"info","message":"[PolicySession] rebuild() complete: 18 rules parsed, engineActive=true, fatal=false","conversationId":"sess_2157ab68-9c2a-49f4-a4c7-b0cbcad4c0d2","turnId":"00205243-fe27-4da3-bca2-e27721039ac9","rootTurnId":"00205243-fe27-4da3-bca2-e27721039ac9"}
{"timestamp":"2026-08-24T07:58:24.475Z","level":"info","message":"[PolicySession] Persisted allow rule for shell matching \"powershell -ExecutionPolicy Bypass -Command \"node --version; & 'C:\\Program Files\\nodejs\\npm.cmd' --version\"\" at scope=workspace","conversationId":"sess_2157ab68-9c2a-49f4-a4c7-b0cbcad4c0d2","turnId":"00205243-fe27-4da3-bca2-e27721039ac9","rootTurnId":"00205243-fe27-4da3-bca2-e27721039ac9"}
{"timestamp":"2026-08-24T07:58:24.479Z","level":"info","message":"[ACPEventAdapter] Execution resumed {\"executionId\":\"00205243-fe27-4da3-bca2-e27721039ac9\"}","conversationId":"sess_2157ab68-9c2a-49f4-a4c7-b0cbcad4c0d2","turnId":"00205243-fe27-4da3-bca2-e27721039ac9","rootTurnId":"00205243-fe27-4da3-bca2-e27721039ac9"}
{"timestamp":"2026-08-24T07:58:24.480Z","level":"info","message":"acp.policy-eval.complete {\"toolId\":\"list_directory\",\"effect\":\"allow\",\"capability\":\"fs_read\"}","conversationId":"sess_2157ab68-9c2a-49f4-a4c7-b0cbcad4c0d2","turnId":"00205243-fe27-4da3-bca2-e27721039ac9","rootTurnId":"00205243-fe27-4da3-bca2-e27721039ac9"}
{"timestamp":"2026-08-24T07:58:25.495Z","level":"info","message":"[AgentIterator] Parallel invoking agent","conversationId":"sess_2157ab68-9c2a-49f4-a4c7-b0cbcad4c0d2","turnId":"00205243-fe27-4da3-bca2-e27721039ac9","rootTurnId":"00205243-fe27-4da3-bca2-e27721039ac9"}
{"timestamp":"2026-08-24T07:58:25.495Z","level":"info","message":"[Steering] Populating steering for execution 00205243-fe27-4da3-bca2-e27721039ac9","conversationId":"sess_2157ab68-9c2a-49f4-a4c7-b0cbcad4c0d2","turnId":"00205243-fe27-4da3-bca2-e27721039ac9","rootTurnId":"00205243-fe27-4da3-bca2-e27721039ac9"}
{"timestamp":"2026-08-24T07:58:25.495Z","level":"info","message":"[Steering] ExistingFiles:  in 00205243-fe27-4da3-bca2-e27721039ac9","conversationId":"sess_2157ab68-9c2a-49f4-a4c7-b0cbcad4c0d2","turnId":"00205243-fe27-4da3-bca2-e27721039ac9","rootTurnId":"00205243-fe27-4da3-bca2-e27721039ac9"}
{"timestamp":"2026-08-24T07:58:25.497Z","level":"info","message":"[q-developer-converse] Sending GenerateAssistantResponse modelId=auto agentMode=vibe origin=AI_EDITOR streaming=true conversationId=sess_2157ab68-9c2a-49f4-a4c7-b0cbcad4c0d2","conversationId":"sess_2157ab68-9c2a-49f4-a4c7-b0cbcad4c0d2","turnId":"00205243-fe27-4da3-bca2-e27721039ac9","rootTurnId":"00205243-fe27-4da3-bca2-e27721039ac9"}
{"timestamp":"2026-08-24T07:58:25.497Z","level":"info","message":"[q-developer-converse] Request payload: 100560 chars, 16 history messages, conversationId=sess_2157ab68-9c2a-49f4-a4c7-b0cbcad4c0d2","conversationId":"sess_2157ab68-9c2a-49f4-a4c7-b0cbcad4c0d2","turnId":"00205243-fe27-4da3-bca2-e27721039ac9","rootTurnId":"00205243-fe27-4da3-bca2-e27721039ac9"}
{"timestamp":"2026-08-24T07:58:25.507Z","level":"info","message":"fs.appendMessages.ok {\"system\":\"fs\",\"sessionId\":\"sess_2157ab68-9c2a-49f4-a4c7-b0cbcad4c0d2\",\"messageCount\":2,\"durationMs\":16}","conversationId":"sess_2157ab68-9c2a-49f4-a4c7-b0cbcad4c0d2","turnId":"00205243-fe27-4da3-bca2-e27721039ac9","rootTurnId":"00205243-fe27-4da3-bca2-e27721039ac9"}
{"timestamp":"2026-08-24T07:58:28.660Z","level":"info","message":"[AgentIterator] Synchronizing results","conversationId":"sess_2157ab68-9c2a-49f4-a4c7-b0cbcad4c0d2","turnId":"00205243-fe27-4da3-bca2-e27721039ac9","rootTurnId":"00205243-fe27-4da3-bca2-e27721039ac9"}
{"timestamp":"2026-08-24T07:58:28.660Z","level":"info","message":"[AgentIterator] Processing intent detection result","conversationId":"sess_2157ab68-9c2a-49f4-a4c7-b0cbcad4c0d2","turnId":"00205243-fe27-4da3-bca2-e27721039ac9","rootTurnId":"00205243-fe27-4da3-bca2-e27721039ac9"}
{"timestamp":"2026-08-24T07:58:28.660Z","level":"info","message":"[ChatAgent] Processing model response stream","conversationId":"sess_2157ab68-9c2a-49f4-a4c7-b0cbcad4c0d2","turnId":"00205243-fe27-4da3-bca2-e27721039ac9","rootTurnId":"00205243-fe27-4da3-bca2-e27721039ac9"}
{"timestamp":"2026-08-24T07:58:28.660Z","level":"info","message":"[Steering] Populating steering for execution 00205243-fe27-4da3-bca2-e27721039ac9","conversationId":"sess_2157ab68-9c2a-49f4-a4c7-b0cbcad4c0d2","turnId":"00205243-fe27-4da3-bca2-e27721039ac9","rootTurnId":"00205243-fe27-4da3-bca2-e27721039ac9"}
{"timestamp":"2026-08-24T07:58:28.660Z","level":"info","message":"[Steering] ExistingFiles:  in 00205243-fe27-4da3-bca2-e27721039ac9","conversationId":"sess_2157ab68-9c2a-49f4-a4c7-b0cbcad4c0d2","turnId":"00205243-fe27-4da3-bca2-e27721039ac9","rootTurnId":"00205243-fe27-4da3-bca2-e27721039ac9"}
{"timestamp":"2026-08-24T07:58:29.562Z","level":"info","message":"fs.appendMessages.ok {\"system\":\"fs\",\"sessionId\":\"sess_2157ab68-9c2a-49f4-a4c7-b0cbcad4c0d2\",\"messageCount\":1,\"durationMs\":2}","conversationId":"sess_2157ab68-9c2a-49f4-a4c7-b0cbcad4c0d2","turnId":"00205243-fe27-4da3-bca2-e27721039ac9","rootTurnId":"00205243-fe27-4da3-bca2-e27721039ac9"}
{"timestamp":"2026-08-24T07:58:30.682Z","level":"info","message":"[ACPEventAdapter] Execution yielded {\"executionId\":\"00205243-fe27-4da3-bca2-e27721039ac9\"}","conversationId":"sess_2157ab68-9c2a-49f4-a4c7-b0cbcad4c0d2","turnId":"00205243-fe27-4da3-bca2-e27721039ac9","rootTurnId":"00205243-fe27-4da3-bca2-e27721039ac9"}
{"timestamp":"2026-08-24T07:58:30.684Z","level":"info","message":"acp.policy-eval.complete {\"toolId\":\"run_command\",\"effect\":\"ask\"}","conversationId":"sess_2157ab68-9c2a-49f4-a4c7-b0cbcad4c0d2","turnId":"00205243-fe27-4da3-bca2-e27721039ac9","rootTurnId":"00205243-fe27-4da3-bca2-e27721039ac9"}
{"timestamp":"2026-08-24T07:58:30.693Z","level":"info","message":"[ACP ToolApproval] Requesting permission for toolId=run_command, operationId=run_command_tooluse_be5LbxNgkDYMeak3B7HdUM, sessionId=sess_2157ab68-9c2a-49f4-a4c7-b0cbcad4c0d2","conversationId":"sess_2157ab68-9c2a-49f4-a4c7-b0cbcad4c0d2","turnId":"00205243-fe27-4da3-bca2-e27721039ac9","rootTurnId":"00205243-fe27-4da3-bca2-e27721039ac9"}
{"timestamp":"2026-08-24T07:58:30.695Z","level":"info","message":"fs.appendMessages.ok {\"system\":\"fs\",\"sessionId\":\"sess_2157ab68-9c2a-49f4-a4c7-b0cbcad4c0d2\",\"messageCount\":1,\"durationMs\":2}","conversationId":"sess_2157ab68-9c2a-49f4-a4c7-b0cbcad4c0d2","turnId":"00205243-fe27-4da3-bca2-e27721039ac9","rootTurnId":"00205243-fe27-4da3-bca2-e27721039ac9"}
{"timestamp":"2026-08-24T07:58:31.075Z","level":"info","message":"fs.appendMessages.ok {\"system\":\"fs\",\"sessionId\":\"sess_2157ab68-9c2a-49f4-a4c7-b0cbcad4c0d2\",\"messageCount\":1,\"durationMs\":4}","conversationId":"sess_2157ab68-9c2a-49f4-a4c7-b0cbcad4c0d2","turnId":"00205243-fe27-4da3-bca2-e27721039ac9","rootTurnId":"00205243-fe27-4da3-bca2-e27721039ac9"}
{"timestamp":"2026-08-24T07:58:31.083Z","level":"info","message":"fs.appendMessages.ok {\"system\":\"fs\",\"sessionId\":\"sess_2157ab68-9c2a-49f4-a4c7-b0cbcad4c0d2\",\"messageCount\":1,\"durationMs\":7}","conversationId":"sess_2157ab68-9c2a-49f4-a4c7-b0cbcad4c0d2","turnId":"00205243-fe27-4da3-bca2-e27721039ac9","rootTurnId":"00205243-fe27-4da3-bca2-e27721039ac9"}
{"timestamp":"2026-08-24T07:58:46.351Z","level":"info","message":"fs.appendMessages.ok {\"system\":\"fs\",\"sessionId\":\"sess_2157ab68-9c2a-49f4-a4c7-b0cbcad4c0d2\",\"messageCount\":1,\"durationMs\":2}","conversationId":"sess_2157ab68-9c2a-49f4-a4c7-b0cbcad4c0d2","turnId":"00205243-fe27-4da3-bca2-e27721039ac9","rootTurnId":"00205243-fe27-4da3-bca2-e27721039ac9"}
{"timestamp":"2026-08-24T07:58:46.351Z","level":"info","message":"[ACP ToolApproval] Got response: {\"optionId\":\"always-accept\",\"outcome\":\"selected\"}","conversationId":"sess_2157ab68-9c2a-49f4-a4c7-b0cbcad4c0d2","turnId":"00205243-fe27-4da3-bca2-e27721039ac9","rootTurnId":"00205243-fe27-4da3-bca2-e27721039ac9"}
{"timestamp":"2026-08-24T07:58:46.548Z","level":"info","message":"[PolicySession] rebuild() complete: 18 rules parsed, engineActive=true, fatal=false","conversationId":"sess_2157ab68-9c2a-49f4-a4c7-b0cbcad4c0d2","turnId":"00205243-fe27-4da3-bca2-e27721039ac9","rootTurnId":"00205243-fe27-4da3-bca2-e27721039ac9"}
{"timestamp":"2026-08-24T07:58:46.549Z","level":"info","message":"[PolicySession] Persisted allow rule for shell matching \"powershell -ExecutionPolicy Bypass -Command \"& 'C:\\Program Files\\nodejs\\npm.cmd' create vite@latest regen -- --template react-ts\" 2>&1\" at scope=workspace","conversationId":"sess_2157ab68-9c2a-49f4-a4c7-b0cbcad4c0d2","turnId":"00205243-fe27-4da3-bca2-e27721039ac9","rootTurnId":"00205243-fe27-4da3-bca2-e27721039ac9"}
{"timestamp":"2026-08-24T07:58:46.553Z","level":"info","message":"[ACPEventAdapter] Execution resumed {\"executionId\":\"00205243-fe27-4da3-bca2-e27721039ac9\"}","conversationId":"sess_2157ab68-9c2a-49f4-a4c7-b0cbcad4c0d2","turnId":"00205243-fe27-4da3-bca2-e27721039ac9","rootTurnId":"00205243-fe27-4da3-bca2-e27721039ac9"}
{"timestamp":"2026-08-24T07:58:46.553Z","level":"info","message":"acp.policy-eval.complete {\"toolId\":\"list_directory\",\"effect\":\"allow\",\"capability\":\"fs_read\"}","conversationId":"sess_2157ab68-9c2a-49f4-a4c7-b0cbcad4c0d2","turnId":"00205243-fe27-4da3-bca2-e27721039ac9","rootTurnId":"00205243-fe27-4da3-bca2-e27721039ac9"}
{"timestamp":"2026-08-24T07:58:47.569Z","level":"info","message":"[AgentIterator] Parallel invoking agent","conversationId":"sess_2157ab68-9c2a-49f4-a4c7-b0cbcad4c0d2","turnId":"00205243-fe27-4da3-bca2-e27721039ac9","rootTurnId":"00205243-fe27-4da3-bca2-e27721039ac9"}
{"timestamp":"2026-08-24T07:58:47.569Z","level":"info","message":"[Steering] Populating steering for execution 00205243-fe27-4da3-bca2-e27721039ac9","conversationId":"sess_2157ab68-9c2a-49f4-a4c7-b0cbcad4c0d2","turnId":"00205243-fe27-4da3-bca2-e27721039ac9","rootTurnId":"00205243-fe27-4da3-bca2-e27721039ac9"}
{"timestamp":"2026-08-24T07:58:47.569Z","level":"info","message":"[Steering] ExistingFiles:  in 00205243-fe27-4da3-bca2-e27721039ac9","conversationId":"sess_2157ab68-9c2a-49f4-a4c7-b0cbcad4c0d2","turnId":"00205243-fe27-4da3-bca2-e27721039ac9","rootTurnId":"00205243-fe27-4da3-bca2-e27721039ac9"}
{"timestamp":"2026-08-24T07:58:47.570Z","level":"info","message":"[q-developer-converse] Sending GenerateAssistantResponse modelId=auto agentMode=vibe origin=AI_EDITOR streaming=true conversationId=sess_2157ab68-9c2a-49f4-a4c7-b0cbcad4c0d2","conversationId":"sess_2157ab68-9c2a-49f4-a4c7-b0cbcad4c0d2","turnId":"00205243-fe27-4da3-bca2-e27721039ac9","rootTurnId":"00205243-fe27-4da3-bca2-e27721039ac9"}
{"timestamp":"2026-08-24T07:58:47.571Z","level":"info","message":"[q-developer-converse] Request payload: 102807 chars, 18 history messages, conversationId=sess_2157ab68-9c2a-49f4-a4c7-b0cbcad4c0d2","conversationId":"sess_2157ab68-9c2a-49f4-a4c7-b0cbcad4c0d2","turnId":"00205243-fe27-4da3-bca2-e27721039ac9","rootTurnId":"00205243-fe27-4da3-bca2-e27721039ac9"}
{"timestamp":"2026-08-24T07:58:47.578Z","level":"info","message":"fs.appendMessages.ok {\"system\":\"fs\",\"sessionId\":\"sess_2157ab68-9c2a-49f4-a4c7-b0cbcad4c0d2\",\"messageCount\":2,\"durationMs\":15}","conversationId":"sess_2157ab68-9c2a-49f4-a4c7-b0cbcad4c0d2","turnId":"00205243-fe27-4da3-bca2-e27721039ac9","rootTurnId":"00205243-fe27-4da3-bca2-e27721039ac9"}
{"timestamp":"2026-08-24T07:58:50.790Z","level":"info","message":"[AgentIterator] Synchronizing results","conversationId":"sess_2157ab68-9c2a-49f4-a4c7-b0cbcad4c0d2","turnId":"00205243-fe27-4da3-bca2-e27721039ac9","rootTurnId":"00205243-fe27-4da3-bca2-e27721039ac9"}
{"timestamp":"2026-08-24T07:58:50.790Z","level":"info","message":"[AgentIterator] Processing intent detection result","conversationId":"sess_2157ab68-9c2a-49f4-a4c7-b0cbcad4c0d2","turnId":"00205243-fe27-4da3-bca2-e27721039ac9","rootTurnId":"00205243-fe27-4da3-bca2-e27721039ac9"}
{"timestamp":"2026-08-24T07:58:50.791Z","level":"info","message":"[ChatAgent] Processing model response stream","conversationId":"sess_2157ab68-9c2a-49f4-a4c7-b0cbcad4c0d2","turnId":"00205243-fe27-4da3-bca2-e27721039ac9","rootTurnId":"00205243-fe27-4da3-bca2-e27721039ac9"}
{"timestamp":"2026-08-24T07:58:50.791Z","level":"info","message":"[Steering] Populating steering for execution 00205243-fe27-4da3-bca2-e27721039ac9","conversationId":"sess_2157ab68-9c2a-49f4-a4c7-b0cbcad4c0d2","turnId":"00205243-fe27-4da3-bca2-e27721039ac9","rootTurnId":"00205243-fe27-4da3-bca2-e27721039ac9"}
{"timestamp":"2026-08-24T07:58:50.791Z","level":"info","message":"[Steering] ExistingFiles:  in 00205243-fe27-4da3-bca2-e27721039ac9","conversationId":"sess_2157ab68-9c2a-49f4-a4c7-b0cbcad4c0d2","turnId":"00205243-fe27-4da3-bca2-e27721039ac9","rootTurnId":"00205243-fe27-4da3-bca2-e27721039ac9"}
{"timestamp":"2026-08-24T07:58:51.527Z","level":"info","message":"[ACPEventAdapter] Execution yielded {\"executionId\":\"00205243-fe27-4da3-bca2-e27721039ac9\"}","conversationId":"sess_2157ab68-9c2a-49f4-a4c7-b0cbcad4c0d2","turnId":"00205243-fe27-4da3-bca2-e27721039ac9","rootTurnId":"00205243-fe27-4da3-bca2-e27721039ac9"}
{"timestamp":"2026-08-24T07:58:51.528Z","level":"info","message":"acp.policy-eval.complete {\"toolId\":\"run_command\",\"effect\":\"ask\"}","conversationId":"sess_2157ab68-9c2a-49f4-a4c7-b0cbcad4c0d2","turnId":"00205243-fe27-4da3-bca2-e27721039ac9","rootTurnId":"00205243-fe27-4da3-bca2-e27721039ac9"}
{"timestamp":"2026-08-24T07:58:51.537Z","level":"info","message":"[ACP ToolApproval] Requesting permission for toolId=run_command, operationId=run_command_tooluse_cZZ3xwTrgKMuzEM1naUiVS, sessionId=sess_2157ab68-9c2a-49f4-a4c7-b0cbcad4c0d2","conversationId":"sess_2157ab68-9c2a-49f4-a4c7-b0cbcad4c0d2","turnId":"00205243-fe27-4da3-bca2-e27721039ac9","rootTurnId":"00205243-fe27-4da3-bca2-e27721039ac9"}
{"timestamp":"2026-08-24T07:58:51.540Z","level":"info","message":"fs.appendMessages.ok {\"system\":\"fs\",\"sessionId\":\"sess_2157ab68-9c2a-49f4-a4c7-b0cbcad4c0d2\",\"messageCount\":1,\"durationMs\":3}","conversationId":"sess_2157ab68-9c2a-49f4-a4c7-b0cbcad4c0d2","turnId":"00205243-fe27-4da3-bca2-e27721039ac9","rootTurnId":"00205243-fe27-4da3-bca2-e27721039ac9"}
{"timestamp":"2026-08-24T07:58:51.874Z","level":"info","message":"fs.appendMessages.ok {\"system\":\"fs\",\"sessionId\":\"sess_2157ab68-9c2a-49f4-a4c7-b0cbcad4c0d2\",\"messageCount\":1,\"durationMs\":4}","conversationId":"sess_2157ab68-9c2a-49f4-a4c7-b0cbcad4c0d2","turnId":"00205243-fe27-4da3-bca2-e27721039ac9","rootTurnId":"00205243-fe27-4da3-bca2-e27721039ac9"}
{"timestamp":"2026-08-24T07:58:51.882Z","level":"info","message":"fs.appendMessages.ok {\"system\":\"fs\",\"sessionId\":\"sess_2157ab68-9c2a-49f4-a4c7-b0cbcad4c0d2\",\"messageCount\":1,\"durationMs\":9}","conversationId":"sess_2157ab68-9c2a-49f4-a4c7-b0cbcad4c0d2","turnId":"00205243-fe27-4da3-bca2-e27721039ac9","rootTurnId":"00205243-fe27-4da3-bca2-e27721039ac9"}
{"timestamp":"2026-08-24T07:59:01.974Z","level":"info","message":"fs.appendMessages.ok {\"system\":\"fs\",\"sessionId\":\"sess_2157ab68-9c2a-49f4-a4c7-b0cbcad4c0d2\",\"messageCount\":1,\"durationMs\":1}","conversationId":"sess_2157ab68-9c2a-49f4-a4c7-b0cbcad4c0d2","turnId":"00205243-fe27-4da3-bca2-e27721039ac9","rootTurnId":"00205243-fe27-4da3-bca2-e27721039ac9"}
{"timestamp":"2026-08-24T07:59:01.974Z","level":"info","message":"[ACP ToolApproval] Got response: {\"optionId\":\"always-accept\",\"outcome\":\"selected\"}","conversationId":"sess_2157ab68-9c2a-49f4-a4c7-b0cbcad4c0d2","turnId":"00205243-fe27-4da3-bca2-e27721039ac9","rootTurnId":"00205243-fe27-4da3-bca2-e27721039ac9"}
{"timestamp":"2026-08-24T07:59:02.177Z","level":"info","message":"[PolicySession] rebuild() complete: 18 rules parsed, engineActive=true, fatal=false","conversationId":"sess_2157ab68-9c2a-49f4-a4c7-b0cbcad4c0d2","turnId":"00205243-fe27-4da3-bca2-e27721039ac9","rootTurnId":"00205243-fe27-4da3-bca2-e27721039ac9"}
{"timestamp":"2026-08-24T07:59:02.177Z","level":"info","message":"[PolicySession] Persisted allow rule for shell matching \"cmd /c \"cd /d C:\\Users\\Student\\.kiro && npm create vite@latest regen -- --template react-ts\"\" at scope=workspace","conversationId":"sess_2157ab68-9c2a-49f4-a4c7-b0cbcad4c0d2","turnId":"00205243-fe27-4da3-bca2-e27721039ac9","rootTurnId":"00205243-fe27-4da3-bca2-e27721039ac9"}
{"timestamp":"2026-08-24T07:59:02.181Z","level":"info","message":"[ACPEventAdapter] Execution resumed {\"executionId\":\"00205243-fe27-4da3-bca2-e27721039ac9\"}","conversationId":"sess_2157ab68-9c2a-49f4-a4c7-b0cbcad4c0d2","turnId":"00205243-fe27-4da3-bca2-e27721039ac9","rootTurnId":"00205243-fe27-4da3-bca2-e27721039ac9"}
{"timestamp":"2026-08-24T08:00:56.397Z","level":"info","message":"network.listAvailableModels.ok {\"system\":\"network\",\"durationMs\":1370}"}
{"timestamp":"2026-08-24T08:00:56.398Z","level":"info","message":"[ACPModelConfigProvider] Loaded 9 models"}
{"timestamp":"2026-08-24T08:01:02.591Z","level":"info","message":"[AgentIterator] Parallel invoking agent","conversationId":"sess_2157ab68-9c2a-49f4-a4c7-b0cbcad4c0d2","turnId":"00205243-fe27-4da3-bca2-e27721039ac9","rootTurnId":"00205243-fe27-4da3-bca2-e27721039ac9"}
{"timestamp":"2026-08-24T08:01:02.592Z","level":"info","message":"[Steering] Populating steering for execution 00205243-fe27-4da3-bca2-e27721039ac9","conversationId":"sess_2157ab68-9c2a-49f4-a4c7-b0cbcad4c0d2","turnId":"00205243-fe27-4da3-bca2-e27721039ac9","rootTurnId":"00205243-fe27-4da3-bca2-e27721039ac9"}
{"timestamp":"2026-08-24T08:01:02.592Z","level":"info","message":"[Steering] ExistingFiles:  in 00205243-fe27-4da3-bca2-e27721039ac9","conversationId":"sess_2157ab68-9c2a-49f4-a4c7-b0cbcad4c0d2","turnId":"00205243-fe27-4da3-bca2-e27721039ac9","rootTurnId":"00205243-fe27-4da3-bca2-e27721039ac9"}
{"timestamp":"2026-08-24T08:01:02.593Z","level":"info","message":"[q-developer-converse] Sending GenerateAssistantResponse modelId=auto agentMode=vibe origin=AI_EDITOR streaming=true conversationId=sess_2157ab68-9c2a-49f4-a4c7-b0cbcad4c0d2","conversationId":"sess_2157ab68-9c2a-49f4-a4c7-b0cbcad4c0d2","turnId":"00205243-fe27-4da3-bca2-e27721039ac9","rootTurnId":"00205243-fe27-4da3-bca2-e27721039ac9"}
{"timestamp":"2026-08-24T08:01:02.594Z","level":"info","message":"[q-developer-converse] Request payload: 103641 chars, 20 history messages, conversationId=sess_2157ab68-9c2a-49f4-a4c7-b0cbcad4c0d2","conversationId":"sess_2157ab68-9c2a-49f4-a4c7-b0cbcad4c0d2","turnId":"00205243-fe27-4da3-bca2-e27721039ac9","rootTurnId":"00205243-fe27-4da3-bca2-e27721039ac9"}
{"timestamp":"2026-08-24T08:01:02.601Z","level":"info","message":"fs.appendMessages.ok {\"system\":\"fs\",\"sessionId\":\"sess_2157ab68-9c2a-49f4-a4c7-b0cbcad4c0d2\",\"messageCount\":2,\"durationMs\":13}","conversationId":"sess_2157ab68-9c2a-49f4-a4c7-b0cbcad4c0d2","turnId":"00205243-fe27-4da3-bca2-e27721039ac9","rootTurnId":"00205243-fe27-4da3-bca2-e27721039ac9"}
{"timestamp":"2026-08-24T08:01:05.699Z","level":"info","message":"[AgentIterator] Synchronizing results","conversationId":"sess_2157ab68-9c2a-49f4-a4c7-b0cbcad4c0d2","turnId":"00205243-fe27-4da3-bca2-e27721039ac9","rootTurnId":"00205243-fe27-4da3-bca2-e27721039ac9"}
{"timestamp":"2026-08-24T08:01:05.699Z","level":"info","message":"[AgentIterator] Processing intent detection result","conversationId":"sess_2157ab68-9c2a-49f4-a4c7-b0cbcad4c0d2","turnId":"00205243-fe27-4da3-bca2-e27721039ac9","rootTurnId":"00205243-fe27-4da3-bca2-e27721039ac9"}
{"timestamp":"2026-08-24T08:01:05.700Z","level":"info","message":"[ChatAgent] Processing model response stream","conversationId":"sess_2157ab68-9c2a-49f4-a4c7-b0cbcad4c0d2","turnId":"00205243-fe27-4da3-bca2-e27721039ac9","rootTurnId":"00205243-fe27-4da3-bca2-e27721039ac9"}
{"timestamp":"2026-08-24T08:01:05.700Z","level":"info","message":"[Steering] Populating steering for execution 00205243-fe27-4da3-bca2-e27721039ac9","conversationId":"sess_2157ab68-9c2a-49f4-a4c7-b0cbcad4c0d2","turnId":"00205243-fe27-4da3-bca2-e27721039ac9","rootTurnId":"00205243-fe27-4da3-bca2-e27721039ac9"}
{"timestamp":"2026-08-24T08:01:05.700Z","level":"info","message":"[Steering] ExistingFiles:  in 00205243-fe27-4da3-bca2-e27721039ac9","conversationId":"sess_2157ab68-9c2a-49f4-a4c7-b0cbcad4c0d2","turnId":"00205243-fe27-4da3-bca2-e27721039ac9","rootTurnId":"00205243-fe27-4da3-bca2-e27721039ac9"}
{"timestamp":"2026-08-24T08:01:06.251Z","level":"info","message":"fs.appendMessages.ok {\"system\":\"fs\",\"sessionId\":\"sess_2157ab68-9c2a-49f4-a4c7-b0cbcad4c0d2\",\"messageCount\":1,\"durationMs\":2}","conversationId":"sess_2157ab68-9c2a-49f4-a4c7-b0cbcad4c0d2","turnId":"00205243-fe27-4da3-bca2-e27721039ac9","rootTurnId":"00205243-fe27-4da3-bca2-e27721039ac9"}
{"timestamp":"2026-08-24T08:01:07.037Z","level":"info","message":"[ACPEventAdapter] Execution yielded {\"executionId\":\"00205243-fe27-4da3-bca2-e27721039ac9\"}","conversationId":"sess_2157ab68-9c2a-49f4-a4c7-b0cbcad4c0d2","turnId":"00205243-fe27-4da3-bca2-e27721039ac9","rootTurnId":"00205243-fe27-4da3-bca2-e27721039ac9"}
{"timestamp":"2026-08-24T08:01:07.038Z","level":"info","message":"acp.policy-eval.complete {\"toolId\":\"run_command\",\"effect\":\"ask\"}","conversationId":"sess_2157ab68-9c2a-49f4-a4c7-b0cbcad4c0d2","turnId":"00205243-fe27-4da3-bca2-e27721039ac9","rootTurnId":"00205243-fe27-4da3-bca2-e27721039ac9"}
{"timestamp":"2026-08-24T08:01:07.047Z","level":"info","message":"[ACP ToolApproval] Requesting permission for toolId=run_command, operationId=run_command_tooluse_yWpLXEL0koCo3MCiFcJqIm, sessionId=sess_2157ab68-9c2a-49f4-a4c7-b0cbcad4c0d2","conversationId":"sess_2157ab68-9c2a-49f4-a4c7-b0cbcad4c0d2","turnId":"00205243-fe27-4da3-bca2-e27721039ac9","rootTurnId":"00205243-fe27-4da3-bca2-e27721039ac9"}
{"timestamp":"2026-08-24T08:01:07.051Z","level":"info","message":"fs.appendMessages.ok {\"system\":\"fs\",\"sessionId\":\"sess_2157ab68-9c2a-49f4-a4c7-b0cbcad4c0d2\",\"messageCount\":1,\"durationMs\":3}","conversationId":"sess_2157ab68-9c2a-49f4-a4c7-b0cbcad4c0d2","turnId":"00205243-fe27-4da3-bca2-e27721039ac9","rootTurnId":"00205243-fe27-4da3-bca2-e27721039ac9"}
{"timestamp":"2026-08-24T08:01:07.413Z","level":"info","message":"fs.appendMessages.ok {\"system\":\"fs\",\"sessionId\":\"sess_2157ab68-9c2a-49f4-a4c7-b0cbcad4c0d2\",\"messageCount\":1,\"durationMs\":3}","conversationId":"sess_2157ab68-9c2a-49f4-a4c7-b0cbcad4c0d2","turnId":"00205243-fe27-4da3-bca2-e27721039ac9","rootTurnId":"00205243-fe27-4da3-bca2-e27721039ac9"}
{"timestamp":"2026-08-24T08:01:07.420Z","level":"info","message":"fs.appendMessages.ok {\"system\":\"fs\",\"sessionId\":\"sess_2157ab68-9c2a-49f4-a4c7-b0cbcad4c0d2\",\"messageCount\":1,\"durationMs\":6}","conversationId":"sess_2157ab68-9c2a-49f4-a4c7-b0cbcad4c0d2","turnId":"00205243-fe27-4da3-bca2-e27721039ac9","rootTurnId":"00205243-fe27-4da3-bca2-e27721039ac9"}
{"timestamp":"2026-08-24T08:03:15.486Z","level":"info","message":"fs.appendMessages.ok {\"system\":\"fs\",\"sessionId\":\"sess_2157ab68-9c2a-49f4-a4c7-b0cbcad4c0d2\",\"messageCount\":1,\"durationMs\":2}","conversationId":"sess_2157ab68-9c2a-49f4-a4c7-b0cbcad4c0d2","turnId":"00205243-fe27-4da3-bca2-e27721039ac9","rootTurnId":"00205243-fe27-4da3-bca2-e27721039ac9"}
{"timestamp":"2026-08-24T08:03:15.487Z","level":"info","message":"[ACP ToolApproval] Got response: {\"optionId\":\"always-accept\",\"outcome\":\"selected\"}","conversationId":"sess_2157ab68-9c2a-49f4-a4c7-b0cbcad4c0d2","turnId":"00205243-fe27-4da3-bca2-e27721039ac9","rootTurnId":"00205243-fe27-4da3-bca2-e27721039ac9"}
{"timestamp":"2026-08-24T08:03:15.695Z","level":"info","message":"[PolicySession] rebuild() complete: 18 rules parsed, engineActive=true, fatal=false","conversationId":"sess_2157ab68-9c2a-49f4-a4c7-b0cbcad4c0d2","turnId":"00205243-fe27-4da3-bca2-e27721039ac9","rootTurnId":"00205243-fe27-4da3-bca2-e27721039ac9"}
{"timestamp":"2026-08-24T08:03:15.695Z","level":"info","message":"[PolicySession] Persisted allow rule for shell matching \"cmd /c \"echo y | npm create vite@latest regen -- --template react-ts\"\" at scope=workspace","conversationId":"sess_2157ab68-9c2a-49f4-a4c7-b0cbcad4c0d2","turnId":"00205243-fe27-4da3-bca2-e27721039ac9","rootTurnId":"00205243-fe27-4da3-bca2-e27721039ac9"}
{"timestamp":"2026-08-24T08:03:15.699Z","level":"info","message":"[ACPEventAdapter] Execution resumed {\"executionId\":\"00205243-fe27-4da3-bca2-e27721039ac9\"}","conversationId":"sess_2157ab68-9c2a-49f4-a4c7-b0cbcad4c0d2","turnId":"00205243-fe27-4da3-bca2-e27721039ac9","rootTurnId":"00205243-fe27-4da3-bca2-e27721039ac9"}
{"timestamp":"2026-08-24T08:03:15.699Z","level":"info","message":"acp.policy-eval.complete {\"toolId\":\"list_directory\",\"effect\":\"allow\",\"capability\":\"fs_read\"}","conversationId":"sess_2157ab68-9c2a-49f4-a4c7-b0cbcad4c0d2","turnId":"00205243-fe27-4da3-bca2-e27721039ac9","rootTurnId":"00205243-fe27-4da3-bca2-e27721039ac9"}
{"timestamp":"2026-08-24T08:03:22.124Z","level":"info","message":"[AgentIterator] Parallel invoking agent","conversationId":"sess_2157ab68-9c2a-49f4-a4c7-b0cbcad4c0d2","turnId":"00205243-fe27-4da3-bca2-e27721039ac9","rootTurnId":"00205243-fe27-4da3-bca2-e27721039ac9"}
{"timestamp":"2026-08-24T08:03:22.124Z","level":"info","message":"[Steering] Populating steering for execution 00205243-fe27-4da3-bca2-e27721039ac9","conversationId":"sess_2157ab68-9c2a-49f4-a4c7-b0cbcad4c0d2","turnId":"00205243-fe27-4da3-bca2-e27721039ac9","rootTurnId":"00205243-fe27-4da3-bca2-e27721039ac9"}
{"timestamp":"2026-08-24T08:03:22.124Z","level":"info","message":"[Steering] ExistingFiles:  in 00205243-fe27-4da3-bca2-e27721039ac9","conversationId":"sess_2157ab68-9c2a-49f4-a4c7-b0cbcad4c0d2","turnId":"00205243-fe27-4da3-bca2-e27721039ac9","rootTurnId":"00205243-fe27-4da3-bca2-e27721039ac9"}
{"timestamp":"2026-08-24T08:03:22.126Z","level":"info","message":"[q-developer-converse] Sending GenerateAssistantResponse modelId=auto agentMode=vibe origin=AI_EDITOR streaming=true conversationId=sess_2157ab68-9c2a-49f4-a4c7-b0cbcad4c0d2","conversationId":"sess_2157ab68-9c2a-49f4-a4c7-b0cbcad4c0d2","turnId":"00205243-fe27-4da3-bca2-e27721039ac9","rootTurnId":"00205243-fe27-4da3-bca2-e27721039ac9"}
{"timestamp":"2026-08-24T08:03:22.126Z","level":"info","message":"[q-developer-converse] Request payload: 104833 chars, 22 history messages, conversationId=sess_2157ab68-9c2a-49f4-a4c7-b0cbcad4c0d2","conversationId":"sess_2157ab68-9c2a-49f4-a4c7-b0cbcad4c0d2","turnId":"00205243-fe27-4da3-bca2-e27721039ac9","rootTurnId":"00205243-fe27-4da3-bca2-e27721039ac9"}
{"timestamp":"2026-08-24T08:03:22.135Z","level":"info","message":"fs.appendMessages.ok {\"system\":\"fs\",\"sessionId\":\"sess_2157ab68-9c2a-49f4-a4c7-b0cbcad4c0d2\",\"messageCount\":2,\"durationMs\":16}","conversationId":"sess_2157ab68-9c2a-49f4-a4c7-b0cbcad4c0d2","turnId":"00205243-fe27-4da3-bca2-e27721039ac9","rootTurnId":"00205243-fe27-4da3-bca2-e27721039ac9"}
{"timestamp":"2026-08-24T08:03:25.050Z","level":"info","message":"[AgentIterator] Synchronizing results","conversationId":"sess_2157ab68-9c2a-49f4-a4c7-b0cbcad4c0d2","turnId":"00205243-fe27-4da3-bca2-e27721039ac9","rootTurnId":"00205243-fe27-4da3-bca2-e27721039ac9"}
{"timestamp":"2026-08-24T08:03:25.050Z","level":"info","message":"[AgentIterator] Processing intent detection result","conversationId":"sess_2157ab68-9c2a-49f4-a4c7-b0cbcad4c0d2","turnId":"00205243-fe27-4da3-bca2-e27721039ac9","rootTurnId":"00205243-fe27-4da3-bca2-e27721039ac9"}
{"timestamp":"2026-08-24T08:03:25.051Z","level":"info","message":"[ChatAgent] Processing model response stream","conversationId":"sess_2157ab68-9c2a-49f4-a4c7-b0cbcad4c0d2","turnId":"00205243-fe27-4da3-bca2-e27721039ac9","rootTurnId":"00205243-fe27-4da3-bca2-e27721039ac9"}
{"timestamp":"2026-08-24T08:03:25.051Z","level":"info","message":"[Steering] Populating steering for execution 00205243-fe27-4da3-bca2-e27721039ac9","conversationId":"sess_2157ab68-9c2a-49f4-a4c7-b0cbcad4c0d2","turnId":"00205243-fe27-4da3-bca2-e27721039ac9","rootTurnId":"00205243-fe27-4da3-bca2-e27721039ac9"}
{"timestamp":"2026-08-24T08:03:25.051Z","level":"info","message":"[Steering] ExistingFiles:  in 00205243-fe27-4da3-bca2-e27721039ac9","conversationId":"sess_2157ab68-9c2a-49f4-a4c7-b0cbcad4c0d2","turnId":"00205243-fe27-4da3-bca2-e27721039ac9","rootTurnId":"00205243-fe27-4da3-bca2-e27721039ac9"}
{"timestamp":"2026-08-24T08:03:25.942Z","level":"info","message":"fs.appendMessages.ok {\"system\":\"fs\",\"sessionId\":\"sess_2157ab68-9c2a-49f4-a4c7-b0cbcad4c0d2\",\"messageCount\":1,\"durationMs\":2}","conversationId":"sess_2157ab68-9c2a-49f4-a4c7-b0cbcad4c0d2","turnId":"00205243-fe27-4da3-bca2-e27721039ac9","rootTurnId":"00205243-fe27-4da3-bca2-e27721039ac9"}
{"timestamp":"2026-08-24T08:03:26.523Z","level":"info","message":"[ACPEventAdapter] Execution yielded {\"executionId\":\"00205243-fe27-4da3-bca2-e27721039ac9\"}","conversationId":"sess_2157ab68-9c2a-49f4-a4c7-b0cbcad4c0d2","turnId":"00205243-fe27-4da3-bca2-e27721039ac9","rootTurnId":"00205243-fe27-4da3-bca2-e27721039ac9"}
{"timestamp":"2026-08-24T08:03:26.524Z","level":"info","message":"acp.policy-eval.complete {\"toolId\":\"run_command\",\"effect\":\"ask\"}","conversationId":"sess_2157ab68-9c2a-49f4-a4c7-b0cbcad4c0d2","turnId":"00205243-fe27-4da3-bca2-e27721039ac9","rootTurnId":"00205243-fe27-4da3-bca2-e27721039ac9"}
{"timestamp":"2026-08-24T08:03:26.533Z","level":"info","message":"[ACP ToolApproval] Requesting permission for toolId=run_command, operationId=run_command_tooluse_HSYWd4oD8aQBEByLRntz4L, sessionId=sess_2157ab68-9c2a-49f4-a4c7-b0cbcad4c0d2","conversationId":"sess_2157ab68-9c2a-49f4-a4c7-b0cbcad4c0d2","turnId":"00205243-fe27-4da3-bca2-e27721039ac9","rootTurnId":"00205243-fe27-4da3-bca2-e27721039ac9"}
{"timestamp":"2026-08-24T08:03:26.535Z","level":"info","message":"fs.appendMessages.ok {\"system\":\"fs\",\"sessionId\":\"sess_2157ab68-9c2a-49f4-a4c7-b0cbcad4c0d2\",\"messageCount\":1,\"durationMs\":3}","conversationId":"sess_2157ab68-9c2a-49f4-a4c7-b0cbcad4c0d2","turnId":"00205243-fe27-4da3-bca2-e27721039ac9","rootTurnId":"00205243-fe27-4da3-bca2-e27721039ac9"}
{"timestamp":"2026-08-24T08:03:26.807Z","level":"info","message":"fs.appendMessages.ok {\"system\":\"fs\",\"sessionId\":\"sess_2157ab68-9c2a-49f4-a4c7-b0cbcad4c0d2\",\"messageCount\":1,\"durationMs\":3}","conversationId":"sess_2157ab68-9c2a-49f4-a4c7-b0cbcad4c0d2","turnId":"00205243-fe27-4da3-bca2-e27721039ac9","rootTurnId":"00205243-fe27-4da3-bca2-e27721039ac9"}
{"timestamp":"2026-08-24T08:03:26.814Z","level":"info","message":"fs.appendMessages.ok {\"system\":\"fs\",\"sessionId\":\"sess_2157ab68-9c2a-49f4-a4c7-b0cbcad4c0d2\",\"messageCount\":1,\"durationMs\":7}","conversationId":"sess_2157ab68-9c2a-49f4-a4c7-b0cbcad4c0d2","turnId":"00205243-fe27-4da3-bca2-e27721039ac9","rootTurnId":"00205243-fe27-4da3-bca2-e27721039ac9"}
{"timestamp":"2026-08-24T08:03:33.910Z","level":"info","message":"fs.appendMessages.ok {\"system\":\"fs\",\"sessionId\":\"sess_2157ab68-9c2a-49f4-a4c7-b0cbcad4c0d2\",\"messageCount\":1,\"durationMs\":1}","conversationId":"sess_2157ab68-9c2a-49f4-a4c7-b0cbcad4c0d2","turnId":"00205243-fe27-4da3-bca2-e27721039ac9","rootTurnId":"00205243-fe27-4da3-bca2-e27721039ac9"}
{"timestamp":"2026-08-24T08:03:33.910Z","level":"info","message":"[ACP ToolApproval] Got response: {\"optionId\":\"always-accept\",\"outcome\":\"selected\"}","conversationId":"sess_2157ab68-9c2a-49f4-a4c7-b0cbcad4c0d2","turnId":"00205243-fe27-4da3-bca2-e27721039ac9","rootTurnId":"00205243-fe27-4da3-bca2-e27721039ac9"}
{"timestamp":"2026-08-24T08:03:34.109Z","level":"info","message":"[PolicySession] rebuild() complete: 18 rules parsed, engineActive=true, fatal=false","conversationId":"sess_2157ab68-9c2a-49f4-a4c7-b0cbcad4c0d2","turnId":"00205243-fe27-4da3-bca2-e27721039ac9","rootTurnId":"00205243-fe27-4da3-bca2-e27721039ac9"}
{"timestamp":"2026-08-24T08:03:34.109Z","level":"info","message":"[PolicySession] Persisted allow rule for shell matching \"cmd /c \"cd /d C:\\Users\\Student\\.kiro\\regen && npm install\"\" at scope=workspace","conversationId":"sess_2157ab68-9c2a-49f4-a4c7-b0cbcad4c0d2","turnId":"00205243-fe27-4da3-bca2-e27721039ac9","rootTurnId":"00205243-fe27-4da3-bca2-e27721039ac9"}
{"timestamp":"2026-08-24T08:03:34.113Z","level":"info","message":"[ACPEventAdapter] Execution resumed {\"executionId\":\"00205243-fe27-4da3-bca2-e27721039ac9\"}","conversationId":"sess_2157ab68-9c2a-49f4-a4c7-b0cbcad4c0d2","turnId":"00205243-fe27-4da3-bca2-e27721039ac9","rootTurnId":"00205243-fe27-4da3-bca2-e27721039ac9"}
{"timestamp":"2026-08-24T08:03:44.178Z","level":"info","message":"[AgentIterator] Parallel invoking agent","conversationId":"sess_2157ab68-9c2a-49f4-a4c7-b0cbcad4c0d2","turnId":"00205243-fe27-4da3-bca2-e27721039ac9","rootTurnId":"00205243-fe27-4da3-bca2-e27721039ac9"}
{"timestamp":"2026-08-24T08:03:44.178Z","level":"info","message":"[Steering] Populating steering for execution 00205243-fe27-4da3-bca2-e27721039ac9","conversationId":"sess_2157ab68-9c2a-49f4-a4c7-b0cbcad4c0d2","turnId":"00205243-fe27-4da3-bca2-e27721039ac9","rootTurnId":"00205243-fe27-4da3-bca2-e27721039ac9"}
{"timestamp":"2026-08-24T08:03:44.178Z","level":"info","message":"[Steering] ExistingFiles:  in 00205243-fe27-4da3-bca2-e27721039ac9","conversationId":"sess_2157ab68-9c2a-49f4-a4c7-b0cbcad4c0d2","turnId":"00205243-fe27-4da3-bca2-e27721039ac9","rootTurnId":"00205243-fe27-4da3-bca2-e27721039ac9"}
{"timestamp":"2026-08-24T08:03:44.180Z","level":"info","message":"[q-developer-converse] Sending GenerateAssistantResponse modelId=auto agentMode=vibe origin=AI_EDITOR streaming=true conversationId=sess_2157ab68-9c2a-49f4-a4c7-b0cbcad4c0d2","conversationId":"sess_2157ab68-9c2a-49f4-a4c7-b0cbcad4c0d2","turnId":"00205243-fe27-4da3-bca2-e27721039ac9","rootTurnId":"00205243-fe27-4da3-bca2-e27721039ac9"}
{"timestamp":"2026-08-24T08:03:44.180Z","level":"info","message":"[q-developer-converse] Request payload: 105926 chars, 24 history messages, conversationId=sess_2157ab68-9c2a-49f4-a4c7-b0cbcad4c0d2","conversationId":"sess_2157ab68-9c2a-49f4-a4c7-b0cbcad4c0d2","turnId":"00205243-fe27-4da3-bca2-e27721039ac9","rootTurnId":"00205243-fe27-4da3-bca2-e27721039ac9"}
{"timestamp":"2026-08-24T08:03:44.187Z","level":"info","message":"fs.appendMessages.ok {\"system\":\"fs\",\"sessionId\":\"sess_2157ab68-9c2a-49f4-a4c7-b0cbcad4c0d2\",\"messageCount\":2,\"durationMs\":13}","conversationId":"sess_2157ab68-9c2a-49f4-a4c7-b0cbcad4c0d2","turnId":"00205243-fe27-4da3-bca2-e27721039ac9","rootTurnId":"00205243-fe27-4da3-bca2-e27721039ac9"}
{"timestamp":"2026-08-24T08:03:47.502Z","level":"info","message":"[AgentIterator] Synchronizing results","conversationId":"sess_2157ab68-9c2a-49f4-a4c7-b0cbcad4c0d2","turnId":"00205243-fe27-4da3-bca2-e27721039ac9","rootTurnId":"00205243-fe27-4da3-bca2-e27721039ac9"}
{"timestamp":"2026-08-24T08:03:47.502Z","level":"info","message":"[AgentIterator] Processing intent detection result","conversationId":"sess_2157ab68-9c2a-49f4-a4c7-b0cbcad4c0d2","turnId":"00205243-fe27-4da3-bca2-e27721039ac9","rootTurnId":"00205243-fe27-4da3-bca2-e27721039ac9"}
{"timestamp":"2026-08-24T08:03:47.503Z","level":"info","message":"[ChatAgent] Processing model response stream","conversationId":"sess_2157ab68-9c2a-49f4-a4c7-b0cbcad4c0d2","turnId":"00205243-fe27-4da3-bca2-e27721039ac9","rootTurnId":"00205243-fe27-4da3-bca2-e27721039ac9"}
{"timestamp":"2026-08-24T08:03:47.503Z","level":"info","message":"[Steering] Populating steering for execution 00205243-fe27-4da3-bca2-e27721039ac9","conversationId":"sess_2157ab68-9c2a-49f4-a4c7-b0cbcad4c0d2","turnId":"00205243-fe27-4da3-bca2-e27721039ac9","rootTurnId":"00205243-fe27-4da3-bca2-e27721039ac9"}
{"timestamp":"2026-08-24T08:03:47.503Z","level":"info","message":"[Steering] ExistingFiles:  in 00205243-fe27-4da3-bca2-e27721039ac9","conversationId":"sess_2157ab68-9c2a-49f4-a4c7-b0cbcad4c0d2","turnId":"00205243-fe27-4da3-bca2-e27721039ac9","rootTurnId":"00205243-fe27-4da3-bca2-e27721039ac9"}
{"timestamp":"2026-08-24T08:03:48.390Z","level":"info","message":"[ACPEventAdapter] Execution yielded {\"executionId\":\"00205243-fe27-4da3-bca2-e27721039ac9\"}","conversationId":"sess_2157ab68-9c2a-49f4-a4c7-b0cbcad4c0d2","turnId":"00205243-fe27-4da3-bca2-e27721039ac9","rootTurnId":"00205243-fe27-4da3-bca2-e27721039ac9"}
{"timestamp":"2026-08-24T08:03:48.391Z","level":"info","message":"acp.policy-eval.complete {\"toolId\":\"run_command\",\"effect\":\"ask\"}","conversationId":"sess_2157ab68-9c2a-49f4-a4c7-b0cbcad4c0d2","turnId":"00205243-fe27-4da3-bca2-e27721039ac9","rootTurnId":"00205243-fe27-4da3-bca2-e27721039ac9"}
{"timestamp":"2026-08-24T08:03:48.400Z","level":"info","message":"[ACP ToolApproval] Requesting permission for toolId=run_command, operationId=run_command_tooluse_C44huWTif9sQpMSqz6g17O, sessionId=sess_2157ab68-9c2a-49f4-a4c7-b0cbcad4c0d2","conversationId":"sess_2157ab68-9c2a-49f4-a4c7-b0cbcad4c0d2","turnId":"00205243-fe27-4da3-bca2-e27721039ac9","rootTurnId":"00205243-fe27-4da3-bca2-e27721039ac9"}
{"timestamp":"2026-08-24T08:03:48.403Z","level":"info","message":"fs.appendMessages.ok {\"system\":\"fs\",\"sessionId\":\"sess_2157ab68-9c2a-49f4-a4c7-b0cbcad4c0d2\",\"messageCount\":1,\"durationMs\":3}","conversationId":"sess_2157ab68-9c2a-49f4-a4c7-b0cbcad4c0d2","turnId":"00205243-fe27-4da3-bca2-e27721039ac9","rootTurnId":"00205243-fe27-4da3-bca2-e27721039ac9"}
{"timestamp":"2026-08-24T08:03:48.705Z","level":"info","message":"fs.appendMessages.ok {\"system\":\"fs\",\"sessionId\":\"sess_2157ab68-9c2a-49f4-a4c7-b0cbcad4c0d2\",\"messageCount\":1,\"durationMs\":4}","conversationId":"sess_2157ab68-9c2a-49f4-a4c7-b0cbcad4c0d2","turnId":"00205243-fe27-4da3-bca2-e27721039ac9","rootTurnId":"00205243-fe27-4da3-bca2-e27721039ac9"}
{"timestamp":"2026-08-24T08:03:48.713Z","level":"info","message":"fs.appendMessages.ok {\"system\":\"fs\",\"sessionId\":\"sess_2157ab68-9c2a-49f4-a4c7-b0cbcad4c0d2\",\"messageCount\":1,\"durationMs\":8}","conversationId":"sess_2157ab68-9c2a-49f4-a4c7-b0cbcad4c0d2","turnId":"00205243-fe27-4da3-bca2-e27721039ac9","rootTurnId":"00205243-fe27-4da3-bca2-e27721039ac9"}
{"timestamp":"2026-08-24T08:03:53.630Z","level":"info","message":"fs.appendMessages.ok {\"system\":\"fs\",\"sessionId\":\"sess_2157ab68-9c2a-49f4-a4c7-b0cbcad4c0d2\",\"messageCount\":1,\"durationMs\":2}","conversationId":"sess_2157ab68-9c2a-49f4-a4c7-b0cbcad4c0d2","turnId":"00205243-fe27-4da3-bca2-e27721039ac9","rootTurnId":"00205243-fe27-4da3-bca2-e27721039ac9"}
{"timestamp":"2026-08-24T08:03:53.630Z","level":"info","message":"[ACP ToolApproval] Got response: {\"optionId\":\"always-accept\",\"outcome\":\"selected\"}","conversationId":"sess_2157ab68-9c2a-49f4-a4c7-b0cbcad4c0d2","turnId":"00205243-fe27-4da3-bca2-e27721039ac9","rootTurnId":"00205243-fe27-4da3-bca2-e27721039ac9"}
{"timestamp":"2026-08-24T08:03:53.836Z","level":"info","message":"[PolicySession] rebuild() complete: 18 rules parsed, engineActive=true, fatal=false","conversationId":"sess_2157ab68-9c2a-49f4-a4c7-b0cbcad4c0d2","turnId":"00205243-fe27-4da3-bca2-e27721039ac9","rootTurnId":"00205243-fe27-4da3-bca2-e27721039ac9"}
{"timestamp":"2026-08-24T08:03:53.836Z","level":"info","message":"[PolicySession] Persisted allow rule for shell matching \"cmd /c \"cd /d C:\\Users\\Student\\.kiro\\regen && npm install @supabase/supabase-js react-router-dom recharts lucide-react date-fns\"\" at scope=workspace","conversationId":"sess_2157ab68-9c2a-49f4-a4c7-b0cbcad4c0d2","turnId":"00205243-fe27-4da3-bca2-e27721039ac9","rootTurnId":"00205243-fe27-4da3-bca2-e27721039ac9"}
{"timestamp":"2026-08-24T08:03:53.840Z","level":"info","message":"[ACPEventAdapter] Execution resumed {\"executionId\":\"00205243-fe27-4da3-bca2-e27721039ac9\"}","conversationId":"sess_2157ab68-9c2a-49f4-a4c7-b0cbcad4c0d2","turnId":"00205243-fe27-4da3-bca2-e27721039ac9","rootTurnId":"00205243-fe27-4da3-bca2-e27721039ac9"}
{"timestamp":"2026-08-24T08:04:02.040Z","level":"info","message":"[AgentIterator] Parallel invoking agent","conversationId":"sess_2157ab68-9c2a-49f4-a4c7-b0cbcad4c0d2","turnId":"00205243-fe27-4da3-bca2-e27721039ac9","rootTurnId":"00205243-fe27-4da3-bca2-e27721039ac9"}
{"timestamp":"2026-08-24T08:04:02.040Z","level":"info","message":"[Steering] Populating steering for execution 00205243-fe27-4da3-bca2-e27721039ac9","conversationId":"sess_2157ab68-9c2a-49f4-a4c7-b0cbcad4c0d2","turnId":"00205243-fe27-4da3-bca2-e27721039ac9","rootTurnId":"00205243-fe27-4da3-bca2-e27721039ac9"}
{"timestamp":"2026-08-24T08:04:02.040Z","level":"info","message":"[Steering] ExistingFiles:  in 00205243-fe27-4da3-bca2-e27721039ac9","conversationId":"sess_2157ab68-9c2a-49f4-a4c7-b0cbcad4c0d2","turnId":"00205243-fe27-4da3-bca2-e27721039ac9","rootTurnId":"00205243-fe27-4da3-bca2-e27721039ac9"}
{"timestamp":"2026-08-24T08:04:02.042Z","level":"info","message":"[q-developer-converse] Sending GenerateAssistantResponse modelId=auto agentMode=vibe origin=AI_EDITOR streaming=true conversationId=sess_2157ab68-9c2a-49f4-a4c7-b0cbcad4c0d2","conversationId":"sess_2157ab68-9c2a-49f4-a4c7-b0cbcad4c0d2","turnId":"00205243-fe27-4da3-bca2-e27721039ac9","rootTurnId":"00205243-fe27-4da3-bca2-e27721039ac9"}
{"timestamp":"2026-08-24T08:04:02.042Z","level":"info","message":"[q-developer-converse] Request payload: 107040 chars, 26 history messages, conversationId=sess_2157ab68-9c2a-49f4-a4c7-b0cbcad4c0d2","conversationId":"sess_2157ab68-9c2a-49f4-a4c7-b0cbcad4c0d2","turnId":"00205243-fe27-4da3-bca2-e27721039ac9","rootTurnId":"00205243-fe27-4da3-bca2-e27721039ac9"}
{"timestamp":"2026-08-24T08:04:02.050Z","level":"info","message":"fs.appendMessages.ok {\"system\":\"fs\",\"sessionId\":\"sess_2157ab68-9c2a-49f4-a4c7-b0cbcad4c0d2\",\"messageCount\":2,\"durationMs\":14}","conversationId":"sess_2157ab68-9c2a-49f4-a4c7-b0cbcad4c0d2","turnId":"00205243-fe27-4da3-bca2-e27721039ac9","rootTurnId":"00205243-fe27-4da3-bca2-e27721039ac9"}
{"timestamp":"2026-08-24T08:04:05.184Z","level":"info","message":"[AgentIterator] Synchronizing results","conversationId":"sess_2157ab68-9c2a-49f4-a4c7-b0cbcad4c0d2","turnId":"00205243-fe27-4da3-bca2-e27721039ac9","rootTurnId":"00205243-fe27-4da3-bca2-e27721039ac9"}
{"timestamp":"2026-08-24T08:04:05.184Z","level":"info","message":"[AgentIterator] Processing intent detection result","conversationId":"sess_2157ab68-9c2a-49f4-a4c7-b0cbcad4c0d2","turnId":"00205243-fe27-4da3-bca2-e27721039ac9","rootTurnId":"00205243-fe27-4da3-bca2-e27721039ac9"}
{"timestamp":"2026-08-24T08:04:05.185Z","level":"info","message":"[ChatAgent] Processing model response stream","conversationId":"sess_2157ab68-9c2a-49f4-a4c7-b0cbcad4c0d2","turnId":"00205243-fe27-4da3-bca2-e27721039ac9","rootTurnId":"00205243-fe27-4da3-bca2-e27721039ac9"}
{"timestamp":"2026-08-24T08:04:05.185Z","level":"info","message":"[Steering] Populating steering for execution 00205243-fe27-4da3-bca2-e27721039ac9","conversationId":"sess_2157ab68-9c2a-49f4-a4c7-b0cbcad4c0d2","turnId":"00205243-fe27-4da3-bca2-e27721039ac9","rootTurnId":"00205243-fe27-4da3-bca2-e27721039ac9"}
{"timestamp":"2026-08-24T08:04:05.185Z","level":"info","message":"[Steering] ExistingFiles:  in 00205243-fe27-4da3-bca2-e27721039ac9","conversationId":"sess_2157ab68-9c2a-49f4-a4c7-b0cbcad4c0d2","turnId":"00205243-fe27-4da3-bca2-e27721039ac9","rootTurnId":"00205243-fe27-4da3-bca2-e27721039ac9"}
{"timestamp":"2026-08-24T08:04:06.667Z","level":"info","message":"[ACPEventAdapter] Execution yielded {\"executionId\":\"00205243-fe27-4da3-bca2-e27721039ac9\"}","conversationId":"sess_2157ab68-9c2a-49f4-a4c7-b0cbcad4c0d2","turnId":"00205243-fe27-4da3-bca2-e27721039ac9","rootTurnId":"00205243-fe27-4da3-bca2-e27721039ac9"}
{"timestamp":"2026-08-24T08:04:06.668Z","level":"info","message":"acp.policy-eval.complete {\"toolId\":\"run_command\",\"effect\":\"ask\"}","conversationId":"sess_2157ab68-9c2a-49f4-a4c7-b0cbcad4c0d2","turnId":"00205243-fe27-4da3-bca2-e27721039ac9","rootTurnId":"00205243-fe27-4da3-bca2-e27721039ac9"}
{"timestamp":"2026-08-24T08:04:06.677Z","level":"info","message":"[ACP ToolApproval] Requesting permission for toolId=run_command, operationId=run_command_tooluse_3VRd7lvgLpQ9n0IPad6htQ, sessionId=sess_2157ab68-9c2a-49f4-a4c7-b0cbcad4c0d2","conversationId":"sess_2157ab68-9c2a-49f4-a4c7-b0cbcad4c0d2","turnId":"00205243-fe27-4da3-bca2-e27721039ac9","rootTurnId":"00205243-fe27-4da3-bca2-e27721039ac9"}
{"timestamp":"2026-08-24T08:04:06.679Z","level":"info","message":"fs.appendMessages.ok {\"system\":\"fs\",\"sessionId\":\"sess_2157ab68-9c2a-49f4-a4c7-b0cbcad4c0d2\",\"messageCount\":1,\"durationMs\":2}","conversationId":"sess_2157ab68-9c2a-49f4-a4c7-b0cbcad4c0d2","turnId":"00205243-fe27-4da3-bca2-e27721039ac9","rootTurnId":"00205243-fe27-4da3-bca2-e27721039ac9"}
{"timestamp":"2026-08-24T08:04:06.936Z","level":"info","message":"fs.appendMessages.ok {\"system\":\"fs\",\"sessionId\":\"sess_2157ab68-9c2a-49f4-a4c7-b0cbcad4c0d2\",\"messageCount\":1,\"durationMs\":3}","conversationId":"sess_2157ab68-9c2a-49f4-a4c7-b0cbcad4c0d2","turnId":"00205243-fe27-4da3-bca2-e27721039ac9","rootTurnId":"00205243-fe27-4da3-bca2-e27721039ac9"}
{"timestamp":"2026-08-24T08:04:06.944Z","level":"info","message":"fs.appendMessages.ok {\"system\":\"fs\",\"sessionId\":\"sess_2157ab68-9c2a-49f4-a4c7-b0cbcad4c0d2\",\"messageCount\":1,\"durationMs\":7}","conversationId":"sess_2157ab68-9c2a-49f4-a4c7-b0cbcad4c0d2","turnId":"00205243-fe27-4da3-bca2-e27721039ac9","rootTurnId":"00205243-fe27-4da3-bca2-e27721039ac9"}
{"timestamp":"2026-08-24T08:04:21.838Z","level":"info","message":"fs.appendMessages.ok {\"system\":\"fs\",\"sessionId\":\"sess_2157ab68-9c2a-49f4-a4c7-b0cbcad4c0d2\",\"messageCount\":1,\"durationMs\":1}","conversationId":"sess_2157ab68-9c2a-49f4-a4c7-b0cbcad4c0d2","turnId":"00205243-fe27-4da3-bca2-e27721039ac9","rootTurnId":"00205243-fe27-4da3-bca2-e27721039ac9"}
{"timestamp":"2026-08-24T08:04:21.838Z","level":"info","message":"[ACP ToolApproval] Got response: {\"optionId\":\"always-accept\",\"outcome\":\"selected\"}","conversationId":"sess_2157ab68-9c2a-49f4-a4c7-b0cbcad4c0d2","turnId":"00205243-fe27-4da3-bca2-e27721039ac9","rootTurnId":"00205243-fe27-4da3-bca2-e27721039ac9"}
{"timestamp":"2026-08-24T08:04:22.047Z","level":"info","message":"[PolicySession] rebuild() complete: 18 rules parsed, engineActive=true, fatal=false","conversationId":"sess_2157ab68-9c2a-49f4-a4c7-b0cbcad4c0d2","turnId":"00205243-fe27-4da3-bca2-e27721039ac9","rootTurnId":"00205243-fe27-4da3-bca2-e27721039ac9"}
{"timestamp":"2026-08-24T08:04:22.047Z","level":"info","message":"[PolicySession] Persisted allow rule for shell matching \"cmd /c \"cd /d C:\\Users\\Student\\.kiro\\regen && npm install -D tailwindcss@3 postcss autoprefixer @types/node\"\" at scope=workspace","conversationId":"sess_2157ab68-9c2a-49f4-a4c7-b0cbcad4c0d2","turnId":"00205243-fe27-4da3-bca2-e27721039ac9","rootTurnId":"00205243-fe27-4da3-bca2-e27721039ac9"}
{"timestamp":"2026-08-24T08:04:22.052Z","level":"info","message":"[ACPEventAdapter] Execution resumed {\"executionId\":\"00205243-fe27-4da3-bca2-e27721039ac9\"}","conversationId":"sess_2157ab68-9c2a-49f4-a4c7-b0cbcad4c0d2","turnId":"00205243-fe27-4da3-bca2-e27721039ac9","rootTurnId":"00205243-fe27-4da3-bca2-e27721039ac9"}
{"timestamp":"2026-08-24T08:04:25.196Z","level":"info","message":"[AgentIterator] Parallel invoking agent","conversationId":"sess_2157ab68-9c2a-49f4-a4c7-b0cbcad4c0d2","turnId":"00205243-fe27-4da3-bca2-e27721039ac9","rootTurnId":"00205243-fe27-4da3-bca2-e27721039ac9"}
{"timestamp":"2026-08-24T08:04:25.196Z","level":"info","message":"[Steering] Populating steering for execution 00205243-fe27-4da3-bca2-e27721039ac9","conversationId":"sess_2157ab68-9c2a-49f4-a4c7-b0cbcad4c0d2","turnId":"00205243-fe27-4da3-bca2-e27721039ac9","rootTurnId":"00205243-fe27-4da3-bca2-e27721039ac9"}
{"timestamp":"2026-08-24T08:04:25.196Z","level":"info","message":"[Steering] ExistingFiles:  in 00205243-fe27-4da3-bca2-e27721039ac9","conversationId":"sess_2157ab68-9c2a-49f4-a4c7-b0cbcad4c0d2","turnId":"00205243-fe27-4da3-bca2-e27721039ac9","rootTurnId":"00205243-fe27-4da3-bca2-e27721039ac9"}
{"timestamp":"2026-08-24T08:04:25.198Z","level":"info","message":"[q-developer-converse] Sending GenerateAssistantResponse modelId=auto agentMode=vibe origin=AI_EDITOR streaming=true conversationId=sess_2157ab68-9c2a-49f4-a4c7-b0cbcad4c0d2","conversationId":"sess_2157ab68-9c2a-49f4-a4c7-b0cbcad4c0d2","turnId":"00205243-fe27-4da3-bca2-e27721039ac9","rootTurnId":"00205243-fe27-4da3-bca2-e27721039ac9"}
{"timestamp":"2026-08-24T08:04:25.198Z","level":"info","message":"[q-developer-converse] Request payload: 108052 chars, 28 history messages, conversationId=sess_2157ab68-9c2a-49f4-a4c7-b0cbcad4c0d2","conversationId":"sess_2157ab68-9c2a-49f4-a4c7-b0cbcad4c0d2","turnId":"00205243-fe27-4da3-bca2-e27721039ac9","rootTurnId":"00205243-fe27-4da3-bca2-e27721039ac9"}
{"timestamp":"2026-08-24T08:04:25.205Z","level":"info","message":"fs.appendMessages.ok {\"system\":\"fs\",\"sessionId\":\"sess_2157ab68-9c2a-49f4-a4c7-b0cbcad4c0d2\",\"messageCount\":2,\"durationMs\":14}","conversationId":"sess_2157ab68-9c2a-49f4-a4c7-b0cbcad4c0d2","turnId":"00205243-fe27-4da3-bca2-e27721039ac9","rootTurnId":"00205243-fe27-4da3-bca2-e27721039ac9"}
{"timestamp":"2026-08-24T08:04:28.854Z","level":"info","message":"[AgentIterator] Synchronizing results","conversationId":"sess_2157ab68-9c2a-49f4-a4c7-b0cbcad4c0d2","turnId":"00205243-fe27-4da3-bca2-e27721039ac9","rootTurnId":"00205243-fe27-4da3-bca2-e27721039ac9"}
{"timestamp":"2026-08-24T08:04:28.854Z","level":"info","message":"[AgentIterator] Processing intent detection result","conversationId":"sess_2157ab68-9c2a-49f4-a4c7-b0cbcad4c0d2","turnId":"00205243-fe27-4da3-bca2-e27721039ac9","rootTurnId":"00205243-fe27-4da3-bca2-e27721039ac9"}
{"timestamp":"2026-08-24T08:04:28.855Z","level":"info","message":"[ChatAgent] Processing model response stream","conversationId":"sess_2157ab68-9c2a-49f4-a4c7-b0cbcad4c0d2","turnId":"00205243-fe27-4da3-bca2-e27721039ac9","rootTurnId":"00205243-fe27-4da3-bca2-e27721039ac9"}
{"timestamp":"2026-08-24T08:04:28.855Z","level":"info","message":"[Steering] Populating steering for execution 00205243-fe27-4da3-bca2-e27721039ac9","conversationId":"sess_2157ab68-9c2a-49f4-a4c7-b0cbcad4c0d2","turnId":"00205243-fe27-4da3-bca2-e27721039ac9","rootTurnId":"00205243-fe27-4da3-bca2-e27721039ac9"}
{"timestamp":"2026-08-24T08:04:28.855Z","level":"info","message":"[Steering] ExistingFiles:  in 00205243-fe27-4da3-bca2-e27721039ac9","conversationId":"sess_2157ab68-9c2a-49f4-a4c7-b0cbcad4c0d2","turnId":"00205243-fe27-4da3-bca2-e27721039ac9","rootTurnId":"00205243-fe27-4da3-bca2-e27721039ac9"}
{"timestamp":"2026-08-24T08:04:29.367Z","level":"info","message":"[ACPEventAdapter] Execution yielded {\"executionId\":\"00205243-fe27-4da3-bca2-e27721039ac9\"}","conversationId":"sess_2157ab68-9c2a-49f4-a4c7-b0cbcad4c0d2","turnId":"00205243-fe27-4da3-bca2-e27721039ac9","rootTurnId":"00205243-fe27-4da3-bca2-e27721039ac9"}
{"timestamp":"2026-08-24T08:04:29.368Z","level":"info","message":"acp.policy-eval.complete {\"toolId\":\"run_command\",\"effect\":\"ask\"}","conversationId":"sess_2157ab68-9c2a-49f4-a4c7-b0cbcad4c0d2","turnId":"00205243-fe27-4da3-bca2-e27721039ac9","rootTurnId":"00205243-fe27-4da3-bca2-e27721039ac9"}
{"timestamp":"2026-08-24T08:04:29.378Z","level":"info","message":"[ACP ToolApproval] Requesting permission for toolId=run_command, operationId=run_command_tooluse_eftSpdFNwT7qP8tOyQ4FrP, sessionId=sess_2157ab68-9c2a-49f4-a4c7-b0cbcad4c0d2","conversationId":"sess_2157ab68-9c2a-49f4-a4c7-b0cbcad4c0d2","turnId":"00205243-fe27-4da3-bca2-e27721039ac9","rootTurnId":"00205243-fe27-4da3-bca2-e27721039ac9"}
{"timestamp":"2026-08-24T08:04:29.380Z","level":"info","message":"fs.appendMessages.ok {\"system\":\"fs\",\"sessionId\":\"sess_2157ab68-9c2a-49f4-a4c7-b0cbcad4c0d2\",\"messageCount\":1,\"durationMs\":3}","conversationId":"sess_2157ab68-9c2a-49f4-a4c7-b0cbcad4c0d2","turnId":"00205243-fe27-4da3-bca2-e27721039ac9","rootTurnId":"00205243-fe27-4da3-bca2-e27721039ac9"}
{"timestamp":"2026-08-24T08:04:29.735Z","level":"info","message":"fs.appendMessages.ok {\"system\":\"fs\",\"sessionId\":\"sess_2157ab68-9c2a-49f4-a4c7-b0cbcad4c0d2\",\"messageCount\":1,\"durationMs\":3}","conversationId":"sess_2157ab68-9c2a-49f4-a4c7-b0cbcad4c0d2","turnId":"00205243-fe27-4da3-bca2-e27721039ac9","rootTurnId":"00205243-fe27-4da3-bca2-e27721039ac9"}
{"timestamp":"2026-08-24T08:04:29.743Z","level":"info","message":"fs.appendMessages.ok {\"system\":\"fs\",\"sessionId\":\"sess_2157ab68-9c2a-49f4-a4c7-b0cbcad4c0d2\",\"messageCount\":1,\"durationMs\":8}","conversationId":"sess_2157ab68-9c2a-49f4-a4c7-b0cbcad4c0d2","turnId":"00205243-fe27-4da3-bca2-e27721039ac9","rootTurnId":"00205243-fe27-4da3-bca2-e27721039ac9"}
{"timestamp":"2026-08-24T08:04:31.903Z","level":"info","message":"fs.appendMessages.ok {\"system\":\"fs\",\"sessionId\":\"sess_2157ab68-9c2a-49f4-a4c7-b0cbcad4c0d2\",\"messageCount\":1,\"durationMs\":2}","conversationId":"sess_2157ab68-9c2a-49f4-a4c7-b0cbcad4c0d2","turnId":"00205243-fe27-4da3-bca2-e27721039ac9","rootTurnId":"00205243-fe27-4da3-bca2-e27721039ac9"}
{"timestamp":"2026-08-24T08:04:31.903Z","level":"info","message":"[ACP ToolApproval] Got response: {\"optionId\":\"always-accept\",\"outcome\":\"selected\"}","conversationId":"sess_2157ab68-9c2a-49f4-a4c7-b0cbcad4c0d2","turnId":"00205243-fe27-4da3-bca2-e27721039ac9","rootTurnId":"00205243-fe27-4da3-bca2-e27721039ac9"}
{"timestamp":"2026-08-24T08:04:32.110Z","level":"info","message":"[PolicySession] rebuild() complete: 18 rules parsed, engineActive=true, fatal=false","conversationId":"sess_2157ab68-9c2a-49f4-a4c7-b0cbcad4c0d2","turnId":"00205243-fe27-4da3-bca2-e27721039ac9","rootTurnId":"00205243-fe27-4da3-bca2-e27721039ac9"}
{"timestamp":"2026-08-24T08:04:32.110Z","level":"info","message":"[PolicySession] Persisted allow rule for shell matching \"cmd /c \"cd /d C:\\Users\\Student\\.kiro\\regen && npx tailwindcss init -p\"\" at scope=workspace","conversationId":"sess_2157ab68-9c2a-49f4-a4c7-b0cbcad4c0d2","turnId":"00205243-fe27-4da3-bca2-e27721039ac9","rootTurnId":"00205243-fe27-4da3-bca2-e27721039ac9"}
{"timestamp":"2026-08-24T08:04:32.114Z","level":"info","message":"[ACPEventAdapter] Execution resumed {\"executionId\":\"00205243-fe27-4da3-bca2-e27721039ac9\"}","conversationId":"sess_2157ab68-9c2a-49f4-a4c7-b0cbcad4c0d2","turnId":"00205243-fe27-4da3-bca2-e27721039ac9","rootTurnId":"00205243-fe27-4da3-bca2-e27721039ac9"}
{"timestamp":"2026-08-24T08:04:38.788Z","level":"info","message":"[AgentIterator] Parallel invoking agent","conversationId":"sess_2157ab68-9c2a-49f4-a4c7-b0cbcad4c0d2","turnId":"00205243-fe27-4da3-bca2-e27721039ac9","rootTurnId":"00205243-fe27-4da3-bca2-e27721039ac9"}
{"timestamp":"2026-08-24T08:04:38.788Z","level":"info","message":"[Steering] Populating steering for execution 00205243-fe27-4da3-bca2-e27721039ac9","conversationId":"sess_2157ab68-9c2a-49f4-a4c7-b0cbcad4c0d2","turnId":"00205243-fe27-4da3-bca2-e27721039ac9","rootTurnId":"00205243-fe27-4da3-bca2-e27721039ac9"}
{"timestamp":"2026-08-24T08:04:38.788Z","level":"info","message":"[Steering] ExistingFiles:  in 00205243-fe27-4da3-bca2-e27721039ac9","conversationId":"sess_2157ab68-9c2a-49f4-a4c7-b0cbcad4c0d2","turnId":"00205243-fe27-4da3-bca2-e27721039ac9","rootTurnId":"00205243-fe27-4da3-bca2-e27721039ac9"}
{"timestamp":"2026-08-24T08:04:38.790Z","level":"info","message":"[q-developer-converse] Sending GenerateAssistantResponse modelId=auto agentMode=vibe origin=AI_EDITOR streaming=true conversationId=sess_2157ab68-9c2a-49f4-a4c7-b0cbcad4c0d2","conversationId":"sess_2157ab68-9c2a-49f4-a4c7-b0cbcad4c0d2","turnId":"00205243-fe27-4da3-bca2-e27721039ac9","rootTurnId":"00205243-fe27-4da3-bca2-e27721039ac9"}
{"timestamp":"2026-08-24T08:04:38.790Z","level":"info","message":"[q-developer-converse] Request payload: 108945 chars, 30 history messages, conversationId=sess_2157ab68-9c2a-49f4-a4c7-b0cbcad4c0d2","conversationId":"sess_2157ab68-9c2a-49f4-a4c7-b0cbcad4c0d2","turnId":"00205243-fe27-4da3-bca2-e27721039ac9","rootTurnId":"00205243-fe27-4da3-bca2-e27721039ac9"}
{"timestamp":"2026-08-24T08:04:38.797Z","level":"info","message":"fs.appendMessages.ok {\"system\":\"fs\",\"sessionId\":\"sess_2157ab68-9c2a-49f4-a4c7-b0cbcad4c0d2\",\"messageCount\":2,\"durationMs\":12}","conversationId":"sess_2157ab68-9c2a-49f4-a4c7-b0cbcad4c0d2","turnId":"00205243-fe27-4da3-bca2-e27721039ac9","rootTurnId":"00205243-fe27-4da3-bca2-e27721039ac9"}
{"timestamp":"2026-08-24T08:04:41.875Z","level":"info","message":"[AgentIterator] Synchronizing results","conversationId":"sess_2157ab68-9c2a-49f4-a4c7-b0cbcad4c0d2","turnId":"00205243-fe27-4da3-bca2-e27721039ac9","rootTurnId":"00205243-fe27-4da3-bca2-e27721039ac9"}
{"timestamp":"2026-08-24T08:04:41.875Z","level":"info","message":"[AgentIterator] Processing intent detection result","conversationId":"sess_2157ab68-9c2a-49f4-a4c7-b0cbcad4c0d2","turnId":"00205243-fe27-4da3-bca2-e27721039ac9","rootTurnId":"00205243-fe27-4da3-bca2-e27721039ac9"}
{"timestamp":"2026-08-24T08:04:41.876Z","level":"info","message":"[ChatAgent] Processing model response stream","conversationId":"sess_2157ab68-9c2a-49f4-a4c7-b0cbcad4c0d2","turnId":"00205243-fe27-4da3-bca2-e27721039ac9","rootTurnId":"00205243-fe27-4da3-bca2-e27721039ac9"}
{"timestamp":"2026-08-24T08:04:41.876Z","level":"info","message":"[Steering] Populating steering for execution 00205243-fe27-4da3-bca2-e27721039ac9","conversationId":"sess_2157ab68-9c2a-49f4-a4c7-b0cbcad4c0d2","turnId":"00205243-fe27-4da3-bca2-e27721039ac9","rootTurnId":"00205243-fe27-4da3-bca2-e27721039ac9"}
{"timestamp":"2026-08-24T08:04:41.876Z","level":"info","message":"[Steering] ExistingFiles:  in 00205243-fe27-4da3-bca2-e27721039ac9","conversationId":"sess_2157ab68-9c2a-49f4-a4c7-b0cbcad4c0d2","turnId":"00205243-fe27-4da3-bca2-e27721039ac9","rootTurnId":"00205243-fe27-4da3-bca2-e27721039ac9"}
{"timestamp":"2026-08-24T08:04:44.052Z","level":"info","message":"fs.appendMessages.ok {\"system\":\"fs\",\"sessionId\":\"sess_2157ab68-9c2a-49f4-a4c7-b0cbcad4c0d2\",\"messageCount\":2,\"durationMs\":3}","conversationId":"sess_2157ab68-9c2a-49f4-a4c7-b0cbcad4c0d2","turnId":"00205243-fe27-4da3-bca2-e27721039ac9","rootTurnId":"00205243-fe27-4da3-bca2-e27721039ac9"}
{"timestamp":"2026-08-24T08:04:44.221Z","level":"info","message":"[AgentIterator] Parallel invoking agent","conversationId":"sess_2157ab68-9c2a-49f4-a4c7-b0cbcad4c0d2","turnId":"00205243-fe27-4da3-bca2-e27721039ac9","rootTurnId":"00205243-fe27-4da3-bca2-e27721039ac9"}
{"timestamp":"2026-08-24T08:04:44.221Z","level":"info","message":"[Steering] Populating steering for execution 00205243-fe27-4da3-bca2-e27721039ac9","conversationId":"sess_2157ab68-9c2a-49f4-a4c7-b0cbcad4c0d2","turnId":"00205243-fe27-4da3-bca2-e27721039ac9","rootTurnId":"00205243-fe27-4da3-bca2-e27721039ac9"}
{"timestamp":"2026-08-24T08:04:44.221Z","level":"info","message":"[Steering] ExistingFiles:  in 00205243-fe27-4da3-bca2-e27721039ac9","conversationId":"sess_2157ab68-9c2a-49f4-a4c7-b0cbcad4c0d2","turnId":"00205243-fe27-4da3-bca2-e27721039ac9","rootTurnId":"00205243-fe27-4da3-bca2-e27721039ac9"}
{"timestamp":"2026-08-24T08:04:44.221Z","level":"info","message":"Injecting todo list context into conversation","conversationId":"sess_2157ab68-9c2a-49f4-a4c7-b0cbcad4c0d2","turnId":"00205243-fe27-4da3-bca2-e27721039ac9","rootTurnId":"00205243-fe27-4da3-bca2-e27721039ac9"}
{"timestamp":"2026-08-24T08:04:44.223Z","level":"info","message":"[q-developer-converse] Sending GenerateAssistantResponse modelId=auto agentMode=vibe origin=AI_EDITOR streaming=true conversationId=sess_2157ab68-9c2a-49f4-a4c7-b0cbcad4c0d2","conversationId":"sess_2157ab68-9c2a-49f4-a4c7-b0cbcad4c0d2","turnId":"00205243-fe27-4da3-bca2-e27721039ac9","rootTurnId":"00205243-fe27-4da3-bca2-e27721039ac9"}
{"timestamp":"2026-08-24T08:04:44.223Z","level":"info","message":"[q-developer-converse] Request payload: 113457 chars, 34 history messages, conversationId=sess_2157ab68-9c2a-49f4-a4c7-b0cbcad4c0d2","conversationId":"sess_2157ab68-9c2a-49f4-a4c7-b0cbcad4c0d2","turnId":"00205243-fe27-4da3-bca2-e27721039ac9","rootTurnId":"00205243-fe27-4da3-bca2-e27721039ac9"}
{"timestamp":"2026-08-24T08:04:44.231Z","level":"info","message":"fs.appendMessages.ok {\"system\":\"fs\",\"sessionId\":\"sess_2157ab68-9c2a-49f4-a4c7-b0cbcad4c0d2\",\"messageCount\":1,\"durationMs\":14}","conversationId":"sess_2157ab68-9c2a-49f4-a4c7-b0cbcad4c0d2","turnId":"00205243-fe27-4da3-bca2-e27721039ac9","rootTurnId":"00205243-fe27-4da3-bca2-e27721039ac9"}
{"timestamp":"2026-08-24T08:04:44.240Z","level":"info","message":"fs.appendMessages.ok {\"system\":\"fs\",\"sessionId\":\"sess_2157ab68-9c2a-49f4-a4c7-b0cbcad4c0d2\",\"messageCount\":1,\"durationMs\":9}","conversationId":"sess_2157ab68-9c2a-49f4-a4c7-b0cbcad4c0d2","turnId":"00205243-fe27-4da3-bca2-e27721039ac9","rootTurnId":"00205243-fe27-4da3-bca2-e27721039ac9"}
{"timestamp":"2026-08-24T08:04:47.231Z","level":"info","message":"[AgentIterator] Synchronizing results","conversationId":"sess_2157ab68-9c2a-49f4-a4c7-b0cbcad4c0d2","turnId":"00205243-fe27-4da3-bca2-e27721039ac9","rootTurnId":"00205243-fe27-4da3-bca2-e27721039ac9"}
{"timestamp":"2026-08-24T08:04:47.231Z","level":"info","message":"[AgentIterator] Processing intent detection result","conversationId":"sess_2157ab68-9c2a-49f4-a4c7-b0cbcad4c0d2","turnId":"00205243-fe27-4da3-bca2-e27721039ac9","rootTurnId":"00205243-fe27-4da3-bca2-e27721039ac9"}
{"timestamp":"2026-08-24T08:04:47.232Z","level":"info","message":"[ChatAgent] Processing model response stream","conversationId":"sess_2157ab68-9c2a-49f4-a4c7-b0cbcad4c0d2","turnId":"00205243-fe27-4da3-bca2-e27721039ac9","rootTurnId":"00205243-fe27-4da3-bca2-e27721039ac9"}
{"timestamp":"2026-08-24T08:04:47.232Z","level":"info","message":"[Steering] Populating steering for execution 00205243-fe27-4da3-bca2-e27721039ac9","conversationId":"sess_2157ab68-9c2a-49f4-a4c7-b0cbcad4c0d2","turnId":"00205243-fe27-4da3-bca2-e27721039ac9","rootTurnId":"00205243-fe27-4da3-bca2-e27721039ac9"}
{"timestamp":"2026-08-24T08:04:47.232Z","level":"info","message":"[Steering] ExistingFiles:  in 00205243-fe27-4da3-bca2-e27721039ac9","conversationId":"sess_2157ab68-9c2a-49f4-a4c7-b0cbcad4c0d2","turnId":"00205243-fe27-4da3-bca2-e27721039ac9","rootTurnId":"00205243-fe27-4da3-bca2-e27721039ac9"}
{"timestamp":"2026-08-24T08:04:48.806Z","level":"info","message":"fs.appendMessages.ok {\"system\":\"fs\",\"sessionId\":\"sess_2157ab68-9c2a-49f4-a4c7-b0cbcad4c0d2\",\"messageCount\":1,\"durationMs\":2}","conversationId":"sess_2157ab68-9c2a-49f4-a4c7-b0cbcad4c0d2","turnId":"00205243-fe27-4da3-bca2-e27721039ac9","rootTurnId":"00205243-fe27-4da3-bca2-e27721039ac9"}
{"timestamp":"2026-08-24T08:04:49.618Z","level":"info","message":"[ACPEventAdapter] Execution yielded {\"executionId\":\"00205243-fe27-4da3-bca2-e27721039ac9\"}","conversationId":"sess_2157ab68-9c2a-49f4-a4c7-b0cbcad4c0d2","turnId":"00205243-fe27-4da3-bca2-e27721039ac9","rootTurnId":"00205243-fe27-4da3-bca2-e27721039ac9"}
{"timestamp":"2026-08-24T08:04:49.619Z","level":"info","message":"acp.policy-eval.complete {\"toolId\":\"run_command\",\"effect\":\"ask\"}","conversationId":"sess_2157ab68-9c2a-49f4-a4c7-b0cbcad4c0d2","turnId":"00205243-fe27-4da3-bca2-e27721039ac9","rootTurnId":"00205243-fe27-4da3-bca2-e27721039ac9"}
{"timestamp":"2026-08-24T08:04:49.627Z","level":"info","message":"[ACP ToolApproval] Requesting permission for toolId=run_command, operationId=run_command_tooluse_LP4CHTJQyNEVjR9z6KqP6D, sessionId=sess_2157ab68-9c2a-49f4-a4c7-b0cbcad4c0d2","conversationId":"sess_2157ab68-9c2a-49f4-a4c7-b0cbcad4c0d2","turnId":"00205243-fe27-4da3-bca2-e27721039ac9","rootTurnId":"00205243-fe27-4da3-bca2-e27721039ac9"}
{"timestamp":"2026-08-24T08:04:49.630Z","level":"info","message":"fs.appendMessages.ok {\"system\":\"fs\",\"sessionId\":\"sess_2157ab68-9c2a-49f4-a4c7-b0cbcad4c0d2\",\"messageCount\":1,\"durationMs\":2}","conversationId":"sess_2157ab68-9c2a-49f4-a4c7-b0cbcad4c0d2","turnId":"00205243-fe27-4da3-bca2-e27721039ac9","rootTurnId":"00205243-fe27-4da3-bca2-e27721039ac9"}
{"timestamp":"2026-08-24T08:04:49.838Z","level":"info","message":"fs.appendMessages.ok {\"system\":\"fs\",\"sessionId\":\"sess_2157ab68-9c2a-49f4-a4c7-b0cbcad4c0d2\",\"messageCount\":1,\"durationMs\":4}","conversationId":"sess_2157ab68-9c2a-49f4-a4c7-b0cbcad4c0d2","turnId":"00205243-fe27-4da3-bca2-e27721039ac9","rootTurnId":"00205243-fe27-4da3-bca2-e27721039ac9"}
{"timestamp":"2026-08-24T08:04:49.847Z","level":"info","message":"fs.appendMessages.ok {\"system\":\"fs\",\"sessionId\":\"sess_2157ab68-9c2a-49f4-a4c7-b0cbcad4c0d2\",\"messageCount\":1,\"durationMs\":9}","conversationId":"sess_2157ab68-9c2a-49f4-a4c7-b0cbcad4c0d2","turnId":"00205243-fe27-4da3-bca2-e27721039ac9","rootTurnId":"00205243-fe27-4da3-bca2-e27721039ac9"}
{"timestamp":"2026-08-24T08:10:57.778Z","level":"info","message":"network.listAvailableModels.ok {\"system\":\"network\",\"durationMs\":1378}"}
{"timestamp":"2026-08-24T08:10:57.778Z","level":"info","message":"[ACPModelConfigProvider] Loaded 9 models"}
{"timestamp":"2026-08-24T08:11:48.487Z","level":"info","message":"fs.appendMessages.ok {\"system\":\"fs\",\"sessionId\":\"sess_2157ab68-9c2a-49f4-a4c7-b0cbcad4c0d2\",\"messageCount\":1,\"durationMs\":3}","conversationId":"sess_2157ab68-9c2a-49f4-a4c7-b0cbcad4c0d2","turnId":"00205243-fe27-4da3-bca2-e27721039ac9","rootTurnId":"00205243-fe27-4da3-bca2-e27721039ac9"}
{"timestamp":"2026-08-24T08:11:48.488Z","level":"info","message":"[ACP ToolApproval] Got response: {\"optionId\":\"always-accept\",\"outcome\":\"selected\"}","conversationId":"sess_2157ab68-9c2a-49f4-a4c7-b0cbcad4c0d2","turnId":"00205243-fe27-4da3-bca2-e27721039ac9","rootTurnId":"00205243-fe27-4da3-bca2-e27721039ac9"}
{"timestamp":"2026-08-24T08:11:48.701Z","level":"info","message":"[PolicySession] rebuild() complete: 18 rules parsed, engineActive=true, fatal=false","conversationId":"sess_2157ab68-9c2a-49f4-a4c7-b0cbcad4c0d2","turnId":"00205243-fe27-4da3-bca2-e27721039ac9","rootTurnId":"00205243-fe27-4da3-bca2-e27721039ac9"}
{"timestamp":"2026-08-24T08:11:48.701Z","level":"info","message":"[PolicySession] Persisted allow rule for shell matching \"cmd /c \"mkdir C:\\Users\\Student\\.kiro\\regen\\supabase\\migrations\"\" at scope=workspace","conversationId":"sess_2157ab68-9c2a-49f4-a4c7-b0cbcad4c0d2","turnId":"00205243-fe27-4da3-bca2-e27721039ac9","rootTurnId":"00205243-fe27-4da3-bca2-e27721039ac9"}
{"timestamp":"2026-08-24T08:11:48.706Z","level":"info","message":"[ACPEventAdapter] Execution resumed {\"executionId\":\"00205243-fe27-4da3-bca2-e27721039ac9\"}","conversationId":"sess_2157ab68-9c2a-49f4-a4c7-b0cbcad4c0d2","turnId":"00205243-fe27-4da3-bca2-e27721039ac9","rootTurnId":"00205243-fe27-4da3-bca2-e27721039ac9"}
{"timestamp":"2026-08-24T08:11:48.768Z","level":"info","message":"[AgentIterator] Parallel invoking agent","conversationId":"sess_2157ab68-9c2a-49f4-a4c7-b0cbcad4c0d2","turnId":"00205243-fe27-4da3-bca2-e27721039ac9","rootTurnId":"00205243-fe27-4da3-bca2-e27721039ac9"}
{"timestamp":"2026-08-24T08:11:48.768Z","level":"info","message":"[Steering] Populating steering for execution 00205243-fe27-4da3-bca2-e27721039ac9","conversationId":"sess_2157ab68-9c2a-49f4-a4c7-b0cbcad4c0d2","turnId":"00205243-fe27-4da3-bca2-e27721039ac9","rootTurnId":"00205243-fe27-4da3-bca2-e27721039ac9"}
{"timestamp":"2026-08-24T08:11:48.768Z","level":"info","message":"[Steering] ExistingFiles:  in 00205243-fe27-4da3-bca2-e27721039ac9","conversationId":"sess_2157ab68-9c2a-49f4-a4c7-b0cbcad4c0d2","turnId":"00205243-fe27-4da3-bca2-e27721039ac9","rootTurnId":"00205243-fe27-4da3-bca2-e27721039ac9"}
{"timestamp":"2026-08-24T08:11:48.770Z","level":"info","message":"[q-developer-converse] Sending GenerateAssistantResponse modelId=auto agentMode=vibe origin=AI_EDITOR streaming=true conversationId=sess_2157ab68-9c2a-49f4-a4c7-b0cbcad4c0d2","conversationId":"sess_2157ab68-9c2a-49f4-a4c7-b0cbcad4c0d2","turnId":"00205243-fe27-4da3-bca2-e27721039ac9","rootTurnId":"00205243-fe27-4da3-bca2-e27721039ac9"}
{"timestamp":"2026-08-24T08:11:48.770Z","level":"info","message":"[q-developer-converse] Request payload: 114387 chars, 36 history messages, conversationId=sess_2157ab68-9c2a-49f4-a4c7-b0cbcad4c0d2","conversationId":"sess_2157ab68-9c2a-49f4-a4c7-b0cbcad4c0d2","turnId":"00205243-fe27-4da3-bca2-e27721039ac9","rootTurnId":"00205243-fe27-4da3-bca2-e27721039ac9"}
{"timestamp":"2026-08-24T08:11:48.777Z","level":"info","message":"fs.appendMessages.ok {\"system\":\"fs\",\"sessionId\":\"sess_2157ab68-9c2a-49f4-a4c7-b0cbcad4c0d2\",\"messageCount\":2,\"durationMs\":13}","conversationId":"sess_2157ab68-9c2a-49f4-a4c7-b0cbcad4c0d2","turnId":"00205243-fe27-4da3-bca2-e27721039ac9","rootTurnId":"00205243-fe27-4da3-bca2-e27721039ac9"}
{"timestamp":"2026-08-24T08:11:53.282Z","level":"info","message":"[AgentIterator] Synchronizing results","conversationId":"sess_2157ab68-9c2a-49f4-a4c7-b0cbcad4c0d2","turnId":"00205243-fe27-4da3-bca2-e27721039ac9","rootTurnId":"00205243-fe27-4da3-bca2-e27721039ac9"}
{"timestamp":"2026-08-24T08:11:53.282Z","level":"info","message":"[AgentIterator] Processing intent detection result","conversationId":"sess_2157ab68-9c2a-49f4-a4c7-b0cbcad4c0d2","turnId":"00205243-fe27-4da3-bca2-e27721039ac9","rootTurnId":"00205243-fe27-4da3-bca2-e27721039ac9"}
{"timestamp":"2026-08-24T08:11:53.283Z","level":"info","message":"[ChatAgent] Processing model response stream","conversationId":"sess_2157ab68-9c2a-49f4-a4c7-b0cbcad4c0d2","turnId":"00205243-fe27-4da3-bca2-e27721039ac9","rootTurnId":"00205243-fe27-4da3-bca2-e27721039ac9"}
{"timestamp":"2026-08-24T08:11:53.283Z","level":"info","message":"[Steering] Populating steering for execution 00205243-fe27-4da3-bca2-e27721039ac9","conversationId":"sess_2157ab68-9c2a-49f4-a4c7-b0cbcad4c0d2","turnId":"00205243-fe27-4da3-bca2-e27721039ac9","rootTurnId":"00205243-fe27-4da3-bca2-e27721039ac9"}
{"timestamp":"2026-08-24T08:11:53.283Z","level":"info","message":"[Steering] ExistingFiles:  in 00205243-fe27-4da3-bca2-e27721039ac9","conversationId":"sess_2157ab68-9c2a-49f4-a4c7-b0cbcad4c0d2","turnId":"00205243-fe27-4da3-bca2-e27721039ac9","rootTurnId":"00205243-fe27-4da3-bca2-e27721039ac9"}
{"timestamp":"2026-08-24T08:12:42.365Z","level":"warn","message":"[ACPEventAdapter] Action type has no dedicated handler and is being routed as a tool call. If this is a new non-tool action, add it to DispatchedActionType. {\"actionType\":\"create\"}","conversationId":"sess_2157ab68-9c2a-49f4-a4c7-b0cbcad4c0d2","turnId":"00205243-fe27-4da3-bca2-e27721039ac9","rootTurnId":"00205243-fe27-4da3-bca2-e27721039ac9"}
{"timestamp":"2026-08-24T08:12:42.378Z","level":"info","message":"acp.policy-eval.complete {\"toolId\":\"fs_write\",\"effect\":\"allow\",\"capability\":\"fs_write\"}","conversationId":"sess_2157ab68-9c2a-49f4-a4c7-b0cbcad4c0d2","turnId":"00205243-fe27-4da3-bca2-e27721039ac9","rootTurnId":"00205243-fe27-4da3-bca2-e27721039ac9"}
{"timestamp":"2026-08-24T08:12:42.386Z","level":"info","message":"fs.appendMessages.ok {\"system\":\"fs\",\"sessionId\":\"sess_2157ab68-9c2a-49f4-a4c7-b0cbcad4c0d2\",\"messageCount\":1,\"durationMs\":26}","conversationId":"sess_2157ab68-9c2a-49f4-a4c7-b0cbcad4c0d2","turnId":"00205243-fe27-4da3-bca2-e27721039ac9","rootTurnId":"00205243-fe27-4da3-bca2-e27721039ac9"}
{"timestamp":"2026-08-24T08:12:42.390Z","level":"info","message":"fs.appendMessages.ok {\"system\":\"fs\",\"sessionId\":\"sess_2157ab68-9c2a-49f4-a4c7-b0cbcad4c0d2\",\"messageCount\":1,\"durationMs\":4}","conversationId":"sess_2157ab68-9c2a-49f4-a4c7-b0cbcad4c0d2","turnId":"00205243-fe27-4da3-bca2-e27721039ac9","rootTurnId":"00205243-fe27-4da3-bca2-e27721039ac9"}
{"timestamp":"2026-08-24T08:12:42.415Z","level":"info","message":"[SessionPersistence] Created snapshot 0f0d838f for regen/supabase/migrations/001_schema.sql in session sess_2157ab68-9c2a-49f4-a4c7-b0cbcad4c0d2 (17810 bytes)","conversationId":"sess_2157ab68-9c2a-49f4-a4c7-b0cbcad4c0d2","turnId":"00205243-fe27-4da3-bca2-e27721039ac9","rootTurnId":"00205243-fe27-4da3-bca2-e27721039ac9"}
{"timestamp":"2026-08-24T08:12:42.423Z","level":"info","message":"[AgentIterator] Parallel invoking agent","conversationId":"sess_2157ab68-9c2a-49f4-a4c7-b0cbcad4c0d2","turnId":"00205243-fe27-4da3-bca2-e27721039ac9","rootTurnId":"00205243-fe27-4da3-bca2-e27721039ac9"}
{"timestamp":"2026-08-24T08:12:42.423Z","level":"info","message":"[Steering] Populating steering for execution 00205243-fe27-4da3-bca2-e27721039ac9","conversationId":"sess_2157ab68-9c2a-49f4-a4c7-b0cbcad4c0d2","turnId":"00205243-fe27-4da3-bca2-e27721039ac9","rootTurnId":"00205243-fe27-4da3-bca2-e27721039ac9"}
{"timestamp":"2026-08-24T08:12:42.423Z","level":"info","message":"[Steering] ExistingFiles:  in 00205243-fe27-4da3-bca2-e27721039ac9","conversationId":"sess_2157ab68-9c2a-49f4-a4c7-b0cbcad4c0d2","turnId":"00205243-fe27-4da3-bca2-e27721039ac9","rootTurnId":"00205243-fe27-4da3-bca2-e27721039ac9"}
{"timestamp":"2026-08-24T08:12:42.424Z","level":"info","message":"[q-developer-converse] Sending GenerateAssistantResponse modelId=auto agentMode=vibe origin=AI_EDITOR streaming=true conversationId=sess_2157ab68-9c2a-49f4-a4c7-b0cbcad4c0d2","conversationId":"sess_2157ab68-9c2a-49f4-a4c7-b0cbcad4c0d2","turnId":"00205243-fe27-4da3-bca2-e27721039ac9","rootTurnId":"00205243-fe27-4da3-bca2-e27721039ac9"}
{"timestamp":"2026-08-24T08:12:42.425Z","level":"info","message":"[q-developer-converse] Request payload: 133262 chars, 38 history messages, conversationId=sess_2157ab68-9c2a-49f4-a4c7-b0cbcad4c0d2","conversationId":"sess_2157ab68-9c2a-49f4-a4c7-b0cbcad4c0d2","turnId":"00205243-fe27-4da3-bca2-e27721039ac9","rootTurnId":"00205243-fe27-4da3-bca2-e27721039ac9"}
{"timestamp":"2026-08-24T08:12:42.431Z","level":"info","message":"fs.appendMessages.ok {\"system\":\"fs\",\"sessionId\":\"sess_2157ab68-9c2a-49f4-a4c7-b0cbcad4c0d2\",\"messageCount\":2,\"durationMs\":15}","conversationId":"sess_2157ab68-9c2a-49f4-a4c7-b0cbcad4c0d2","turnId":"00205243-fe27-4da3-bca2-e27721039ac9","rootTurnId":"00205243-fe27-4da3-bca2-e27721039ac9"}
{"timestamp":"2026-08-24T08:12:45.363Z","level":"info","message":"[AgentIterator] Synchronizing results","conversationId":"sess_2157ab68-9c2a-49f4-a4c7-b0cbcad4c0d2","turnId":"00205243-fe27-4da3-bca2-e27721039ac9","rootTurnId":"00205243-fe27-4da3-bca2-e27721039ac9"}
{"timestamp":"2026-08-24T08:12:45.363Z","level":"info","message":"[AgentIterator] Processing intent detection result","conversationId":"sess_2157ab68-9c2a-49f4-a4c7-b0cbcad4c0d2","turnId":"00205243-fe27-4da3-bca2-e27721039ac9","rootTurnId":"00205243-fe27-4da3-bca2-e27721039ac9"}
{"timestamp":"2026-08-24T08:12:45.364Z","level":"info","message":"[ChatAgent] Processing model response stream","conversationId":"sess_2157ab68-9c2a-49f4-a4c7-b0cbcad4c0d2","turnId":"00205243-fe27-4da3-bca2-e27721039ac9","rootTurnId":"00205243-fe27-4da3-bca2-e27721039ac9"}
{"timestamp":"2026-08-24T08:12:45.364Z","level":"info","message":"[Steering] Populating steering for execution 00205243-fe27-4da3-bca2-e27721039ac9","conversationId":"sess_2157ab68-9c2a-49f4-a4c7-b0cbcad4c0d2","turnId":"00205243-fe27-4da3-bca2-e27721039ac9","rootTurnId":"00205243-fe27-4da3-bca2-e27721039ac9"}
{"timestamp":"2026-08-24T08:12:45.364Z","level":"info","message":"[Steering] ExistingFiles:  in 00205243-fe27-4da3-bca2-e27721039ac9","conversationId":"sess_2157ab68-9c2a-49f4-a4c7-b0cbcad4c0d2","turnId":"00205243-fe27-4da3-bca2-e27721039ac9","rootTurnId":"00205243-fe27-4da3-bca2-e27721039ac9"}
{"timestamp":"2026-08-24T08:12:45.767Z","level":"info","message":"fs.appendMessages.ok {\"system\":\"fs\",\"sessionId\":\"sess_2157ab68-9c2a-49f4-a4c7-b0cbcad4c0d2\",\"messageCount\":1,\"durationMs\":2}","conversationId":"sess_2157ab68-9c2a-49f4-a4c7-b0cbcad4c0d2","turnId":"00205243-fe27-4da3-bca2-e27721039ac9","rootTurnId":"00205243-fe27-4da3-bca2-e27721039ac9"}
{"timestamp":"2026-08-24T08:15:58.962Z","level":"info","message":"network.listAvailableModels.ok {\"system\":\"network\",\"durationMs\":1170}"}
{"timestamp":"2026-08-24T08:15:58.962Z","level":"info","message":"[ACPModelConfigProvider] Loaded 9 models"}
{"timestamp":"2026-08-24T08:17:47.329Z","level":"info","message":"acp.policy-eval.complete {\"toolId\":\"fs_write\",\"effect\":\"allow\",\"capability\":\"fs_write\"}","conversationId":"sess_2157ab68-9c2a-49f4-a4c7-b0cbcad4c0d2","turnId":"00205243-fe27-4da3-bca2-e27721039ac9","rootTurnId":"00205243-fe27-4da3-bca2-e27721039ac9"}
{"timestamp":"2026-08-24T08:17:47.336Z","level":"info","message":"fs.appendMessages.ok {\"system\":\"fs\",\"sessionId\":\"sess_2157ab68-9c2a-49f4-a4c7-b0cbcad4c0d2\",\"messageCount\":1,\"durationMs\":24}","conversationId":"sess_2157ab68-9c2a-49f4-a4c7-b0cbcad4c0d2","turnId":"00205243-fe27-4da3-bca2-e27721039ac9","rootTurnId":"00205243-fe27-4da3-bca2-e27721039ac9"}
{"timestamp":"2026-08-24T08:17:47.343Z","level":"info","message":"fs.appendMessages.ok {\"system\":\"fs\",\"sessionId\":\"sess_2157ab68-9c2a-49f4-a4c7-b0cbcad4c0d2\",\"messageCount\":1,\"durationMs\":7}","conversationId":"sess_2157ab68-9c2a-49f4-a4c7-b0cbcad4c0d2","turnId":"00205243-fe27-4da3-bca2-e27721039ac9","rootTurnId":"00205243-fe27-4da3-bca2-e27721039ac9"}
{"timestamp":"2026-08-24T08:17:47.373Z","level":"info","message":"[SessionPersistence] Created snapshot f4c99201 for regen/supabase/migrations/002_seed.sql in session sess_2157ab68-9c2a-49f4-a4c7-b0cbcad4c0d2 (61108 bytes)","conversationId":"sess_2157ab68-9c2a-49f4-a4c7-b0cbcad4c0d2","turnId":"00205243-fe27-4da3-bca2-e27721039ac9","rootTurnId":"00205243-fe27-4da3-bca2-e27721039ac9"}
{"timestamp":"2026-08-24T08:17:47.382Z","level":"info","message":"[AgentIterator] Parallel invoking agent","conversationId":"sess_2157ab68-9c2a-49f4-a4c7-b0cbcad4c0d2","turnId":"00205243-fe27-4da3-bca2-e27721039ac9","rootTurnId":"00205243-fe27-4da3-bca2-e27721039ac9"}
{"timestamp":"2026-08-24T08:17:47.382Z","level":"info","message":"[Steering] Populating steering for execution 00205243-fe27-4da3-bca2-e27721039ac9","conversationId":"sess_2157ab68-9c2a-49f4-a4c7-b0cbcad4c0d2","turnId":"00205243-fe27-4da3-bca2-e27721039ac9","rootTurnId":"00205243-fe27-4da3-bca2-e27721039ac9"}
{"timestamp":"2026-08-24T08:17:47.382Z","level":"info","message":"[Steering] ExistingFiles:  in 00205243-fe27-4da3-bca2-e27721039ac9","conversationId":"sess_2157ab68-9c2a-49f4-a4c7-b0cbcad4c0d2","turnId":"00205243-fe27-4da3-bca2-e27721039ac9","rootTurnId":"00205243-fe27-4da3-bca2-e27721039ac9"}
{"timestamp":"2026-08-24T08:17:47.384Z","level":"info","message":"[q-developer-converse] Sending GenerateAssistantResponse modelId=auto agentMode=vibe origin=AI_EDITOR streaming=true conversationId=sess_2157ab68-9c2a-49f4-a4c7-b0cbcad4c0d2","conversationId":"sess_2157ab68-9c2a-49f4-a4c7-b0cbcad4c0d2","turnId":"00205243-fe27-4da3-bca2-e27721039ac9","rootTurnId":"00205243-fe27-4da3-bca2-e27721039ac9"}
{"timestamp":"2026-08-24T08:17:47.384Z","level":"info","message":"[q-developer-converse] Request payload: 196515 chars, 40 history messages, conversationId=sess_2157ab68-9c2a-49f4-a4c7-b0cbcad4c0d2","conversationId":"sess_2157ab68-9c2a-49f4-a4c7-b0cbcad4c0d2","turnId":"00205243-fe27-4da3-bca2-e27721039ac9","rootTurnId":"00205243-fe27-4da3-bca2-e27721039ac9"}
{"timestamp":"2026-08-24T08:17:47.391Z","level":"info","message":"fs.appendMessages.ok {\"system\":\"fs\",\"sessionId\":\"sess_2157ab68-9c2a-49f4-a4c7-b0cbcad4c0d2\",\"messageCount\":2,\"durationMs\":17}","conversationId":"sess_2157ab68-9c2a-49f4-a4c7-b0cbcad4c0d2","turnId":"00205243-fe27-4da3-bca2-e27721039ac9","rootTurnId":"00205243-fe27-4da3-bca2-e27721039ac9"}
{"timestamp":"2026-08-24T08:17:51.211Z","level":"info","message":"[AgentIterator] Synchronizing results","conversationId":"sess_2157ab68-9c2a-49f4-a4c7-b0cbcad4c0d2","turnId":"00205243-fe27-4da3-bca2-e27721039ac9","rootTurnId":"00205243-fe27-4da3-bca2-e27721039ac9"}
{"timestamp":"2026-08-24T08:17:51.211Z","level":"info","message":"[AgentIterator] Processing intent detection result","conversationId":"sess_2157ab68-9c2a-49f4-a4c7-b0cbcad4c0d2","turnId":"00205243-fe27-4da3-bca2-e27721039ac9","rootTurnId":"00205243-fe27-4da3-bca2-e27721039ac9"}
{"timestamp":"2026-08-24T08:17:51.211Z","level":"info","message":"[ChatAgent] Processing model response stream","conversationId":"sess_2157ab68-9c2a-49f4-a4c7-b0cbcad4c0d2","turnId":"00205243-fe27-4da3-bca2-e27721039ac9","rootTurnId":"00205243-fe27-4da3-bca2-e27721039ac9"}
{"timestamp":"2026-08-24T08:17:51.211Z","level":"info","message":"[Steering] Populating steering for execution 00205243-fe27-4da3-bca2-e27721039ac9","conversationId":"sess_2157ab68-9c2a-49f4-a4c7-b0cbcad4c0d2","turnId":"00205243-fe27-4da3-bca2-e27721039ac9","rootTurnId":"00205243-fe27-4da3-bca2-e27721039ac9"}
{"timestamp":"2026-08-24T08:17:51.211Z","level":"info","message":"[Steering] ExistingFiles:  in 00205243-fe27-4da3-bca2-e27721039ac9","conversationId":"sess_2157ab68-9c2a-49f4-a4c7-b0cbcad4c0d2","turnId":"00205243-fe27-4da3-bca2-e27721039ac9","rootTurnId":"00205243-fe27-4da3-bca2-e27721039ac9"}
{"timestamp":"2026-08-24T08:17:52.111Z","level":"info","message":"fs.appendMessages.ok {\"system\":\"fs\",\"sessionId\":\"sess_2157ab68-9c2a-49f4-a4c7-b0cbcad4c0d2\",\"messageCount\":1,\"durationMs\":2}","conversationId":"sess_2157ab68-9c2a-49f4-a4c7-b0cbcad4c0d2","turnId":"00205243-fe27-4da3-bca2-e27721039ac9","rootTurnId":"00205243-fe27-4da3-bca2-e27721039ac9"}
{"timestamp":"2026-08-24T08:18:40.151Z","level":"info","message":"acp.policy-eval.complete {\"toolId\":\"fs_write\",\"effect\":\"allow\",\"capability\":\"fs_write\"}","conversationId":"sess_2157ab68-9c2a-49f4-a4c7-b0cbcad4c0d2","turnId":"00205243-fe27-4da3-bca2-e27721039ac9","rootTurnId":"00205243-fe27-4da3-bca2-e27721039ac9"}
{"timestamp":"2026-08-24T08:18:40.153Z","level":"info","message":"fs.appendMessages.ok {\"system\":\"fs\",\"sessionId\":\"sess_2157ab68-9c2a-49f4-a4c7-b0cbcad4c0d2\",\"messageCount\":1,\"durationMs\":18}","conversationId":"sess_2157ab68-9c2a-49f4-a4c7-b0cbcad4c0d2","turnId":"00205243-fe27-4da3-bca2-e27721039ac9","rootTurnId":"00205243-fe27-4da3-bca2-e27721039ac9"}
{"timestamp":"2026-08-24T08:18:40.164Z","level":"info","message":"fs.appendMessages.ok {\"system\":\"fs\",\"sessionId\":\"sess_2157ab68-9c2a-49f4-a4c7-b0cbcad4c0d2\",\"messageCount\":1,\"durationMs\":10}","conversationId":"sess_2157ab68-9c2a-49f4-a4c7-b0cbcad4c0d2","turnId":"00205243-fe27-4da3-bca2-e27721039ac9","rootTurnId":"00205243-fe27-4da3-bca2-e27721039ac9"}
{"timestamp":"2026-08-24T08:18:40.189Z","level":"info","message":"[SessionPersistence] Created snapshot b7c1672f for regen/supabase/migrations/003_fbg_readings.sql in session sess_2157ab68-9c2a-49f4-a4c7-b0cbcad4c0d2 (11940 bytes)","conversationId":"sess_2157ab68-9c2a-49f4-a4c7-b0cbcad4c0d2","turnId":"00205243-fe27-4da3-bca2-e27721039ac9","rootTurnId":"00205243-fe27-4da3-bca2-e27721039ac9"}
{"timestamp":"2026-08-24T08:18:40.196Z","level":"info","message":"[AgentIterator] Parallel invoking agent","conversationId":"sess_2157ab68-9c2a-49f4-a4c7-b0cbcad4c0d2","turnId":"00205243-fe27-4da3-bca2-e27721039ac9","rootTurnId":"00205243-fe27-4da3-bca2-e27721039ac9"}
{"timestamp":"2026-08-24T08:18:40.196Z","level":"info","message":"[Steering] Populating steering for execution 00205243-fe27-4da3-bca2-e27721039ac9","conversationId":"sess_2157ab68-9c2a-49f4-a4c7-b0cbcad4c0d2","turnId":"00205243-fe27-4da3-bca2-e27721039ac9","rootTurnId":"00205243-fe27-4da3-bca2-e27721039ac9"}
{"timestamp":"2026-08-24T08:18:40.196Z","level":"info","message":"[Steering] ExistingFiles:  in 00205243-fe27-4da3-bca2-e27721039ac9","conversationId":"sess_2157ab68-9c2a-49f4-a4c7-b0cbcad4c0d2","turnId":"00205243-fe27-4da3-bca2-e27721039ac9","rootTurnId":"00205243-fe27-4da3-bca2-e27721039ac9"}
{"timestamp":"2026-08-24T08:18:40.197Z","level":"info","message":"[q-developer-converse] Sending GenerateAssistantResponse modelId=auto agentMode=vibe origin=AI_EDITOR streaming=true conversationId=sess_2157ab68-9c2a-49f4-a4c7-b0cbcad4c0d2","conversationId":"sess_2157ab68-9c2a-49f4-a4c7-b0cbcad4c0d2","turnId":"00205243-fe27-4da3-bca2-e27721039ac9","rootTurnId":"00205243-fe27-4da3-bca2-e27721039ac9"}
{"timestamp":"2026-08-24T08:18:40.198Z","level":"info","message":"[q-developer-converse] Request payload: 209613 chars, 42 history messages, conversationId=sess_2157ab68-9c2a-49f4-a4c7-b0cbcad4c0d2","conversationId":"sess_2157ab68-9c2a-49f4-a4c7-b0cbcad4c0d2","turnId":"00205243-fe27-4da3-bca2-e27721039ac9","rootTurnId":"00205243-fe27-4da3-bca2-e27721039ac9"}
{"timestamp":"2026-08-24T08:18:40.205Z","level":"info","message":"fs.appendMessages.ok {\"system\":\"fs\",\"sessionId\":\"sess_2157ab68-9c2a-49f4-a4c7-b0cbcad4c0d2\",\"messageCount\":2,\"durationMs\":14}","conversationId":"sess_2157ab68-9c2a-49f4-a4c7-b0cbcad4c0d2","turnId":"00205243-fe27-4da3-bca2-e27721039ac9","rootTurnId":"00205243-fe27-4da3-bca2-e27721039ac9"}
{"timestamp":"2026-08-24T08:18:44.106Z","level":"info","message":"[AgentIterator] Synchronizing results","conversationId":"sess_2157ab68-9c2a-49f4-a4c7-b0cbcad4c0d2","turnId":"00205243-fe27-4da3-bca2-e27721039ac9","rootTurnId":"00205243-fe27-4da3-bca2-e27721039ac9"}
{"timestamp":"2026-08-24T08:18:44.106Z","level":"info","message":"[AgentIterator] Processing intent detection result","conversationId":"sess_2157ab68-9c2a-49f4-a4c7-b0cbcad4c0d2","turnId":"00205243-fe27-4da3-bca2-e27721039ac9","rootTurnId":"00205243-fe27-4da3-bca2-e27721039ac9"}
{"timestamp":"2026-08-24T08:18:44.106Z","level":"info","message":"[ChatAgent] Processing model response stream","conversationId":"sess_2157ab68-9c2a-49f4-a4c7-b0cbcad4c0d2","turnId":"00205243-fe27-4da3-bca2-e27721039ac9","rootTurnId":"00205243-fe27-4da3-bca2-e27721039ac9"}
{"timestamp":"2026-08-24T08:18:44.106Z","level":"info","message":"[Steering] Populating steering for execution 00205243-fe27-4da3-bca2-e27721039ac9","conversationId":"sess_2157ab68-9c2a-49f4-a4c7-b0cbcad4c0d2","turnId":"00205243-fe27-4da3-bca2-e27721039ac9","rootTurnId":"00205243-fe27-4da3-bca2-e27721039ac9"}
{"timestamp":"2026-08-24T08:18:44.106Z","level":"info","message":"[Steering] ExistingFiles:  in 00205243-fe27-4da3-bca2-e27721039ac9","conversationId":"sess_2157ab68-9c2a-49f4-a4c7-b0cbcad4c0d2","turnId":"00205243-fe27-4da3-bca2-e27721039ac9","rootTurnId":"00205243-fe27-4da3-bca2-e27721039ac9"}
{"timestamp":"2026-08-24T08:18:49.828Z","level":"info","message":"fs.appendMessages.ok {\"system\":\"fs\",\"sessionId\":\"sess_2157ab68-9c2a-49f4-a4c7-b0cbcad4c0d2\",\"messageCount\":2,\"durationMs\":3}","conversationId":"sess_2157ab68-9c2a-49f4-a4c7-b0cbcad4c0d2","turnId":"00205243-fe27-4da3-bca2-e27721039ac9","rootTurnId":"00205243-fe27-4da3-bca2-e27721039ac9"}
{"timestamp":"2026-08-24T08:18:50.137Z","level":"info","message":"[AgentIterator] Parallel invoking agent","conversationId":"sess_2157ab68-9c2a-49f4-a4c7-b0cbcad4c0d2","turnId":"00205243-fe27-4da3-bca2-e27721039ac9","rootTurnId":"00205243-fe27-4da3-bca2-e27721039ac9"}
{"timestamp":"2026-08-24T08:18:50.137Z","level":"info","message":"[Steering] Populating steering for execution 00205243-fe27-4da3-bca2-e27721039ac9","conversationId":"sess_2157ab68-9c2a-49f4-a4c7-b0cbcad4c0d2","turnId":"00205243-fe27-4da3-bca2-e27721039ac9","rootTurnId":"00205243-fe27-4da3-bca2-e27721039ac9"}
{"timestamp":"2026-08-24T08:18:50.137Z","level":"info","message":"[Steering] ExistingFiles:  in 00205243-fe27-4da3-bca2-e27721039ac9","conversationId":"sess_2157ab68-9c2a-49f4-a4c7-b0cbcad4c0d2","turnId":"00205243-fe27-4da3-bca2-e27721039ac9","rootTurnId":"00205243-fe27-4da3-bca2-e27721039ac9"}
{"timestamp":"2026-08-24T08:18:50.137Z","level":"info","message":"Injecting todo list context into conversation","conversationId":"sess_2157ab68-9c2a-49f4-a4c7-b0cbcad4c0d2","turnId":"00205243-fe27-4da3-bca2-e27721039ac9","rootTurnId":"00205243-fe27-4da3-bca2-e27721039ac9"}
{"timestamp":"2026-08-24T08:18:50.139Z","level":"info","message":"[q-developer-converse] Sending GenerateAssistantResponse modelId=auto agentMode=vibe origin=AI_EDITOR streaming=true conversationId=sess_2157ab68-9c2a-49f4-a4c7-b0cbcad4c0d2","conversationId":"sess_2157ab68-9c2a-49f4-a4c7-b0cbcad4c0d2","turnId":"00205243-fe27-4da3-bca2-e27721039ac9","rootTurnId":"00205243-fe27-4da3-bca2-e27721039ac9"}
{"timestamp":"2026-08-24T08:18:50.139Z","level":"info","message":"[q-developer-converse] Request payload: 215894 chars, 46 history messages, conversationId=sess_2157ab68-9c2a-49f4-a4c7-b0cbcad4c0d2","conversationId":"sess_2157ab68-9c2a-49f4-a4c7-b0cbcad4c0d2","turnId":"00205243-fe27-4da3-bca2-e27721039ac9","rootTurnId":"00205243-fe27-4da3-bca2-e27721039ac9"}
{"timestamp":"2026-08-24T08:18:50.148Z","level":"info","message":"fs.appendMessages.ok {\"system\":\"fs\",\"sessionId\":\"sess_2157ab68-9c2a-49f4-a4c7-b0cbcad4c0d2\",\"messageCount\":1,\"durationMs\":14}","conversationId":"sess_2157ab68-9c2a-49f4-a4c7-b0cbcad4c0d2","turnId":"00205243-fe27-4da3-bca2-e27721039ac9","rootTurnId":"00205243-fe27-4da3-bca2-e27721039ac9"}
{"timestamp":"2026-08-24T08:18:50.155Z","level":"info","message":"fs.appendMessages.ok {\"system\":\"fs\",\"sessionId\":\"sess_2157ab68-9c2a-49f4-a4c7-b0cbcad4c0d2\",\"messageCount\":1,\"durationMs\":7}","conversationId":"sess_2157ab68-9c2a-49f4-a4c7-b0cbcad4c0d2","turnId":"00205243-fe27-4da3-bca2-e27721039ac9","rootTurnId":"00205243-fe27-4da3-bca2-e27721039ac9"}
{"timestamp":"2026-08-24T08:18:54.406Z","level":"info","message":"[AgentIterator] Synchronizing results","conversationId":"sess_2157ab68-9c2a-49f4-a4c7-b0cbcad4c0d2","turnId":"00205243-fe27-4da3-bca2-e27721039ac9","rootTurnId":"00205243-fe27-4da3-bca2-e27721039ac9"}
{"timestamp":"2026-08-24T08:18:54.406Z","level":"info","message":"[AgentIterator] Processing intent detection result","conversationId":"sess_2157ab68-9c2a-49f4-a4c7-b0cbcad4c0d2","turnId":"00205243-fe27-4da3-bca2-e27721039ac9","rootTurnId":"00205243-fe27-4da3-bca2-e27721039ac9"}
{"timestamp":"2026-08-24T08:18:54.406Z","level":"info","message":"[ChatAgent] Processing model response stream","conversationId":"sess_2157ab68-9c2a-49f4-a4c7-b0cbcad4c0d2","turnId":"00205243-fe27-4da3-bca2-e27721039ac9","rootTurnId":"00205243-fe27-4da3-bca2-e27721039ac9"}
{"timestamp":"2026-08-24T08:18:54.406Z","level":"info","message":"[Steering] Populating steering for execution 00205243-fe27-4da3-bca2-e27721039ac9","conversationId":"sess_2157ab68-9c2a-49f4-a4c7-b0cbcad4c0d2","turnId":"00205243-fe27-4da3-bca2-e27721039ac9","rootTurnId":"00205243-fe27-4da3-bca2-e27721039ac9"}
{"timestamp":"2026-08-24T08:18:54.406Z","level":"info","message":"[Steering] ExistingFiles:  in 00205243-fe27-4da3-bca2-e27721039ac9","conversationId":"sess_2157ab68-9c2a-49f4-a4c7-b0cbcad4c0d2","turnId":"00205243-fe27-4da3-bca2-e27721039ac9","rootTurnId":"00205243-fe27-4da3-bca2-e27721039ac9"}
{"timestamp":"2026-08-24T08:18:55.724Z","level":"info","message":"fs.appendMessages.ok {\"system\":\"fs\",\"sessionId\":\"sess_2157ab68-9c2a-49f4-a4c7-b0cbcad4c0d2\",\"messageCount\":1,\"durationMs\":2}","conversationId":"sess_2157ab68-9c2a-49f4-a4c7-b0cbcad4c0d2","turnId":"00205243-fe27-4da3-bca2-e27721039ac9","rootTurnId":"00205243-fe27-4da3-bca2-e27721039ac9"}
{"timestamp":"2026-08-24T08:18:59.078Z","level":"info","message":"acp.policy-eval.complete {\"toolId\":\"fs_write\",\"effect\":\"allow\",\"capability\":\"fs_write\"}","conversationId":"sess_2157ab68-9c2a-49f4-a4c7-b0cbcad4c0d2","turnId":"00205243-fe27-4da3-bca2-e27721039ac9","rootTurnId":"00205243-fe27-4da3-bca2-e27721039ac9"}
{"timestamp":"2026-08-24T08:18:59.103Z","level":"info","message":"[SessionPersistence] Created snapshot e4b06f16 for regen/.env.example in session sess_2157ab68-9c2a-49f4-a4c7-b0cbcad4c0d2 (439 bytes)","conversationId":"sess_2157ab68-9c2a-49f4-a4c7-b0cbcad4c0d2","turnId":"00205243-fe27-4da3-bca2-e27721039ac9","rootTurnId":"00205243-fe27-4da3-bca2-e27721039ac9"}
{"timestamp":"2026-08-24T08:18:59.106Z","level":"info","message":"fs.appendMessages.ok {\"system\":\"fs\",\"sessionId\":\"sess_2157ab68-9c2a-49f4-a4c7-b0cbcad4c0d2\",\"messageCount\":2,\"durationMs\":3}","conversationId":"sess_2157ab68-9c2a-49f4-a4c7-b0cbcad4c0d2","turnId":"00205243-fe27-4da3-bca2-e27721039ac9","rootTurnId":"00205243-fe27-4da3-bca2-e27721039ac9"}
{"timestamp":"2026-08-24T08:18:59.201Z","level":"info","message":"[AgentIterator] Parallel invoking agent","conversationId":"sess_2157ab68-9c2a-49f4-a4c7-b0cbcad4c0d2","turnId":"00205243-fe27-4da3-bca2-e27721039ac9","rootTurnId":"00205243-fe27-4da3-bca2-e27721039ac9"}
{"timestamp":"2026-08-24T08:18:59.201Z","level":"info","message":"[Steering] Populating steering for execution 00205243-fe27-4da3-bca2-e27721039ac9","conversationId":"sess_2157ab68-9c2a-49f4-a4c7-b0cbcad4c0d2","turnId":"00205243-fe27-4da3-bca2-e27721039ac9","rootTurnId":"00205243-fe27-4da3-bca2-e27721039ac9"}
{"timestamp":"2026-08-24T08:18:59.201Z","level":"info","message":"[Steering] ExistingFiles:  in 00205243-fe27-4da3-bca2-e27721039ac9","conversationId":"sess_2157ab68-9c2a-49f4-a4c7-b0cbcad4c0d2","turnId":"00205243-fe27-4da3-bca2-e27721039ac9","rootTurnId":"00205243-fe27-4da3-bca2-e27721039ac9"}
{"timestamp":"2026-08-24T08:18:59.202Z","level":"info","message":"[q-developer-converse] Sending GenerateAssistantResponse modelId=auto agentMode=vibe origin=AI_EDITOR streaming=true conversationId=sess_2157ab68-9c2a-49f4-a4c7-b0cbcad4c0d2","conversationId":"sess_2157ab68-9c2a-49f4-a4c7-b0cbcad4c0d2","turnId":"00205243-fe27-4da3-bca2-e27721039ac9","rootTurnId":"00205243-fe27-4da3-bca2-e27721039ac9"}
{"timestamp":"2026-08-24T08:18:59.203Z","level":"info","message":"[q-developer-converse] Request payload: 217118 chars, 48 history messages, conversationId=sess_2157ab68-9c2a-49f4-a4c7-b0cbcad4c0d2","conversationId":"sess_2157ab68-9c2a-49f4-a4c7-b0cbcad4c0d2","turnId":"00205243-fe27-4da3-bca2-e27721039ac9","rootTurnId":"00205243-fe27-4da3-bca2-e27721039ac9"}
{"timestamp":"2026-08-24T08:18:59.209Z","level":"info","message":"fs.appendMessages.ok {\"system\":\"fs\",\"sessionId\":\"sess_2157ab68-9c2a-49f4-a4c7-b0cbcad4c0d2\",\"messageCount\":1,\"durationMs\":14}","conversationId":"sess_2157ab68-9c2a-49f4-a4c7-b0cbcad4c0d2","turnId":"00205243-fe27-4da3-bca2-e27721039ac9","rootTurnId":"00205243-fe27-4da3-bca2-e27721039ac9"}
{"timestamp":"2026-08-24T08:18:59.218Z","level":"info","message":"fs.appendMessages.ok {\"system\":\"fs\",\"sessionId\":\"sess_2157ab68-9c2a-49f4-a4c7-b0cbcad4c0d2\",\"messageCount\":1,\"durationMs\":8}","conversationId":"sess_2157ab68-9c2a-49f4-a4c7-b0cbcad4c0d2","turnId":"00205243-fe27-4da3-bca2-e27721039ac9","rootTurnId":"00205243-fe27-4da3-bca2-e27721039ac9"}
{"timestamp":"2026-08-24T08:19:02.636Z","level":"info","message":"[AgentIterator] Synchronizing results","conversationId":"sess_2157ab68-9c2a-49f4-a4c7-b0cbcad4c0d2","turnId":"00205243-fe27-4da3-bca2-e27721039ac9","rootTurnId":"00205243-fe27-4da3-bca2-e27721039ac9"}
{"timestamp":"2026-08-24T08:19:02.636Z","level":"info","message":"[AgentIterator] Processing intent detection result","conversationId":"sess_2157ab68-9c2a-49f4-a4c7-b0cbcad4c0d2","turnId":"00205243-fe27-4da3-bca2-e27721039ac9","rootTurnId":"00205243-fe27-4da3-bca2-e27721039ac9"}
{"timestamp":"2026-08-24T08:19:02.637Z","level":"info","message":"[ChatAgent] Processing model response stream","conversationId":"sess_2157ab68-9c2a-49f4-a4c7-b0cbcad4c0d2","turnId":"00205243-fe27-4da3-bca2-e27721039ac9","rootTurnId":"00205243-fe27-4da3-bca2-e27721039ac9"}
{"timestamp":"2026-08-24T08:19:02.637Z","level":"info","message":"[Steering] Populating steering for execution 00205243-fe27-4da3-bca2-e27721039ac9","conversationId":"sess_2157ab68-9c2a-49f4-a4c7-b0cbcad4c0d2","turnId":"00205243-fe27-4da3-bca2-e27721039ac9","rootTurnId":"00205243-fe27-4da3-bca2-e27721039ac9"}
{"timestamp":"2026-08-24T08:19:02.637Z","level":"info","message":"[Steering] ExistingFiles:  in 00205243-fe27-4da3-bca2-e27721039ac9","conversationId":"sess_2157ab68-9c2a-49f4-a4c7-b0cbcad4c0d2","turnId":"00205243-fe27-4da3-bca2-e27721039ac9","rootTurnId":"00205243-fe27-4da3-bca2-e27721039ac9"}
{"timestamp":"2026-08-24T08:19:03.825Z","level":"info","message":"acp.policy-eval.complete {\"toolId\":\"fs_write\",\"effect\":\"allow\",\"capability\":\"fs_write\"}","conversationId":"sess_2157ab68-9c2a-49f4-a4c7-b0cbcad4c0d2","turnId":"00205243-fe27-4da3-bca2-e27721039ac9","rootTurnId":"00205243-fe27-4da3-bca2-e27721039ac9"}
{"timestamp":"2026-08-24T08:19:03.846Z","level":"info","message":"[SessionPersistence] Created snapshot 13078d6e for regen/.env.local in session sess_2157ab68-9c2a-49f4-a4c7-b0cbcad4c0d2 (113 bytes)","conversationId":"sess_2157ab68-9c2a-49f4-a4c7-b0cbcad4c0d2","turnId":"00205243-fe27-4da3-bca2-e27721039ac9","rootTurnId":"00205243-fe27-4da3-bca2-e27721039ac9"}
{"timestamp":"2026-08-24T08:19:03.848Z","level":"info","message":"fs.appendMessages.ok {\"system\":\"fs\",\"sessionId\":\"sess_2157ab68-9c2a-49f4-a4c7-b0cbcad4c0d2\",\"messageCount\":2,\"durationMs\":2}","conversationId":"sess_2157ab68-9c2a-49f4-a4c7-b0cbcad4c0d2","turnId":"00205243-fe27-4da3-bca2-e27721039ac9","rootTurnId":"00205243-fe27-4da3-bca2-e27721039ac9"}
{"timestamp":"2026-08-24T08:19:03.926Z","level":"info","message":"[AgentIterator] Parallel invoking agent","conversationId":"sess_2157ab68-9c2a-49f4-a4c7-b0cbcad4c0d2","turnId":"00205243-fe27-4da3-bca2-e27721039ac9","rootTurnId":"00205243-fe27-4da3-bca2-e27721039ac9"}
{"timestamp":"2026-08-24T08:19:03.926Z","level":"info","message":"[Steering] Populating steering for execution 00205243-fe27-4da3-bca2-e27721039ac9","conversationId":"sess_2157ab68-9c2a-49f4-a4c7-b0cbcad4c0d2","turnId":"00205243-fe27-4da3-bca2-e27721039ac9","rootTurnId":"00205243-fe27-4da3-bca2-e27721039ac9"}
{"timestamp":"2026-08-24T08:19:03.926Z","level":"info","message":"[Steering] ExistingFiles:  in 00205243-fe27-4da3-bca2-e27721039ac9","conversationId":"sess_2157ab68-9c2a-49f4-a4c7-b0cbcad4c0d2","turnId":"00205243-fe27-4da3-bca2-e27721039ac9","rootTurnId":"00205243-fe27-4da3-bca2-e27721039ac9"}
{"timestamp":"2026-08-24T08:19:03.927Z","level":"info","message":"[q-developer-converse] Sending GenerateAssistantResponse modelId=auto agentMode=vibe origin=AI_EDITOR streaming=true conversationId=sess_2157ab68-9c2a-49f4-a4c7-b0cbcad4c0d2","conversationId":"sess_2157ab68-9c2a-49f4-a4c7-b0cbcad4c0d2","turnId":"00205243-fe27-4da3-bca2-e27721039ac9","rootTurnId":"00205243-fe27-4da3-bca2-e27721039ac9"}
{"timestamp":"2026-08-24T08:19:03.928Z","level":"info","message":"[q-developer-converse] Request payload: 217865 chars, 50 history messages, conversationId=sess_2157ab68-9c2a-49f4-a4c7-b0cbcad4c0d2","conversationId":"sess_2157ab68-9c2a-49f4-a4c7-b0cbcad4c0d2","turnId":"00205243-fe27-4da3-bca2-e27721039ac9","rootTurnId":"00205243-fe27-4da3-bca2-e27721039ac9"}
{"timestamp":"2026-08-24T08:19:03.934Z","level":"info","message":"fs.appendMessages.ok {\"system\":\"fs\",\"sessionId\":\"sess_2157ab68-9c2a-49f4-a4c7-b0cbcad4c0d2\",\"messageCount\":1,\"durationMs\":14}","conversationId":"sess_2157ab68-9c2a-49f4-a4c7-b0cbcad4c0d2","turnId":"00205243-fe27-4da3-bca2-e27721039ac9","rootTurnId":"00205243-fe27-4da3-bca2-e27721039ac9"}
{"timestamp":"2026-08-24T08:19:03.940Z","level":"info","message":"fs.appendMessages.ok {\"system\":\"fs\",\"sessionId\":\"sess_2157ab68-9c2a-49f4-a4c7-b0cbcad4c0d2\",\"messageCount\":1,\"durationMs\":6}","conversationId":"sess_2157ab68-9c2a-49f4-a4c7-b0cbcad4c0d2","turnId":"00205243-fe27-4da3-bca2-e27721039ac9","rootTurnId":"00205243-fe27-4da3-bca2-e27721039ac9"}
{"timestamp":"2026-08-24T08:19:07.212Z","level":"info","message":"[AgentIterator] Synchronizing results","conversationId":"sess_2157ab68-9c2a-49f4-a4c7-b0cbcad4c0d2","turnId":"00205243-fe27-4da3-bca2-e27721039ac9","rootTurnId":"00205243-fe27-4da3-bca2-e27721039ac9"}
{"timestamp":"2026-08-24T08:19:07.212Z","level":"info","message":"[AgentIterator] Processing intent detection result","conversationId":"sess_2157ab68-9c2a-49f4-a4c7-b0cbcad4c0d2","turnId":"00205243-fe27-4da3-bca2-e27721039ac9","rootTurnId":"00205243-fe27-4da3-bca2-e27721039ac9"}
{"timestamp":"2026-08-24T08:19:07.212Z","level":"info","message":"[ChatAgent] Processing model response stream","conversationId":"sess_2157ab68-9c2a-49f4-a4c7-b0cbcad4c0d2","turnId":"00205243-fe27-4da3-bca2-e27721039ac9","rootTurnId":"00205243-fe27-4da3-bca2-e27721039ac9"}
{"timestamp":"2026-08-24T08:19:07.212Z","level":"info","message":"[Steering] Populating steering for execution 00205243-fe27-4da3-bca2-e27721039ac9","conversationId":"sess_2157ab68-9c2a-49f4-a4c7-b0cbcad4c0d2","turnId":"00205243-fe27-4da3-bca2-e27721039ac9","rootTurnId":"00205243-fe27-4da3-bca2-e27721039ac9"}
{"timestamp":"2026-08-24T08:19:07.212Z","level":"info","message":"[Steering] ExistingFiles:  in 00205243-fe27-4da3-bca2-e27721039ac9","conversationId":"sess_2157ab68-9c2a-49f4-a4c7-b0cbcad4c0d2","turnId":"00205243-fe27-4da3-bca2-e27721039ac9","rootTurnId":"00205243-fe27-4da3-bca2-e27721039ac9"}
{"timestamp":"2026-08-24T08:19:15.415Z","level":"warn","message":"[ACPEventAdapter] Action type has no dedicated handler and is being routed as a tool call. If this is a new non-tool action, add it to DispatchedActionType. {\"actionType\":\"write\"}","conversationId":"sess_2157ab68-9c2a-49f4-a4c7-b0cbcad4c0d2","turnId":"00205243-fe27-4da3-bca2-e27721039ac9","rootTurnId":"00205243-fe27-4da3-bca2-e27721039ac9"}
{"timestamp":"2026-08-24T08:19:15.421Z","level":"info","message":"acp.policy-eval.complete {\"toolId\":\"fs_write\",\"effect\":\"allow\",\"capability\":\"fs_write\"}","conversationId":"sess_2157ab68-9c2a-49f4-a4c7-b0cbcad4c0d2","turnId":"00205243-fe27-4da3-bca2-e27721039ac9","rootTurnId":"00205243-fe27-4da3-bca2-e27721039ac9"}
{"timestamp":"2026-08-24T08:19:15.422Z","level":"info","message":"fs.appendMessages.ok {\"system\":\"fs\",\"sessionId\":\"sess_2157ab68-9c2a-49f4-a4c7-b0cbcad4c0d2\",\"messageCount\":1,\"durationMs\":10}","conversationId":"sess_2157ab68-9c2a-49f4-a4c7-b0cbcad4c0d2","turnId":"00205243-fe27-4da3-bca2-e27721039ac9","rootTurnId":"00205243-fe27-4da3-bca2-e27721039ac9"}
{"timestamp":"2026-08-24T08:19:15.427Z","level":"info","message":"fs.appendMessages.ok {\"system\":\"fs\",\"sessionId\":\"sess_2157ab68-9c2a-49f4-a4c7-b0cbcad4c0d2\",\"messageCount\":1,\"durationMs\":5}","conversationId":"sess_2157ab68-9c2a-49f4-a4c7-b0cbcad4c0d2","turnId":"00205243-fe27-4da3-bca2-e27721039ac9","rootTurnId":"00205243-fe27-4da3-bca2-e27721039ac9"}
{"timestamp":"2026-08-24T08:19:15.430Z","level":"info","message":"[SessionPersistence] Created snapshot 9513d192 for regen/tailwind.config.js in session sess_2157ab68-9c2a-49f4-a4c7-b0cbcad4c0d2 (126 bytes)","conversationId":"sess_2157ab68-9c2a-49f4-a4c7-b0cbcad4c0d2","turnId":"00205243-fe27-4da3-bca2-e27721039ac9","rootTurnId":"00205243-fe27-4da3-bca2-e27721039ac9"}
{"timestamp":"2026-08-24T08:19:15.946Z","level":"info","message":"[SessionPersistence] Created snapshot 6b4beb9f for regen/tailwind.config.js in session sess_2157ab68-9c2a-49f4-a4c7-b0cbcad4c0d2 (1533 bytes)","conversationId":"sess_2157ab68-9c2a-49f4-a4c7-b0cbcad4c0d2","turnId":"00205243-fe27-4da3-bca2-e27721039ac9","rootTurnId":"00205243-fe27-4da3-bca2-e27721039ac9"}
{"timestamp":"2026-08-24T08:19:15.951Z","level":"info","message":"[AgentIterator] Parallel invoking agent","conversationId":"sess_2157ab68-9c2a-49f4-a4c7-b0cbcad4c0d2","turnId":"00205243-fe27-4da3-bca2-e27721039ac9","rootTurnId":"00205243-fe27-4da3-bca2-e27721039ac9"}
{"timestamp":"2026-08-24T08:19:15.951Z","level":"info","message":"[Steering] Populating steering for execution 00205243-fe27-4da3-bca2-e27721039ac9","conversationId":"sess_2157ab68-9c2a-49f4-a4c7-b0cbcad4c0d2","turnId":"00205243-fe27-4da3-bca2-e27721039ac9","rootTurnId":"00205243-fe27-4da3-bca2-e27721039ac9"}
{"timestamp":"2026-08-24T08:19:15.951Z","level":"info","message":"[Steering] ExistingFiles:  in 00205243-fe27-4da3-bca2-e27721039ac9","conversationId":"sess_2157ab68-9c2a-49f4-a4c7-b0cbcad4c0d2","turnId":"00205243-fe27-4da3-bca2-e27721039ac9","rootTurnId":"00205243-fe27-4da3-bca2-e27721039ac9"}
{"timestamp":"2026-08-24T08:19:15.953Z","level":"info","message":"[q-developer-converse] Sending GenerateAssistantResponse modelId=auto agentMode=vibe origin=AI_EDITOR streaming=true conversationId=sess_2157ab68-9c2a-49f4-a4c7-b0cbcad4c0d2","conversationId":"sess_2157ab68-9c2a-49f4-a4c7-b0cbcad4c0d2","turnId":"00205243-fe27-4da3-bca2-e27721039ac9","rootTurnId":"00205243-fe27-4da3-bca2-e27721039ac9"}
{"timestamp":"2026-08-24T08:19:15.954Z","level":"info","message":"[q-developer-converse] Request payload: 220115 chars, 52 history messages, conversationId=sess_2157ab68-9c2a-49f4-a4c7-b0cbcad4c0d2","conversationId":"sess_2157ab68-9c2a-49f4-a4c7-b0cbcad4c0d2","turnId":"00205243-fe27-4da3-bca2-e27721039ac9","rootTurnId":"00205243-fe27-4da3-bca2-e27721039ac9"}
{"timestamp":"2026-08-24T08:19:15.960Z","level":"info","message":"fs.appendMessages.ok {\"system\":\"fs\",\"sessionId\":\"sess_2157ab68-9c2a-49f4-a4c7-b0cbcad4c0d2\",\"messageCount\":2,\"durationMs\":14}","conversationId":"sess_2157ab68-9c2a-49f4-a4c7-b0cbcad4c0d2","turnId":"00205243-fe27-4da3-bca2-e27721039ac9","rootTurnId":"00205243-fe27-4da3-bca2-e27721039ac9"}
{"timestamp":"2026-08-24T08:19:20.662Z","level":"info","message":"[AgentIterator] Synchronizing results","conversationId":"sess_2157ab68-9c2a-49f4-a4c7-b0cbcad4c0d2","turnId":"00205243-fe27-4da3-bca2-e27721039ac9","rootTurnId":"00205243-fe27-4da3-bca2-e27721039ac9"}
{"timestamp":"2026-08-24T08:19:20.662Z","level":"info","message":"[AgentIterator] Processing intent detection result","conversationId":"sess_2157ab68-9c2a-49f4-a4c7-b0cbcad4c0d2","turnId":"00205243-fe27-4da3-bca2-e27721039ac9","rootTurnId":"00205243-fe27-4da3-bca2-e27721039ac9"}
{"timestamp":"2026-08-24T08:19:20.662Z","level":"info","message":"[ChatAgent] Processing model response stream","conversationId":"sess_2157ab68-9c2a-49f4-a4c7-b0cbcad4c0d2","turnId":"00205243-fe27-4da3-bca2-e27721039ac9","rootTurnId":"00205243-fe27-4da3-bca2-e27721039ac9"}
{"timestamp":"2026-08-24T08:19:20.662Z","level":"info","message":"[Steering] Populating steering for execution 00205243-fe27-4da3-bca2-e27721039ac9","conversationId":"sess_2157ab68-9c2a-49f4-a4c7-b0cbcad4c0d2","turnId":"00205243-fe27-4da3-bca2-e27721039ac9","rootTurnId":"00205243-fe27-4da3-bca2-e27721039ac9"}
{"timestamp":"2026-08-24T08:19:20.662Z","level":"info","message":"[Steering] ExistingFiles:  in 00205243-fe27-4da3-bca2-e27721039ac9","conversationId":"sess_2157ab68-9c2a-49f4-a4c7-b0cbcad4c0d2","turnId":"00205243-fe27-4da3-bca2-e27721039ac9","rootTurnId":"00205243-fe27-4da3-bca2-e27721039ac9"}
{"timestamp":"2026-08-24T08:19:33.997Z","level":"info","message":"fs.appendMessages.ok {\"system\":\"fs\",\"sessionId\":\"sess_2157ab68-9c2a-49f4-a4c7-b0cbcad4c0d2\",\"messageCount\":1,\"durationMs\":8}","conversationId":"sess_2157ab68-9c2a-49f4-a4c7-b0cbcad4c0d2","turnId":"00205243-fe27-4da3-bca2-e27721039ac9","rootTurnId":"00205243-fe27-4da3-bca2-e27721039ac9"}
{"timestamp":"2026-08-24T08:19:34.009Z","level":"info","message":"acp.policy-eval.complete {\"toolId\":\"fs_write\",\"effect\":\"allow\",\"capability\":\"fs_write\"}","conversationId":"sess_2157ab68-9c2a-49f4-a4c7-b0cbcad4c0d2","turnId":"00205243-fe27-4da3-bca2-e27721039ac9","rootTurnId":"00205243-fe27-4da3-bca2-e27721039ac9"}
{"timestamp":"2026-08-24T08:19:34.013Z","level":"info","message":"fs.appendMessages.ok {\"system\":\"fs\",\"sessionId\":\"sess_2157ab68-9c2a-49f4-a4c7-b0cbcad4c0d2\",\"messageCount\":1,\"durationMs\":16}","conversationId":"sess_2157ab68-9c2a-49f4-a4c7-b0cbcad4c0d2","turnId":"00205243-fe27-4da3-bca2-e27721039ac9","rootTurnId":"00205243-fe27-4da3-bca2-e27721039ac9"}
{"timestamp":"2026-08-24T08:19:34.018Z","level":"info","message":"[SessionPersistence] Created snapshot d2cfbd3b for regen/src/index.css in session sess_2157ab68-9c2a-49f4-a4c7-b0cbcad4c0d2 (2169 bytes)","conversationId":"sess_2157ab68-9c2a-49f4-a4c7-b0cbcad4c0d2","turnId":"00205243-fe27-4da3-bca2-e27721039ac9","rootTurnId":"00205243-fe27-4da3-bca2-e27721039ac9"}
{"timestamp":"2026-08-24T08:19:34.147Z","level":"info","message":"[SessionPersistence] Created snapshot 7a79158e for regen/src/index.css in session sess_2157ab68-9c2a-49f4-a4c7-b0cbcad4c0d2 (3177 bytes)","conversationId":"sess_2157ab68-9c2a-49f4-a4c7-b0cbcad4c0d2","turnId":"00205243-fe27-4da3-bca2-e27721039ac9","rootTurnId":"00205243-fe27-4da3-bca2-e27721039ac9"}
{"timestamp":"2026-08-24T08:19:34.152Z","level":"info","message":"[AgentIterator] Parallel invoking agent","conversationId":"sess_2157ab68-9c2a-49f4-a4c7-b0cbcad4c0d2","turnId":"00205243-fe27-4da3-bca2-e27721039ac9","rootTurnId":"00205243-fe27-4da3-bca2-e27721039ac9"}
{"timestamp":"2026-08-24T08:19:34.152Z","level":"info","message":"[Steering] Populating steering for execution 00205243-fe27-4da3-bca2-e27721039ac9","conversationId":"sess_2157ab68-9c2a-49f4-a4c7-b0cbcad4c0d2","turnId":"00205243-fe27-4da3-bca2-e27721039ac9","rootTurnId":"00205243-fe27-4da3-bca2-e27721039ac9"}
{"timestamp":"2026-08-24T08:19:34.152Z","level":"info","message":"[Steering] ExistingFiles:  in 00205243-fe27-4da3-bca2-e27721039ac9","conversationId":"sess_2157ab68-9c2a-49f4-a4c7-b0cbcad4c0d2","turnId":"00205243-fe27-4da3-bca2-e27721039ac9","rootTurnId":"00205243-fe27-4da3-bca2-e27721039ac9"}
{"timestamp":"2026-08-24T08:19:34.154Z","level":"info","message":"[q-developer-converse] Sending GenerateAssistantResponse modelId=auto agentMode=vibe origin=AI_EDITOR streaming=true conversationId=sess_2157ab68-9c2a-49f4-a4c7-b0cbcad4c0d2","conversationId":"sess_2157ab68-9c2a-49f4-a4c7-b0cbcad4c0d2","turnId":"00205243-fe27-4da3-bca2-e27721039ac9","rootTurnId":"00205243-fe27-4da3-bca2-e27721039ac9"}
{"timestamp":"2026-08-24T08:19:34.155Z","level":"info","message":"[q-developer-converse] Request payload: 223991 chars, 54 history messages, conversationId=sess_2157ab68-9c2a-49f4-a4c7-b0cbcad4c0d2","conversationId":"sess_2157ab68-9c2a-49f4-a4c7-b0cbcad4c0d2","turnId":"00205243-fe27-4da3-bca2-e27721039ac9","rootTurnId":"00205243-fe27-4da3-bca2-e27721039ac9"}
{"timestamp":"2026-08-24T08:19:34.163Z","level":"info","message":"fs.appendMessages.ok {\"system\":\"fs\",\"sessionId\":\"sess_2157ab68-9c2a-49f4-a4c7-b0cbcad4c0d2\",\"messageCount\":2,\"durationMs\":15}","conversationId":"sess_2157ab68-9c2a-49f4-a4c7-b0cbcad4c0d2","turnId":"00205243-fe27-4da3-bca2-e27721039ac9","rootTurnId":"00205243-fe27-4da3-bca2-e27721039ac9"}
{"timestamp":"2026-08-24T08:19:37.377Z","level":"info","message":"[AgentIterator] Synchronizing results","conversationId":"sess_2157ab68-9c2a-49f4-a4c7-b0cbcad4c0d2","turnId":"00205243-fe27-4da3-bca2-e27721039ac9","rootTurnId":"00205243-fe27-4da3-bca2-e27721039ac9"}
{"timestamp":"2026-08-24T08:19:37.377Z","level":"info","message":"[AgentIterator] Processing intent detection result","conversationId":"sess_2157ab68-9c2a-49f4-a4c7-b0cbcad4c0d2","turnId":"00205243-fe27-4da3-bca2-e27721039ac9","rootTurnId":"00205243-fe27-4da3-bca2-e27721039ac9"}
{"timestamp":"2026-08-24T08:19:37.377Z","level":"info","message":"[ChatAgent] Processing model response stream","conversationId":"sess_2157ab68-9c2a-49f4-a4c7-b0cbcad4c0d2","turnId":"00205243-fe27-4da3-bca2-e27721039ac9","rootTurnId":"00205243-fe27-4da3-bca2-e27721039ac9"}
{"timestamp":"2026-08-24T08:19:37.377Z","level":"info","message":"[Steering] Populating steering for execution 00205243-fe27-4da3-bca2-e27721039ac9","conversationId":"sess_2157ab68-9c2a-49f4-a4c7-b0cbcad4c0d2","turnId":"00205243-fe27-4da3-bca2-e27721039ac9","rootTurnId":"00205243-fe27-4da3-bca2-e27721039ac9"}
{"timestamp":"2026-08-24T08:19:37.377Z","level":"info","message":"[Steering] ExistingFiles:  in 00205243-fe27-4da3-bca2-e27721039ac9","conversationId":"sess_2157ab68-9c2a-49f4-a4c7-b0cbcad4c0d2","turnId":"00205243-fe27-4da3-bca2-e27721039ac9","rootTurnId":"00205243-fe27-4da3-bca2-e27721039ac9"}
{"timestamp":"2026-08-24T08:19:37.723Z","level":"info","message":"fs.appendMessages.ok {\"system\":\"fs\",\"sessionId\":\"sess_2157ab68-9c2a-49f4-a4c7-b0cbcad4c0d2\",\"messageCount\":1,\"durationMs\":2}","conversationId":"sess_2157ab68-9c2a-49f4-a4c7-b0cbcad4c0d2","turnId":"00205243-fe27-4da3-bca2-e27721039ac9","rootTurnId":"00205243-fe27-4da3-bca2-e27721039ac9"}
{"timestamp":"2026-08-24T08:20:07.084Z","level":"info","message":"acp.policy-eval.complete {\"toolId\":\"fs_write\",\"effect\":\"allow\",\"capability\":\"fs_write\"}","conversationId":"sess_2157ab68-9c2a-49f4-a4c7-b0cbcad4c0d2","turnId":"00205243-fe27-4da3-bca2-e27721039ac9","rootTurnId":"00205243-fe27-4da3-bca2-e27721039ac9"}
{"timestamp":"2026-08-24T08:20:07.087Z","level":"info","message":"fs.appendMessages.ok {\"system\":\"fs\",\"sessionId\":\"sess_2157ab68-9c2a-49f4-a4c7-b0cbcad4c0d2\",\"messageCount\":1,\"durationMs\":14}","conversationId":"sess_2157ab68-9c2a-49f4-a4c7-b0cbcad4c0d2","turnId":"00205243-fe27-4da3-bca2-e27721039ac9","rootTurnId":"00205243-fe27-4da3-bca2-e27721039ac9"}
{"timestamp":"2026-08-24T08:20:07.096Z","level":"info","message":"fs.appendMessages.ok {\"system\":\"fs\",\"sessionId\":\"sess_2157ab68-9c2a-49f4-a4c7-b0cbcad4c0d2\",\"messageCount\":1,\"durationMs\":9}","conversationId":"sess_2157ab68-9c2a-49f4-a4c7-b0cbcad4c0d2","turnId":"00205243-fe27-4da3-bca2-e27721039ac9","rootTurnId":"00205243-fe27-4da3-bca2-e27721039ac9"}
{"timestamp":"2026-08-24T08:20:07.121Z","level":"info","message":"[SessionPersistence] Created snapshot e32de3dd for regen/src/types/index.ts in session sess_2157ab68-9c2a-49f4-a4c7-b0cbcad4c0d2 (7498 bytes)","conversationId":"sess_2157ab68-9c2a-49f4-a4c7-b0cbcad4c0d2","turnId":"00205243-fe27-4da3-bca2-e27721039ac9","rootTurnId":"00205243-fe27-4da3-bca2-e27721039ac9"}
{"timestamp":"2026-08-24T08:20:07.126Z","level":"info","message":"[AgentIterator] Parallel invoking agent","conversationId":"sess_2157ab68-9c2a-49f4-a4c7-b0cbcad4c0d2","turnId":"00205243-fe27-4da3-bca2-e27721039ac9","rootTurnId":"00205243-fe27-4da3-bca2-e27721039ac9"}
{"timestamp":"2026-08-24T08:20:07.126Z","level":"info","message":"[Steering] Populating steering for execution 00205243-fe27-4da3-bca2-e27721039ac9","conversationId":"sess_2157ab68-9c2a-49f4-a4c7-b0cbcad4c0d2","turnId":"00205243-fe27-4da3-bca2-e27721039ac9","rootTurnId":"00205243-fe27-4da3-bca2-e27721039ac9"}
{"timestamp":"2026-08-24T08:20:07.126Z","level":"info","message":"[Steering] ExistingFiles:  in 00205243-fe27-4da3-bca2-e27721039ac9","conversationId":"sess_2157ab68-9c2a-49f4-a4c7-b0cbcad4c0d2","turnId":"00205243-fe27-4da3-bca2-e27721039ac9","rootTurnId":"00205243-fe27-4da3-bca2-e27721039ac9"}
{"timestamp":"2026-08-24T08:20:07.128Z","level":"info","message":"[q-developer-converse] Sending GenerateAssistantResponse modelId=auto agentMode=vibe origin=AI_EDITOR streaming=true conversationId=sess_2157ab68-9c2a-49f4-a4c7-b0cbcad4c0d2","conversationId":"sess_2157ab68-9c2a-49f4-a4c7-b0cbcad4c0d2","turnId":"00205243-fe27-4da3-bca2-e27721039ac9","rootTurnId":"00205243-fe27-4da3-bca2-e27721039ac9"}
{"timestamp":"2026-08-24T08:20:07.129Z","level":"info","message":"[q-developer-converse] Request payload: 232451 chars, 56 history messages, conversationId=sess_2157ab68-9c2a-49f4-a4c7-b0cbcad4c0d2","conversationId":"sess_2157ab68-9c2a-49f4-a4c7-b0cbcad4c0d2","turnId":"00205243-fe27-4da3-bca2-e27721039ac9","rootTurnId":"00205243-fe27-4da3-bca2-e27721039ac9"}
{"timestamp":"2026-08-24T08:20:07.137Z","level":"info","message":"fs.appendMessages.ok {\"system\":\"fs\",\"sessionId\":\"sess_2157ab68-9c2a-49f4-a4c7-b0cbcad4c0d2\",\"messageCount\":2,\"durationMs\":15}","conversationId":"sess_2157ab68-9c2a-49f4-a4c7-b0cbcad4c0d2","turnId":"00205243-fe27-4da3-bca2-e27721039ac9","rootTurnId":"00205243-fe27-4da3-bca2-e27721039ac9"}
{"timestamp":"2026-08-24T08:20:10.651Z","level":"info","message":"[AgentIterator] Synchronizing results","conversationId":"sess_2157ab68-9c2a-49f4-a4c7-b0cbcad4c0d2","turnId":"00205243-fe27-4da3-bca2-e27721039ac9","rootTurnId":"00205243-fe27-4da3-bca2-e27721039ac9"}
{"timestamp":"2026-08-24T08:20:10.651Z","level":"info","message":"[AgentIterator] Processing intent detection result","conversationId":"sess_2157ab68-9c2a-49f4-a4c7-b0cbcad4c0d2","turnId":"00205243-fe27-4da3-bca2-e27721039ac9","rootTurnId":"00205243-fe27-4da3-bca2-e27721039ac9"}
{"timestamp":"2026-08-24T08:20:10.652Z","level":"info","message":"[ChatAgent] Processing model response stream","conversationId":"sess_2157ab68-9c2a-49f4-a4c7-b0cbcad4c0d2","turnId":"00205243-fe27-4da3-bca2-e27721039ac9","rootTurnId":"00205243-fe27-4da3-bca2-e27721039ac9"}
{"timestamp":"2026-08-24T08:20:10.652Z","level":"info","message":"[Steering] Populating steering for execution 00205243-fe27-4da3-bca2-e27721039ac9","conversationId":"sess_2157ab68-9c2a-49f4-a4c7-b0cbcad4c0d2","turnId":"00205243-fe27-4da3-bca2-e27721039ac9","rootTurnId":"00205243-fe27-4da3-bca2-e27721039ac9"}
{"timestamp":"2026-08-24T08:20:10.652Z","level":"info","message":"[Steering] ExistingFiles:  in 00205243-fe27-4da3-bca2-e27721039ac9","conversationId":"sess_2157ab68-9c2a-49f4-a4c7-b0cbcad4c0d2","turnId":"00205243-fe27-4da3-bca2-e27721039ac9","rootTurnId":"00205243-fe27-4da3-bca2-e27721039ac9"}
{"timestamp":"2026-08-24T08:20:11.257Z","level":"info","message":"fs.appendMessages.ok {\"system\":\"fs\",\"sessionId\":\"sess_2157ab68-9c2a-49f4-a4c7-b0cbcad4c0d2\",\"messageCount\":1,\"durationMs\":2}","conversationId":"sess_2157ab68-9c2a-49f4-a4c7-b0cbcad4c0d2","turnId":"00205243-fe27-4da3-bca2-e27721039ac9","rootTurnId":"00205243-fe27-4da3-bca2-e27721039ac9"}
{"timestamp":"2026-08-24T08:20:13.233Z","level":"info","message":"acp.policy-eval.complete {\"toolId\":\"fs_write\",\"effect\":\"allow\",\"capability\":\"fs_write\"}","conversationId":"sess_2157ab68-9c2a-49f4-a4c7-b0cbcad4c0d2","turnId":"00205243-fe27-4da3-bca2-e27721039ac9","rootTurnId":"00205243-fe27-4da3-bca2-e27721039ac9"}
{"timestamp":"2026-08-24T08:20:13.253Z","level":"info","message":"[SessionPersistence] Created snapshot 7151aa2e for regen/src/lib/supabase.ts in session sess_2157ab68-9c2a-49f4-a4c7-b0cbcad4c0d2 (330 bytes)","conversationId":"sess_2157ab68-9c2a-49f4-a4c7-b0cbcad4c0d2","turnId":"00205243-fe27-4da3-bca2-e27721039ac9","rootTurnId":"00205243-fe27-4da3-bca2-e27721039ac9"}
{"timestamp":"2026-08-24T08:20:13.256Z","level":"info","message":"fs.appendMessages.ok {\"system\":\"fs\",\"sessionId\":\"sess_2157ab68-9c2a-49f4-a4c7-b0cbcad4c0d2\",\"messageCount\":2,\"durationMs\":3}","conversationId":"sess_2157ab68-9c2a-49f4-a4c7-b0cbcad4c0d2","turnId":"00205243-fe27-4da3-bca2-e27721039ac9","rootTurnId":"00205243-fe27-4da3-bca2-e27721039ac9"}
{"timestamp":"2026-08-24T08:20:13.351Z","level":"info","message":"[AgentIterator] Parallel invoking agent","conversationId":"sess_2157ab68-9c2a-49f4-a4c7-b0cbcad4c0d2","turnId":"00205243-fe27-4da3-bca2-e27721039ac9","rootTurnId":"00205243-fe27-4da3-bca2-e27721039ac9"}
{"timestamp":"2026-08-24T08:20:13.351Z","level":"info","message":"[Steering] Populating steering for execution 00205243-fe27-4da3-bca2-e27721039ac9","conversationId":"sess_2157ab68-9c2a-49f4-a4c7-b0cbcad4c0d2","turnId":"00205243-fe27-4da3-bca2-e27721039ac9","rootTurnId":"00205243-fe27-4da3-bca2-e27721039ac9"}
{"timestamp":"2026-08-24T08:20:13.351Z","level":"info","message":"[Steering] ExistingFiles:  in 00205243-fe27-4da3-bca2-e27721039ac9","conversationId":"sess_2157ab68-9c2a-49f4-a4c7-b0cbcad4c0d2","turnId":"00205243-fe27-4da3-bca2-e27721039ac9","rootTurnId":"00205243-fe27-4da3-bca2-e27721039ac9"}
{"timestamp":"2026-08-24T08:20:13.352Z","level":"info","message":"[q-developer-converse] Sending GenerateAssistantResponse modelId=auto agentMode=vibe origin=AI_EDITOR streaming=true conversationId=sess_2157ab68-9c2a-49f4-a4c7-b0cbcad4c0d2","conversationId":"sess_2157ab68-9c2a-49f4-a4c7-b0cbcad4c0d2","turnId":"00205243-fe27-4da3-bca2-e27721039ac9","rootTurnId":"00205243-fe27-4da3-bca2-e27721039ac9"}
{"timestamp":"2026-08-24T08:20:13.353Z","level":"info","message":"[q-developer-converse] Request payload: 233493 chars, 58 history messages, conversationId=sess_2157ab68-9c2a-49f4-a4c7-b0cbcad4c0d2","conversationId":"sess_2157ab68-9c2a-49f4-a4c7-b0cbcad4c0d2","turnId":"00205243-fe27-4da3-bca2-e27721039ac9","rootTurnId":"00205243-fe27-4da3-bca2-e27721039ac9"}
{"timestamp":"2026-08-24T08:20:13.359Z","level":"info","message":"fs.appendMessages.ok {\"system\":\"fs\",\"sessionId\":\"sess_2157ab68-9c2a-49f4-a4c7-b0cbcad4c0d2\",\"messageCount\":1,\"durationMs\":14}","conversationId":"sess_2157ab68-9c2a-49f4-a4c7-b0cbcad4c0d2","turnId":"00205243-fe27-4da3-bca2-e27721039ac9","rootTurnId":"00205243-fe27-4da3-bca2-e27721039ac9"}
{"timestamp":"2026-08-24T08:20:13.365Z","level":"info","message":"fs.appendMessages.ok {\"system\":\"fs\",\"sessionId\":\"sess_2157ab68-9c2a-49f4-a4c7-b0cbcad4c0d2\",\"messageCount\":1,\"durationMs\":5}","conversationId":"sess_2157ab68-9c2a-49f4-a4c7-b0cbcad4c0d2","turnId":"00205243-fe27-4da3-bca2-e27721039ac9","rootTurnId":"00205243-fe27-4da3-bca2-e27721039ac9"}
{"timestamp":"2026-08-24T08:20:17.617Z","level":"info","message":"[AgentIterator] Synchronizing results","conversationId":"sess_2157ab68-9c2a-49f4-a4c7-b0cbcad4c0d2","turnId":"00205243-fe27-4da3-bca2-e27721039ac9","rootTurnId":"00205243-fe27-4da3-bca2-e27721039ac9"}
{"timestamp":"2026-08-24T08:20:17.617Z","level":"info","message":"[AgentIterator] Processing intent detection result","conversationId":"sess_2157ab68-9c2a-49f4-a4c7-b0cbcad4c0d2","turnId":"00205243-fe27-4da3-bca2-e27721039ac9","rootTurnId":"00205243-fe27-4da3-bca2-e27721039ac9"}
{"timestamp":"2026-08-24T08:20:17.618Z","level":"info","message":"[ChatAgent] Processing model response stream","conversationId":"sess_2157ab68-9c2a-49f4-a4c7-b0cbcad4c0d2","turnId":"00205243-fe27-4da3-bca2-e27721039ac9","rootTurnId":"00205243-fe27-4da3-bca2-e27721039ac9"}
{"timestamp":"2026-08-24T08:20:17.618Z","level":"info","message":"[Steering] Populating steering for execution 00205243-fe27-4da3-bca2-e27721039ac9","conversationId":"sess_2157ab68-9c2a-49f4-a4c7-b0cbcad4c0d2","turnId":"00205243-fe27-4da3-bca2-e27721039ac9","rootTurnId":"00205243-fe27-4da3-bca2-e27721039ac9"}
{"timestamp":"2026-08-24T08:20:17.618Z","level":"info","message":"[Steering] ExistingFiles:  in 00205243-fe27-4da3-bca2-e27721039ac9","conversationId":"sess_2157ab68-9c2a-49f4-a4c7-b0cbcad4c0d2","turnId":"00205243-fe27-4da3-bca2-e27721039ac9","rootTurnId":"00205243-fe27-4da3-bca2-e27721039ac9"}
{"timestamp":"2026-08-24T08:20:18.020Z","level":"info","message":"fs.appendMessages.ok {\"system\":\"fs\",\"sessionId\":\"sess_2157ab68-9c2a-49f4-a4c7-b0cbcad4c0d2\",\"messageCount\":1,\"durationMs\":2}","conversationId":"sess_2157ab68-9c2a-49f4-a4c7-b0cbcad4c0d2","turnId":"00205243-fe27-4da3-bca2-e27721039ac9","rootTurnId":"00205243-fe27-4da3-bca2-e27721039ac9"}
{"timestamp":"2026-08-24T08:21:00.375Z","level":"info","message":"network.listAvailableModels.ok {\"system\":\"network\",\"durationMs\":1403}"}
{"timestamp":"2026-08-24T08:21:00.375Z","level":"info","message":"[ACPModelConfigProvider] Loaded 9 models"}
{"timestamp":"2026-08-24T08:23:50.732Z","level":"info","message":"acp.policy-eval.complete {\"toolId\":\"fs_write\",\"effect\":\"allow\",\"capability\":\"fs_write\"}","conversationId":"sess_2157ab68-9c2a-49f4-a4c7-b0cbcad4c0d2","turnId":"00205243-fe27-4da3-bca2-e27721039ac9","rootTurnId":"00205243-fe27-4da3-bca2-e27721039ac9"}
{"timestamp":"2026-08-24T08:23:50.742Z","level":"info","message":"fs.appendMessages.ok {\"system\":\"fs\",\"sessionId\":\"sess_2157ab68-9c2a-49f4-a4c7-b0cbcad4c0d2\",\"messageCount\":1,\"durationMs\":33}","conversationId":"sess_2157ab68-9c2a-49f4-a4c7-b0cbcad4c0d2","turnId":"00205243-fe27-4da3-bca2-e27721039ac9","rootTurnId":"00205243-fe27-4da3-bca2-e27721039ac9"}
{"timestamp":"2026-08-24T08:23:50.767Z","level":"info","message":"fs.appendMessages.ok {\"system\":\"fs\",\"sessionId\":\"sess_2157ab68-9c2a-49f4-a4c7-b0cbcad4c0d2\",\"messageCount\":1,\"durationMs\":24}","conversationId":"sess_2157ab68-9c2a-49f4-a4c7-b0cbcad4c0d2","turnId":"00205243-fe27-4da3-bca2-e27721039ac9","rootTurnId":"00205243-fe27-4da3-bca2-e27721039ac9"}
{"timestamp":"2026-08-24T08:23:50.791Z","level":"info","message":"[SessionPersistence] Created snapshot 88c8b33b for regen/src/lib/mockData.ts in session sess_2157ab68-9c2a-49f4-a4c7-b0cbcad4c0d2 (53043 bytes)","conversationId":"sess_2157ab68-9c2a-49f4-a4c7-b0cbcad4c0d2","turnId":"00205243-fe27-4da3-bca2-e27721039ac9","rootTurnId":"00205243-fe27-4da3-bca2-e27721039ac9"}
{"timestamp":"2026-08-24T08:23:50.800Z","level":"info","message":"[AgentIterator] Parallel invoking agent","conversationId":"sess_2157ab68-9c2a-49f4-a4c7-b0cbcad4c0d2","turnId":"00205243-fe27-4da3-bca2-e27721039ac9","rootTurnId":"00205243-fe27-4da3-bca2-e27721039ac9"}
{"timestamp":"2026-08-24T08:23:50.800Z","level":"info","message":"[Steering] Populating steering for execution 00205243-fe27-4da3-bca2-e27721039ac9","conversationId":"sess_2157ab68-9c2a-49f4-a4c7-b0cbcad4c0d2","turnId":"00205243-fe27-4da3-bca2-e27721039ac9","rootTurnId":"00205243-fe27-4da3-bca2-e27721039ac9"}
{"timestamp":"2026-08-24T08:23:50.800Z","level":"info","message":"[Steering] ExistingFiles:  in 00205243-fe27-4da3-bca2-e27721039ac9","conversationId":"sess_2157ab68-9c2a-49f4-a4c7-b0cbcad4c0d2","turnId":"00205243-fe27-4da3-bca2-e27721039ac9","rootTurnId":"00205243-fe27-4da3-bca2-e27721039ac9"}
{"timestamp":"2026-08-24T08:23:50.802Z","level":"info","message":"[q-developer-converse] Sending GenerateAssistantResponse modelId=auto agentMode=vibe origin=AI_EDITOR streaming=true conversationId=sess_2157ab68-9c2a-49f4-a4c7-b0cbcad4c0d2","conversationId":"sess_2157ab68-9c2a-49f4-a4c7-b0cbcad4c0d2","turnId":"00205243-fe27-4da3-bca2-e27721039ac9","rootTurnId":"00205243-fe27-4da3-bca2-e27721039ac9"}
{"timestamp":"2026-08-24T08:23:50.803Z","level":"info","message":"[q-developer-converse] Request payload: 287651 chars, 60 history messages, conversationId=sess_2157ab68-9c2a-49f4-a4c7-b0cbcad4c0d2","conversationId":"sess_2157ab68-9c2a-49f4-a4c7-b0cbcad4c0d2","turnId":"00205243-fe27-4da3-bca2-e27721039ac9","rootTurnId":"00205243-fe27-4da3-bca2-e27721039ac9"}
{"timestamp":"2026-08-24T08:23:50.811Z","level":"info","message":"fs.appendMessages.ok {\"system\":\"fs\",\"sessionId\":\"sess_2157ab68-9c2a-49f4-a4c7-b0cbcad4c0d2\",\"messageCount\":2,\"durationMs\":18}","conversationId":"sess_2157ab68-9c2a-49f4-a4c7-b0cbcad4c0d2","turnId":"00205243-fe27-4da3-bca2-e27721039ac9","rootTurnId":"00205243-fe27-4da3-bca2-e27721039ac9"}
{"timestamp":"2026-08-24T08:23:54.686Z","level":"info","message":"[AgentIterator] Synchronizing results","conversationId":"sess_2157ab68-9c2a-49f4-a4c7-b0cbcad4c0d2","turnId":"00205243-fe27-4da3-bca2-e27721039ac9","rootTurnId":"00205243-fe27-4da3-bca2-e27721039ac9"}
{"timestamp":"2026-08-24T08:23:54.686Z","level":"info","message":"[AgentIterator] Processing intent detection result","conversationId":"sess_2157ab68-9c2a-49f4-a4c7-b0cbcad4c0d2","turnId":"00205243-fe27-4da3-bca2-e27721039ac9","rootTurnId":"00205243-fe27-4da3-bca2-e27721039ac9"}
{"timestamp":"2026-08-24T08:23:54.687Z","level":"info","message":"[ChatAgent] Processing model response stream","conversationId":"sess_2157ab68-9c2a-49f4-a4c7-b0cbcad4c0d2","turnId":"00205243-fe27-4da3-bca2-e27721039ac9","rootTurnId":"00205243-fe27-4da3-bca2-e27721039ac9"}
{"timestamp":"2026-08-24T08:23:54.687Z","level":"info","message":"[Steering] Populating steering for execution 00205243-fe27-4da3-bca2-e27721039ac9","conversationId":"sess_2157ab68-9c2a-49f4-a4c7-b0cbcad4c0d2","turnId":"00205243-fe27-4da3-bca2-e27721039ac9","rootTurnId":"00205243-fe27-4da3-bca2-e27721039ac9"}
{"timestamp":"2026-08-24T08:23:54.687Z","level":"info","message":"[Steering] ExistingFiles:  in 00205243-fe27-4da3-bca2-e27721039ac9","conversationId":"sess_2157ab68-9c2a-49f4-a4c7-b0cbcad4c0d2","turnId":"00205243-fe27-4da3-bca2-e27721039ac9","rootTurnId":"00205243-fe27-4da3-bca2-e27721039ac9"}
{"timestamp":"2026-08-24T08:23:55.077Z","level":"info","message":"fs.appendMessages.ok {\"system\":\"fs\",\"sessionId\":\"sess_2157ab68-9c2a-49f4-a4c7-b0cbcad4c0d2\",\"messageCount\":1,\"durationMs\":2}","conversationId":"sess_2157ab68-9c2a-49f4-a4c7-b0cbcad4c0d2","turnId":"00205243-fe27-4da3-bca2-e27721039ac9","rootTurnId":"00205243-fe27-4da3-bca2-e27721039ac9"}
{"timestamp":"2026-08-24T08:24:36.677Z","level":"info","message":"acp.policy-eval.complete {\"toolId\":\"fs_write\",\"effect\":\"allow\",\"capability\":\"fs_write\"}","conversationId":"sess_2157ab68-9c2a-49f4-a4c7-b0cbcad4c0d2","turnId":"00205243-fe27-4da3-bca2-e27721039ac9","rootTurnId":"00205243-fe27-4da3-bca2-e27721039ac9"}
{"timestamp":"2026-08-24T08:24:36.679Z","level":"info","message":"fs.appendMessages.ok {\"system\":\"fs\",\"sessionId\":\"sess_2157ab68-9c2a-49f4-a4c7-b0cbcad4c0d2\",\"messageCount\":1,\"durationMs\":14}","conversationId":"sess_2157ab68-9c2a-49f4-a4c7-b0cbcad4c0d2","turnId":"00205243-fe27-4da3-bca2-e27721039ac9","rootTurnId":"00205243-fe27-4da3-bca2-e27721039ac9"}
{"timestamp":"2026-08-24T08:24:36.689Z","level":"info","message":"fs.appendMessages.ok {\"system\":\"fs\",\"sessionId\":\"sess_2157ab68-9c2a-49f4-a4c7-b0cbcad4c0d2\",\"messageCount\":1,\"durationMs\":10}","conversationId":"sess_2157ab68-9c2a-49f4-a4c7-b0cbcad4c0d2","turnId":"00205243-fe27-4da3-bca2-e27721039ac9","rootTurnId":"00205243-fe27-4da3-bca2-e27721039ac9"}
{"timestamp":"2026-08-24T08:24:36.705Z","level":"info","message":"[SessionPersistence] Created snapshot b02ccbe6 for regen/src/lib/dataService.ts in session sess_2157ab68-9c2a-49f4-a4c7-b0cbcad4c0d2 (14731 bytes)","conversationId":"sess_2157ab68-9c2a-49f4-a4c7-b0cbcad4c0d2","turnId":"00205243-fe27-4da3-bca2-e27721039ac9","rootTurnId":"00205243-fe27-4da3-bca2-e27721039ac9"}
{"timestamp":"2026-08-24T08:24:36.711Z","level":"info","message":"[AgentIterator] Parallel invoking agent","conversationId":"sess_2157ab68-9c2a-49f4-a4c7-b0cbcad4c0d2","turnId":"00205243-fe27-4da3-bca2-e27721039ac9","rootTurnId":"00205243-fe27-4da3-bca2-e27721039ac9"}
{"timestamp":"2026-08-24T08:24:36.711Z","level":"info","message":"[Steering] Populating steering for execution 00205243-fe27-4da3-bca2-e27721039ac9","conversationId":"sess_2157ab68-9c2a-49f4-a4c7-b0cbcad4c0d2","turnId":"00205243-fe27-4da3-bca2-e27721039ac9","rootTurnId":"00205243-fe27-4da3-bca2-e27721039ac9"}
{"timestamp":"2026-08-24T08:24:36.711Z","level":"info","message":"[Steering] ExistingFiles:  in 00205243-fe27-4da3-bca2-e27721039ac9","conversationId":"sess_2157ab68-9c2a-49f4-a4c7-b0cbcad4c0d2","turnId":"00205243-fe27-4da3-bca2-e27721039ac9","rootTurnId":"00205243-fe27-4da3-bca2-e27721039ac9"}
{"timestamp":"2026-08-24T08:24:36.713Z","level":"info","message":"[q-developer-converse] Sending GenerateAssistantResponse modelId=auto agentMode=vibe origin=AI_EDITOR streaming=true conversationId=sess_2157ab68-9c2a-49f4-a4c7-b0cbcad4c0d2","conversationId":"sess_2157ab68-9c2a-49f4-a4c7-b0cbcad4c0d2","turnId":"00205243-fe27-4da3-bca2-e27721039ac9","rootTurnId":"00205243-fe27-4da3-bca2-e27721039ac9"}
{"timestamp":"2026-08-24T08:24:36.714Z","level":"info","message":"[q-developer-converse] Request payload: 303440 chars, 62 history messages, conversationId=sess_2157ab68-9c2a-49f4-a4c7-b0cbcad4c0d2","conversationId":"sess_2157ab68-9c2a-49f4-a4c7-b0cbcad4c0d2","turnId":"00205243-fe27-4da3-bca2-e27721039ac9","rootTurnId":"00205243-fe27-4da3-bca2-e27721039ac9"}
{"timestamp":"2026-08-24T08:24:36.721Z","level":"info","message":"fs.appendMessages.ok {\"system\":\"fs\",\"sessionId\":\"sess_2157ab68-9c2a-49f4-a4c7-b0cbcad4c0d2\",\"messageCount\":2,\"durationMs\":15}","conversationId":"sess_2157ab68-9c2a-49f4-a4c7-b0cbcad4c0d2","turnId":"00205243-fe27-4da3-bca2-e27721039ac9","rootTurnId":"00205243-fe27-4da3-bca2-e27721039ac9"}
{"timestamp":"2026-08-24T08:24:40.191Z","level":"info","message":"[AgentIterator] Synchronizing results","conversationId":"sess_2157ab68-9c2a-49f4-a4c7-b0cbcad4c0d2","turnId":"00205243-fe27-4da3-bca2-e27721039ac9","rootTurnId":"00205243-fe27-4da3-bca2-e27721039ac9"}
{"timestamp":"2026-08-24T08:24:40.191Z","level":"info","message":"[AgentIterator] Processing intent detection result","conversationId":"sess_2157ab68-9c2a-49f4-a4c7-b0cbcad4c0d2","turnId":"00205243-fe27-4da3-bca2-e27721039ac9","rootTurnId":"00205243-fe27-4da3-bca2-e27721039ac9"}
{"timestamp":"2026-08-24T08:24:40.192Z","level":"info","message":"[ChatAgent] Processing model response stream","conversationId":"sess_2157ab68-9c2a-49f4-a4c7-b0cbcad4c0d2","turnId":"00205243-fe27-4da3-bca2-e27721039ac9","rootTurnId":"00205243-fe27-4da3-bca2-e27721039ac9"}
{"timestamp":"2026-08-24T08:24:40.192Z","level":"info","message":"[Steering] Populating steering for execution 00205243-fe27-4da3-bca2-e27721039ac9","conversationId":"sess_2157ab68-9c2a-49f4-a4c7-b0cbcad4c0d2","turnId":"00205243-fe27-4da3-bca2-e27721039ac9","rootTurnId":"00205243-fe27-4da3-bca2-e27721039ac9"}
{"timestamp":"2026-08-24T08:24:40.192Z","level":"info","message":"[Steering] ExistingFiles:  in 00205243-fe27-4da3-bca2-e27721039ac9","conversationId":"sess_2157ab68-9c2a-49f4-a4c7-b0cbcad4c0d2","turnId":"00205243-fe27-4da3-bca2-e27721039ac9","rootTurnId":"00205243-fe27-4da3-bca2-e27721039ac9"}
{"timestamp":"2026-08-24T08:24:40.649Z","level":"info","message":"fs.appendMessages.ok {\"system\":\"fs\",\"sessionId\":\"sess_2157ab68-9c2a-49f4-a4c7-b0cbcad4c0d2\",\"messageCount\":1,\"durationMs\":2}","conversationId":"sess_2157ab68-9c2a-49f4-a4c7-b0cbcad4c0d2","turnId":"00205243-fe27-4da3-bca2-e27721039ac9","rootTurnId":"00205243-fe27-4da3-bca2-e27721039ac9"}
{"timestamp":"2026-08-24T08:25:02.021Z","level":"info","message":"acp.policy-eval.complete {\"toolId\":\"fs_write\",\"effect\":\"allow\",\"capability\":\"fs_write\"}","conversationId":"sess_2157ab68-9c2a-49f4-a4c7-b0cbcad4c0d2","turnId":"00205243-fe27-4da3-bca2-e27721039ac9","rootTurnId":"00205243-fe27-4da3-bca2-e27721039ac9"}
{"timestamp":"2026-08-24T08:25:02.024Z","level":"info","message":"fs.appendMessages.ok {\"system\":\"fs\",\"sessionId\":\"sess_2157ab68-9c2a-49f4-a4c7-b0cbcad4c0d2\",\"messageCount\":1,\"durationMs\":12}","conversationId":"sess_2157ab68-9c2a-49f4-a4c7-b0cbcad4c0d2","turnId":"00205243-fe27-4da3-bca2-e27721039ac9","rootTurnId":"00205243-fe27-4da3-bca2-e27721039ac9"}
{"timestamp":"2026-08-24T08:25:02.032Z","level":"info","message":"fs.appendMessages.ok {\"system\":\"fs\",\"sessionId\":\"sess_2157ab68-9c2a-49f4-a4c7-b0cbcad4c0d2\",\"messageCount\":1,\"durationMs\":9}","conversationId":"sess_2157ab68-9c2a-49f4-a4c7-b0cbcad4c0d2","turnId":"00205243-fe27-4da3-bca2-e27721039ac9","rootTurnId":"00205243-fe27-4da3-bca2-e27721039ac9"}
{"timestamp":"2026-08-24T08:25:02.056Z","level":"info","message":"[SessionPersistence] Created snapshot 4c1ca682 for regen/src/lib/utils.ts in session sess_2157ab68-9c2a-49f4-a4c7-b0cbcad4c0d2 (6793 bytes)","conversationId":"sess_2157ab68-9c2a-49f4-a4c7-b0cbcad4c0d2","turnId":"00205243-fe27-4da3-bca2-e27721039ac9","rootTurnId":"00205243-fe27-4da3-bca2-e27721039ac9"}
{"timestamp":"2026-08-24T08:25:02.061Z","level":"info","message":"[AgentIterator] Parallel invoking agent","conversationId":"sess_2157ab68-9c2a-49f4-a4c7-b0cbcad4c0d2","turnId":"00205243-fe27-4da3-bca2-e27721039ac9","rootTurnId":"00205243-fe27-4da3-bca2-e27721039ac9"}
{"timestamp":"2026-08-24T08:25:02.061Z","level":"info","message":"[Steering] Populating steering for execution 00205243-fe27-4da3-bca2-e27721039ac9","conversationId":"sess_2157ab68-9c2a-49f4-a4c7-b0cbcad4c0d2","turnId":"00205243-fe27-4da3-bca2-e27721039ac9","rootTurnId":"00205243-fe27-4da3-bca2-e27721039ac9"}
{"timestamp":"2026-08-24T08:25:02.061Z","level":"info","message":"[Steering] ExistingFiles:  in 00205243-fe27-4da3-bca2-e27721039ac9","conversationId":"sess_2157ab68-9c2a-49f4-a4c7-b0cbcad4c0d2","turnId":"00205243-fe27-4da3-bca2-e27721039ac9","rootTurnId":"00205243-fe27-4da3-bca2-e27721039ac9"}
{"timestamp":"2026-08-24T08:25:02.063Z","level":"info","message":"[q-developer-converse] Sending GenerateAssistantResponse modelId=auto agentMode=vibe origin=AI_EDITOR streaming=true conversationId=sess_2157ab68-9c2a-49f4-a4c7-b0cbcad4c0d2","conversationId":"sess_2157ab68-9c2a-49f4-a4c7-b0cbcad4c0d2","turnId":"00205243-fe27-4da3-bca2-e27721039ac9","rootTurnId":"00205243-fe27-4da3-bca2-e27721039ac9"}
{"timestamp":"2026-08-24T08:25:02.064Z","level":"info","message":"[q-developer-converse] Request payload: 311106 chars, 64 history messages, conversationId=sess_2157ab68-9c2a-49f4-a4c7-b0cbcad4c0d2","conversationId":"sess_2157ab68-9c2a-49f4-a4c7-b0cbcad4c0d2","turnId":"00205243-fe27-4da3-bca2-e27721039ac9","rootTurnId":"00205243-fe27-4da3-bca2-e27721039ac9"}
{"timestamp":"2026-08-24T08:25:02.072Z","level":"info","message":"fs.appendMessages.ok {\"system\":\"fs\",\"sessionId\":\"sess_2157ab68-9c2a-49f4-a4c7-b0cbcad4c0d2\",\"messageCount\":2,\"durationMs\":15}","conversationId":"sess_2157ab68-9c2a-49f4-a4c7-b0cbcad4c0d2","turnId":"00205243-fe27-4da3-bca2-e27721039ac9","rootTurnId":"00205243-fe27-4da3-bca2-e27721039ac9"}
{"timestamp":"2026-08-24T08:25:06.057Z","level":"info","message":"[AgentIterator] Synchronizing results","conversationId":"sess_2157ab68-9c2a-49f4-a4c7-b0cbcad4c0d2","turnId":"00205243-fe27-4da3-bca2-e27721039ac9","rootTurnId":"00205243-fe27-4da3-bca2-e27721039ac9"}
{"timestamp":"2026-08-24T08:25:06.057Z","level":"info","message":"[AgentIterator] Processing intent detection result","conversationId":"sess_2157ab68-9c2a-49f4-a4c7-b0cbcad4c0d2","turnId":"00205243-fe27-4da3-bca2-e27721039ac9","rootTurnId":"00205243-fe27-4da3-bca2-e27721039ac9"}
{"timestamp":"2026-08-24T08:25:06.058Z","level":"info","message":"[ChatAgent] Processing model response stream","conversationId":"sess_2157ab68-9c2a-49f4-a4c7-b0cbcad4c0d2","turnId":"00205243-fe27-4da3-bca2-e27721039ac9","rootTurnId":"00205243-fe27-4da3-bca2-e27721039ac9"}
{"timestamp":"2026-08-24T08:25:06.058Z","level":"info","message":"[Steering] Populating steering for execution 00205243-fe27-4da3-bca2-e27721039ac9","conversationId":"sess_2157ab68-9c2a-49f4-a4c7-b0cbcad4c0d2","turnId":"00205243-fe27-4da3-bca2-e27721039ac9","rootTurnId":"00205243-fe27-4da3-bca2-e27721039ac9"}
{"timestamp":"2026-08-24T08:25:06.058Z","level":"info","message":"[Steering] ExistingFiles:  in 00205243-fe27-4da3-bca2-e27721039ac9","conversationId":"sess_2157ab68-9c2a-49f4-a4c7-b0cbcad4c0d2","turnId":"00205243-fe27-4da3-bca2-e27721039ac9","rootTurnId":"00205243-fe27-4da3-bca2-e27721039ac9"}
{"timestamp":"2026-08-24T08:25:06.338Z","level":"info","message":"fs.appendMessages.ok {\"system\":\"fs\",\"sessionId\":\"sess_2157ab68-9c2a-49f4-a4c7-b0cbcad4c0d2\",\"messageCount\":1,\"durationMs\":3}","conversationId":"sess_2157ab68-9c2a-49f4-a4c7-b0cbcad4c0d2","turnId":"00205243-fe27-4da3-bca2-e27721039ac9","rootTurnId":"00205243-fe27-4da3-bca2-e27721039ac9"}
{"timestamp":"2026-08-24T08:25:07.396Z","level":"info","message":"[ACPEventAdapter] Execution yielded {\"executionId\":\"00205243-fe27-4da3-bca2-e27721039ac9\"}","conversationId":"sess_2157ab68-9c2a-49f4-a4c7-b0cbcad4c0d2","turnId":"00205243-fe27-4da3-bca2-e27721039ac9","rootTurnId":"00205243-fe27-4da3-bca2-e27721039ac9"}
{"timestamp":"2026-08-24T08:25:07.418Z","level":"info","message":"acp.policy-eval.complete {\"toolId\":\"run_command\",\"effect\":\"ask\"}","conversationId":"sess_2157ab68-9c2a-49f4-a4c7-b0cbcad4c0d2","turnId":"00205243-fe27-4da3-bca2-e27721039ac9","rootTurnId":"00205243-fe27-4da3-bca2-e27721039ac9"}
{"timestamp":"2026-08-24T08:25:07.449Z","level":"info","message":"[ACP ToolApproval] Requesting permission for toolId=run_command, operationId=run_command_tooluse_fLnwHCPCHXPEvMXGMqOA02, sessionId=sess_2157ab68-9c2a-49f4-a4c7-b0cbcad4c0d2","conversationId":"sess_2157ab68-9c2a-49f4-a4c7-b0cbcad4c0d2","turnId":"00205243-fe27-4da3-bca2-e27721039ac9","rootTurnId":"00205243-fe27-4da3-bca2-e27721039ac9"}
{"timestamp":"2026-08-24T08:25:07.453Z","level":"info","message":"fs.appendMessages.ok {\"system\":\"fs\",\"sessionId\":\"sess_2157ab68-9c2a-49f4-a4c7-b0cbcad4c0d2\",\"messageCount\":1,\"durationMs\":4}","conversationId":"sess_2157ab68-9c2a-49f4-a4c7-b0cbcad4c0d2","turnId":"00205243-fe27-4da3-bca2-e27721039ac9","rootTurnId":"00205243-fe27-4da3-bca2-e27721039ac9"}
{"timestamp":"2026-08-24T08:25:07.507Z","level":"info","message":"fs.appendMessages.ok {\"system\":\"fs\",\"sessionId\":\"sess_2157ab68-9c2a-49f4-a4c7-b0cbcad4c0d2\",\"messageCount\":1,\"durationMs\":4}","conversationId":"sess_2157ab68-9c2a-49f4-a4c7-b0cbcad4c0d2","turnId":"00205243-fe27-4da3-bca2-e27721039ac9","rootTurnId":"00205243-fe27-4da3-bca2-e27721039ac9"}
{"timestamp":"2026-08-24T08:25:07.514Z","level":"info","message":"fs.appendMessages.ok {\"system\":\"fs\",\"sessionId\":\"sess_2157ab68-9c2a-49f4-a4c7-b0cbcad4c0d2\",\"messageCount\":1,\"durationMs\":7}","conversationId":"sess_2157ab68-9c2a-49f4-a4c7-b0cbcad4c0d2","turnId":"00205243-fe27-4da3-bca2-e27721039ac9","rootTurnId":"00205243-fe27-4da3-bca2-e27721039ac9"}
{"timestamp":"2026-08-24T08:25:11.333Z","level":"info","message":"fs.appendMessages.ok {\"system\":\"fs\",\"sessionId\":\"sess_2157ab68-9c2a-49f4-a4c7-b0cbcad4c0d2\",\"messageCount\":1,\"durationMs\":2}","conversationId":"sess_2157ab68-9c2a-49f4-a4c7-b0cbcad4c0d2","turnId":"00205243-fe27-4da3-bca2-e27721039ac9","rootTurnId":"00205243-fe27-4da3-bca2-e27721039ac9"}
{"timestamp":"2026-08-24T08:25:11.333Z","level":"info","message":"[ACP ToolApproval] Got response: {\"optionId\":\"always-accept\",\"outcome\":\"selected\"}","conversationId":"sess_2157ab68-9c2a-49f4-a4c7-b0cbcad4c0d2","turnId":"00205243-fe27-4da3-bca2-e27721039ac9","rootTurnId":"00205243-fe27-4da3-bca2-e27721039ac9"}
{"timestamp":"2026-08-24T08:25:11.565Z","level":"info","message":"[PolicySession] rebuild() complete: 18 rules parsed, engineActive=true, fatal=false","conversationId":"sess_2157ab68-9c2a-49f4-a4c7-b0cbcad4c0d2","turnId":"00205243-fe27-4da3-bca2-e27721039ac9","rootTurnId":"00205243-fe27-4da3-bca2-e27721039ac9"}
{"timestamp":"2026-08-24T08:25:11.565Z","level":"info","message":"[PolicySession] Persisted allow rule for shell matching \"cmd /c \"mkdir C:\\Users\\Student\\.kiro\\regen\\src\\components\\ui && mkdir C:\\Users\\Student\\.kiro\\regen\\src\\components\\layout && mkdir C:\\Users\\Student\\.kiro\\regen\\src\\pages\"\" at scope=workspace","conversationId":"sess_2157ab68-9c2a-49f4-a4c7-b0cbcad4c0d2","turnId":"00205243-fe27-4da3-bca2-e27721039ac9","rootTurnId":"00205243-fe27-4da3-bca2-e27721039ac9"}
{"timestamp":"2026-08-24T08:25:11.569Z","level":"info","message":"[ACPEventAdapter] Execution resumed {\"executionId\":\"00205243-fe27-4da3-bca2-e27721039ac9\"}","conversationId":"sess_2157ab68-9c2a-49f4-a4c7-b0cbcad4c0d2","turnId":"00205243-fe27-4da3-bca2-e27721039ac9","rootTurnId":"00205243-fe27-4da3-bca2-e27721039ac9"}
{"timestamp":"2026-08-24T08:25:11.635Z","level":"info","message":"[AgentIterator] Parallel invoking agent","conversationId":"sess_2157ab68-9c2a-49f4-a4c7-b0cbcad4c0d2","turnId":"00205243-fe27-4da3-bca2-e27721039ac9","rootTurnId":"00205243-fe27-4da3-bca2-e27721039ac9"}
{"timestamp":"2026-08-24T08:25:11.635Z","level":"info","message":"[Steering] Populating steering for execution 00205243-fe27-4da3-bca2-e27721039ac9","conversationId":"sess_2157ab68-9c2a-49f4-a4c7-b0cbcad4c0d2","turnId":"00205243-fe27-4da3-bca2-e27721039ac9","rootTurnId":"00205243-fe27-4da3-bca2-e27721039ac9"}
{"timestamp":"2026-08-24T08:25:11.635Z","level":"info","message":"[Steering] ExistingFiles:  in 00205243-fe27-4da3-bca2-e27721039ac9","conversationId":"sess_2157ab68-9c2a-49f4-a4c7-b0cbcad4c0d2","turnId":"00205243-fe27-4da3-bca2-e27721039ac9","rootTurnId":"00205243-fe27-4da3-bca2-e27721039ac9"}
{"timestamp":"2026-08-24T08:25:11.637Z","level":"info","message":"[q-developer-converse] Sending GenerateAssistantResponse modelId=auto agentMode=vibe origin=AI_EDITOR streaming=true conversationId=sess_2157ab68-9c2a-49f4-a4c7-b0cbcad4c0d2","conversationId":"sess_2157ab68-9c2a-49f4-a4c7-b0cbcad4c0d2","turnId":"00205243-fe27-4da3-bca2-e27721039ac9","rootTurnId":"00205243-fe27-4da3-bca2-e27721039ac9"}
{"timestamp":"2026-08-24T08:25:11.638Z","level":"info","message":"[q-developer-converse] Request payload: 311948 chars, 66 history messages, conversationId=sess_2157ab68-9c2a-49f4-a4c7-b0cbcad4c0d2","conversationId":"sess_2157ab68-9c2a-49f4-a4c7-b0cbcad4c0d2","turnId":"00205243-fe27-4da3-bca2-e27721039ac9","rootTurnId":"00205243-fe27-4da3-bca2-e27721039ac9"}
{"timestamp":"2026-08-24T08:25:11.645Z","level":"info","message":"fs.appendMessages.ok {\"system\":\"fs\",\"sessionId\":\"sess_2157ab68-9c2a-49f4-a4c7-b0cbcad4c0d2\",\"messageCount\":2,\"durationMs\":13}","conversationId":"sess_2157ab68-9c2a-49f4-a4c7-b0cbcad4c0d2","turnId":"00205243-fe27-4da3-bca2-e27721039ac9","rootTurnId":"00205243-fe27-4da3-bca2-e27721039ac9"}
{"timestamp":"2026-08-24T08:25:15.422Z","level":"info","message":"[AgentIterator] Synchronizing results","conversationId":"sess_2157ab68-9c2a-49f4-a4c7-b0cbcad4c0d2","turnId":"00205243-fe27-4da3-bca2-e27721039ac9","rootTurnId":"00205243-fe27-4da3-bca2-e27721039ac9"}
{"timestamp":"2026-08-24T08:25:15.423Z","level":"info","message":"[AgentIterator] Processing intent detection result","conversationId":"sess_2157ab68-9c2a-49f4-a4c7-b0cbcad4c0d2","turnId":"00205243-fe27-4da3-bca2-e27721039ac9","rootTurnId":"00205243-fe27-4da3-bca2-e27721039ac9"}
{"timestamp":"2026-08-24T08:25:15.423Z","level":"info","message":"[ChatAgent] Processing model response stream","conversationId":"sess_2157ab68-9c2a-49f4-a4c7-b0cbcad4c0d2","turnId":"00205243-fe27-4da3-bca2-e27721039ac9","rootTurnId":"00205243-fe27-4da3-bca2-e27721039ac9"}
{"timestamp":"2026-08-24T08:25:15.423Z","level":"info","message":"[Steering] Populating steering for execution 00205243-fe27-4da3-bca2-e27721039ac9","conversationId":"sess_2157ab68-9c2a-49f4-a4c7-b0cbcad4c0d2","turnId":"00205243-fe27-4da3-bca2-e27721039ac9","rootTurnId":"00205243-fe27-4da3-bca2-e27721039ac9"}
{"timestamp":"2026-08-24T08:25:15.423Z","level":"info","message":"[Steering] ExistingFiles:  in 00205243-fe27-4da3-bca2-e27721039ac9","conversationId":"sess_2157ab68-9c2a-49f4-a4c7-b0cbcad4c0d2","turnId":"00205243-fe27-4da3-bca2-e27721039ac9","rootTurnId":"00205243-fe27-4da3-bca2-e27721039ac9"}
{"timestamp":"2026-08-24T08:25:18.985Z","level":"info","message":"acp.policy-eval.complete {\"toolId\":\"fs_write\",\"effect\":\"allow\",\"capability\":\"fs_write\"}","conversationId":"sess_2157ab68-9c2a-49f4-a4c7-b0cbcad4c0d2","turnId":"00205243-fe27-4da3-bca2-e27721039ac9","rootTurnId":"00205243-fe27-4da3-bca2-e27721039ac9"}
{"timestamp":"2026-08-24T08:25:19.018Z","level":"info","message":"[SessionPersistence] Created snapshot d9194734 for regen/src/components/ui/SimBadge.tsx in session sess_2157ab68-9c2a-49f4-a4c7-b0cbcad4c0d2 (456 bytes)","conversationId":"sess_2157ab68-9c2a-49f4-a4c7-b0cbcad4c0d2","turnId":"00205243-fe27-4da3-bca2-e27721039ac9","rootTurnId":"00205243-fe27-4da3-bca2-e27721039ac9"}
{"timestamp":"2026-08-24T08:25:19.022Z","level":"info","message":"fs.appendMessages.ok {\"system\":\"fs\",\"sessionId\":\"sess_2157ab68-9c2a-49f4-a4c7-b0cbcad4c0d2\",\"messageCount\":2,\"durationMs\":3}","conversationId":"sess_2157ab68-9c2a-49f4-a4c7-b0cbcad4c0d2","turnId":"00205243-fe27-4da3-bca2-e27721039ac9","rootTurnId":"00205243-fe27-4da3-bca2-e27721039ac9"}
{"timestamp":"2026-08-24T08:25:19.168Z","level":"info","message":"[AgentIterator] Parallel invoking agent","conversationId":"sess_2157ab68-9c2a-49f4-a4c7-b0cbcad4c0d2","turnId":"00205243-fe27-4da3-bca2-e27721039ac9","rootTurnId":"00205243-fe27-4da3-bca2-e27721039ac9"}
{"timestamp":"2026-08-24T08:25:19.169Z","level":"info","message":"[Steering] Populating steering for execution 00205243-fe27-4da3-bca2-e27721039ac9","conversationId":"sess_2157ab68-9c2a-49f4-a4c7-b0cbcad4c0d2","turnId":"00205243-fe27-4da3-bca2-e27721039ac9","rootTurnId":"00205243-fe27-4da3-bca2-e27721039ac9"}
{"timestamp":"2026-08-24T08:25:19.169Z","level":"info","message":"[Steering] ExistingFiles:  in 00205243-fe27-4da3-bca2-e27721039ac9","conversationId":"sess_2157ab68-9c2a-49f4-a4c7-b0cbcad4c0d2","turnId":"00205243-fe27-4da3-bca2-e27721039ac9","rootTurnId":"00205243-fe27-4da3-bca2-e27721039ac9"}
{"timestamp":"2026-08-24T08:25:19.170Z","level":"info","message":"[q-developer-converse] Sending GenerateAssistantResponse modelId=auto agentMode=vibe origin=AI_EDITOR streaming=true conversationId=sess_2157ab68-9c2a-49f4-a4c7-b0cbcad4c0d2","conversationId":"sess_2157ab68-9c2a-49f4-a4c7-b0cbcad4c0d2","turnId":"00205243-fe27-4da3-bca2-e27721039ac9","rootTurnId":"00205243-fe27-4da3-bca2-e27721039ac9"}
{"timestamp":"2026-08-24T08:25:19.171Z","level":"info","message":"[q-developer-converse] Request payload: 313105 chars, 68 history messages, conversationId=sess_2157ab68-9c2a-49f4-a4c7-b0cbcad4c0d2","conversationId":"sess_2157ab68-9c2a-49f4-a4c7-b0cbcad4c0d2","turnId":"00205243-fe27-4da3-bca2-e27721039ac9","rootTurnId":"00205243-fe27-4da3-bca2-e27721039ac9"}
{"timestamp":"2026-08-24T08:25:19.179Z","level":"info","message":"fs.appendMessages.ok {\"system\":\"fs\",\"sessionId\":\"sess_2157ab68-9c2a-49f4-a4c7-b0cbcad4c0d2\",\"messageCount\":1,\"durationMs\":16}","conversationId":"sess_2157ab68-9c2a-49f4-a4c7-b0cbcad4c0d2","turnId":"00205243-fe27-4da3-bca2-e27721039ac9","rootTurnId":"00205243-fe27-4da3-bca2-e27721039ac9"}
{"timestamp":"2026-08-24T08:25:19.187Z","level":"info","message":"fs.appendMessages.ok {\"system\":\"fs\",\"sessionId\":\"sess_2157ab68-9c2a-49f4-a4c7-b0cbcad4c0d2\",\"messageCount\":1,\"durationMs\":7}","conversationId":"sess_2157ab68-9c2a-49f4-a4c7-b0cbcad4c0d2","turnId":"00205243-fe27-4da3-bca2-e27721039ac9","rootTurnId":"00205243-fe27-4da3-bca2-e27721039ac9"}
{"timestamp":"2026-08-24T08:25:23.639Z","level":"info","message":"[AgentIterator] Synchronizing results","conversationId":"sess_2157ab68-9c2a-49f4-a4c7-b0cbcad4c0d2","turnId":"00205243-fe27-4da3-bca2-e27721039ac9","rootTurnId":"00205243-fe27-4da3-bca2-e27721039ac9"}
{"timestamp":"2026-08-24T08:25:23.639Z","level":"info","message":"[AgentIterator] Processing intent detection result","conversationId":"sess_2157ab68-9c2a-49f4-a4c7-b0cbcad4c0d2","turnId":"00205243-fe27-4da3-bca2-e27721039ac9","rootTurnId":"00205243-fe27-4da3-bca2-e27721039ac9"}
{"timestamp":"2026-08-24T08:25:23.640Z","level":"info","message":"[ChatAgent] Processing model response stream","conversationId":"sess_2157ab68-9c2a-49f4-a4c7-b0cbcad4c0d2","turnId":"00205243-fe27-4da3-bca2-e27721039ac9","rootTurnId":"00205243-fe27-4da3-bca2-e27721039ac9"}
{"timestamp":"2026-08-24T08:25:23.640Z","level":"info","message":"[Steering] Populating steering for execution 00205243-fe27-4da3-bca2-e27721039ac9","conversationId":"sess_2157ab68-9c2a-49f4-a4c7-b0cbcad4c0d2","turnId":"00205243-fe27-4da3-bca2-e27721039ac9","rootTurnId":"00205243-fe27-4da3-bca2-e27721039ac9"}
{"timestamp":"2026-08-24T08:25:23.640Z","level":"info","message":"[Steering] ExistingFiles:  in 00205243-fe27-4da3-bca2-e27721039ac9","conversationId":"sess_2157ab68-9c2a-49f4-a4c7-b0cbcad4c0d2","turnId":"00205243-fe27-4da3-bca2-e27721039ac9","rootTurnId":"00205243-fe27-4da3-bca2-e27721039ac9"}
{"timestamp":"2026-08-24T08:25:24.971Z","level":"info","message":"acp.policy-eval.complete {\"toolId\":\"fs_write\",\"effect\":\"allow\",\"capability\":\"fs_write\"}","conversationId":"sess_2157ab68-9c2a-49f4-a4c7-b0cbcad4c0d2","turnId":"00205243-fe27-4da3-bca2-e27721039ac9","rootTurnId":"00205243-fe27-4da3-bca2-e27721039ac9"}
{"timestamp":"2026-08-24T08:25:24.992Z","level":"info","message":"[SessionPersistence] Created snapshot 67be9f21 for regen/src/components/ui/StatusBadge.tsx in session sess_2157ab68-9c2a-49f4-a4c7-b0cbcad4c0d2 (190 bytes)","conversationId":"sess_2157ab68-9c2a-49f4-a4c7-b0cbcad4c0d2","turnId":"00205243-fe27-4da3-bca2-e27721039ac9","rootTurnId":"00205243-fe27-4da3-bca2-e27721039ac9"}
{"timestamp":"2026-08-24T08:25:24.994Z","level":"info","message":"fs.appendMessages.ok {\"system\":\"fs\",\"sessionId\":\"sess_2157ab68-9c2a-49f4-a4c7-b0cbcad4c0d2\",\"messageCount\":2,\"durationMs\":2}","conversationId":"sess_2157ab68-9c2a-49f4-a4c7-b0cbcad4c0d2","turnId":"00205243-fe27-4da3-bca2-e27721039ac9","rootTurnId":"00205243-fe27-4da3-bca2-e27721039ac9"}
{"timestamp":"2026-08-24T08:25:25.044Z","level":"info","message":"[AgentIterator] Parallel invoking agent","conversationId":"sess_2157ab68-9c2a-49f4-a4c7-b0cbcad4c0d2","turnId":"00205243-fe27-4da3-bca2-e27721039ac9","rootTurnId":"00205243-fe27-4da3-bca2-e27721039ac9"}
{"timestamp":"2026-08-24T08:25:25.044Z","level":"info","message":"[Steering] Populating steering for execution 00205243-fe27-4da3-bca2-e27721039ac9","conversationId":"sess_2157ab68-9c2a-49f4-a4c7-b0cbcad4c0d2","turnId":"00205243-fe27-4da3-bca2-e27721039ac9","rootTurnId":"00205243-fe27-4da3-bca2-e27721039ac9"}
{"timestamp":"2026-08-24T08:25:25.044Z","level":"info","message":"[Steering] ExistingFiles:  in 00205243-fe27-4da3-bca2-e27721039ac9","conversationId":"sess_2157ab68-9c2a-49f4-a4c7-b0cbcad4c0d2","turnId":"00205243-fe27-4da3-bca2-e27721039ac9","rootTurnId":"00205243-fe27-4da3-bca2-e27721039ac9"}
{"timestamp":"2026-08-24T08:25:25.045Z","level":"info","message":"[q-developer-converse] Sending GenerateAssistantResponse modelId=auto agentMode=vibe origin=AI_EDITOR streaming=true conversationId=sess_2157ab68-9c2a-49f4-a4c7-b0cbcad4c0d2","conversationId":"sess_2157ab68-9c2a-49f4-a4c7-b0cbcad4c0d2","turnId":"00205243-fe27-4da3-bca2-e27721039ac9","rootTurnId":"00205243-fe27-4da3-bca2-e27721039ac9"}
{"timestamp":"2026-08-24T08:25:25.046Z","level":"info","message":"[q-developer-converse] Request payload: 313985 chars, 70 history messages, conversationId=sess_2157ab68-9c2a-49f4-a4c7-b0cbcad4c0d2","conversationId":"sess_2157ab68-9c2a-49f4-a4c7-b0cbcad4c0d2","turnId":"00205243-fe27-4da3-bca2-e27721039ac9","rootTurnId":"00205243-fe27-4da3-bca2-e27721039ac9"}
{"timestamp":"2026-08-24T08:25:25.054Z","level":"info","message":"fs.appendMessages.ok {\"system\":\"fs\",\"sessionId\":\"sess_2157ab68-9c2a-49f4-a4c7-b0cbcad4c0d2\",\"messageCount\":1,\"durationMs\":15}","conversationId":"sess_2157ab68-9c2a-49f4-a4c7-b0cbcad4c0d2","turnId":"00205243-fe27-4da3-bca2-e27721039ac9","rootTurnId":"00205243-fe27-4da3-bca2-e27721039ac9"}
{"timestamp":"2026-08-24T08:25:25.061Z","level":"info","message":"fs.appendMessages.ok {\"system\":\"fs\",\"sessionId\":\"sess_2157ab68-9c2a-49f4-a4c7-b0cbcad4c0d2\",\"messageCount\":1,\"durationMs\":8}","conversationId":"sess_2157ab68-9c2a-49f4-a4c7-b0cbcad4c0d2","turnId":"00205243-fe27-4da3-bca2-e27721039ac9","rootTurnId":"00205243-fe27-4da3-bca2-e27721039ac9"}
{"timestamp":"2026-08-24T08:25:28.940Z","level":"info","message":"[AgentIterator] Synchronizing results","conversationId":"sess_2157ab68-9c2a-49f4-a4c7-b0cbcad4c0d2","turnId":"00205243-fe27-4da3-bca2-e27721039ac9","rootTurnId":"00205243-fe27-4da3-bca2-e27721039ac9"}
{"timestamp":"2026-08-24T08:25:28.940Z","level":"info","message":"[AgentIterator] Processing intent detection result","conversationId":"sess_2157ab68-9c2a-49f4-a4c7-b0cbcad4c0d2","turnId":"00205243-fe27-4da3-bca2-e27721039ac9","rootTurnId":"00205243-fe27-4da3-bca2-e27721039ac9"}
{"timestamp":"2026-08-24T08:25:28.941Z","level":"info","message":"[ChatAgent] Processing model response stream","conversationId":"sess_2157ab68-9c2a-49f4-a4c7-b0cbcad4c0d2","turnId":"00205243-fe27-4da3-bca2-e27721039ac9","rootTurnId":"00205243-fe27-4da3-bca2-e27721039ac9"}
{"timestamp":"2026-08-24T08:25:28.941Z","level":"info","message":"[Steering] Populating steering for execution 00205243-fe27-4da3-bca2-e27721039ac9","conversationId":"sess_2157ab68-9c2a-49f4-a4c7-b0cbcad4c0d2","turnId":"00205243-fe27-4da3-bca2-e27721039ac9","rootTurnId":"00205243-fe27-4da3-bca2-e27721039ac9"}
{"timestamp":"2026-08-24T08:25:28.941Z","level":"info","message":"[Steering] ExistingFiles:  in 00205243-fe27-4da3-bca2-e27721039ac9","conversationId":"sess_2157ab68-9c2a-49f4-a4c7-b0cbcad4c0d2","turnId":"00205243-fe27-4da3-bca2-e27721039ac9","rootTurnId":"00205243-fe27-4da3-bca2-e27721039ac9"}
{"timestamp":"2026-08-24T08:25:31.896Z","level":"info","message":"acp.policy-eval.complete {\"toolId\":\"fs_write\",\"effect\":\"allow\",\"capability\":\"fs_write\"}","conversationId":"sess_2157ab68-9c2a-49f4-a4c7-b0cbcad4c0d2","turnId":"00205243-fe27-4da3-bca2-e27721039ac9","rootTurnId":"00205243-fe27-4da3-bca2-e27721039ac9"}
{"timestamp":"2026-08-24T08:25:31.927Z","level":"info","message":"[SessionPersistence] Created snapshot 8fedd59f for regen/src/components/ui/LoadingSpinner.tsx in session sess_2157ab68-9c2a-49f4-a4c7-b0cbcad4c0d2 (441 bytes)","conversationId":"sess_2157ab68-9c2a-49f4-a4c7-b0cbcad4c0d2","turnId":"00205243-fe27-4da3-bca2-e27721039ac9","rootTurnId":"00205243-fe27-4da3-bca2-e27721039ac9"}
{"timestamp":"2026-08-24T08:25:31.929Z","level":"info","message":"fs.appendMessages.ok {\"system\":\"fs\",\"sessionId\":\"sess_2157ab68-9c2a-49f4-a4c7-b0cbcad4c0d2\",\"messageCount\":2,\"durationMs\":2}","conversationId":"sess_2157ab68-9c2a-49f4-a4c7-b0cbcad4c0d2","turnId":"00205243-fe27-4da3-bca2-e27721039ac9","rootTurnId":"00205243-fe27-4da3-bca2-e27721039ac9"}
{"timestamp":"2026-08-24T08:25:32.034Z","level":"info","message":"[AgentIterator] Parallel invoking agent","conversationId":"sess_2157ab68-9c2a-49f4-a4c7-b0cbcad4c0d2","turnId":"00205243-fe27-4da3-bca2-e27721039ac9","rootTurnId":"00205243-fe27-4da3-bca2-e27721039ac9"}
{"timestamp":"2026-08-24T08:25:32.034Z","level":"info","message":"[Steering] Populating steering for execution 00205243-fe27-4da3-bca2-e27721039ac9","conversationId":"sess_2157ab68-9c2a-49f4-a4c7-b0cbcad4c0d2","turnId":"00205243-fe27-4da3-bca2-e27721039ac9","rootTurnId":"00205243-fe27-4da3-bca2-e27721039ac9"}
{"timestamp":"2026-08-24T08:25:32.035Z","level":"info","message":"[Steering] ExistingFiles:  in 00205243-fe27-4da3-bca2-e27721039ac9","conversationId":"sess_2157ab68-9c2a-49f4-a4c7-b0cbcad4c0d2","turnId":"00205243-fe27-4da3-bca2-e27721039ac9","rootTurnId":"00205243-fe27-4da3-bca2-e27721039ac9"}
{"timestamp":"2026-08-24T08:25:32.036Z","level":"info","message":"[q-developer-converse] Sending GenerateAssistantResponse modelId=auto agentMode=vibe origin=AI_EDITOR streaming=true conversationId=sess_2157ab68-9c2a-49f4-a4c7-b0cbcad4c0d2","conversationId":"sess_2157ab68-9c2a-49f4-a4c7-b0cbcad4c0d2","turnId":"00205243-fe27-4da3-bca2-e27721039ac9","rootTurnId":"00205243-fe27-4da3-bca2-e27721039ac9"}
{"timestamp":"2026-08-24T08:25:32.037Z","level":"info","message":"[q-developer-converse] Request payload: 315133 chars, 72 history messages, conversationId=sess_2157ab68-9c2a-49f4-a4c7-b0cbcad4c0d2","conversationId":"sess_2157ab68-9c2a-49f4-a4c7-b0cbcad4c0d2","turnId":"00205243-fe27-4da3-bca2-e27721039ac9","rootTurnId":"00205243-fe27-4da3-bca2-e27721039ac9"}
{"timestamp":"2026-08-24T08:25:32.045Z","level":"info","message":"fs.appendMessages.ok {\"system\":\"fs\",\"sessionId\":\"sess_2157ab68-9c2a-49f4-a4c7-b0cbcad4c0d2\",\"messageCount\":1,\"durationMs\":15}","conversationId":"sess_2157ab68-9c2a-49f4-a4c7-b0cbcad4c0d2","turnId":"00205243-fe27-4da3-bca2-e27721039ac9","rootTurnId":"00205243-fe27-4da3-bca2-e27721039ac9"}
{"timestamp":"2026-08-24T08:25:32.055Z","level":"info","message":"fs.appendMessages.ok {\"system\":\"fs\",\"sessionId\":\"sess_2157ab68-9c2a-49f4-a4c7-b0cbcad4c0d2\",\"messageCount\":1,\"durationMs\":10}","conversationId":"sess_2157ab68-9c2a-49f4-a4c7-b0cbcad4c0d2","turnId":"00205243-fe27-4da3-bca2-e27721039ac9","rootTurnId":"00205243-fe27-4da3-bca2-e27721039ac9"}
{"timestamp":"2026-08-24T08:25:35.635Z","level":"info","message":"[AgentIterator] Synchronizing results","conversationId":"sess_2157ab68-9c2a-49f4-a4c7-b0cbcad4c0d2","turnId":"00205243-fe27-4da3-bca2-e27721039ac9","rootTurnId":"00205243-fe27-4da3-bca2-e27721039ac9"}
{"timestamp":"2026-08-24T08:25:35.635Z","level":"info","message":"[AgentIterator] Processing intent detection result","conversationId":"sess_2157ab68-9c2a-49f4-a4c7-b0cbcad4c0d2","turnId":"00205243-fe27-4da3-bca2-e27721039ac9","rootTurnId":"00205243-fe27-4da3-bca2-e27721039ac9"}
{"timestamp":"2026-08-24T08:25:35.635Z","level":"info","message":"[ChatAgent] Processing model response stream","conversationId":"sess_2157ab68-9c2a-49f4-a4c7-b0cbcad4c0d2","turnId":"00205243-fe27-4da3-bca2-e27721039ac9","rootTurnId":"00205243-fe27-4da3-bca2-e27721039ac9"}
{"timestamp":"2026-08-24T08:25:35.635Z","level":"info","message":"[Steering] Populating steering for execution 00205243-fe27-4da3-bca2-e27721039ac9","conversationId":"sess_2157ab68-9c2a-49f4-a4c7-b0cbcad4c0d2","turnId":"00205243-fe27-4da3-bca2-e27721039ac9","rootTurnId":"00205243-fe27-4da3-bca2-e27721039ac9"}
{"timestamp":"2026-08-24T08:25:35.635Z","level":"info","message":"[Steering] ExistingFiles:  in 00205243-fe27-4da3-bca2-e27721039ac9","conversationId":"sess_2157ab68-9c2a-49f4-a4c7-b0cbcad4c0d2","turnId":"00205243-fe27-4da3-bca2-e27721039ac9","rootTurnId":"00205243-fe27-4da3-bca2-e27721039ac9"}
{"timestamp":"2026-08-24T08:25:40.475Z","level":"info","message":"acp.policy-eval.complete {\"toolId\":\"fs_write\",\"effect\":\"allow\",\"capability\":\"fs_write\"}","conversationId":"sess_2157ab68-9c2a-49f4-a4c7-b0cbcad4c0d2","turnId":"00205243-fe27-4da3-bca2-e27721039ac9","rootTurnId":"00205243-fe27-4da3-bca2-e27721039ac9"}
{"timestamp":"2026-08-24T08:25:40.508Z","level":"info","message":"[SessionPersistence] Created snapshot 566dcdf7 for regen/src/components/ui/StatCard.tsx in session sess_2157ab68-9c2a-49f4-a4c7-b0cbcad4c0d2 (1050 bytes)","conversationId":"sess_2157ab68-9c2a-49f4-a4c7-b0cbcad4c0d2","turnId":"00205243-fe27-4da3-bca2-e27721039ac9","rootTurnId":"00205243-fe27-4da3-bca2-e27721039ac9"}
{"timestamp":"2026-08-24T08:25:40.512Z","level":"info","message":"fs.appendMessages.ok {\"system\":\"fs\",\"sessionId\":\"sess_2157ab68-9c2a-49f4-a4c7-b0cbcad4c0d2\",\"messageCount\":2,\"durationMs\":3}","conversationId":"sess_2157ab68-9c2a-49f4-a4c7-b0cbcad4c0d2","turnId":"00205243-fe27-4da3-bca2-e27721039ac9","rootTurnId":"00205243-fe27-4da3-bca2-e27721039ac9"}
{"timestamp":"2026-08-24T08:25:40.630Z","level":"info","message":"[AgentIterator] Parallel invoking agent","conversationId":"sess_2157ab68-9c2a-49f4-a4c7-b0cbcad4c0d2","turnId":"00205243-fe27-4da3-bca2-e27721039ac9","rootTurnId":"00205243-fe27-4da3-bca2-e27721039ac9"}
{"timestamp":"2026-08-24T08:25:40.631Z","level":"info","message":"[Steering] Populating steering for execution 00205243-fe27-4da3-bca2-e27721039ac9","conversationId":"sess_2157ab68-9c2a-49f4-a4c7-b0cbcad4c0d2","turnId":"00205243-fe27-4da3-bca2-e27721039ac9","rootTurnId":"00205243-fe27-4da3-bca2-e27721039ac9"}
{"timestamp":"2026-08-24T08:25:40.631Z","level":"info","message":"[Steering] ExistingFiles:  in 00205243-fe27-4da3-bca2-e27721039ac9","conversationId":"sess_2157ab68-9c2a-49f4-a4c7-b0cbcad4c0d2","turnId":"00205243-fe27-4da3-bca2-e27721039ac9","rootTurnId":"00205243-fe27-4da3-bca2-e27721039ac9"}
{"timestamp":"2026-08-24T08:25:40.632Z","level":"info","message":"[q-developer-converse] Sending GenerateAssistantResponse modelId=auto agentMode=vibe origin=AI_EDITOR streaming=true conversationId=sess_2157ab68-9c2a-49f4-a4c7-b0cbcad4c0d2","conversationId":"sess_2157ab68-9c2a-49f4-a4c7-b0cbcad4c0d2","turnId":"00205243-fe27-4da3-bca2-e27721039ac9","rootTurnId":"00205243-fe27-4da3-bca2-e27721039ac9"}
{"timestamp":"2026-08-24T08:25:40.633Z","level":"info","message":"[q-developer-converse] Request payload: 316906 chars, 74 history messages, conversationId=sess_2157ab68-9c2a-49f4-a4c7-b0cbcad4c0d2","conversationId":"sess_2157ab68-9c2a-49f4-a4c7-b0cbcad4c0d2","turnId":"00205243-fe27-4da3-bca2-e27721039ac9","rootTurnId":"00205243-fe27-4da3-bca2-e27721039ac9"}
{"timestamp":"2026-08-24T08:25:40.644Z","level":"info","message":"fs.appendMessages.ok {\"system\":\"fs\",\"sessionId\":\"sess_2157ab68-9c2a-49f4-a4c7-b0cbcad4c0d2\",\"messageCount\":1,\"durationMs\":19}","conversationId":"sess_2157ab68-9c2a-49f4-a4c7-b0cbcad4c0d2","turnId":"00205243-fe27-4da3-bca2-e27721039ac9","rootTurnId":"00205243-fe27-4da3-bca2-e27721039ac9"}
{"timestamp":"2026-08-24T08:25:40.653Z","level":"info","message":"fs.appendMessages.ok {\"system\":\"fs\",\"sessionId\":\"sess_2157ab68-9c2a-49f4-a4c7-b0cbcad4c0d2\",\"messageCount\":1,\"durationMs\":9}","conversationId":"sess_2157ab68-9c2a-49f4-a4c7-b0cbcad4c0d2","turnId":"00205243-fe27-4da3-bca2-e27721039ac9","rootTurnId":"00205243-fe27-4da3-bca2-e27721039ac9"}
{"timestamp":"2026-08-24T08:25:44.905Z","level":"info","message":"[AgentIterator] Synchronizing results","conversationId":"sess_2157ab68-9c2a-49f4-a4c7-b0cbcad4c0d2","turnId":"00205243-fe27-4da3-bca2-e27721039ac9","rootTurnId":"00205243-fe27-4da3-bca2-e27721039ac9"}
{"timestamp":"2026-08-24T08:25:44.905Z","level":"info","message":"[AgentIterator] Processing intent detection result","conversationId":"sess_2157ab68-9c2a-49f4-a4c7-b0cbcad4c0d2","turnId":"00205243-fe27-4da3-bca2-e27721039ac9","rootTurnId":"00205243-fe27-4da3-bca2-e27721039ac9"}
{"timestamp":"2026-08-24T08:25:44.906Z","level":"info","message":"[ChatAgent] Processing model response stream","conversationId":"sess_2157ab68-9c2a-49f4-a4c7-b0cbcad4c0d2","turnId":"00205243-fe27-4da3-bca2-e27721039ac9","rootTurnId":"00205243-fe27-4da3-bca2-e27721039ac9"}
{"timestamp":"2026-08-24T08:25:44.906Z","level":"info","message":"[Steering] Populating steering for execution 00205243-fe27-4da3-bca2-e27721039ac9","conversationId":"sess_2157ab68-9c2a-49f4-a4c7-b0cbcad4c0d2","turnId":"00205243-fe27-4da3-bca2-e27721039ac9","rootTurnId":"00205243-fe27-4da3-bca2-e27721039ac9"}
{"timestamp":"2026-08-24T08:25:44.906Z","level":"info","message":"[Steering] ExistingFiles:  in 00205243-fe27-4da3-bca2-e27721039ac9","conversationId":"sess_2157ab68-9c2a-49f4-a4c7-b0cbcad4c0d2","turnId":"00205243-fe27-4da3-bca2-e27721039ac9","rootTurnId":"00205243-fe27-4da3-bca2-e27721039ac9"}
{"timestamp":"2026-08-24T08:25:45.168Z","level":"info","message":"fs.appendMessages.ok {\"system\":\"fs\",\"sessionId\":\"sess_2157ab68-9c2a-49f4-a4c7-b0cbcad4c0d2\",\"messageCount\":1,\"durationMs\":2}","conversationId":"sess_2157ab68-9c2a-49f4-a4c7-b0cbcad4c0d2","turnId":"00205243-fe27-4da3-bca2-e27721039ac9","rootTurnId":"00205243-fe27-4da3-bca2-e27721039ac9"}
{"timestamp":"2026-08-24T08:26:00.417Z","level":"info","message":"acp.policy-eval.complete {\"toolId\":\"fs_write\",\"effect\":\"allow\",\"capability\":\"fs_write\"}","conversationId":"sess_2157ab68-9c2a-49f4-a4c7-b0cbcad4c0d2","turnId":"00205243-fe27-4da3-bca2-e27721039ac9","rootTurnId":"00205243-fe27-4da3-bca2-e27721039ac9"}
{"timestamp":"2026-08-24T08:26:00.419Z","level":"info","message":"fs.appendMessages.ok {\"system\":\"fs\",\"sessionId\":\"sess_2157ab68-9c2a-49f4-a4c7-b0cbcad4c0d2\",\"messageCount\":1,\"durationMs\":10}","conversationId":"sess_2157ab68-9c2a-49f4-a4c7-b0cbcad4c0d2","turnId":"00205243-fe27-4da3-bca2-e27721039ac9","rootTurnId":"00205243-fe27-4da3-bca2-e27721039ac9"}
{"timestamp":"2026-08-24T08:26:00.426Z","level":"info","message":"fs.appendMessages.ok {\"system\":\"fs\",\"sessionId\":\"sess_2157ab68-9c2a-49f4-a4c7-b0cbcad4c0d2\",\"messageCount\":1,\"durationMs\":7}","conversationId":"sess_2157ab68-9c2a-49f4-a4c7-b0cbcad4c0d2","turnId":"00205243-fe27-4da3-bca2-e27721039ac9","rootTurnId":"00205243-fe27-4da3-bca2-e27721039ac9"}
{"timestamp":"2026-08-24T08:26:00.438Z","level":"info","message":"[SessionPersistence] Created snapshot 87551a15 for regen/src/components/layout/Sidebar.tsx in session sess_2157ab68-9c2a-49f4-a4c7-b0cbcad4c0d2 (3715 bytes)","conversationId":"sess_2157ab68-9c2a-49f4-a4c7-b0cbcad4c0d2","turnId":"00205243-fe27-4da3-bca2-e27721039ac9","rootTurnId":"00205243-fe27-4da3-bca2-e27721039ac9"}
{"timestamp":"2026-08-24T08:26:00.444Z","level":"info","message":"[AgentIterator] Parallel invoking agent","conversationId":"sess_2157ab68-9c2a-49f4-a4c7-b0cbcad4c0d2","turnId":"00205243-fe27-4da3-bca2-e27721039ac9","rootTurnId":"00205243-fe27-4da3-bca2-e27721039ac9"}
{"timestamp":"2026-08-24T08:26:00.445Z","level":"info","message":"[Steering] Populating steering for execution 00205243-fe27-4da3-bca2-e27721039ac9","conversationId":"sess_2157ab68-9c2a-49f4-a4c7-b0cbcad4c0d2","turnId":"00205243-fe27-4da3-bca2-e27721039ac9","rootTurnId":"00205243-fe27-4da3-bca2-e27721039ac9"}
{"timestamp":"2026-08-24T08:26:00.445Z","level":"info","message":"[Steering] ExistingFiles:  in 00205243-fe27-4da3-bca2-e27721039ac9","conversationId":"sess_2157ab68-9c2a-49f4-a4c7-b0cbcad4c0d2","turnId":"00205243-fe27-4da3-bca2-e27721039ac9","rootTurnId":"00205243-fe27-4da3-bca2-e27721039ac9"}
{"timestamp":"2026-08-24T08:26:00.446Z","level":"info","message":"[q-developer-converse] Sending GenerateAssistantResponse modelId=auto agentMode=vibe origin=AI_EDITOR streaming=true conversationId=sess_2157ab68-9c2a-49f4-a4c7-b0cbcad4c0d2","conversationId":"sess_2157ab68-9c2a-49f4-a4c7-b0cbcad4c0d2","turnId":"00205243-fe27-4da3-bca2-e27721039ac9","rootTurnId":"00205243-fe27-4da3-bca2-e27721039ac9"}
{"timestamp":"2026-08-24T08:26:00.447Z","level":"info","message":"[q-developer-converse] Request payload: 321465 chars, 76 history messages, conversationId=sess_2157ab68-9c2a-49f4-a4c7-b0cbcad4c0d2","conversationId":"sess_2157ab68-9c2a-49f4-a4c7-b0cbcad4c0d2","turnId":"00205243-fe27-4da3-bca2-e27721039ac9","rootTurnId":"00205243-fe27-4da3-bca2-e27721039ac9"}
{"timestamp":"2026-08-24T08:26:00.454Z","level":"info","message":"fs.appendMessages.ok {\"system\":\"fs\",\"sessionId\":\"sess_2157ab68-9c2a-49f4-a4c7-b0cbcad4c0d2\",\"messageCount\":2,\"durationMs\":15}","conversationId":"sess_2157ab68-9c2a-49f4-a4c7-b0cbcad4c0d2","turnId":"00205243-fe27-4da3-bca2-e27721039ac9","rootTurnId":"00205243-fe27-4da3-bca2-e27721039ac9"}
{"timestamp":"2026-08-24T08:26:01.505Z","level":"info","message":"network.listAvailableModels.ok {\"system\":\"network\",\"durationMs\":1122}"}
{"timestamp":"2026-08-24T08:26:01.505Z","level":"info","message":"[ACPModelConfigProvider] Loaded 9 models"}
{"timestamp":"2026-08-24T08:26:03.905Z","level":"info","message":"[AgentIterator] Synchronizing results","conversationId":"sess_2157ab68-9c2a-49f4-a4c7-b0cbcad4c0d2","turnId":"00205243-fe27-4da3-bca2-e27721039ac9","rootTurnId":"00205243-fe27-4da3-bca2-e27721039ac9"}
{"timestamp":"2026-08-24T08:26:03.905Z","level":"info","message":"[AgentIterator] Processing intent detection result","conversationId":"sess_2157ab68-9c2a-49f4-a4c7-b0cbcad4c0d2","turnId":"00205243-fe27-4da3-bca2-e27721039ac9","rootTurnId":"00205243-fe27-4da3-bca2-e27721039ac9"}
{"timestamp":"2026-08-24T08:26:03.905Z","level":"info","message":"[ChatAgent] Processing model response stream","conversationId":"sess_2157ab68-9c2a-49f4-a4c7-b0cbcad4c0d2","turnId":"00205243-fe27-4da3-bca2-e27721039ac9","rootTurnId":"00205243-fe27-4da3-bca2-e27721039ac9"}
{"timestamp":"2026-08-24T08:26:03.905Z","level":"info","message":"[Steering] Populating steering for execution 00205243-fe27-4da3-bca2-e27721039ac9","conversationId":"sess_2157ab68-9c2a-49f4-a4c7-b0cbcad4c0d2","turnId":"00205243-fe27-4da3-bca2-e27721039ac9","rootTurnId":"00205243-fe27-4da3-bca2-e27721039ac9"}
{"timestamp":"2026-08-24T08:26:03.905Z","level":"info","message":"[Steering] ExistingFiles:  in 00205243-fe27-4da3-bca2-e27721039ac9","conversationId":"sess_2157ab68-9c2a-49f4-a4c7-b0cbcad4c0d2","turnId":"00205243-fe27-4da3-bca2-e27721039ac9","rootTurnId":"00205243-fe27-4da3-bca2-e27721039ac9"}
{"timestamp":"2026-08-24T08:26:12.546Z","level":"info","message":"acp.policy-eval.complete {\"toolId\":\"fs_write\",\"effect\":\"allow\",\"capability\":\"fs_write\"}","conversationId":"sess_2157ab68-9c2a-49f4-a4c7-b0cbcad4c0d2","turnId":"00205243-fe27-4da3-bca2-e27721039ac9","rootTurnId":"00205243-fe27-4da3-bca2-e27721039ac9"}
{"timestamp":"2026-08-24T08:26:12.549Z","level":"info","message":"fs.appendMessages.ok {\"system\":\"fs\",\"sessionId\":\"sess_2157ab68-9c2a-49f4-a4c7-b0cbcad4c0d2\",\"messageCount\":1,\"durationMs\":10}","conversationId":"sess_2157ab68-9c2a-49f4-a4c7-b0cbcad4c0d2","turnId":"00205243-fe27-4da3-bca2-e27721039ac9","rootTurnId":"00205243-fe27-4da3-bca2-e27721039ac9"}
{"timestamp":"2026-08-24T08:26:12.561Z","level":"info","message":"fs.appendMessages.ok {\"system\":\"fs\",\"sessionId\":\"sess_2157ab68-9c2a-49f4-a4c7-b0cbcad4c0d2\",\"messageCount\":1,\"durationMs\":12}","conversationId":"sess_2157ab68-9c2a-49f4-a4c7-b0cbcad4c0d2","turnId":"00205243-fe27-4da3-bca2-e27721039ac9","rootTurnId":"00205243-fe27-4da3-bca2-e27721039ac9"}
{"timestamp":"2026-08-24T08:26:12.580Z","level":"info","message":"[SessionPersistence] Created snapshot 361ca67f for regen/src/components/layout/TopBar.tsx in session sess_2157ab68-9c2a-49f4-a4c7-b0cbcad4c0d2 (2231 bytes)","conversationId":"sess_2157ab68-9c2a-49f4-a4c7-b0cbcad4c0d2","turnId":"00205243-fe27-4da3-bca2-e27721039ac9","rootTurnId":"00205243-fe27-4da3-bca2-e27721039ac9"}
{"timestamp":"2026-08-24T08:26:12.585Z","level":"info","message":"[AgentIterator] Parallel invoking agent","conversationId":"sess_2157ab68-9c2a-49f4-a4c7-b0cbcad4c0d2","turnId":"00205243-fe27-4da3-bca2-e27721039ac9","rootTurnId":"00205243-fe27-4da3-bca2-e27721039ac9"}
{"timestamp":"2026-08-24T08:26:12.585Z","level":"info","message":"[Steering] Populating steering for execution 00205243-fe27-4da3-bca2-e27721039ac9","conversationId":"sess_2157ab68-9c2a-49f4-a4c7-b0cbcad4c0d2","turnId":"00205243-fe27-4da3-bca2-e27721039ac9","rootTurnId":"00205243-fe27-4da3-bca2-e27721039ac9"}
{"timestamp":"2026-08-24T08:26:12.585Z","level":"info","message":"[Steering] ExistingFiles:  in 00205243-fe27-4da3-bca2-e27721039ac9","conversationId":"sess_2157ab68-9c2a-49f4-a4c7-b0cbcad4c0d2","turnId":"00205243-fe27-4da3-bca2-e27721039ac9","rootTurnId":"00205243-fe27-4da3-bca2-e27721039ac9"}
{"timestamp":"2026-08-24T08:26:12.587Z","level":"info","message":"[q-developer-converse] Sending GenerateAssistantResponse modelId=auto agentMode=vibe origin=AI_EDITOR streaming=true conversationId=sess_2157ab68-9c2a-49f4-a4c7-b0cbcad4c0d2","conversationId":"sess_2157ab68-9c2a-49f4-a4c7-b0cbcad4c0d2","turnId":"00205243-fe27-4da3-bca2-e27721039ac9","rootTurnId":"00205243-fe27-4da3-bca2-e27721039ac9"}
{"timestamp":"2026-08-24T08:26:12.588Z","level":"info","message":"[q-developer-converse] Request payload: 324476 chars, 78 history messages, conversationId=sess_2157ab68-9c2a-49f4-a4c7-b0cbcad4c0d2","conversationId":"sess_2157ab68-9c2a-49f4-a4c7-b0cbcad4c0d2","turnId":"00205243-fe27-4da3-bca2-e27721039ac9","rootTurnId":"00205243-fe27-4da3-bca2-e27721039ac9"}
{"timestamp":"2026-08-24T08:26:12.596Z","level":"info","message":"fs.appendMessages.ok {\"system\":\"fs\",\"sessionId\":\"sess_2157ab68-9c2a-49f4-a4c7-b0cbcad4c0d2\",\"messageCount\":2,\"durationMs\":15}","conversationId":"sess_2157ab68-9c2a-49f4-a4c7-b0cbcad4c0d2","turnId":"00205243-fe27-4da3-bca2-e27721039ac9","rootTurnId":"00205243-fe27-4da3-bca2-e27721039ac9"}
{"timestamp":"2026-08-24T08:26:16.243Z","level":"info","message":"[AgentIterator] Synchronizing results","conversationId":"sess_2157ab68-9c2a-49f4-a4c7-b0cbcad4c0d2","turnId":"00205243-fe27-4da3-bca2-e27721039ac9","rootTurnId":"00205243-fe27-4da3-bca2-e27721039ac9"}
{"timestamp":"2026-08-24T08:26:16.243Z","level":"info","message":"[AgentIterator] Processing intent detection result","conversationId":"sess_2157ab68-9c2a-49f4-a4c7-b0cbcad4c0d2","turnId":"00205243-fe27-4da3-bca2-e27721039ac9","rootTurnId":"00205243-fe27-4da3-bca2-e27721039ac9"}
{"timestamp":"2026-08-24T08:26:16.243Z","level":"info","message":"[ChatAgent] Processing model response stream","conversationId":"sess_2157ab68-9c2a-49f4-a4c7-b0cbcad4c0d2","turnId":"00205243-fe27-4da3-bca2-e27721039ac9","rootTurnId":"00205243-fe27-4da3-bca2-e27721039ac9"}
{"timestamp":"2026-08-24T08:26:16.243Z","level":"info","message":"[Steering] Populating steering for execution 00205243-fe27-4da3-bca2-e27721039ac9","conversationId":"sess_2157ab68-9c2a-49f4-a4c7-b0cbcad4c0d2","turnId":"00205243-fe27-4da3-bca2-e27721039ac9","rootTurnId":"00205243-fe27-4da3-bca2-e27721039ac9"}
{"timestamp":"2026-08-24T08:26:16.243Z","level":"info","message":"[Steering] ExistingFiles:  in 00205243-fe27-4da3-bca2-e27721039ac9","conversationId":"sess_2157ab68-9c2a-49f4-a4c7-b0cbcad4c0d2","turnId":"00205243-fe27-4da3-bca2-e27721039ac9","rootTurnId":"00205243-fe27-4da3-bca2-e27721039ac9"}
{"timestamp":"2026-08-24T08:26:23.920Z","level":"info","message":"acp.policy-eval.complete {\"toolId\":\"fs_write\",\"effect\":\"allow\",\"capability\":\"fs_write\"}","conversationId":"sess_2157ab68-9c2a-49f4-a4c7-b0cbcad4c0d2","turnId":"00205243-fe27-4da3-bca2-e27721039ac9","rootTurnId":"00205243-fe27-4da3-bca2-e27721039ac9"}
{"timestamp":"2026-08-24T08:26:23.922Z","level":"info","message":"fs.appendMessages.ok {\"system\":\"fs\",\"sessionId\":\"sess_2157ab68-9c2a-49f4-a4c7-b0cbcad4c0d2\",\"messageCount\":1,\"durationMs\":10}","conversationId":"sess_2157ab68-9c2a-49f4-a4c7-b0cbcad4c0d2","turnId":"00205243-fe27-4da3-bca2-e27721039ac9","rootTurnId":"00205243-fe27-4da3-bca2-e27721039ac9"}
{"timestamp":"2026-08-24T08:26:23.930Z","level":"info","message":"fs.appendMessages.ok {\"system\":\"fs\",\"sessionId\":\"sess_2157ab68-9c2a-49f4-a4c7-b0cbcad4c0d2\",\"messageCount\":1,\"durationMs\":8}","conversationId":"sess_2157ab68-9c2a-49f4-a4c7-b0cbcad4c0d2","turnId":"00205243-fe27-4da3-bca2-e27721039ac9","rootTurnId":"00205243-fe27-4da3-bca2-e27721039ac9"}
{"timestamp":"2026-08-24T08:26:23.942Z","level":"info","message":"[SessionPersistence] Created snapshot 44e48c12 for regen/src/components/layout/AppLayout.tsx in session sess_2157ab68-9c2a-49f4-a4c7-b0cbcad4c0d2 (2088 bytes)","conversationId":"sess_2157ab68-9c2a-49f4-a4c7-b0cbcad4c0d2","turnId":"00205243-fe27-4da3-bca2-e27721039ac9","rootTurnId":"00205243-fe27-4da3-bca2-e27721039ac9"}
{"timestamp":"2026-08-24T08:26:23.948Z","level":"info","message":"[AgentIterator] Parallel invoking agent","conversationId":"sess_2157ab68-9c2a-49f4-a4c7-b0cbcad4c0d2","turnId":"00205243-fe27-4da3-bca2-e27721039ac9","rootTurnId":"00205243-fe27-4da3-bca2-e27721039ac9"}
{"timestamp":"2026-08-24T08:26:23.948Z","level":"info","message":"[Steering] Populating steering for execution 00205243-fe27-4da3-bca2-e27721039ac9","conversationId":"sess_2157ab68-9c2a-49f4-a4c7-b0cbcad4c0d2","turnId":"00205243-fe27-4da3-bca2-e27721039ac9","rootTurnId":"00205243-fe27-4da3-bca2-e27721039ac9"}
{"timestamp":"2026-08-24T08:26:23.948Z","level":"info","message":"[Steering] ExistingFiles:  in 00205243-fe27-4da3-bca2-e27721039ac9","conversationId":"sess_2157ab68-9c2a-49f4-a4c7-b0cbcad4c0d2","turnId":"00205243-fe27-4da3-bca2-e27721039ac9","rootTurnId":"00205243-fe27-4da3-bca2-e27721039ac9"}
{"timestamp":"2026-08-24T08:26:23.950Z","level":"info","message":"[q-developer-converse] Sending GenerateAssistantResponse modelId=auto agentMode=vibe origin=AI_EDITOR streaming=true conversationId=sess_2157ab68-9c2a-49f4-a4c7-b0cbcad4c0d2","conversationId":"sess_2157ab68-9c2a-49f4-a4c7-b0cbcad4c0d2","turnId":"00205243-fe27-4da3-bca2-e27721039ac9","rootTurnId":"00205243-fe27-4da3-bca2-e27721039ac9"}
{"timestamp":"2026-08-24T08:26:23.951Z","level":"info","message":"[q-developer-converse] Request payload: 327302 chars, 80 history messages, conversationId=sess_2157ab68-9c2a-49f4-a4c7-b0cbcad4c0d2","conversationId":"sess_2157ab68-9c2a-49f4-a4c7-b0cbcad4c0d2","turnId":"00205243-fe27-4da3-bca2-e27721039ac9","rootTurnId":"00205243-fe27-4da3-bca2-e27721039ac9"}
{"timestamp":"2026-08-24T08:26:23.958Z","level":"info","message":"fs.appendMessages.ok {\"system\":\"fs\",\"sessionId\":\"sess_2157ab68-9c2a-49f4-a4c7-b0cbcad4c0d2\",\"messageCount\":2,\"durationMs\":15}","conversationId":"sess_2157ab68-9c2a-49f4-a4c7-b0cbcad4c0d2","turnId":"00205243-fe27-4da3-bca2-e27721039ac9","rootTurnId":"00205243-fe27-4da3-bca2-e27721039ac9"}
{"timestamp":"2026-08-24T08:26:28.736Z","level":"info","message":"[AgentIterator] Synchronizing results","conversationId":"sess_2157ab68-9c2a-49f4-a4c7-b0cbcad4c0d2","turnId":"00205243-fe27-4da3-bca2-e27721039ac9","rootTurnId":"00205243-fe27-4da3-bca2-e27721039ac9"}
{"timestamp":"2026-08-24T08:26:28.736Z","level":"info","message":"[AgentIterator] Processing intent detection result","conversationId":"sess_2157ab68-9c2a-49f4-a4c7-b0cbcad4c0d2","turnId":"00205243-fe27-4da3-bca2-e27721039ac9","rootTurnId":"00205243-fe27-4da3-bca2-e27721039ac9"}
{"timestamp":"2026-08-24T08:26:28.737Z","level":"info","message":"[ChatAgent] Processing model response stream","conversationId":"sess_2157ab68-9c2a-49f4-a4c7-b0cbcad4c0d2","turnId":"00205243-fe27-4da3-bca2-e27721039ac9","rootTurnId":"00205243-fe27-4da3-bca2-e27721039ac9"}
{"timestamp":"2026-08-24T08:26:28.737Z","level":"info","message":"[Steering] Populating steering for execution 00205243-fe27-4da3-bca2-e27721039ac9","conversationId":"sess_2157ab68-9c2a-49f4-a4c7-b0cbcad4c0d2","turnId":"00205243-fe27-4da3-bca2-e27721039ac9","rootTurnId":"00205243-fe27-4da3-bca2-e27721039ac9"}
{"timestamp":"2026-08-24T08:26:28.737Z","level":"info","message":"[Steering] ExistingFiles:  in 00205243-fe27-4da3-bca2-e27721039ac9","conversationId":"sess_2157ab68-9c2a-49f4-a4c7-b0cbcad4c0d2","turnId":"00205243-fe27-4da3-bca2-e27721039ac9","rootTurnId":"00205243-fe27-4da3-bca2-e27721039ac9"}
{"timestamp":"2026-08-24T08:26:29.194Z","level":"info","message":"fs.appendMessages.ok {\"system\":\"fs\",\"sessionId\":\"sess_2157ab68-9c2a-49f4-a4c7-b0cbcad4c0d2\",\"messageCount\":1,\"durationMs\":2}","conversationId":"sess_2157ab68-9c2a-49f4-a4c7-b0cbcad4c0d2","turnId":"00205243-fe27-4da3-bca2-e27721039ac9","rootTurnId":"00205243-fe27-4da3-bca2-e27721039ac9"}
{"timestamp":"2026-08-24T08:27:20.808Z","level":"info","message":"acp.policy-eval.complete {\"toolId\":\"fs_write\",\"effect\":\"allow\",\"capability\":\"fs_write\"}","conversationId":"sess_2157ab68-9c2a-49f4-a4c7-b0cbcad4c0d2","turnId":"00205243-fe27-4da3-bca2-e27721039ac9","rootTurnId":"00205243-fe27-4da3-bca2-e27721039ac9"}
{"timestamp":"2026-08-24T08:27:20.810Z","level":"info","message":"fs.appendMessages.ok {\"system\":\"fs\",\"sessionId\":\"sess_2157ab68-9c2a-49f4-a4c7-b0cbcad4c0d2\",\"messageCount\":1,\"durationMs\":12}","conversationId":"sess_2157ab68-9c2a-49f4-a4c7-b0cbcad4c0d2","turnId":"00205243-fe27-4da3-bca2-e27721039ac9","rootTurnId":"00205243-fe27-4da3-bca2-e27721039ac9"}
{"timestamp":"2026-08-24T08:27:20.819Z","level":"info","message":"fs.appendMessages.ok {\"system\":\"fs\",\"sessionId\":\"sess_2157ab68-9c2a-49f4-a4c7-b0cbcad4c0d2\",\"messageCount\":1,\"durationMs\":9}","conversationId":"sess_2157ab68-9c2a-49f4-a4c7-b0cbcad4c0d2","turnId":"00205243-fe27-4da3-bca2-e27721039ac9","rootTurnId":"00205243-fe27-4da3-bca2-e27721039ac9"}
{"timestamp":"2026-08-24T08:27:20.839Z","level":"info","message":"[SessionPersistence] Created snapshot d403d227 for regen/src/pages/Dashboard.tsx in session sess_2157ab68-9c2a-49f4-a4c7-b0cbcad4c0d2 (15197 bytes)","conversationId":"sess_2157ab68-9c2a-49f4-a4c7-b0cbcad4c0d2","turnId":"00205243-fe27-4da3-bca2-e27721039ac9","rootTurnId":"00205243-fe27-4da3-bca2-e27721039ac9"}
{"timestamp":"2026-08-24T08:27:20.845Z","level":"info","message":"[AgentIterator] Parallel invoking agent","conversationId":"sess_2157ab68-9c2a-49f4-a4c7-b0cbcad4c0d2","turnId":"00205243-fe27-4da3-bca2-e27721039ac9","rootTurnId":"00205243-fe27-4da3-bca2-e27721039ac9"}
{"timestamp":"2026-08-24T08:27:20.845Z","level":"info","message":"[Steering] Populating steering for execution 00205243-fe27-4da3-bca2-e27721039ac9","conversationId":"sess_2157ab68-9c2a-49f4-a4c7-b0cbcad4c0d2","turnId":"00205243-fe27-4da3-bca2-e27721039ac9","rootTurnId":"00205243-fe27-4da3-bca2-e27721039ac9"}
{"timestamp":"2026-08-24T08:27:20.845Z","level":"info","message":"[Steering] ExistingFiles:  in 00205243-fe27-4da3-bca2-e27721039ac9","conversationId":"sess_2157ab68-9c2a-49f4-a4c7-b0cbcad4c0d2","turnId":"00205243-fe27-4da3-bca2-e27721039ac9","rootTurnId":"00205243-fe27-4da3-bca2-e27721039ac9"}
{"timestamp":"2026-08-24T08:27:20.846Z","level":"info","message":"[q-developer-converse] Sending GenerateAssistantResponse modelId=auto agentMode=vibe origin=AI_EDITOR streaming=true conversationId=sess_2157ab68-9c2a-49f4-a4c7-b0cbcad4c0d2","conversationId":"sess_2157ab68-9c2a-49f4-a4c7-b0cbcad4c0d2","turnId":"00205243-fe27-4da3-bca2-e27721039ac9","rootTurnId":"00205243-fe27-4da3-bca2-e27721039ac9"}
{"timestamp":"2026-08-24T08:27:20.847Z","level":"info","message":"[q-developer-converse] Request payload: 343706 chars, 82 history messages, conversationId=sess_2157ab68-9c2a-49f4-a4c7-b0cbcad4c0d2","conversationId":"sess_2157ab68-9c2a-49f4-a4c7-b0cbcad4c0d2","turnId":"00205243-fe27-4da3-bca2-e27721039ac9","rootTurnId":"00205243-fe27-4da3-bca2-e27721039ac9"}
{"timestamp":"2026-08-24T08:27:20.855Z","level":"info","message":"fs.appendMessages.ok {\"system\":\"fs\",\"sessionId\":\"sess_2157ab68-9c2a-49f4-a4c7-b0cbcad4c0d2\",\"messageCount\":2,\"durationMs\":15}","conversationId":"sess_2157ab68-9c2a-49f4-a4c7-b0cbcad4c0d2","turnId":"00205243-fe27-4da3-bca2-e27721039ac9","rootTurnId":"00205243-fe27-4da3-bca2-e27721039ac9"}
{"timestamp":"2026-08-24T08:27:25.443Z","level":"info","message":"[AgentIterator] Synchronizing results","conversationId":"sess_2157ab68-9c2a-49f4-a4c7-b0cbcad4c0d2","turnId":"00205243-fe27-4da3-bca2-e27721039ac9","rootTurnId":"00205243-fe27-4da3-bca2-e27721039ac9"}
{"timestamp":"2026-08-24T08:27:25.443Z","level":"info","message":"[AgentIterator] Processing intent detection result","conversationId":"sess_2157ab68-9c2a-49f4-a4c7-b0cbcad4c0d2","turnId":"00205243-fe27-4da3-bca2-e27721039ac9","rootTurnId":"00205243-fe27-4da3-bca2-e27721039ac9"}
{"timestamp":"2026-08-24T08:27:25.444Z","level":"info","message":"[ChatAgent] Processing model response stream","conversationId":"sess_2157ab68-9c2a-49f4-a4c7-b0cbcad4c0d2","turnId":"00205243-fe27-4da3-bca2-e27721039ac9","rootTurnId":"00205243-fe27-4da3-bca2-e27721039ac9"}
{"timestamp":"2026-08-24T08:27:25.444Z","level":"info","message":"[Steering] Populating steering for execution 00205243-fe27-4da3-bca2-e27721039ac9","conversationId":"sess_2157ab68-9c2a-49f4-a4c7-b0cbcad4c0d2","turnId":"00205243-fe27-4da3-bca2-e27721039ac9","rootTurnId":"00205243-fe27-4da3-bca2-e27721039ac9"}
{"timestamp":"2026-08-24T08:27:25.444Z","level":"info","message":"[Steering] ExistingFiles:  in 00205243-fe27-4da3-bca2-e27721039ac9","conversationId":"sess_2157ab68-9c2a-49f4-a4c7-b0cbcad4c0d2","turnId":"00205243-fe27-4da3-bca2-e27721039ac9","rootTurnId":"00205243-fe27-4da3-bca2-e27721039ac9"}
{"timestamp":"2026-08-24T08:28:01.171Z","level":"info","message":"acp.policy-eval.complete {\"toolId\":\"fs_write\",\"effect\":\"allow\",\"capability\":\"fs_write\"}","conversationId":"sess_2157ab68-9c2a-49f4-a4c7-b0cbcad4c0d2","turnId":"00205243-fe27-4da3-bca2-e27721039ac9","rootTurnId":"00205243-fe27-4da3-bca2-e27721039ac9"}
{"timestamp":"2026-08-24T08:28:01.179Z","level":"info","message":"fs.appendMessages.ok {\"system\":\"fs\",\"sessionId\":\"sess_2157ab68-9c2a-49f4-a4c7-b0cbcad4c0d2\",\"messageCount\":1,\"durationMs\":21}","conversationId":"sess_2157ab68-9c2a-49f4-a4c7-b0cbcad4c0d2","turnId":"00205243-fe27-4da3-bca2-e27721039ac9","rootTurnId":"00205243-fe27-4da3-bca2-e27721039ac9"}
{"timestamp":"2026-08-24T08:28:01.186Z","level":"info","message":"fs.appendMessages.ok {\"system\":\"fs\",\"sessionId\":\"sess_2157ab68-9c2a-49f4-a4c7-b0cbcad4c0d2\",\"messageCount\":1,\"durationMs\":6}","conversationId":"sess_2157ab68-9c2a-49f4-a4c7-b0cbcad4c0d2","turnId":"00205243-fe27-4da3-bca2-e27721039ac9","rootTurnId":"00205243-fe27-4da3-bca2-e27721039ac9"}
{"timestamp":"2026-08-24T08:28:01.206Z","level":"info","message":"[SessionPersistence] Created snapshot 7967bc26 for regen/src/pages/NetworkMap.tsx in session sess_2157ab68-9c2a-49f4-a4c7-b0cbcad4c0d2 (12699 bytes)","conversationId":"sess_2157ab68-9c2a-49f4-a4c7-b0cbcad4c0d2","turnId":"00205243-fe27-4da3-bca2-e27721039ac9","rootTurnId":"00205243-fe27-4da3-bca2-e27721039ac9"}
{"timestamp":"2026-08-24T08:28:01.213Z","level":"info","message":"[AgentIterator] Parallel invoking agent","conversationId":"sess_2157ab68-9c2a-49f4-a4c7-b0cbcad4c0d2","turnId":"00205243-fe27-4da3-bca2-e27721039ac9","rootTurnId":"00205243-fe27-4da3-bca2-e27721039ac9"}
{"timestamp":"2026-08-24T08:28:01.213Z","level":"info","message":"[Steering] Populating steering for execution 00205243-fe27-4da3-bca2-e27721039ac9","conversationId":"sess_2157ab68-9c2a-49f4-a4c7-b0cbcad4c0d2","turnId":"00205243-fe27-4da3-bca2-e27721039ac9","rootTurnId":"00205243-fe27-4da3-bca2-e27721039ac9"}
{"timestamp":"2026-08-24T08:28:01.213Z","level":"info","message":"[Steering] ExistingFiles:  in 00205243-fe27-4da3-bca2-e27721039ac9","conversationId":"sess_2157ab68-9c2a-49f4-a4c7-b0cbcad4c0d2","turnId":"00205243-fe27-4da3-bca2-e27721039ac9","rootTurnId":"00205243-fe27-4da3-bca2-e27721039ac9"}
{"timestamp":"2026-08-24T08:28:01.215Z","level":"info","message":"[q-developer-converse] Sending GenerateAssistantResponse modelId=auto agentMode=vibe origin=AI_EDITOR streaming=true conversationId=sess_2157ab68-9c2a-49f4-a4c7-b0cbcad4c0d2","conversationId":"sess_2157ab68-9c2a-49f4-a4c7-b0cbcad4c0d2","turnId":"00205243-fe27-4da3-bca2-e27721039ac9","rootTurnId":"00205243-fe27-4da3-bca2-e27721039ac9"}
{"timestamp":"2026-08-24T08:28:01.216Z","level":"info","message":"[q-developer-converse] Request payload: 357398 chars, 84 history messages, conversationId=sess_2157ab68-9c2a-49f4-a4c7-b0cbcad4c0d2","conversationId":"sess_2157ab68-9c2a-49f4-a4c7-b0cbcad4c0d2","turnId":"00205243-fe27-4da3-bca2-e27721039ac9","rootTurnId":"00205243-fe27-4da3-bca2-e27721039ac9"}
{"timestamp":"2026-08-24T08:28:01.223Z","level":"info","message":"fs.appendMessages.ok {\"system\":\"fs\",\"sessionId\":\"sess_2157ab68-9c2a-49f4-a4c7-b0cbcad4c0d2\",\"messageCount\":2,\"durationMs\":16}","conversationId":"sess_2157ab68-9c2a-49f4-a4c7-b0cbcad4c0d2","turnId":"00205243-fe27-4da3-bca2-e27721039ac9","rootTurnId":"00205243-fe27-4da3-bca2-e27721039ac9"}
{"timestamp":"2026-08-24T08:28:05.002Z","level":"info","message":"[AgentIterator] Synchronizing results","conversationId":"sess_2157ab68-9c2a-49f4-a4c7-b0cbcad4c0d2","turnId":"00205243-fe27-4da3-bca2-e27721039ac9","rootTurnId":"00205243-fe27-4da3-bca2-e27721039ac9"}
{"timestamp":"2026-08-24T08:28:05.002Z","level":"info","message":"[AgentIterator] Processing intent detection result","conversationId":"sess_2157ab68-9c2a-49f4-a4c7-b0cbcad4c0d2","turnId":"00205243-fe27-4da3-bca2-e27721039ac9","rootTurnId":"00205243-fe27-4da3-bca2-e27721039ac9"}
{"timestamp":"2026-08-24T08:28:05.003Z","level":"info","message":"[ChatAgent] Processing model response stream","conversationId":"sess_2157ab68-9c2a-49f4-a4c7-b0cbcad4c0d2","turnId":"00205243-fe27-4da3-bca2-e27721039ac9","rootTurnId":"00205243-fe27-4da3-bca2-e27721039ac9"}
{"timestamp":"2026-08-24T08:28:05.003Z","level":"info","message":"[Steering] Populating steering for execution 00205243-fe27-4da3-bca2-e27721039ac9","conversationId":"sess_2157ab68-9c2a-49f4-a4c7-b0cbcad4c0d2","turnId":"00205243-fe27-4da3-bca2-e27721039ac9","rootTurnId":"00205243-fe27-4da3-bca2-e27721039ac9"}
{"timestamp":"2026-08-24T08:28:05.003Z","level":"info","message":"[Steering] ExistingFiles:  in 00205243-fe27-4da3-bca2-e27721039ac9","conversationId":"sess_2157ab68-9c2a-49f4-a4c7-b0cbcad4c0d2","turnId":"00205243-fe27-4da3-bca2-e27721039ac9","rootTurnId":"00205243-fe27-4da3-bca2-e27721039ac9"}
{"timestamp":"2026-08-24T08:29:05.145Z","level":"info","message":"acp.policy-eval.complete {\"toolId\":\"fs_write\",\"effect\":\"allow\",\"capability\":\"fs_write\"}","conversationId":"sess_2157ab68-9c2a-49f4-a4c7-b0cbcad4c0d2","turnId":"00205243-fe27-4da3-bca2-e27721039ac9","rootTurnId":"00205243-fe27-4da3-bca2-e27721039ac9"}
{"timestamp":"2026-08-24T08:29:05.148Z","level":"info","message":"fs.appendMessages.ok {\"system\":\"fs\",\"sessionId\":\"sess_2157ab68-9c2a-49f4-a4c7-b0cbcad4c0d2\",\"messageCount\":1,\"durationMs\":12}","conversationId":"sess_2157ab68-9c2a-49f4-a4c7-b0cbcad4c0d2","turnId":"00205243-fe27-4da3-bca2-e27721039ac9","rootTurnId":"00205243-fe27-4da3-bca2-e27721039ac9"}
{"timestamp":"2026-08-24T08:29:05.158Z","level":"info","message":"fs.appendMessages.ok {\"system\":\"fs\",\"sessionId\":\"sess_2157ab68-9c2a-49f4-a4c7-b0cbcad4c0d2\",\"messageCount\":1,\"durationMs\":10}","conversationId":"sess_2157ab68-9c2a-49f4-a4c7-b0cbcad4c0d2","turnId":"00205243-fe27-4da3-bca2-e27721039ac9","rootTurnId":"00205243-fe27-4da3-bca2-e27721039ac9"}
{"timestamp":"2026-08-24T08:29:05.173Z","level":"info","message":"[SessionPersistence] Created snapshot 2a3b2ba3 for regen/src/pages/TrackCircuits.tsx in session sess_2157ab68-9c2a-49f4-a4c7-b0cbcad4c0d2 (17541 bytes)","conversationId":"sess_2157ab68-9c2a-49f4-a4c7-b0cbcad4c0d2","turnId":"00205243-fe27-4da3-bca2-e27721039ac9","rootTurnId":"00205243-fe27-4da3-bca2-e27721039ac9"}
{"timestamp":"2026-08-24T08:29:05.178Z","level":"info","message":"[AgentIterator] Parallel invoking agent","conversationId":"sess_2157ab68-9c2a-49f4-a4c7-b0cbcad4c0d2","turnId":"00205243-fe27-4da3-bca2-e27721039ac9","rootTurnId":"00205243-fe27-4da3-bca2-e27721039ac9"}
{"timestamp":"2026-08-24T08:29:05.179Z","level":"info","message":"[Steering] Populating steering for execution 00205243-fe27-4da3-bca2-e27721039ac9","conversationId":"sess_2157ab68-9c2a-49f4-a4c7-b0cbcad4c0d2","turnId":"00205243-fe27-4da3-bca2-e27721039ac9","rootTurnId":"00205243-fe27-4da3-bca2-e27721039ac9"}
{"timestamp":"2026-08-24T08:29:05.179Z","level":"info","message":"[Steering] ExistingFiles:  in 00205243-fe27-4da3-bca2-e27721039ac9","conversationId":"sess_2157ab68-9c2a-49f4-a4c7-b0cbcad4c0d2","turnId":"00205243-fe27-4da3-bca2-e27721039ac9","rootTurnId":"00205243-fe27-4da3-bca2-e27721039ac9"}
{"timestamp":"2026-08-24T08:29:05.180Z","level":"info","message":"[q-developer-converse] Sending GenerateAssistantResponse modelId=auto agentMode=vibe origin=AI_EDITOR streaming=true conversationId=sess_2157ab68-9c2a-49f4-a4c7-b0cbcad4c0d2","conversationId":"sess_2157ab68-9c2a-49f4-a4c7-b0cbcad4c0d2","turnId":"00205243-fe27-4da3-bca2-e27721039ac9","rootTurnId":"00205243-fe27-4da3-bca2-e27721039ac9"}
{"timestamp":"2026-08-24T08:29:05.181Z","level":"info","message":"[q-developer-converse] Request payload: 376175 chars, 86 history messages, conversationId=sess_2157ab68-9c2a-49f4-a4c7-b0cbcad4c0d2","conversationId":"sess_2157ab68-9c2a-49f4-a4c7-b0cbcad4c0d2","turnId":"00205243-fe27-4da3-bca2-e27721039ac9","rootTurnId":"00205243-fe27-4da3-bca2-e27721039ac9"}
{"timestamp":"2026-08-24T08:29:05.189Z","level":"info","message":"fs.appendMessages.ok {\"system\":\"fs\",\"sessionId\":\"sess_2157ab68-9c2a-49f4-a4c7-b0cbcad4c0d2\",\"messageCount\":2,\"durationMs\":16}","conversationId":"sess_2157ab68-9c2a-49f4-a4c7-b0cbcad4c0d2","turnId":"00205243-fe27-4da3-bca2-e27721039ac9","rootTurnId":"00205243-fe27-4da3-bca2-e27721039ac9"}
{"timestamp":"2026-08-24T08:29:08.969Z","level":"info","message":"[AgentIterator] Synchronizing results","conversationId":"sess_2157ab68-9c2a-49f4-a4c7-b0cbcad4c0d2","turnId":"00205243-fe27-4da3-bca2-e27721039ac9","rootTurnId":"00205243-fe27-4da3-bca2-e27721039ac9"}
{"timestamp":"2026-08-24T08:29:08.969Z","level":"info","message":"[AgentIterator] Processing intent detection result","conversationId":"sess_2157ab68-9c2a-49f4-a4c7-b0cbcad4c0d2","turnId":"00205243-fe27-4da3-bca2-e27721039ac9","rootTurnId":"00205243-fe27-4da3-bca2-e27721039ac9"}
{"timestamp":"2026-08-24T08:29:08.970Z","level":"info","message":"[ChatAgent] Processing model response stream","conversationId":"sess_2157ab68-9c2a-49f4-a4c7-b0cbcad4c0d2","turnId":"00205243-fe27-4da3-bca2-e27721039ac9","rootTurnId":"00205243-fe27-4da3-bca2-e27721039ac9"}
{"timestamp":"2026-08-24T08:29:08.970Z","level":"info","message":"[Steering] Populating steering for execution 00205243-fe27-4da3-bca2-e27721039ac9","conversationId":"sess_2157ab68-9c2a-49f4-a4c7-b0cbcad4c0d2","turnId":"00205243-fe27-4da3-bca2-e27721039ac9","rootTurnId":"00205243-fe27-4da3-bca2-e27721039ac9"}
{"timestamp":"2026-08-24T08:29:08.970Z","level":"info","message":"[Steering] ExistingFiles:  in 00205243-fe27-4da3-bca2-e27721039ac9","conversationId":"sess_2157ab68-9c2a-49f4-a4c7-b0cbcad4c0d2","turnId":"00205243-fe27-4da3-bca2-e27721039ac9","rootTurnId":"00205243-fe27-4da3-bca2-e27721039ac9"}
{"timestamp":"2026-08-24T08:30:13.210Z","level":"info","message":"acp.policy-eval.complete {\"toolId\":\"fs_write\",\"effect\":\"allow\",\"capability\":\"fs_write\"}","conversationId":"sess_2157ab68-9c2a-49f4-a4c7-b0cbcad4c0d2","turnId":"00205243-fe27-4da3-bca2-e27721039ac9","rootTurnId":"00205243-fe27-4da3-bca2-e27721039ac9"}
{"timestamp":"2026-08-24T08:30:13.212Z","level":"info","message":"fs.appendMessages.ok {\"system\":\"fs\",\"sessionId\":\"sess_2157ab68-9c2a-49f4-a4c7-b0cbcad4c0d2\",\"messageCount\":1,\"durationMs\":11}","conversationId":"sess_2157ab68-9c2a-49f4-a4c7-b0cbcad4c0d2","turnId":"00205243-fe27-4da3-bca2-e27721039ac9","rootTurnId":"00205243-fe27-4da3-bca2-e27721039ac9"}
{"timestamp":"2026-08-24T08:30:13.220Z","level":"info","message":"fs.appendMessages.ok {\"system\":\"fs\",\"sessionId\":\"sess_2157ab68-9c2a-49f4-a4c7-b0cbcad4c0d2\",\"messageCount\":1,\"durationMs\":8}","conversationId":"sess_2157ab68-9c2a-49f4-a4c7-b0cbcad4c0d2","turnId":"00205243-fe27-4da3-bca2-e27721039ac9","rootTurnId":"00205243-fe27-4da3-bca2-e27721039ac9"}
{"timestamp":"2026-08-24T08:30:13.245Z","level":"info","message":"[SessionPersistence] Created snapshot ff22f78e for regen/src/pages/Assets.tsx in session sess_2157ab68-9c2a-49f4-a4c7-b0cbcad4c0d2 (19735 bytes)","conversationId":"sess_2157ab68-9c2a-49f4-a4c7-b0cbcad4c0d2","turnId":"00205243-fe27-4da3-bca2-e27721039ac9","rootTurnId":"00205243-fe27-4da3-bca2-e27721039ac9"}
{"timestamp":"2026-08-24T08:30:13.252Z","level":"info","message":"[AgentIterator] Parallel invoking agent","conversationId":"sess_2157ab68-9c2a-49f4-a4c7-b0cbcad4c0d2","turnId":"00205243-fe27-4da3-bca2-e27721039ac9","rootTurnId":"00205243-fe27-4da3-bca2-e27721039ac9"}
{"timestamp":"2026-08-24T08:30:13.252Z","level":"info","message":"[Steering] Populating steering for execution 00205243-fe27-4da3-bca2-e27721039ac9","conversationId":"sess_2157ab68-9c2a-49f4-a4c7-b0cbcad4c0d2","turnId":"00205243-fe27-4da3-bca2-e27721039ac9","rootTurnId":"00205243-fe27-4da3-bca2-e27721039ac9"}
{"timestamp":"2026-08-24T08:30:13.252Z","level":"info","message":"[Steering] ExistingFiles:  in 00205243-fe27-4da3-bca2-e27721039ac9","conversationId":"sess_2157ab68-9c2a-49f4-a4c7-b0cbcad4c0d2","turnId":"00205243-fe27-4da3-bca2-e27721039ac9","rootTurnId":"00205243-fe27-4da3-bca2-e27721039ac9"}
{"timestamp":"2026-08-24T08:30:13.255Z","level":"info","message":"[q-developer-converse] Sending GenerateAssistantResponse modelId=auto agentMode=vibe origin=AI_EDITOR streaming=true conversationId=sess_2157ab68-9c2a-49f4-a4c7-b0cbcad4c0d2","conversationId":"sess_2157ab68-9c2a-49f4-a4c7-b0cbcad4c0d2","turnId":"00205243-fe27-4da3-bca2-e27721039ac9","rootTurnId":"00205243-fe27-4da3-bca2-e27721039ac9"}
{"timestamp":"2026-08-24T08:30:13.257Z","level":"info","message":"[q-developer-converse] Request payload: 397185 chars, 88 history messages, conversationId=sess_2157ab68-9c2a-49f4-a4c7-b0cbcad4c0d2","conversationId":"sess_2157ab68-9c2a-49f4-a4c7-b0cbcad4c0d2","turnId":"00205243-fe27-4da3-bca2-e27721039ac9","rootTurnId":"00205243-fe27-4da3-bca2-e27721039ac9"}
{"timestamp":"2026-08-24T08:30:13.267Z","level":"info","message":"fs.appendMessages.ok {\"system\":\"fs\",\"sessionId\":\"sess_2157ab68-9c2a-49f4-a4c7-b0cbcad4c0d2\",\"messageCount\":2,\"durationMs\":21}","conversationId":"sess_2157ab68-9c2a-49f4-a4c7-b0cbcad4c0d2","turnId":"00205243-fe27-4da3-bca2-e27721039ac9","rootTurnId":"00205243-fe27-4da3-bca2-e27721039ac9"}
{"timestamp":"2026-08-24T08:30:16.919Z","level":"info","message":"[AgentIterator] Synchronizing results","conversationId":"sess_2157ab68-9c2a-49f4-a4c7-b0cbcad4c0d2","turnId":"00205243-fe27-4da3-bca2-e27721039ac9","rootTurnId":"00205243-fe27-4da3-bca2-e27721039ac9"}
{"timestamp":"2026-08-24T08:30:16.919Z","level":"info","message":"[AgentIterator] Processing intent detection result","conversationId":"sess_2157ab68-9c2a-49f4-a4c7-b0cbcad4c0d2","turnId":"00205243-fe27-4da3-bca2-e27721039ac9","rootTurnId":"00205243-fe27-4da3-bca2-e27721039ac9"}
{"timestamp":"2026-08-24T08:30:16.920Z","level":"info","message":"[ChatAgent] Processing model response stream","conversationId":"sess_2157ab68-9c2a-49f4-a4c7-b0cbcad4c0d2","turnId":"00205243-fe27-4da3-bca2-e27721039ac9","rootTurnId":"00205243-fe27-4da3-bca2-e27721039ac9"}
{"timestamp":"2026-08-24T08:30:16.920Z","level":"info","message":"[Steering] Populating steering for execution 00205243-fe27-4da3-bca2-e27721039ac9","conversationId":"sess_2157ab68-9c2a-49f4-a4c7-b0cbcad4c0d2","turnId":"00205243-fe27-4da3-bca2-e27721039ac9","rootTurnId":"00205243-fe27-4da3-bca2-e27721039ac9"}
{"timestamp":"2026-08-24T08:30:16.920Z","level":"info","message":"[Steering] ExistingFiles:  in 00205243-fe27-4da3-bca2-e27721039ac9","conversationId":"sess_2157ab68-9c2a-49f4-a4c7-b0cbcad4c0d2","turnId":"00205243-fe27-4da3-bca2-e27721039ac9","rootTurnId":"00205243-fe27-4da3-bca2-e27721039ac9"}
{"timestamp":"2026-08-24T08:30:17.694Z","level":"info","message":"fs.appendMessages.ok {\"system\":\"fs\",\"sessionId\":\"sess_2157ab68-9c2a-49f4-a4c7-b0cbcad4c0d2\",\"messageCount\":1,\"durationMs\":2}","conversationId":"sess_2157ab68-9c2a-49f4-a4c7-b0cbcad4c0d2","turnId":"00205243-fe27-4da3-bca2-e27721039ac9","rootTurnId":"00205243-fe27-4da3-bca2-e27721039ac9"}
{"timestamp":"2026-08-24T08:31:02.920Z","level":"info","message":"network.listAvailableModels.ok {\"system\":\"network\",\"durationMs\":1406}"}
{"timestamp":"2026-08-24T08:31:02.920Z","level":"info","message":"[ACPModelConfigProvider] Loaded 9 models"}
{"timestamp":"2026-08-24T08:31:23.950Z","level":"info","message":"acp.policy-eval.complete {\"toolId\":\"fs_write\",\"effect\":\"allow\",\"capability\":\"fs_write\"}","conversationId":"sess_2157ab68-9c2a-49f4-a4c7-b0cbcad4c0d2","turnId":"00205243-fe27-4da3-bca2-e27721039ac9","rootTurnId":"00205243-fe27-4da3-bca2-e27721039ac9"}
{"timestamp":"2026-08-24T08:31:23.953Z","level":"info","message":"fs.appendMessages.ok {\"system\":\"fs\",\"sessionId\":\"sess_2157ab68-9c2a-49f4-a4c7-b0cbcad4c0d2\",\"messageCount\":1,\"durationMs\":14}","conversationId":"sess_2157ab68-9c2a-49f4-a4c7-b0cbcad4c0d2","turnId":"00205243-fe27-4da3-bca2-e27721039ac9","rootTurnId":"00205243-fe27-4da3-bca2-e27721039ac9"}
{"timestamp":"2026-08-24T08:31:23.961Z","level":"info","message":"fs.appendMessages.ok {\"system\":\"fs\",\"sessionId\":\"sess_2157ab68-9c2a-49f4-a4c7-b0cbcad4c0d2\",\"messageCount\":1,\"durationMs\":8}","conversationId":"sess_2157ab68-9c2a-49f4-a4c7-b0cbcad4c0d2","turnId":"00205243-fe27-4da3-bca2-e27721039ac9","rootTurnId":"00205243-fe27-4da3-bca2-e27721039ac9"}
{"timestamp":"2026-08-24T08:31:23.980Z","level":"info","message":"[SessionPersistence] Created snapshot cb1acc66 for regen/src/pages/FBGMonitoring.tsx in session sess_2157ab68-9c2a-49f4-a4c7-b0cbcad4c0d2 (19232 bytes)","conversationId":"sess_2157ab68-9c2a-49f4-a4c7-b0cbcad4c0d2","turnId":"00205243-fe27-4da3-bca2-e27721039ac9","rootTurnId":"00205243-fe27-4da3-bca2-e27721039ac9"}
{"timestamp":"2026-08-24T08:31:23.986Z","level":"info","message":"[AgentIterator] Parallel invoking agent","conversationId":"sess_2157ab68-9c2a-49f4-a4c7-b0cbcad4c0d2","turnId":"00205243-fe27-4da3-bca2-e27721039ac9","rootTurnId":"00205243-fe27-4da3-bca2-e27721039ac9"}
{"timestamp":"2026-08-24T08:31:23.986Z","level":"info","message":"[Steering] Populating steering for execution 00205243-fe27-4da3-bca2-e27721039ac9","conversationId":"sess_2157ab68-9c2a-49f4-a4c7-b0cbcad4c0d2","turnId":"00205243-fe27-4da3-bca2-e27721039ac9","rootTurnId":"00205243-fe27-4da3-bca2-e27721039ac9"}
{"timestamp":"2026-08-24T08:31:23.986Z","level":"info","message":"[Steering] ExistingFiles:  in 00205243-fe27-4da3-bca2-e27721039ac9","conversationId":"sess_2157ab68-9c2a-49f4-a4c7-b0cbcad4c0d2","turnId":"00205243-fe27-4da3-bca2-e27721039ac9","rootTurnId":"00205243-fe27-4da3-bca2-e27721039ac9"}
{"timestamp":"2026-08-24T08:31:23.988Z","level":"info","message":"[q-developer-converse] Sending GenerateAssistantResponse modelId=auto agentMode=vibe origin=AI_EDITOR streaming=true conversationId=sess_2157ab68-9c2a-49f4-a4c7-b0cbcad4c0d2","conversationId":"sess_2157ab68-9c2a-49f4-a4c7-b0cbcad4c0d2","turnId":"00205243-fe27-4da3-bca2-e27721039ac9","rootTurnId":"00205243-fe27-4da3-bca2-e27721039ac9"}
{"timestamp":"2026-08-24T08:31:23.989Z","level":"info","message":"[q-developer-converse] Request payload: 417711 chars, 90 history messages, conversationId=sess_2157ab68-9c2a-49f4-a4c7-b0cbcad4c0d2","conversationId":"sess_2157ab68-9c2a-49f4-a4c7-b0cbcad4c0d2","turnId":"00205243-fe27-4da3-bca2-e27721039ac9","rootTurnId":"00205243-fe27-4da3-bca2-e27721039ac9"}
{"timestamp":"2026-08-24T08:31:23.997Z","level":"info","message":"fs.appendMessages.ok {\"system\":\"fs\",\"sessionId\":\"sess_2157ab68-9c2a-49f4-a4c7-b0cbcad4c0d2\",\"messageCount\":2,\"durationMs\":16}","conversationId":"sess_2157ab68-9c2a-49f4-a4c7-b0cbcad4c0d2","turnId":"00205243-fe27-4da3-bca2-e27721039ac9","rootTurnId":"00205243-fe27-4da3-bca2-e27721039ac9"}
{"timestamp":"2026-08-24T08:31:28.072Z","level":"info","message":"[AgentIterator] Synchronizing results","conversationId":"sess_2157ab68-9c2a-49f4-a4c7-b0cbcad4c0d2","turnId":"00205243-fe27-4da3-bca2-e27721039ac9","rootTurnId":"00205243-fe27-4da3-bca2-e27721039ac9"}
{"timestamp":"2026-08-24T08:31:28.072Z","level":"info","message":"[AgentIterator] Processing intent detection result","conversationId":"sess_2157ab68-9c2a-49f4-a4c7-b0cbcad4c0d2","turnId":"00205243-fe27-4da3-bca2-e27721039ac9","rootTurnId":"00205243-fe27-4da3-bca2-e27721039ac9"}
{"timestamp":"2026-08-24T08:31:28.073Z","level":"info","message":"[ChatAgent] Processing model response stream","conversationId":"sess_2157ab68-9c2a-49f4-a4c7-b0cbcad4c0d2","turnId":"00205243-fe27-4da3-bca2-e27721039ac9","rootTurnId":"00205243-fe27-4da3-bca2-e27721039ac9"}
{"timestamp":"2026-08-24T08:31:28.073Z","level":"info","message":"[Steering] Populating steering for execution 00205243-fe27-4da3-bca2-e27721039ac9","conversationId":"sess_2157ab68-9c2a-49f4-a4c7-b0cbcad4c0d2","turnId":"00205243-fe27-4da3-bca2-e27721039ac9","rootTurnId":"00205243-fe27-4da3-bca2-e27721039ac9"}
{"timestamp":"2026-08-24T08:31:28.073Z","level":"info","message":"[Steering] ExistingFiles:  in 00205243-fe27-4da3-bca2-e27721039ac9","conversationId":"sess_2157ab68-9c2a-49f4-a4c7-b0cbcad4c0d2","turnId":"00205243-fe27-4da3-bca2-e27721039ac9","rootTurnId":"00205243-fe27-4da3-bca2-e27721039ac9"}
{"timestamp":"2026-08-24T08:32:04.629Z","level":"info","message":"acp.policy-eval.complete {\"toolId\":\"fs_write\",\"effect\":\"allow\",\"capability\":\"fs_write\"}","conversationId":"sess_2157ab68-9c2a-49f4-a4c7-b0cbcad4c0d2","turnId":"00205243-fe27-4da3-bca2-e27721039ac9","rootTurnId":"00205243-fe27-4da3-bca2-e27721039ac9"}
{"timestamp":"2026-08-24T08:32:04.631Z","level":"info","message":"fs.appendMessages.ok {\"system\":\"fs\",\"sessionId\":\"sess_2157ab68-9c2a-49f4-a4c7-b0cbcad4c0d2\",\"messageCount\":1,\"durationMs\":12}","conversationId":"sess_2157ab68-9c2a-49f4-a4c7-b0cbcad4c0d2","turnId":"00205243-fe27-4da3-bca2-e27721039ac9","rootTurnId":"00205243-fe27-4da3-bca2-e27721039ac9"}
{"timestamp":"2026-08-24T08:32:04.642Z","level":"info","message":"fs.appendMessages.ok {\"system\":\"fs\",\"sessionId\":\"sess_2157ab68-9c2a-49f4-a4c7-b0cbcad4c0d2\",\"messageCount\":1,\"durationMs\":11}","conversationId":"sess_2157ab68-9c2a-49f4-a4c7-b0cbcad4c0d2","turnId":"00205243-fe27-4da3-bca2-e27721039ac9","rootTurnId":"00205243-fe27-4da3-bca2-e27721039ac9"}
{"timestamp":"2026-08-24T08:32:04.658Z","level":"info","message":"[SessionPersistence] Created snapshot 9fd3327b for regen/src/pages/Alerts.tsx in session sess_2157ab68-9c2a-49f4-a4c7-b0cbcad4c0d2 (11005 bytes)","conversationId":"sess_2157ab68-9c2a-49f4-a4c7-b0cbcad4c0d2","turnId":"00205243-fe27-4da3-bca2-e27721039ac9","rootTurnId":"00205243-fe27-4da3-bca2-e27721039ac9"}
{"timestamp":"2026-08-24T08:32:04.663Z","level":"info","message":"[AgentIterator] Parallel invoking agent","conversationId":"sess_2157ab68-9c2a-49f4-a4c7-b0cbcad4c0d2","turnId":"00205243-fe27-4da3-bca2-e27721039ac9","rootTurnId":"00205243-fe27-4da3-bca2-e27721039ac9"}
{"timestamp":"2026-08-24T08:32:04.663Z","level":"info","message":"[Steering] Populating steering for execution 00205243-fe27-4da3-bca2-e27721039ac9","conversationId":"sess_2157ab68-9c2a-49f4-a4c7-b0cbcad4c0d2","turnId":"00205243-fe27-4da3-bca2-e27721039ac9","rootTurnId":"00205243-fe27-4da3-bca2-e27721039ac9"}
{"timestamp":"2026-08-24T08:32:04.663Z","level":"info","message":"[Steering] ExistingFiles:  in 00205243-fe27-4da3-bca2-e27721039ac9","conversationId":"sess_2157ab68-9c2a-49f4-a4c7-b0cbcad4c0d2","turnId":"00205243-fe27-4da3-bca2-e27721039ac9","rootTurnId":"00205243-fe27-4da3-bca2-e27721039ac9"}
{"timestamp":"2026-08-24T08:32:04.665Z","level":"info","message":"[q-developer-converse] Sending GenerateAssistantResponse modelId=auto agentMode=vibe origin=AI_EDITOR streaming=true conversationId=sess_2157ab68-9c2a-49f4-a4c7-b0cbcad4c0d2","conversationId":"sess_2157ab68-9c2a-49f4-a4c7-b0cbcad4c0d2","turnId":"00205243-fe27-4da3-bca2-e27721039ac9","rootTurnId":"00205243-fe27-4da3-bca2-e27721039ac9"}
{"timestamp":"2026-08-24T08:32:04.667Z","level":"info","message":"[q-developer-converse] Request payload: 429736 chars, 92 history messages, conversationId=sess_2157ab68-9c2a-49f4-a4c7-b0cbcad4c0d2","conversationId":"sess_2157ab68-9c2a-49f4-a4c7-b0cbcad4c0d2","turnId":"00205243-fe27-4da3-bca2-e27721039ac9","rootTurnId":"00205243-fe27-4da3-bca2-e27721039ac9"}
{"timestamp":"2026-08-24T08:32:04.674Z","level":"info","message":"fs.appendMessages.ok {\"system\":\"fs\",\"sessionId\":\"sess_2157ab68-9c2a-49f4-a4c7-b0cbcad4c0d2\",\"messageCount\":2,\"durationMs\":16}","conversationId":"sess_2157ab68-9c2a-49f4-a4c7-b0cbcad4c0d2","turnId":"00205243-fe27-4da3-bca2-e27721039ac9","rootTurnId":"00205243-fe27-4da3-bca2-e27721039ac9"}
{"timestamp":"2026-08-24T08:32:08.658Z","level":"info","message":"[AgentIterator] Synchronizing results","conversationId":"sess_2157ab68-9c2a-49f4-a4c7-b0cbcad4c0d2","turnId":"00205243-fe27-4da3-bca2-e27721039ac9","rootTurnId":"00205243-fe27-4da3-bca2-e27721039ac9"}
{"timestamp":"2026-08-24T08:32:08.658Z","level":"info","message":"[AgentIterator] Processing intent detection result","conversationId":"sess_2157ab68-9c2a-49f4-a4c7-b0cbcad4c0d2","turnId":"00205243-fe27-4da3-bca2-e27721039ac9","rootTurnId":"00205243-fe27-4da3-bca2-e27721039ac9"}
{"timestamp":"2026-08-24T08:32:08.658Z","level":"info","message":"[ChatAgent] Processing model response stream","conversationId":"sess_2157ab68-9c2a-49f4-a4c7-b0cbcad4c0d2","turnId":"00205243-fe27-4da3-bca2-e27721039ac9","rootTurnId":"00205243-fe27-4da3-bca2-e27721039ac9"}
{"timestamp":"2026-08-24T08:32:08.658Z","level":"info","message":"[Steering] Populating steering for execution 00205243-fe27-4da3-bca2-e27721039ac9","conversationId":"sess_2157ab68-9c2a-49f4-a4c7-b0cbcad4c0d2","turnId":"00205243-fe27-4da3-bca2-e27721039ac9","rootTurnId":"00205243-fe27-4da3-bca2-e27721039ac9"}
{"timestamp":"2026-08-24T08:32:08.658Z","level":"info","message":"[Steering] ExistingFiles:  in 00205243-fe27-4da3-bca2-e27721039ac9","conversationId":"sess_2157ab68-9c2a-49f4-a4c7-b0cbcad4c0d2","turnId":"00205243-fe27-4da3-bca2-e27721039ac9","rootTurnId":"00205243-fe27-4da3-bca2-e27721039ac9"}
{"timestamp":"2026-08-24T08:33:15.342Z","level":"info","message":"acp.policy-eval.complete {\"toolId\":\"fs_write\",\"effect\":\"allow\",\"capability\":\"fs_write\"}","conversationId":"sess_2157ab68-9c2a-49f4-a4c7-b0cbcad4c0d2","turnId":"00205243-fe27-4da3-bca2-e27721039ac9","rootTurnId":"00205243-fe27-4da3-bca2-e27721039ac9"}
{"timestamp":"2026-08-24T08:33:15.345Z","level":"info","message":"fs.appendMessages.ok {\"system\":\"fs\",\"sessionId\":\"sess_2157ab68-9c2a-49f4-a4c7-b0cbcad4c0d2\",\"messageCount\":1,\"durationMs\":18}","conversationId":"sess_2157ab68-9c2a-49f4-a4c7-b0cbcad4c0d2","turnId":"00205243-fe27-4da3-bca2-e27721039ac9","rootTurnId":"00205243-fe27-4da3-bca2-e27721039ac9"}
{"timestamp":"2026-08-24T08:33:15.355Z","level":"info","message":"fs.appendMessages.ok {\"system\":\"fs\",\"sessionId\":\"sess_2157ab68-9c2a-49f4-a4c7-b0cbcad4c0d2\",\"messageCount\":1,\"durationMs\":9}","conversationId":"sess_2157ab68-9c2a-49f4-a4c7-b0cbcad4c0d2","turnId":"00205243-fe27-4da3-bca2-e27721039ac9","rootTurnId":"00205243-fe27-4da3-bca2-e27721039ac9"}
{"timestamp":"2026-08-24T08:33:15.381Z","level":"info","message":"[SessionPersistence] Created snapshot 4dcf5dc4 for regen/src/pages/Inspections.tsx in session sess_2157ab68-9c2a-49f4-a4c7-b0cbcad4c0d2 (20829 bytes)","conversationId":"sess_2157ab68-9c2a-49f4-a4c7-b0cbcad4c0d2","turnId":"00205243-fe27-4da3-bca2-e27721039ac9","rootTurnId":"00205243-fe27-4da3-bca2-e27721039ac9"}
{"timestamp":"2026-08-24T08:33:15.387Z","level":"info","message":"[AgentIterator] Parallel invoking agent","conversationId":"sess_2157ab68-9c2a-49f4-a4c7-b0cbcad4c0d2","turnId":"00205243-fe27-4da3-bca2-e27721039ac9","rootTurnId":"00205243-fe27-4da3-bca2-e27721039ac9"}
{"timestamp":"2026-08-24T08:33:15.388Z","level":"info","message":"[Steering] Populating steering for execution 00205243-fe27-4da3-bca2-e27721039ac9","conversationId":"sess_2157ab68-9c2a-49f4-a4c7-b0cbcad4c0d2","turnId":"00205243-fe27-4da3-bca2-e27721039ac9","rootTurnId":"00205243-fe27-4da3-bca2-e27721039ac9"}
{"timestamp":"2026-08-24T08:33:15.388Z","level":"info","message":"[Steering] ExistingFiles:  in 00205243-fe27-4da3-bca2-e27721039ac9","conversationId":"sess_2157ab68-9c2a-49f4-a4c7-b0cbcad4c0d2","turnId":"00205243-fe27-4da3-bca2-e27721039ac9","rootTurnId":"00205243-fe27-4da3-bca2-e27721039ac9"}
{"timestamp":"2026-08-24T08:33:15.390Z","level":"info","message":"[q-developer-converse] Sending GenerateAssistantResponse modelId=auto agentMode=vibe origin=AI_EDITOR streaming=true conversationId=sess_2157ab68-9c2a-49f4-a4c7-b0cbcad4c0d2","conversationId":"sess_2157ab68-9c2a-49f4-a4c7-b0cbcad4c0d2","turnId":"00205243-fe27-4da3-bca2-e27721039ac9","rootTurnId":"00205243-fe27-4da3-bca2-e27721039ac9"}
{"timestamp":"2026-08-24T08:33:15.391Z","level":"info","message":"[q-developer-converse] Request payload: 451906 chars, 94 history messages, conversationId=sess_2157ab68-9c2a-49f4-a4c7-b0cbcad4c0d2","conversationId":"sess_2157ab68-9c2a-49f4-a4c7-b0cbcad4c0d2","turnId":"00205243-fe27-4da3-bca2-e27721039ac9","rootTurnId":"00205243-fe27-4da3-bca2-e27721039ac9"}
{"timestamp":"2026-08-24T08:33:15.398Z","level":"info","message":"fs.appendMessages.ok {\"system\":\"fs\",\"sessionId\":\"sess_2157ab68-9c2a-49f4-a4c7-b0cbcad4c0d2\",\"messageCount\":2,\"durationMs\":16}","conversationId":"sess_2157ab68-9c2a-49f4-a4c7-b0cbcad4c0d2","turnId":"00205243-fe27-4da3-bca2-e27721039ac9","rootTurnId":"00205243-fe27-4da3-bca2-e27721039ac9"}
{"timestamp":"2026-08-24T08:33:25.701Z","level":"info","message":"[AgentIterator] Synchronizing results","conversationId":"sess_2157ab68-9c2a-49f4-a4c7-b0cbcad4c0d2","turnId":"00205243-fe27-4da3-bca2-e27721039ac9","rootTurnId":"00205243-fe27-4da3-bca2-e27721039ac9"}
{"timestamp":"2026-08-24T08:33:25.701Z","level":"info","message":"[AgentIterator] Processing intent detection result","conversationId":"sess_2157ab68-9c2a-49f4-a4c7-b0cbcad4c0d2","turnId":"00205243-fe27-4da3-bca2-e27721039ac9","rootTurnId":"00205243-fe27-4da3-bca2-e27721039ac9"}
{"timestamp":"2026-08-24T08:33:25.701Z","level":"info","message":"[ChatAgent] Processing model response stream","conversationId":"sess_2157ab68-9c2a-49f4-a4c7-b0cbcad4c0d2","turnId":"00205243-fe27-4da3-bca2-e27721039ac9","rootTurnId":"00205243-fe27-4da3-bca2-e27721039ac9"}
{"timestamp":"2026-08-24T08:33:25.701Z","level":"info","message":"[Steering] Populating steering for execution 00205243-fe27-4da3-bca2-e27721039ac9","conversationId":"sess_2157ab68-9c2a-49f4-a4c7-b0cbcad4c0d2","turnId":"00205243-fe27-4da3-bca2-e27721039ac9","rootTurnId":"00205243-fe27-4da3-bca2-e27721039ac9"}
{"timestamp":"2026-08-24T08:33:25.701Z","level":"info","message":"[Steering] ExistingFiles:  in 00205243-fe27-4da3-bca2-e27721039ac9","conversationId":"sess_2157ab68-9c2a-49f4-a4c7-b0cbcad4c0d2","turnId":"00205243-fe27-4da3-bca2-e27721039ac9","rootTurnId":"00205243-fe27-4da3-bca2-e27721039ac9"}
{"timestamp":"2026-08-24T08:34:09.944Z","level":"info","message":"acp.policy-eval.complete {\"toolId\":\"fs_write\",\"effect\":\"allow\",\"capability\":\"fs_write\"}","conversationId":"sess_2157ab68-9c2a-49f4-a4c7-b0cbcad4c0d2","turnId":"00205243-fe27-4da3-bca2-e27721039ac9","rootTurnId":"00205243-fe27-4da3-bca2-e27721039ac9"}
{"timestamp":"2026-08-24T08:34:09.947Z","level":"info","message":"fs.appendMessages.ok {\"system\":\"fs\",\"sessionId\":\"sess_2157ab68-9c2a-49f4-a4c7-b0cbcad4c0d2\",\"messageCount\":1,\"durationMs\":11}","conversationId":"sess_2157ab68-9c2a-49f4-a4c7-b0cbcad4c0d2","turnId":"00205243-fe27-4da3-bca2-e27721039ac9","rootTurnId":"00205243-fe27-4da3-bca2-e27721039ac9"}
{"timestamp":"2026-08-24T08:34:09.955Z","level":"info","message":"fs.appendMessages.ok {\"system\":\"fs\",\"sessionId\":\"sess_2157ab68-9c2a-49f4-a4c7-b0cbcad4c0d2\",\"messageCount\":1,\"durationMs\":9}","conversationId":"sess_2157ab68-9c2a-49f4-a4c7-b0cbcad4c0d2","turnId":"00205243-fe27-4da3-bca2-e27721039ac9","rootTurnId":"00205243-fe27-4da3-bca2-e27721039ac9"}
{"timestamp":"2026-08-24T08:34:09.971Z","level":"info","message":"[SessionPersistence] Created snapshot 99c1bb40 for regen/src/pages/Maintenance.tsx in session sess_2157ab68-9c2a-49f4-a4c7-b0cbcad4c0d2 (13854 bytes)","conversationId":"sess_2157ab68-9c2a-49f4-a4c7-b0cbcad4c0d2","turnId":"00205243-fe27-4da3-bca2-e27721039ac9","rootTurnId":"00205243-fe27-4da3-bca2-e27721039ac9"}
{"timestamp":"2026-08-24T08:34:09.977Z","level":"info","message":"[AgentIterator] Parallel invoking agent","conversationId":"sess_2157ab68-9c2a-49f4-a4c7-b0cbcad4c0d2","turnId":"00205243-fe27-4da3-bca2-e27721039ac9","rootTurnId":"00205243-fe27-4da3-bca2-e27721039ac9"}
{"timestamp":"2026-08-24T08:34:09.977Z","level":"info","message":"[Steering] Populating steering for execution 00205243-fe27-4da3-bca2-e27721039ac9","conversationId":"sess_2157ab68-9c2a-49f4-a4c7-b0cbcad4c0d2","turnId":"00205243-fe27-4da3-bca2-e27721039ac9","rootTurnId":"00205243-fe27-4da3-bca2-e27721039ac9"}
{"timestamp":"2026-08-24T08:34:09.977Z","level":"info","message":"[Steering] ExistingFiles:  in 00205243-fe27-4da3-bca2-e27721039ac9","conversationId":"sess_2157ab68-9c2a-49f4-a4c7-b0cbcad4c0d2","turnId":"00205243-fe27-4da3-bca2-e27721039ac9","rootTurnId":"00205243-fe27-4da3-bca2-e27721039ac9"}
{"timestamp":"2026-08-24T08:34:09.979Z","level":"info","message":"[q-developer-converse] Sending GenerateAssistantResponse modelId=auto agentMode=vibe origin=AI_EDITOR streaming=true conversationId=sess_2157ab68-9c2a-49f4-a4c7-b0cbcad4c0d2","conversationId":"sess_2157ab68-9c2a-49f4-a4c7-b0cbcad4c0d2","turnId":"00205243-fe27-4da3-bca2-e27721039ac9","rootTurnId":"00205243-fe27-4da3-bca2-e27721039ac9"}
{"timestamp":"2026-08-24T08:34:09.980Z","level":"info","message":"[q-developer-converse] Request payload: 466856 chars, 96 history messages, conversationId=sess_2157ab68-9c2a-49f4-a4c7-b0cbcad4c0d2","conversationId":"sess_2157ab68-9c2a-49f4-a4c7-b0cbcad4c0d2","turnId":"00205243-fe27-4da3-bca2-e27721039ac9","rootTurnId":"00205243-fe27-4da3-bca2-e27721039ac9"}
{"timestamp":"2026-08-24T08:34:09.988Z","level":"info","message":"fs.appendMessages.ok {\"system\":\"fs\",\"sessionId\":\"sess_2157ab68-9c2a-49f4-a4c7-b0cbcad4c0d2\",\"messageCount\":2,\"durationMs\":16}","conversationId":"sess_2157ab68-9c2a-49f4-a4c7-b0cbcad4c0d2","turnId":"00205243-fe27-4da3-bca2-e27721039ac9","rootTurnId":"00205243-fe27-4da3-bca2-e27721039ac9"}
{"timestamp":"2026-08-24T08:34:20.306Z","level":"info","message":"[AgentIterator] Synchronizing results","conversationId":"sess_2157ab68-9c2a-49f4-a4c7-b0cbcad4c0d2","turnId":"00205243-fe27-4da3-bca2-e27721039ac9","rootTurnId":"00205243-fe27-4da3-bca2-e27721039ac9"}
{"timestamp":"2026-08-24T08:34:20.306Z","level":"info","message":"[AgentIterator] Processing intent detection result","conversationId":"sess_2157ab68-9c2a-49f4-a4c7-b0cbcad4c0d2","turnId":"00205243-fe27-4da3-bca2-e27721039ac9","rootTurnId":"00205243-fe27-4da3-bca2-e27721039ac9"}
{"timestamp":"2026-08-24T08:34:20.306Z","level":"info","message":"[ChatAgent] Processing model response stream","conversationId":"sess_2157ab68-9c2a-49f4-a4c7-b0cbcad4c0d2","turnId":"00205243-fe27-4da3-bca2-e27721039ac9","rootTurnId":"00205243-fe27-4da3-bca2-e27721039ac9"}
{"timestamp":"2026-08-24T08:34:20.306Z","level":"info","message":"[Steering] Populating steering for execution 00205243-fe27-4da3-bca2-e27721039ac9","conversationId":"sess_2157ab68-9c2a-49f4-a4c7-b0cbcad4c0d2","turnId":"00205243-fe27-4da3-bca2-e27721039ac9","rootTurnId":"00205243-fe27-4da3-bca2-e27721039ac9"}
{"timestamp":"2026-08-24T08:34:20.306Z","level":"info","message":"[Steering] ExistingFiles:  in 00205243-fe27-4da3-bca2-e27721039ac9","conversationId":"sess_2157ab68-9c2a-49f4-a4c7-b0cbcad4c0d2","turnId":"00205243-fe27-4da3-bca2-e27721039ac9","rootTurnId":"00205243-fe27-4da3-bca2-e27721039ac9"}
{"timestamp":"2026-08-24T08:34:54.458Z","level":"info","message":"acp.policy-eval.complete {\"toolId\":\"fs_write\",\"effect\":\"allow\",\"capability\":\"fs_write\"}","conversationId":"sess_2157ab68-9c2a-49f4-a4c7-b0cbcad4c0d2","turnId":"00205243-fe27-4da3-bca2-e27721039ac9","rootTurnId":"00205243-fe27-4da3-bca2-e27721039ac9"}
{"timestamp":"2026-08-24T08:34:54.461Z","level":"info","message":"fs.appendMessages.ok {\"system\":\"fs\",\"sessionId\":\"sess_2157ab68-9c2a-49f4-a4c7-b0cbcad4c0d2\",\"messageCount\":1,\"durationMs\":10}","conversationId":"sess_2157ab68-9c2a-49f4-a4c7-b0cbcad4c0d2","turnId":"00205243-fe27-4da3-bca2-e27721039ac9","rootTurnId":"00205243-fe27-4da3-bca2-e27721039ac9"}
{"timestamp":"2026-08-24T08:34:54.467Z","level":"info","message":"fs.appendMessages.ok {\"system\":\"fs\",\"sessionId\":\"sess_2157ab68-9c2a-49f4-a4c7-b0cbcad4c0d2\",\"messageCount\":1,\"durationMs\":7}","conversationId":"sess_2157ab68-9c2a-49f4-a4c7-b0cbcad4c0d2","turnId":"00205243-fe27-4da3-bca2-e27721039ac9","rootTurnId":"00205243-fe27-4da3-bca2-e27721039ac9"}
{"timestamp":"2026-08-24T08:34:54.488Z","level":"info","message":"[SessionPersistence] Created snapshot ad795e22 for regen/src/pages/Reports.tsx in session sess_2157ab68-9c2a-49f4-a4c7-b0cbcad4c0d2 (11741 bytes)","conversationId":"sess_2157ab68-9c2a-49f4-a4c7-b0cbcad4c0d2","turnId":"00205243-fe27-4da3-bca2-e27721039ac9","rootTurnId":"00205243-fe27-4da3-bca2-e27721039ac9"}
{"timestamp":"2026-08-24T08:34:54.494Z","level":"info","message":"[AgentIterator] Parallel invoking agent","conversationId":"sess_2157ab68-9c2a-49f4-a4c7-b0cbcad4c0d2","turnId":"00205243-fe27-4da3-bca2-e27721039ac9","rootTurnId":"00205243-fe27-4da3-bca2-e27721039ac9"}
{"timestamp":"2026-08-24T08:34:54.494Z","level":"info","message":"[Steering] Populating steering for execution 00205243-fe27-4da3-bca2-e27721039ac9","conversationId":"sess_2157ab68-9c2a-49f4-a4c7-b0cbcad4c0d2","turnId":"00205243-fe27-4da3-bca2-e27721039ac9","rootTurnId":"00205243-fe27-4da3-bca2-e27721039ac9"}
{"timestamp":"2026-08-24T08:34:54.494Z","level":"info","message":"[Steering] ExistingFiles:  in 00205243-fe27-4da3-bca2-e27721039ac9","conversationId":"sess_2157ab68-9c2a-49f4-a4c7-b0cbcad4c0d2","turnId":"00205243-fe27-4da3-bca2-e27721039ac9","rootTurnId":"00205243-fe27-4da3-bca2-e27721039ac9"}
{"timestamp":"2026-08-24T08:34:54.496Z","level":"info","message":"[q-developer-converse] Sending GenerateAssistantResponse modelId=auto agentMode=vibe origin=AI_EDITOR streaming=true conversationId=sess_2157ab68-9c2a-49f4-a4c7-b0cbcad4c0d2","conversationId":"sess_2157ab68-9c2a-49f4-a4c7-b0cbcad4c0d2","turnId":"00205243-fe27-4da3-bca2-e27721039ac9","rootTurnId":"00205243-fe27-4da3-bca2-e27721039ac9"}
{"timestamp":"2026-08-24T08:34:54.497Z","level":"info","message":"[q-developer-converse] Request payload: 479623 chars, 98 history messages, conversationId=sess_2157ab68-9c2a-49f4-a4c7-b0cbcad4c0d2","conversationId":"sess_2157ab68-9c2a-49f4-a4c7-b0cbcad4c0d2","turnId":"00205243-fe27-4da3-bca2-e27721039ac9","rootTurnId":"00205243-fe27-4da3-bca2-e27721039ac9"}
{"timestamp":"2026-08-24T08:34:54.504Z","level":"info","message":"fs.appendMessages.ok {\"system\":\"fs\",\"sessionId\":\"sess_2157ab68-9c2a-49f4-a4c7-b0cbcad4c0d2\",\"messageCount\":2,\"durationMs\":15}","conversationId":"sess_2157ab68-9c2a-49f4-a4c7-b0cbcad4c0d2","turnId":"00205243-fe27-4da3-bca2-e27721039ac9","rootTurnId":"00205243-fe27-4da3-bca2-e27721039ac9"}
{"timestamp":"2026-08-24T08:34:57.629Z","level":"info","message":"q-client-retry.retry-after-hint.applied {\"clampedDelay\":300000,\"rawHintMs\":300000,\"source\":\"modeled-header\"}","conversationId":"sess_2157ab68-9c2a-49f4-a4c7-b0cbcad4c0d2","turnId":"00205243-fe27-4da3-bca2-e27721039ac9","rootTurnId":"00205243-fe27-4da3-bca2-e27721039ac9"}
{"timestamp":"2026-08-24T08:36:04.045Z","level":"info","message":"network.listAvailableModels.ok {\"system\":\"network\",\"durationMs\":1119}"}
{"timestamp":"2026-08-24T08:36:04.045Z","level":"info","message":"[ACPModelConfigProvider] Loaded 9 models"}
{"timestamp":"2026-08-24T08:40:01.548Z","level":"info","message":"[AgentIterator] Synchronizing results","conversationId":"sess_2157ab68-9c2a-49f4-a4c7-b0cbcad4c0d2","turnId":"00205243-fe27-4da3-bca2-e27721039ac9","rootTurnId":"00205243-fe27-4da3-bca2-e27721039ac9"}
{"timestamp":"2026-08-24T08:40:01.548Z","level":"info","message":"[AgentIterator] Processing intent detection result","conversationId":"sess_2157ab68-9c2a-49f4-a4c7-b0cbcad4c0d2","turnId":"00205243-fe27-4da3-bca2-e27721039ac9","rootTurnId":"00205243-fe27-4da3-bca2-e27721039ac9"}
{"timestamp":"2026-08-24T08:40:01.549Z","level":"info","message":"[ChatAgent] Processing model response stream","conversationId":"sess_2157ab68-9c2a-49f4-a4c7-b0cbcad4c0d2","turnId":"00205243-fe27-4da3-bca2-e27721039ac9","rootTurnId":"00205243-fe27-4da3-bca2-e27721039ac9"}
{"timestamp":"2026-08-24T08:40:01.549Z","level":"info","message":"[Steering] Populating steering for execution 00205243-fe27-4da3-bca2-e27721039ac9","conversationId":"sess_2157ab68-9c2a-49f4-a4c7-b0cbcad4c0d2","turnId":"00205243-fe27-4da3-bca2-e27721039ac9","rootTurnId":"00205243-fe27-4da3-bca2-e27721039ac9"}
{"timestamp":"2026-08-24T08:40:01.549Z","level":"info","message":"[Steering] ExistingFiles:  in 00205243-fe27-4da3-bca2-e27721039ac9","conversationId":"sess_2157ab68-9c2a-49f4-a4c7-b0cbcad4c0d2","turnId":"00205243-fe27-4da3-bca2-e27721039ac9","rootTurnId":"00205243-fe27-4da3-bca2-e27721039ac9"}
{"timestamp":"2026-08-24T08:40:02.139Z","level":"info","message":"fs.appendMessages.ok {\"system\":\"fs\",\"sessionId\":\"sess_2157ab68-9c2a-49f4-a4c7-b0cbcad4c0d2\",\"messageCount\":1,\"durationMs\":2}","conversationId":"sess_2157ab68-9c2a-49f4-a4c7-b0cbcad4c0d2","turnId":"00205243-fe27-4da3-bca2-e27721039ac9","rootTurnId":"00205243-fe27-4da3-bca2-e27721039ac9"}
{"timestamp":"2026-08-24T08:40:07.022Z","level":"info","message":"acp.policy-eval.complete {\"toolId\":\"fs_write\",\"effect\":\"allow\",\"capability\":\"fs_write\"}","conversationId":"sess_2157ab68-9c2a-49f4-a4c7-b0cbcad4c0d2","turnId":"00205243-fe27-4da3-bca2-e27721039ac9","rootTurnId":"00205243-fe27-4da3-bca2-e27721039ac9"}
{"timestamp":"2026-08-24T08:40:07.023Z","level":"info","message":"fs.appendMessages.ok {\"system\":\"fs\",\"sessionId\":\"sess_2157ab68-9c2a-49f4-a4c7-b0cbcad4c0d2\",\"messageCount\":1,\"durationMs\":10}","conversationId":"sess_2157ab68-9c2a-49f4-a4c7-b0cbcad4c0d2","turnId":"00205243-fe27-4da3-bca2-e27721039ac9","rootTurnId":"00205243-fe27-4da3-bca2-e27721039ac9"}
{"timestamp":"2026-08-24T08:40:07.028Z","level":"info","message":"fs.appendMessages.ok {\"system\":\"fs\",\"sessionId\":\"sess_2157ab68-9c2a-49f4-a4c7-b0cbcad4c0d2\",\"messageCount\":1,\"durationMs\":5}","conversationId":"sess_2157ab68-9c2a-49f4-a4c7-b0cbcad4c0d2","turnId":"00205243-fe27-4da3-bca2-e27721039ac9","rootTurnId":"00205243-fe27-4da3-bca2-e27721039ac9"}
{"timestamp":"2026-08-24T08:40:07.031Z","level":"info","message":"[SessionPersistence] Created snapshot e11a41f8 for regen/src/App.tsx in session sess_2157ab68-9c2a-49f4-a4c7-b0cbcad4c0d2 (3646 bytes)","conversationId":"sess_2157ab68-9c2a-49f4-a4c7-b0cbcad4c0d2","turnId":"00205243-fe27-4da3-bca2-e27721039ac9","rootTurnId":"00205243-fe27-4da3-bca2-e27721039ac9"}
{"timestamp":"2026-08-24T08:40:07.062Z","level":"info","message":"[SessionPersistence] Created snapshot 100fd3d2 for regen/src/App.tsx in session sess_2157ab68-9c2a-49f4-a4c7-b0cbcad4c0d2 (1743 bytes)","conversationId":"sess_2157ab68-9c2a-49f4-a4c7-b0cbcad4c0d2","turnId":"00205243-fe27-4da3-bca2-e27721039ac9","rootTurnId":"00205243-fe27-4da3-bca2-e27721039ac9"}
{"timestamp":"2026-08-24T08:40:07.067Z","level":"info","message":"[AgentIterator] Parallel invoking agent","conversationId":"sess_2157ab68-9c2a-49f4-a4c7-b0cbcad4c0d2","turnId":"00205243-fe27-4da3-bca2-e27721039ac9","rootTurnId":"00205243-fe27-4da3-bca2-e27721039ac9"}
{"timestamp":"2026-08-24T08:40:07.067Z","level":"info","message":"[Steering] Populating steering for execution 00205243-fe27-4da3-bca2-e27721039ac9","conversationId":"sess_2157ab68-9c2a-49f4-a4c7-b0cbcad4c0d2","turnId":"00205243-fe27-4da3-bca2-e27721039ac9","rootTurnId":"00205243-fe27-4da3-bca2-e27721039ac9"}
{"timestamp":"2026-08-24T08:40:07.067Z","level":"info","message":"[Steering] ExistingFiles:  in 00205243-fe27-4da3-bca2-e27721039ac9","conversationId":"sess_2157ab68-9c2a-49f4-a4c7-b0cbcad4c0d2","turnId":"00205243-fe27-4da3-bca2-e27721039ac9","rootTurnId":"00205243-fe27-4da3-bca2-e27721039ac9"}
{"timestamp":"2026-08-24T08:40:07.069Z","level":"info","message":"[q-developer-converse] Sending GenerateAssistantResponse modelId=auto agentMode=vibe origin=AI_EDITOR streaming=true conversationId=sess_2157ab68-9c2a-49f4-a4c7-b0cbcad4c0d2","conversationId":"sess_2157ab68-9c2a-49f4-a4c7-b0cbcad4c0d2","turnId":"00205243-fe27-4da3-bca2-e27721039ac9","rootTurnId":"00205243-fe27-4da3-bca2-e27721039ac9"}
{"timestamp":"2026-08-24T08:40:07.070Z","level":"info","message":"[q-developer-converse] Request payload: 482119 chars, 100 history messages, conversationId=sess_2157ab68-9c2a-49f4-a4c7-b0cbcad4c0d2","conversationId":"sess_2157ab68-9c2a-49f4-a4c7-b0cbcad4c0d2","turnId":"00205243-fe27-4da3-bca2-e27721039ac9","rootTurnId":"00205243-fe27-4da3-bca2-e27721039ac9"}
{"timestamp":"2026-08-24T08:40:07.078Z","level":"info","message":"fs.appendMessages.ok {\"system\":\"fs\",\"sessionId\":\"sess_2157ab68-9c2a-49f4-a4c7-b0cbcad4c0d2\",\"messageCount\":2,\"durationMs\":16}","conversationId":"sess_2157ab68-9c2a-49f4-a4c7-b0cbcad4c0d2","turnId":"00205243-fe27-4da3-bca2-e27721039ac9","rootTurnId":"00205243-fe27-4da3-bca2-e27721039ac9"}
{"timestamp":"2026-08-24T08:40:11.444Z","level":"info","message":"[AgentIterator] Synchronizing results","conversationId":"sess_2157ab68-9c2a-49f4-a4c7-b0cbcad4c0d2","turnId":"00205243-fe27-4da3-bca2-e27721039ac9","rootTurnId":"00205243-fe27-4da3-bca2-e27721039ac9"}
{"timestamp":"2026-08-24T08:40:11.444Z","level":"info","message":"[AgentIterator] Processing intent detection result","conversationId":"sess_2157ab68-9c2a-49f4-a4c7-b0cbcad4c0d2","turnId":"00205243-fe27-4da3-bca2-e27721039ac9","rootTurnId":"00205243-fe27-4da3-bca2-e27721039ac9"}
{"timestamp":"2026-08-24T08:40:11.445Z","level":"info","message":"[ChatAgent] Processing model response stream","conversationId":"sess_2157ab68-9c2a-49f4-a4c7-b0cbcad4c0d2","turnId":"00205243-fe27-4da3-bca2-e27721039ac9","rootTurnId":"00205243-fe27-4da3-bca2-e27721039ac9"}
{"timestamp":"2026-08-24T08:40:11.445Z","level":"info","message":"[Steering] Populating steering for execution 00205243-fe27-4da3-bca2-e27721039ac9","conversationId":"sess_2157ab68-9c2a-49f4-a4c7-b0cbcad4c0d2","turnId":"00205243-fe27-4da3-bca2-e27721039ac9","rootTurnId":"00205243-fe27-4da3-bca2-e27721039ac9"}
{"timestamp":"2026-08-24T08:40:11.445Z","level":"info","message":"[Steering] ExistingFiles:  in 00205243-fe27-4da3-bca2-e27721039ac9","conversationId":"sess_2157ab68-9c2a-49f4-a4c7-b0cbcad4c0d2","turnId":"00205243-fe27-4da3-bca2-e27721039ac9","rootTurnId":"00205243-fe27-4da3-bca2-e27721039ac9"}
{"timestamp":"2026-08-24T08:40:12.444Z","level":"info","message":"acp.policy-eval.complete {\"toolId\":\"fs_write\",\"effect\":\"allow\",\"capability\":\"fs_write\"}","conversationId":"sess_2157ab68-9c2a-49f4-a4c7-b0cbcad4c0d2","turnId":"00205243-fe27-4da3-bca2-e27721039ac9","rootTurnId":"00205243-fe27-4da3-bca2-e27721039ac9"}
{"timestamp":"2026-08-24T08:40:12.451Z","level":"info","message":"[SessionPersistence] Created snapshot 7a7732a1 for regen/src/main.tsx in session sess_2157ab68-9c2a-49f4-a4c7-b0cbcad4c0d2 (230 bytes)","conversationId":"sess_2157ab68-9c2a-49f4-a4c7-b0cbcad4c0d2","turnId":"00205243-fe27-4da3-bca2-e27721039ac9","rootTurnId":"00205243-fe27-4da3-bca2-e27721039ac9"}
{"timestamp":"2026-08-24T08:40:12.472Z","level":"info","message":"[SessionPersistence] Snapshot deduplicated for regen/src/main.tsx in session sess_2157ab68-9c2a-49f4-a4c7-b0cbcad4c0d2 (reused 7a7732a1)","conversationId":"sess_2157ab68-9c2a-49f4-a4c7-b0cbcad4c0d2","turnId":"00205243-fe27-4da3-bca2-e27721039ac9","rootTurnId":"00205243-fe27-4da3-bca2-e27721039ac9"}
{"timestamp":"2026-08-24T08:40:12.474Z","level":"info","message":"fs.appendMessages.ok {\"system\":\"fs\",\"sessionId\":\"sess_2157ab68-9c2a-49f4-a4c7-b0cbcad4c0d2\",\"messageCount\":2,\"durationMs\":2}","conversationId":"sess_2157ab68-9c2a-49f4-a4c7-b0cbcad4c0d2","turnId":"00205243-fe27-4da3-bca2-e27721039ac9","rootTurnId":"00205243-fe27-4da3-bca2-e27721039ac9"}
{"timestamp":"2026-08-24T08:40:12.574Z","level":"info","message":"[AgentIterator] Parallel invoking agent","conversationId":"sess_2157ab68-9c2a-49f4-a4c7-b0cbcad4c0d2","turnId":"00205243-fe27-4da3-bca2-e27721039ac9","rootTurnId":"00205243-fe27-4da3-bca2-e27721039ac9"}
{"timestamp":"2026-08-24T08:40:12.574Z","level":"info","message":"[Steering] Populating steering for execution 00205243-fe27-4da3-bca2-e27721039ac9","conversationId":"sess_2157ab68-9c2a-49f4-a4c7-b0cbcad4c0d2","turnId":"00205243-fe27-4da3-bca2-e27721039ac9","rootTurnId":"00205243-fe27-4da3-bca2-e27721039ac9"}
{"timestamp":"2026-08-24T08:40:12.574Z","level":"info","message":"[Steering] ExistingFiles:  in 00205243-fe27-4da3-bca2-e27721039ac9","conversationId":"sess_2157ab68-9c2a-49f4-a4c7-b0cbcad4c0d2","turnId":"00205243-fe27-4da3-bca2-e27721039ac9","rootTurnId":"00205243-fe27-4da3-bca2-e27721039ac9"}
{"timestamp":"2026-08-24T08:40:12.576Z","level":"info","message":"[q-developer-converse] Sending GenerateAssistantResponse modelId=auto agentMode=vibe origin=AI_EDITOR streaming=true conversationId=sess_2157ab68-9c2a-49f4-a4c7-b0cbcad4c0d2","conversationId":"sess_2157ab68-9c2a-49f4-a4c7-b0cbcad4c0d2","turnId":"00205243-fe27-4da3-bca2-e27721039ac9","rootTurnId":"00205243-fe27-4da3-bca2-e27721039ac9"}
{"timestamp":"2026-08-24T08:40:12.577Z","level":"info","message":"[q-developer-converse] Request payload: 482996 chars, 102 history messages, conversationId=sess_2157ab68-9c2a-49f4-a4c7-b0cbcad4c0d2","conversationId":"sess_2157ab68-9c2a-49f4-a4c7-b0cbcad4c0d2","turnId":"00205243-fe27-4da3-bca2-e27721039ac9","rootTurnId":"00205243-fe27-4da3-bca2-e27721039ac9"}
{"timestamp":"2026-08-24T08:40:12.586Z","level":"info","message":"fs.appendMessages.ok {\"system\":\"fs\",\"sessionId\":\"sess_2157ab68-9c2a-49f4-a4c7-b0cbcad4c0d2\",\"messageCount\":1,\"durationMs\":18}","conversationId":"sess_2157ab68-9c2a-49f4-a4c7-b0cbcad4c0d2","turnId":"00205243-fe27-4da3-bca2-e27721039ac9","rootTurnId":"00205243-fe27-4da3-bca2-e27721039ac9"}
{"timestamp":"2026-08-24T08:40:12.597Z","level":"info","message":"fs.appendMessages.ok {\"system\":\"fs\",\"sessionId\":\"sess_2157ab68-9c2a-49f4-a4c7-b0cbcad4c0d2\",\"messageCount\":1,\"durationMs\":11}","conversationId":"sess_2157ab68-9c2a-49f4-a4c7-b0cbcad4c0d2","turnId":"00205243-fe27-4da3-bca2-e27721039ac9","rootTurnId":"00205243-fe27-4da3-bca2-e27721039ac9"}
{"timestamp":"2026-08-24T08:40:16.514Z","level":"info","message":"[AgentIterator] Synchronizing results","conversationId":"sess_2157ab68-9c2a-49f4-a4c7-b0cbcad4c0d2","turnId":"00205243-fe27-4da3-bca2-e27721039ac9","rootTurnId":"00205243-fe27-4da3-bca2-e27721039ac9"}
{"timestamp":"2026-08-24T08:40:16.514Z","level":"info","message":"[AgentIterator] Processing intent detection result","conversationId":"sess_2157ab68-9c2a-49f4-a4c7-b0cbcad4c0d2","turnId":"00205243-fe27-4da3-bca2-e27721039ac9","rootTurnId":"00205243-fe27-4da3-bca2-e27721039ac9"}
{"timestamp":"2026-08-24T08:40:16.515Z","level":"info","message":"[ChatAgent] Processing model response stream","conversationId":"sess_2157ab68-9c2a-49f4-a4c7-b0cbcad4c0d2","turnId":"00205243-fe27-4da3-bca2-e27721039ac9","rootTurnId":"00205243-fe27-4da3-bca2-e27721039ac9"}
{"timestamp":"2026-08-24T08:40:16.515Z","level":"info","message":"[Steering] Populating steering for execution 00205243-fe27-4da3-bca2-e27721039ac9","conversationId":"sess_2157ab68-9c2a-49f4-a4c7-b0cbcad4c0d2","turnId":"00205243-fe27-4da3-bca2-e27721039ac9","rootTurnId":"00205243-fe27-4da3-bca2-e27721039ac9"}
{"timestamp":"2026-08-24T08:40:16.515Z","level":"info","message":"[Steering] ExistingFiles:  in 00205243-fe27-4da3-bca2-e27721039ac9","conversationId":"sess_2157ab68-9c2a-49f4-a4c7-b0cbcad4c0d2","turnId":"00205243-fe27-4da3-bca2-e27721039ac9","rootTurnId":"00205243-fe27-4da3-bca2-e27721039ac9"}
{"timestamp":"2026-08-24T08:40:18.978Z","level":"info","message":"acp.policy-eval.complete {\"toolId\":\"fs_write\",\"effect\":\"allow\",\"capability\":\"fs_write\"}","conversationId":"sess_2157ab68-9c2a-49f4-a4c7-b0cbcad4c0d2","turnId":"00205243-fe27-4da3-bca2-e27721039ac9","rootTurnId":"00205243-fe27-4da3-bca2-e27721039ac9"}
{"timestamp":"2026-08-24T08:40:18.984Z","level":"info","message":"[SessionPersistence] Created snapshot 80a0b8c1 for regen/index.html in session sess_2157ab68-9c2a-49f4-a4c7-b0cbcad4c0d2 (357 bytes)","conversationId":"sess_2157ab68-9c2a-49f4-a4c7-b0cbcad4c0d2","turnId":"00205243-fe27-4da3-bca2-e27721039ac9","rootTurnId":"00205243-fe27-4da3-bca2-e27721039ac9"}
{"timestamp":"2026-08-24T08:40:19.018Z","level":"info","message":"[SessionPersistence] Created snapshot 2cb3e35e for regen/index.html in session sess_2157ab68-9c2a-49f4-a4c7-b0cbcad4c0d2 (528 bytes)","conversationId":"sess_2157ab68-9c2a-49f4-a4c7-b0cbcad4c0d2","turnId":"00205243-fe27-4da3-bca2-e27721039ac9","rootTurnId":"00205243-fe27-4da3-bca2-e27721039ac9"}
{"timestamp":"2026-08-24T08:40:19.023Z","level":"info","message":"fs.appendMessages.ok {\"system\":\"fs\",\"sessionId\":\"sess_2157ab68-9c2a-49f4-a4c7-b0cbcad4c0d2\",\"messageCount\":2,\"durationMs\":4}","conversationId":"sess_2157ab68-9c2a-49f4-a4c7-b0cbcad4c0d2","turnId":"00205243-fe27-4da3-bca2-e27721039ac9","rootTurnId":"00205243-fe27-4da3-bca2-e27721039ac9"}
{"timestamp":"2026-08-24T08:40:19.150Z","level":"info","message":"[AgentIterator] Parallel invoking agent","conversationId":"sess_2157ab68-9c2a-49f4-a4c7-b0cbcad4c0d2","turnId":"00205243-fe27-4da3-bca2-e27721039ac9","rootTurnId":"00205243-fe27-4da3-bca2-e27721039ac9"}
{"timestamp":"2026-08-24T08:40:19.150Z","level":"info","message":"[Steering] Populating steering for execution 00205243-fe27-4da3-bca2-e27721039ac9","conversationId":"sess_2157ab68-9c2a-49f4-a4c7-b0cbcad4c0d2","turnId":"00205243-fe27-4da3-bca2-e27721039ac9","rootTurnId":"00205243-fe27-4da3-bca2-e27721039ac9"}
{"timestamp":"2026-08-24T08:40:19.150Z","level":"info","message":"[Steering] ExistingFiles:  in 00205243-fe27-4da3-bca2-e27721039ac9","conversationId":"sess_2157ab68-9c2a-49f4-a4c7-b0cbcad4c0d2","turnId":"00205243-fe27-4da3-bca2-e27721039ac9","rootTurnId":"00205243-fe27-4da3-bca2-e27721039ac9"}
{"timestamp":"2026-08-24T08:40:19.152Z","level":"info","message":"[q-developer-converse] Sending GenerateAssistantResponse modelId=auto agentMode=vibe origin=AI_EDITOR streaming=true conversationId=sess_2157ab68-9c2a-49f4-a4c7-b0cbcad4c0d2","conversationId":"sess_2157ab68-9c2a-49f4-a4c7-b0cbcad4c0d2","turnId":"00205243-fe27-4da3-bca2-e27721039ac9","rootTurnId":"00205243-fe27-4da3-bca2-e27721039ac9"}
{"timestamp":"2026-08-24T08:40:19.153Z","level":"info","message":"[q-developer-converse] Request payload: 484205 chars, 104 history messages, conversationId=sess_2157ab68-9c2a-49f4-a4c7-b0cbcad4c0d2","conversationId":"sess_2157ab68-9c2a-49f4-a4c7-b0cbcad4c0d2","turnId":"00205243-fe27-4da3-bca2-e27721039ac9","rootTurnId":"00205243-fe27-4da3-bca2-e27721039ac9"}
{"timestamp":"2026-08-24T08:40:19.162Z","level":"info","message":"fs.appendMessages.ok {\"system\":\"fs\",\"sessionId\":\"sess_2157ab68-9c2a-49f4-a4c7-b0cbcad4c0d2\",\"messageCount\":1,\"durationMs\":18}","conversationId":"sess_2157ab68-9c2a-49f4-a4c7-b0cbcad4c0d2","turnId":"00205243-fe27-4da3-bca2-e27721039ac9","rootTurnId":"00205243-fe27-4da3-bca2-e27721039ac9"}
{"timestamp":"2026-08-24T08:40:19.168Z","level":"info","message":"fs.appendMessages.ok {\"system\":\"fs\",\"sessionId\":\"sess_2157ab68-9c2a-49f4-a4c7-b0cbcad4c0d2\",\"messageCount\":1,\"durationMs\":6}","conversationId":"sess_2157ab68-9c2a-49f4-a4c7-b0cbcad4c0d2","turnId":"00205243-fe27-4da3-bca2-e27721039ac9","rootTurnId":"00205243-fe27-4da3-bca2-e27721039ac9"}
{"timestamp":"2026-08-24T08:40:22.935Z","level":"info","message":"[AgentIterator] Synchronizing results","conversationId":"sess_2157ab68-9c2a-49f4-a4c7-b0cbcad4c0d2","turnId":"00205243-fe27-4da3-bca2-e27721039ac9","rootTurnId":"00205243-fe27-4da3-bca2-e27721039ac9"}
{"timestamp":"2026-08-24T08:40:22.935Z","level":"info","message":"[AgentIterator] Processing intent detection result","conversationId":"sess_2157ab68-9c2a-49f4-a4c7-b0cbcad4c0d2","turnId":"00205243-fe27-4da3-bca2-e27721039ac9","rootTurnId":"00205243-fe27-4da3-bca2-e27721039ac9"}
{"timestamp":"2026-08-24T08:40:22.935Z","level":"info","message":"[ChatAgent] Processing model response stream","conversationId":"sess_2157ab68-9c2a-49f4-a4c7-b0cbcad4c0d2","turnId":"00205243-fe27-4da3-bca2-e27721039ac9","rootTurnId":"00205243-fe27-4da3-bca2-e27721039ac9"}
{"timestamp":"2026-08-24T08:40:22.935Z","level":"info","message":"[Steering] Populating steering for execution 00205243-fe27-4da3-bca2-e27721039ac9","conversationId":"sess_2157ab68-9c2a-49f4-a4c7-b0cbcad4c0d2","turnId":"00205243-fe27-4da3-bca2-e27721039ac9","rootTurnId":"00205243-fe27-4da3-bca2-e27721039ac9"}
{"timestamp":"2026-08-24T08:40:22.935Z","level":"info","message":"[Steering] ExistingFiles:  in 00205243-fe27-4da3-bca2-e27721039ac9","conversationId":"sess_2157ab68-9c2a-49f4-a4c7-b0cbcad4c0d2","turnId":"00205243-fe27-4da3-bca2-e27721039ac9","rootTurnId":"00205243-fe27-4da3-bca2-e27721039ac9"}
{"timestamp":"2026-08-24T08:40:23.531Z","level":"info","message":"fs.appendMessages.ok {\"system\":\"fs\",\"sessionId\":\"sess_2157ab68-9c2a-49f4-a4c7-b0cbcad4c0d2\",\"messageCount\":1,\"durationMs\":3}","conversationId":"sess_2157ab68-9c2a-49f4-a4c7-b0cbcad4c0d2","turnId":"00205243-fe27-4da3-bca2-e27721039ac9","rootTurnId":"00205243-fe27-4da3-bca2-e27721039ac9"}
{"timestamp":"2026-08-24T08:40:23.858Z","level":"warn","message":"[ACPEventAdapter] Action type has no dedicated handler and is being routed as a tool call. If this is a new non-tool action, add it to DispatchedActionType. {\"actionType\":\"read_files\"}","conversationId":"sess_2157ab68-9c2a-49f4-a4c7-b0cbcad4c0d2","turnId":"00205243-fe27-4da3-bca2-e27721039ac9","rootTurnId":"00205243-fe27-4da3-bca2-e27721039ac9"}
{"timestamp":"2026-08-24T08:40:23.858Z","level":"info","message":"acp.policy-eval.complete {\"toolId\":\"read_file\",\"effect\":\"allow\",\"capability\":\"fs_read\"}","conversationId":"sess_2157ab68-9c2a-49f4-a4c7-b0cbcad4c0d2","turnId":"00205243-fe27-4da3-bca2-e27721039ac9","rootTurnId":"00205243-fe27-4da3-bca2-e27721039ac9"}
{"timestamp":"2026-08-24T08:40:23.873Z","level":"info","message":"fs.appendMessages.ok {\"system\":\"fs\",\"sessionId\":\"sess_2157ab68-9c2a-49f4-a4c7-b0cbcad4c0d2\",\"messageCount\":2,\"durationMs\":2}","conversationId":"sess_2157ab68-9c2a-49f4-a4c7-b0cbcad4c0d2","turnId":"00205243-fe27-4da3-bca2-e27721039ac9","rootTurnId":"00205243-fe27-4da3-bca2-e27721039ac9"}
{"timestamp":"2026-08-24T08:40:24.232Z","level":"info","message":"[AgentIterator] Parallel invoking agent","conversationId":"sess_2157ab68-9c2a-49f4-a4c7-b0cbcad4c0d2","turnId":"00205243-fe27-4da3-bca2-e27721039ac9","rootTurnId":"00205243-fe27-4da3-bca2-e27721039ac9"}
{"timestamp":"2026-08-24T08:40:24.232Z","level":"info","message":"[Steering] Populating steering for execution 00205243-fe27-4da3-bca2-e27721039ac9","conversationId":"sess_2157ab68-9c2a-49f4-a4c7-b0cbcad4c0d2","turnId":"00205243-fe27-4da3-bca2-e27721039ac9","rootTurnId":"00205243-fe27-4da3-bca2-e27721039ac9"}
{"timestamp":"2026-08-24T08:40:24.233Z","level":"info","message":"[Steering] ExistingFiles: /c:/Users/Student/.kiro/regen/vite.config.ts in 00205243-fe27-4da3-bca2-e27721039ac9","conversationId":"sess_2157ab68-9c2a-49f4-a4c7-b0cbcad4c0d2","turnId":"00205243-fe27-4da3-bca2-e27721039ac9","rootTurnId":"00205243-fe27-4da3-bca2-e27721039ac9"}
{"timestamp":"2026-08-24T08:40:24.235Z","level":"info","message":"[q-developer-converse] Sending GenerateAssistantResponse modelId=auto agentMode=vibe origin=AI_EDITOR streaming=true conversationId=sess_2157ab68-9c2a-49f4-a4c7-b0cbcad4c0d2","conversationId":"sess_2157ab68-9c2a-49f4-a4c7-b0cbcad4c0d2","turnId":"00205243-fe27-4da3-bca2-e27721039ac9","rootTurnId":"00205243-fe27-4da3-bca2-e27721039ac9"}
{"timestamp":"2026-08-24T08:40:24.237Z","level":"info","message":"[q-developer-converse] Request payload: 485121 chars, 106 history messages, conversationId=sess_2157ab68-9c2a-49f4-a4c7-b0cbcad4c0d2","conversationId":"sess_2157ab68-9c2a-49f4-a4c7-b0cbcad4c0d2","turnId":"00205243-fe27-4da3-bca2-e27721039ac9","rootTurnId":"00205243-fe27-4da3-bca2-e27721039ac9"}
{"timestamp":"2026-08-24T08:40:24.244Z","level":"info","message":"fs.appendMessages.ok {\"system\":\"fs\",\"sessionId\":\"sess_2157ab68-9c2a-49f4-a4c7-b0cbcad4c0d2\",\"messageCount\":1,\"durationMs\":18}","conversationId":"sess_2157ab68-9c2a-49f4-a4c7-b0cbcad4c0d2","turnId":"00205243-fe27-4da3-bca2-e27721039ac9","rootTurnId":"00205243-fe27-4da3-bca2-e27721039ac9"}
{"timestamp":"2026-08-24T08:40:24.246Z","level":"info","message":"fs.appendMessages.ok {\"system\":\"fs\",\"sessionId\":\"sess_2157ab68-9c2a-49f4-a4c7-b0cbcad4c0d2\",\"messageCount\":1,\"durationMs\":2}","conversationId":"sess_2157ab68-9c2a-49f4-a4c7-b0cbcad4c0d2","turnId":"00205243-fe27-4da3-bca2-e27721039ac9","rootTurnId":"00205243-fe27-4da3-bca2-e27721039ac9"}
{"timestamp":"2026-08-24T08:40:28.341Z","level":"info","message":"[AgentIterator] Synchronizing results","conversationId":"sess_2157ab68-9c2a-49f4-a4c7-b0cbcad4c0d2","turnId":"00205243-fe27-4da3-bca2-e27721039ac9","rootTurnId":"00205243-fe27-4da3-bca2-e27721039ac9"}
{"timestamp":"2026-08-24T08:40:28.341Z","level":"info","message":"[AgentIterator] Processing intent detection result","conversationId":"sess_2157ab68-9c2a-49f4-a4c7-b0cbcad4c0d2","turnId":"00205243-fe27-4da3-bca2-e27721039ac9","rootTurnId":"00205243-fe27-4da3-bca2-e27721039ac9"}
{"timestamp":"2026-08-24T08:40:28.341Z","level":"info","message":"[ChatAgent] Processing model response stream","conversationId":"sess_2157ab68-9c2a-49f4-a4c7-b0cbcad4c0d2","turnId":"00205243-fe27-4da3-bca2-e27721039ac9","rootTurnId":"00205243-fe27-4da3-bca2-e27721039ac9"}
{"timestamp":"2026-08-24T08:40:28.341Z","level":"info","message":"[Steering] Populating steering for execution 00205243-fe27-4da3-bca2-e27721039ac9","conversationId":"sess_2157ab68-9c2a-49f4-a4c7-b0cbcad4c0d2","turnId":"00205243-fe27-4da3-bca2-e27721039ac9","rootTurnId":"00205243-fe27-4da3-bca2-e27721039ac9"}
{"timestamp":"2026-08-24T08:40:28.341Z","level":"info","message":"[Steering] ExistingFiles: /c:/Users/Student/.kiro/regen/vite.config.ts in 00205243-fe27-4da3-bca2-e27721039ac9","conversationId":"sess_2157ab68-9c2a-49f4-a4c7-b0cbcad4c0d2","turnId":"00205243-fe27-4da3-bca2-e27721039ac9","rootTurnId":"00205243-fe27-4da3-bca2-e27721039ac9"}
{"timestamp":"2026-08-24T08:40:28.673Z","level":"info","message":"acp.policy-eval.complete {\"toolId\":\"read_file\",\"effect\":\"allow\",\"capability\":\"fs_read\"}","conversationId":"sess_2157ab68-9c2a-49f4-a4c7-b0cbcad4c0d2","turnId":"00205243-fe27-4da3-bca2-e27721039ac9","rootTurnId":"00205243-fe27-4da3-bca2-e27721039ac9"}
{"timestamp":"2026-08-24T08:40:28.677Z","level":"info","message":"fs.appendMessages.ok {\"system\":\"fs\",\"sessionId\":\"sess_2157ab68-9c2a-49f4-a4c7-b0cbcad4c0d2\",\"messageCount\":2,\"durationMs\":3}","conversationId":"sess_2157ab68-9c2a-49f4-a4c7-b0cbcad4c0d2","turnId":"00205243-fe27-4da3-bca2-e27721039ac9","rootTurnId":"00205243-fe27-4da3-bca2-e27721039ac9"}
{"timestamp":"2026-08-24T08:40:28.997Z","level":"info","message":"[AgentIterator] Parallel invoking agent","conversationId":"sess_2157ab68-9c2a-49f4-a4c7-b0cbcad4c0d2","turnId":"00205243-fe27-4da3-bca2-e27721039ac9","rootTurnId":"00205243-fe27-4da3-bca2-e27721039ac9"}
{"timestamp":"2026-08-24T08:40:28.997Z","level":"info","message":"[Steering] Populating steering for execution 00205243-fe27-4da3-bca2-e27721039ac9","conversationId":"sess_2157ab68-9c2a-49f4-a4c7-b0cbcad4c0d2","turnId":"00205243-fe27-4da3-bca2-e27721039ac9","rootTurnId":"00205243-fe27-4da3-bca2-e27721039ac9"}
{"timestamp":"2026-08-24T08:40:28.997Z","level":"info","message":"[Steering] ExistingFiles: /c:/Users/Student/.kiro/regen/vite.config.ts, /c:/Users/Student/.kiro/regen/tsconfig.app.json in 00205243-fe27-4da3-bca2-e27721039ac9","conversationId":"sess_2157ab68-9c2a-49f4-a4c7-b0cbcad4c0d2","turnId":"00205243-fe27-4da3-bca2-e27721039ac9","rootTurnId":"00205243-fe27-4da3-bca2-e27721039ac9"}
{"timestamp":"2026-08-24T08:40:29.000Z","level":"info","message":"[q-developer-converse] Sending GenerateAssistantResponse modelId=auto agentMode=vibe origin=AI_EDITOR streaming=true conversationId=sess_2157ab68-9c2a-49f4-a4c7-b0cbcad4c0d2","conversationId":"sess_2157ab68-9c2a-49f4-a4c7-b0cbcad4c0d2","turnId":"00205243-fe27-4da3-bca2-e27721039ac9","rootTurnId":"00205243-fe27-4da3-bca2-e27721039ac9"}
{"timestamp":"2026-08-24T08:40:29.001Z","level":"info","message":"[q-developer-converse] Request payload: 486547 chars, 108 history messages, conversationId=sess_2157ab68-9c2a-49f4-a4c7-b0cbcad4c0d2","conversationId":"sess_2157ab68-9c2a-49f4-a4c7-b0cbcad4c0d2","turnId":"00205243-fe27-4da3-bca2-e27721039ac9","rootTurnId":"00205243-fe27-4da3-bca2-e27721039ac9"}
{"timestamp":"2026-08-24T08:40:29.008Z","level":"info","message":"fs.appendMessages.ok {\"system\":\"fs\",\"sessionId\":\"sess_2157ab68-9c2a-49f4-a4c7-b0cbcad4c0d2\",\"messageCount\":1,\"durationMs\":16}","conversationId":"sess_2157ab68-9c2a-49f4-a4c7-b0cbcad4c0d2","turnId":"00205243-fe27-4da3-bca2-e27721039ac9","rootTurnId":"00205243-fe27-4da3-bca2-e27721039ac9"}
{"timestamp":"2026-08-24T08:40:29.010Z","level":"info","message":"fs.appendMessages.ok {\"system\":\"fs\",\"sessionId\":\"sess_2157ab68-9c2a-49f4-a4c7-b0cbcad4c0d2\",\"messageCount\":1,\"durationMs\":2}","conversationId":"sess_2157ab68-9c2a-49f4-a4c7-b0cbcad4c0d2","turnId":"00205243-fe27-4da3-bca2-e27721039ac9","rootTurnId":"00205243-fe27-4da3-bca2-e27721039ac9"}
{"timestamp":"2026-08-24T08:40:32.631Z","level":"info","message":"[AgentIterator] Synchronizing results","conversationId":"sess_2157ab68-9c2a-49f4-a4c7-b0cbcad4c0d2","turnId":"00205243-fe27-4da3-bca2-e27721039ac9","rootTurnId":"00205243-fe27-4da3-bca2-e27721039ac9"}
{"timestamp":"2026-08-24T08:40:32.631Z","level":"info","message":"[AgentIterator] Processing intent detection result","conversationId":"sess_2157ab68-9c2a-49f4-a4c7-b0cbcad4c0d2","turnId":"00205243-fe27-4da3-bca2-e27721039ac9","rootTurnId":"00205243-fe27-4da3-bca2-e27721039ac9"}
{"timestamp":"2026-08-24T08:40:32.631Z","level":"info","message":"[ChatAgent] Processing model response stream","conversationId":"sess_2157ab68-9c2a-49f4-a4c7-b0cbcad4c0d2","turnId":"00205243-fe27-4da3-bca2-e27721039ac9","rootTurnId":"00205243-fe27-4da3-bca2-e27721039ac9"}
{"timestamp":"2026-08-24T08:40:32.631Z","level":"info","message":"[Steering] Populating steering for execution 00205243-fe27-4da3-bca2-e27721039ac9","conversationId":"sess_2157ab68-9c2a-49f4-a4c7-b0cbcad4c0d2","turnId":"00205243-fe27-4da3-bca2-e27721039ac9","rootTurnId":"00205243-fe27-4da3-bca2-e27721039ac9"}
{"timestamp":"2026-08-24T08:40:32.631Z","level":"info","message":"[Steering] ExistingFiles: /c:/Users/Student/.kiro/regen/vite.config.ts, /c:/Users/Student/.kiro/regen/tsconfig.app.json in 00205243-fe27-4da3-bca2-e27721039ac9","conversationId":"sess_2157ab68-9c2a-49f4-a4c7-b0cbcad4c0d2","turnId":"00205243-fe27-4da3-bca2-e27721039ac9","rootTurnId":"00205243-fe27-4da3-bca2-e27721039ac9"}
{"timestamp":"2026-08-24T08:40:33.004Z","level":"info","message":"fs.appendMessages.ok {\"system\":\"fs\",\"sessionId\":\"sess_2157ab68-9c2a-49f4-a4c7-b0cbcad4c0d2\",\"messageCount\":1,\"durationMs\":3}","conversationId":"sess_2157ab68-9c2a-49f4-a4c7-b0cbcad4c0d2","turnId":"00205243-fe27-4da3-bca2-e27721039ac9","rootTurnId":"00205243-fe27-4da3-bca2-e27721039ac9"}
{"timestamp":"2026-08-24T08:40:33.772Z","level":"info","message":"[ACPEventAdapter] Execution yielded {\"executionId\":\"00205243-fe27-4da3-bca2-e27721039ac9\"}","conversationId":"sess_2157ab68-9c2a-49f4-a4c7-b0cbcad4c0d2","turnId":"00205243-fe27-4da3-bca2-e27721039ac9","rootTurnId":"00205243-fe27-4da3-bca2-e27721039ac9"}
{"timestamp":"2026-08-24T08:40:33.774Z","level":"info","message":"acp.policy-eval.complete {\"toolId\":\"run_command\",\"effect\":\"ask\"}","conversationId":"sess_2157ab68-9c2a-49f4-a4c7-b0cbcad4c0d2","turnId":"00205243-fe27-4da3-bca2-e27721039ac9","rootTurnId":"00205243-fe27-4da3-bca2-e27721039ac9"}
{"timestamp":"2026-08-24T08:40:33.783Z","level":"info","message":"[ACP ToolApproval] Requesting permission for toolId=run_command, operationId=run_command_tooluse_DNdpOdlfMdrgH72OYSaM89, sessionId=sess_2157ab68-9c2a-49f4-a4c7-b0cbcad4c0d2","conversationId":"sess_2157ab68-9c2a-49f4-a4c7-b0cbcad4c0d2","turnId":"00205243-fe27-4da3-bca2-e27721039ac9","rootTurnId":"00205243-fe27-4da3-bca2-e27721039ac9"}
{"timestamp":"2026-08-24T08:40:33.786Z","level":"info","message":"fs.appendMessages.ok {\"system\":\"fs\",\"sessionId\":\"sess_2157ab68-9c2a-49f4-a4c7-b0cbcad4c0d2\",\"messageCount\":1,\"durationMs\":3}","conversationId":"sess_2157ab68-9c2a-49f4-a4c7-b0cbcad4c0d2","turnId":"00205243-fe27-4da3-bca2-e27721039ac9","rootTurnId":"00205243-fe27-4da3-bca2-e27721039ac9"}
{"timestamp":"2026-08-24T08:40:34.140Z","level":"info","message":"fs.appendMessages.ok {\"system\":\"fs\",\"sessionId\":\"sess_2157ab68-9c2a-49f4-a4c7-b0cbcad4c0d2\",\"messageCount\":1,\"durationMs\":4}","conversationId":"sess_2157ab68-9c2a-49f4-a4c7-b0cbcad4c0d2","turnId":"00205243-fe27-4da3-bca2-e27721039ac9","rootTurnId":"00205243-fe27-4da3-bca2-e27721039ac9"}
{"timestamp":"2026-08-24T08:40:34.146Z","level":"info","message":"fs.appendMessages.ok {\"system\":\"fs\",\"sessionId\":\"sess_2157ab68-9c2a-49f4-a4c7-b0cbcad4c0d2\",\"messageCount\":1,\"durationMs\":6}","conversationId":"sess_2157ab68-9c2a-49f4-a4c7-b0cbcad4c0d2","turnId":"00205243-fe27-4da3-bca2-e27721039ac9","rootTurnId":"00205243-fe27-4da3-bca2-e27721039ac9"}
{"timestamp":"2026-08-24T08:40:53.077Z","level":"info","message":"fs.appendMessages.ok {\"system\":\"fs\",\"sessionId\":\"sess_2157ab68-9c2a-49f4-a4c7-b0cbcad4c0d2\",\"messageCount\":1,\"durationMs\":2}","conversationId":"sess_2157ab68-9c2a-49f4-a4c7-b0cbcad4c0d2","turnId":"00205243-fe27-4da3-bca2-e27721039ac9","rootTurnId":"00205243-fe27-4da3-bca2-e27721039ac9"}
{"timestamp":"2026-08-24T08:40:53.077Z","level":"info","message":"[ACP ToolApproval] Got response: {\"optionId\":\"always-accept\",\"outcome\":\"selected\"}","conversationId":"sess_2157ab68-9c2a-49f4-a4c7-b0cbcad4c0d2","turnId":"00205243-fe27-4da3-bca2-e27721039ac9","rootTurnId":"00205243-fe27-4da3-bca2-e27721039ac9"}
{"timestamp":"2026-08-24T08:40:53.305Z","level":"info","message":"[PolicySession] rebuild() complete: 18 rules parsed, engineActive=true, fatal=false","conversationId":"sess_2157ab68-9c2a-49f4-a4c7-b0cbcad4c0d2","turnId":"00205243-fe27-4da3-bca2-e27721039ac9","rootTurnId":"00205243-fe27-4da3-bca2-e27721039ac9"}
{"timestamp":"2026-08-24T08:40:53.305Z","level":"info","message":"[PolicySession] Persisted allow rule for shell matching \"cmd /c \"cd /d C:\\Users\\Student\\.kiro\\regen && npm run build 2>&1\"\" at scope=workspace","conversationId":"sess_2157ab68-9c2a-49f4-a4c7-b0cbcad4c0d2","turnId":"00205243-fe27-4da3-bca2-e27721039ac9","rootTurnId":"00205243-fe27-4da3-bca2-e27721039ac9"}
{"timestamp":"2026-08-24T08:40:53.313Z","level":"info","message":"[ACPEventAdapter] Execution resumed {\"executionId\":\"00205243-fe27-4da3-bca2-e27721039ac9\"}","conversationId":"sess_2157ab68-9c2a-49f4-a4c7-b0cbcad4c0d2","turnId":"00205243-fe27-4da3-bca2-e27721039ac9","rootTurnId":"00205243-fe27-4da3-bca2-e27721039ac9"}
{"timestamp":"2026-08-24T08:40:55.526Z","level":"info","message":"[AgentIterator] Parallel invoking agent","conversationId":"sess_2157ab68-9c2a-49f4-a4c7-b0cbcad4c0d2","turnId":"00205243-fe27-4da3-bca2-e27721039ac9","rootTurnId":"00205243-fe27-4da3-bca2-e27721039ac9"}
{"timestamp":"2026-08-24T08:40:55.526Z","level":"info","message":"[Steering] Populating steering for execution 00205243-fe27-4da3-bca2-e27721039ac9","conversationId":"sess_2157ab68-9c2a-49f4-a4c7-b0cbcad4c0d2","turnId":"00205243-fe27-4da3-bca2-e27721039ac9","rootTurnId":"00205243-fe27-4da3-bca2-e27721039ac9"}
{"timestamp":"2026-08-24T08:40:55.526Z","level":"info","message":"[Steering] ExistingFiles: /c:/Users/Student/.kiro/regen/vite.config.ts, /c:/Users/Student/.kiro/regen/tsconfig.app.json in 00205243-fe27-4da3-bca2-e27721039ac9","conversationId":"sess_2157ab68-9c2a-49f4-a4c7-b0cbcad4c0d2","turnId":"00205243-fe27-4da3-bca2-e27721039ac9","rootTurnId":"00205243-fe27-4da3-bca2-e27721039ac9"}
{"timestamp":"2026-08-24T08:40:55.530Z","level":"info","message":"[q-developer-converse] Sending GenerateAssistantResponse modelId=auto agentMode=vibe origin=AI_EDITOR streaming=true conversationId=sess_2157ab68-9c2a-49f4-a4c7-b0cbcad4c0d2","conversationId":"sess_2157ab68-9c2a-49f4-a4c7-b0cbcad4c0d2","turnId":"00205243-fe27-4da3-bca2-e27721039ac9","rootTurnId":"00205243-fe27-4da3-bca2-e27721039ac9"}
{"timestamp":"2026-08-24T08:40:55.531Z","level":"info","message":"[q-developer-converse] Request payload: 492860 chars, 110 history messages, conversationId=sess_2157ab68-9c2a-49f4-a4c7-b0cbcad4c0d2","conversationId":"sess_2157ab68-9c2a-49f4-a4c7-b0cbcad4c0d2","turnId":"00205243-fe27-4da3-bca2-e27721039ac9","rootTurnId":"00205243-fe27-4da3-bca2-e27721039ac9"}
{"timestamp":"2026-08-24T08:40:55.541Z","level":"info","message":"fs.appendMessages.ok {\"system\":\"fs\",\"sessionId\":\"sess_2157ab68-9c2a-49f4-a4c7-b0cbcad4c0d2\",\"messageCount\":2,\"durationMs\":19}","conversationId":"sess_2157ab68-9c2a-49f4-a4c7-b0cbcad4c0d2","turnId":"00205243-fe27-4da3-bca2-e27721039ac9","rootTurnId":"00205243-fe27-4da3-bca2-e27721039ac9"}
{"timestamp":"2026-08-24T08:40:59.402Z","level":"info","message":"[AgentIterator] Synchronizing results","conversationId":"sess_2157ab68-9c2a-49f4-a4c7-b0cbcad4c0d2","turnId":"00205243-fe27-4da3-bca2-e27721039ac9","rootTurnId":"00205243-fe27-4da3-bca2-e27721039ac9"}
{"timestamp":"2026-08-24T08:40:59.402Z","level":"info","message":"[AgentIterator] Processing intent detection result","conversationId":"sess_2157ab68-9c2a-49f4-a4c7-b0cbcad4c0d2","turnId":"00205243-fe27-4da3-bca2-e27721039ac9","rootTurnId":"00205243-fe27-4da3-bca2-e27721039ac9"}
{"timestamp":"2026-08-24T08:40:59.402Z","level":"info","message":"[ChatAgent] Processing model response stream","conversationId":"sess_2157ab68-9c2a-49f4-a4c7-b0cbcad4c0d2","turnId":"00205243-fe27-4da3-bca2-e27721039ac9","rootTurnId":"00205243-fe27-4da3-bca2-e27721039ac9"}
{"timestamp":"2026-08-24T08:40:59.402Z","level":"info","message":"[Steering] Populating steering for execution 00205243-fe27-4da3-bca2-e27721039ac9","conversationId":"sess_2157ab68-9c2a-49f4-a4c7-b0cbcad4c0d2","turnId":"00205243-fe27-4da3-bca2-e27721039ac9","rootTurnId":"00205243-fe27-4da3-bca2-e27721039ac9"}
{"timestamp":"2026-08-24T08:40:59.402Z","level":"info","message":"[Steering] ExistingFiles: /c:/Users/Student/.kiro/regen/vite.config.ts, /c:/Users/Student/.kiro/regen/tsconfig.app.json in 00205243-fe27-4da3-bca2-e27721039ac9","conversationId":"sess_2157ab68-9c2a-49f4-a4c7-b0cbcad4c0d2","turnId":"00205243-fe27-4da3-bca2-e27721039ac9","rootTurnId":"00205243-fe27-4da3-bca2-e27721039ac9"}
{"timestamp":"2026-08-24T08:40:59.767Z","level":"info","message":"fs.appendMessages.ok {\"system\":\"fs\",\"sessionId\":\"sess_2157ab68-9c2a-49f4-a4c7-b0cbcad4c0d2\",\"messageCount\":1,\"durationMs\":2}","conversationId":"sess_2157ab68-9c2a-49f4-a4c7-b0cbcad4c0d2","turnId":"00205243-fe27-4da3-bca2-e27721039ac9","rootTurnId":"00205243-fe27-4da3-bca2-e27721039ac9"}
{"timestamp":"2026-08-24T08:41:01.763Z","level":"warn","message":"[ACPEventAdapter] Action type has no dedicated handler and is being routed as a tool call. If this is a new non-tool action, add it to DispatchedActionType. {\"actionType\":\"replace\"}","conversationId":"sess_2157ab68-9c2a-49f4-a4c7-b0cbcad4c0d2","turnId":"00205243-fe27-4da3-bca2-e27721039ac9","rootTurnId":"00205243-fe27-4da3-bca2-e27721039ac9"}
{"timestamp":"2026-08-24T08:41:01.771Z","level":"info","message":"acp.policy-eval.complete {\"toolId\":\"str_replace\",\"effect\":\"allow\",\"capability\":\"fs_write\"}","conversationId":"sess_2157ab68-9c2a-49f4-a4c7-b0cbcad4c0d2","turnId":"00205243-fe27-4da3-bca2-e27721039ac9","rootTurnId":"00205243-fe27-4da3-bca2-e27721039ac9"}
{"timestamp":"2026-08-24T08:41:01.780Z","level":"info","message":"[SessionPersistence] Snapshot deduplicated for regen/src/lib/mockData.ts in session sess_2157ab68-9c2a-49f4-a4c7-b0cbcad4c0d2 (reused 88c8b33b)","conversationId":"sess_2157ab68-9c2a-49f4-a4c7-b0cbcad4c0d2","turnId":"00205243-fe27-4da3-bca2-e27721039ac9","rootTurnId":"00205243-fe27-4da3-bca2-e27721039ac9"}
{"timestamp":"2026-08-24T08:41:01.835Z","level":"info","message":"[SessionPersistence] Created snapshot 6b6e91cf for regen/src/lib/mockData.ts in session sess_2157ab68-9c2a-49f4-a4c7-b0cbcad4c0d2 (53035 bytes)","conversationId":"sess_2157ab68-9c2a-49f4-a4c7-b0cbcad4c0d2","turnId":"00205243-fe27-4da3-bca2-e27721039ac9","rootTurnId":"00205243-fe27-4da3-bca2-e27721039ac9"}
{"timestamp":"2026-08-24T08:41:01.841Z","level":"info","message":"fs.appendMessages.ok {\"system\":\"fs\",\"sessionId\":\"sess_2157ab68-9c2a-49f4-a4c7-b0cbcad4c0d2\",\"messageCount\":2,\"durationMs\":4}","conversationId":"sess_2157ab68-9c2a-49f4-a4c7-b0cbcad4c0d2","turnId":"00205243-fe27-4da3-bca2-e27721039ac9","rootTurnId":"00205243-fe27-4da3-bca2-e27721039ac9"}
{"timestamp":"2026-08-24T08:41:01.883Z","level":"info","message":"[AgentIterator] Parallel invoking agent","conversationId":"sess_2157ab68-9c2a-49f4-a4c7-b0cbcad4c0d2","turnId":"00205243-fe27-4da3-bca2-e27721039ac9","rootTurnId":"00205243-fe27-4da3-bca2-e27721039ac9"}
{"timestamp":"2026-08-24T08:41:01.883Z","level":"info","message":"[Steering] Populating steering for execution 00205243-fe27-4da3-bca2-e27721039ac9","conversationId":"sess_2157ab68-9c2a-49f4-a4c7-b0cbcad4c0d2","turnId":"00205243-fe27-4da3-bca2-e27721039ac9","rootTurnId":"00205243-fe27-4da3-bca2-e27721039ac9"}
{"timestamp":"2026-08-24T08:41:01.883Z","level":"info","message":"[Steering] ExistingFiles: /c:/Users/Student/.kiro/regen/vite.config.ts, /c:/Users/Student/.kiro/regen/tsconfig.app.json in 00205243-fe27-4da3-bca2-e27721039ac9","conversationId":"sess_2157ab68-9c2a-49f4-a4c7-b0cbcad4c0d2","turnId":"00205243-fe27-4da3-bca2-e27721039ac9","rootTurnId":"00205243-fe27-4da3-bca2-e27721039ac9"}
{"timestamp":"2026-08-24T08:41:01.887Z","level":"info","message":"[q-developer-converse] Sending GenerateAssistantResponse modelId=auto agentMode=vibe origin=AI_EDITOR streaming=true conversationId=sess_2157ab68-9c2a-49f4-a4c7-b0cbcad4c0d2","conversationId":"sess_2157ab68-9c2a-49f4-a4c7-b0cbcad4c0d2","turnId":"00205243-fe27-4da3-bca2-e27721039ac9","rootTurnId":"00205243-fe27-4da3-bca2-e27721039ac9"}
{"timestamp":"2026-08-24T08:41:01.888Z","level":"info","message":"[q-developer-converse] Request payload: 493946 chars, 112 history messages, conversationId=sess_2157ab68-9c2a-49f4-a4c7-b0cbcad4c0d2","conversationId":"sess_2157ab68-9c2a-49f4-a4c7-b0cbcad4c0d2","turnId":"00205243-fe27-4da3-bca2-e27721039ac9","rootTurnId":"00205243-fe27-4da3-bca2-e27721039ac9"}
{"timestamp":"2026-08-24T08:41:01.895Z","level":"info","message":"fs.appendMessages.ok {\"system\":\"fs\",\"sessionId\":\"sess_2157ab68-9c2a-49f4-a4c7-b0cbcad4c0d2\",\"messageCount\":1,\"durationMs\":16}","conversationId":"sess_2157ab68-9c2a-49f4-a4c7-b0cbcad4c0d2","turnId":"00205243-fe27-4da3-bca2-e27721039ac9","rootTurnId":"00205243-fe27-4da3-bca2-e27721039ac9"}
{"timestamp":"2026-08-24T08:41:01.897Z","level":"info","message":"fs.appendMessages.ok {\"system\":\"fs\",\"sessionId\":\"sess_2157ab68-9c2a-49f4-a4c7-b0cbcad4c0d2\",\"messageCount\":1,\"durationMs\":2}","conversationId":"sess_2157ab68-9c2a-49f4-a4c7-b0cbcad4c0d2","turnId":"00205243-fe27-4da3-bca2-e27721039ac9","rootTurnId":"00205243-fe27-4da3-bca2-e27721039ac9"}
{"timestamp":"2026-08-24T08:41:05.513Z","level":"info","message":"network.listAvailableModels.ok {\"system\":\"network\",\"durationMs\":1457}"}
{"timestamp":"2026-08-24T08:41:05.513Z","level":"info","message":"[ACPModelConfigProvider] Loaded 9 models"}
{"timestamp":"2026-08-24T08:41:05.819Z","level":"info","message":"[AgentIterator] Synchronizing results","conversationId":"sess_2157ab68-9c2a-49f4-a4c7-b0cbcad4c0d2","turnId":"00205243-fe27-4da3-bca2-e27721039ac9","rootTurnId":"00205243-fe27-4da3-bca2-e27721039ac9"}
{"timestamp":"2026-08-24T08:41:05.819Z","level":"info","message":"[AgentIterator] Processing intent detection result","conversationId":"sess_2157ab68-9c2a-49f4-a4c7-b0cbcad4c0d2","turnId":"00205243-fe27-4da3-bca2-e27721039ac9","rootTurnId":"00205243-fe27-4da3-bca2-e27721039ac9"}
{"timestamp":"2026-08-24T08:41:05.819Z","level":"info","message":"[ChatAgent] Processing model response stream","conversationId":"sess_2157ab68-9c2a-49f4-a4c7-b0cbcad4c0d2","turnId":"00205243-fe27-4da3-bca2-e27721039ac9","rootTurnId":"00205243-fe27-4da3-bca2-e27721039ac9"}
{"timestamp":"2026-08-24T08:41:05.819Z","level":"info","message":"[Steering] Populating steering for execution 00205243-fe27-4da3-bca2-e27721039ac9","conversationId":"sess_2157ab68-9c2a-49f4-a4c7-b0cbcad4c0d2","turnId":"00205243-fe27-4da3-bca2-e27721039ac9","rootTurnId":"00205243-fe27-4da3-bca2-e27721039ac9"}
{"timestamp":"2026-08-24T08:41:05.819Z","level":"info","message":"[Steering] ExistingFiles: /c:/Users/Student/.kiro/regen/vite.config.ts, /c:/Users/Student/.kiro/regen/tsconfig.app.json in 00205243-fe27-4da3-bca2-e27721039ac9","conversationId":"sess_2157ab68-9c2a-49f4-a4c7-b0cbcad4c0d2","turnId":"00205243-fe27-4da3-bca2-e27721039ac9","rootTurnId":"00205243-fe27-4da3-bca2-e27721039ac9"}
{"timestamp":"2026-08-24T08:41:07.972Z","level":"info","message":"acp.policy-eval.complete {\"toolId\":\"str_replace\",\"effect\":\"allow\",\"capability\":\"fs_write\"}","conversationId":"sess_2157ab68-9c2a-49f4-a4c7-b0cbcad4c0d2","turnId":"00205243-fe27-4da3-bca2-e27721039ac9","rootTurnId":"00205243-fe27-4da3-bca2-e27721039ac9"}
{"timestamp":"2026-08-24T08:41:07.979Z","level":"info","message":"[SessionPersistence] Snapshot deduplicated for regen/src/lib/mockData.ts in session sess_2157ab68-9c2a-49f4-a4c7-b0cbcad4c0d2 (reused 6b6e91cf)","conversationId":"sess_2157ab68-9c2a-49f4-a4c7-b0cbcad4c0d2","turnId":"00205243-fe27-4da3-bca2-e27721039ac9","rootTurnId":"00205243-fe27-4da3-bca2-e27721039ac9"}
{"timestamp":"2026-08-24T08:41:08.015Z","level":"info","message":"[SessionPersistence] Created snapshot f7f83bd5 for regen/src/lib/mockData.ts in session sess_2157ab68-9c2a-49f4-a4c7-b0cbcad4c0d2 (53042 bytes)","conversationId":"sess_2157ab68-9c2a-49f4-a4c7-b0cbcad4c0d2","turnId":"00205243-fe27-4da3-bca2-e27721039ac9","rootTurnId":"00205243-fe27-4da3-bca2-e27721039ac9"}
{"timestamp":"2026-08-24T08:41:08.022Z","level":"info","message":"fs.appendMessages.ok {\"system\":\"fs\",\"sessionId\":\"sess_2157ab68-9c2a-49f4-a4c7-b0cbcad4c0d2\",\"messageCount\":2,\"durationMs\":6}","conversationId":"sess_2157ab68-9c2a-49f4-a4c7-b0cbcad4c0d2","turnId":"00205243-fe27-4da3-bca2-e27721039ac9","rootTurnId":"00205243-fe27-4da3-bca2-e27721039ac9"}
{"timestamp":"2026-08-24T08:41:08.277Z","level":"info","message":"[AgentIterator] Parallel invoking agent","conversationId":"sess_2157ab68-9c2a-49f4-a4c7-b0cbcad4c0d2","turnId":"00205243-fe27-4da3-bca2-e27721039ac9","rootTurnId":"00205243-fe27-4da3-bca2-e27721039ac9"}
{"timestamp":"2026-08-24T08:41:08.278Z","level":"info","message":"[Steering] Populating steering for execution 00205243-fe27-4da3-bca2-e27721039ac9","conversationId":"sess_2157ab68-9c2a-49f4-a4c7-b0cbcad4c0d2","turnId":"00205243-fe27-4da3-bca2-e27721039ac9","rootTurnId":"00205243-fe27-4da3-bca2-e27721039ac9"}
{"timestamp":"2026-08-24T08:41:08.278Z","level":"info","message":"[Steering] ExistingFiles: /c:/Users/Student/.kiro/regen/vite.config.ts, /c:/Users/Student/.kiro/regen/tsconfig.app.json in 00205243-fe27-4da3-bca2-e27721039ac9","conversationId":"sess_2157ab68-9c2a-49f4-a4c7-b0cbcad4c0d2","turnId":"00205243-fe27-4da3-bca2-e27721039ac9","rootTurnId":"00205243-fe27-4da3-bca2-e27721039ac9"}
{"timestamp":"2026-08-24T08:41:08.281Z","level":"info","message":"[q-developer-converse] Sending GenerateAssistantResponse modelId=auto agentMode=vibe origin=AI_EDITOR streaming=true conversationId=sess_2157ab68-9c2a-49f4-a4c7-b0cbcad4c0d2","conversationId":"sess_2157ab68-9c2a-49f4-a4c7-b0cbcad4c0d2","turnId":"00205243-fe27-4da3-bca2-e27721039ac9","rootTurnId":"00205243-fe27-4da3-bca2-e27721039ac9"}
{"timestamp":"2026-08-24T08:41:08.282Z","level":"info","message":"[q-developer-converse] Request payload: 494976 chars, 114 history messages, conversationId=sess_2157ab68-9c2a-49f4-a4c7-b0cbcad4c0d2","conversationId":"sess_2157ab68-9c2a-49f4-a4c7-b0cbcad4c0d2","turnId":"00205243-fe27-4da3-bca2-e27721039ac9","rootTurnId":"00205243-fe27-4da3-bca2-e27721039ac9"}
{"timestamp":"2026-08-24T08:41:08.289Z","level":"info","message":"fs.appendMessages.ok {\"system\":\"fs\",\"sessionId\":\"sess_2157ab68-9c2a-49f4-a4c7-b0cbcad4c0d2\",\"messageCount\":1,\"durationMs\":17}","conversationId":"sess_2157ab68-9c2a-49f4-a4c7-b0cbcad4c0d2","turnId":"00205243-fe27-4da3-bca2-e27721039ac9","rootTurnId":"00205243-fe27-4da3-bca2-e27721039ac9"}
{"timestamp":"2026-08-24T08:41:08.297Z","level":"info","message":"fs.appendMessages.ok {\"system\":\"fs\",\"sessionId\":\"sess_2157ab68-9c2a-49f4-a4c7-b0cbcad4c0d2\",\"messageCount\":1,\"durationMs\":8}","conversationId":"sess_2157ab68-9c2a-49f4-a4c7-b0cbcad4c0d2","turnId":"00205243-fe27-4da3-bca2-e27721039ac9","rootTurnId":"00205243-fe27-4da3-bca2-e27721039ac9"}
{"timestamp":"2026-08-24T08:41:12.290Z","level":"info","message":"[AgentIterator] Synchronizing results","conversationId":"sess_2157ab68-9c2a-49f4-a4c7-b0cbcad4c0d2","turnId":"00205243-fe27-4da3-bca2-e27721039ac9","rootTurnId":"00205243-fe27-4da3-bca2-e27721039ac9"}
{"timestamp":"2026-08-24T08:41:12.290Z","level":"info","message":"[AgentIterator] Processing intent detection result","conversationId":"sess_2157ab68-9c2a-49f4-a4c7-b0cbcad4c0d2","turnId":"00205243-fe27-4da3-bca2-e27721039ac9","rootTurnId":"00205243-fe27-4da3-bca2-e27721039ac9"}
{"timestamp":"2026-08-24T08:41:12.291Z","level":"info","message":"[ChatAgent] Processing model response stream","conversationId":"sess_2157ab68-9c2a-49f4-a4c7-b0cbcad4c0d2","turnId":"00205243-fe27-4da3-bca2-e27721039ac9","rootTurnId":"00205243-fe27-4da3-bca2-e27721039ac9"}
{"timestamp":"2026-08-24T08:41:12.291Z","level":"info","message":"[Steering] Populating steering for execution 00205243-fe27-4da3-bca2-e27721039ac9","conversationId":"sess_2157ab68-9c2a-49f4-a4c7-b0cbcad4c0d2","turnId":"00205243-fe27-4da3-bca2-e27721039ac9","rootTurnId":"00205243-fe27-4da3-bca2-e27721039ac9"}
{"timestamp":"2026-08-24T08:41:12.291Z","level":"info","message":"[Steering] ExistingFiles: /c:/Users/Student/.kiro/regen/vite.config.ts, /c:/Users/Student/.kiro/regen/tsconfig.app.json in 00205243-fe27-4da3-bca2-e27721039ac9","conversationId":"sess_2157ab68-9c2a-49f4-a4c7-b0cbcad4c0d2","turnId":"00205243-fe27-4da3-bca2-e27721039ac9","rootTurnId":"00205243-fe27-4da3-bca2-e27721039ac9"}
{"timestamp":"2026-08-24T08:41:13.201Z","level":"info","message":"fs.appendMessages.ok {\"system\":\"fs\",\"sessionId\":\"sess_2157ab68-9c2a-49f4-a4c7-b0cbcad4c0d2\",\"messageCount\":1,\"durationMs\":3}","conversationId":"sess_2157ab68-9c2a-49f4-a4c7-b0cbcad4c0d2","turnId":"00205243-fe27-4da3-bca2-e27721039ac9","rootTurnId":"00205243-fe27-4da3-bca2-e27721039ac9"}
{"timestamp":"2026-08-24T08:41:13.925Z","level":"info","message":"acp.policy-eval.complete {\"toolId\":\"read_file\",\"effect\":\"allow\",\"capability\":\"fs_read\"}","conversationId":"sess_2157ab68-9c2a-49f4-a4c7-b0cbcad4c0d2","turnId":"00205243-fe27-4da3-bca2-e27721039ac9","rootTurnId":"00205243-fe27-4da3-bca2-e27721039ac9"}
{"timestamp":"2026-08-24T08:41:13.931Z","level":"info","message":"fs.appendMessages.ok {\"system\":\"fs\",\"sessionId\":\"sess_2157ab68-9c2a-49f4-a4c7-b0cbcad4c0d2\",\"messageCount\":2,\"durationMs\":3}","conversationId":"sess_2157ab68-9c2a-49f4-a4c7-b0cbcad4c0d2","turnId":"00205243-fe27-4da3-bca2-e27721039ac9","rootTurnId":"00205243-fe27-4da3-bca2-e27721039ac9"}
{"timestamp":"2026-08-24T08:41:14.297Z","level":"info","message":"[AgentIterator] Parallel invoking agent","conversationId":"sess_2157ab68-9c2a-49f4-a4c7-b0cbcad4c0d2","turnId":"00205243-fe27-4da3-bca2-e27721039ac9","rootTurnId":"00205243-fe27-4da3-bca2-e27721039ac9"}
{"timestamp":"2026-08-24T08:41:14.297Z","level":"info","message":"[Steering] Populating steering for execution 00205243-fe27-4da3-bca2-e27721039ac9","conversationId":"sess_2157ab68-9c2a-49f4-a4c7-b0cbcad4c0d2","turnId":"00205243-fe27-4da3-bca2-e27721039ac9","rootTurnId":"00205243-fe27-4da3-bca2-e27721039ac9"}
{"timestamp":"2026-08-24T08:41:14.297Z","level":"info","message":"[Steering] ExistingFiles: /c:/Users/Student/.kiro/regen/vite.config.ts, /c:/Users/Student/.kiro/regen/tsconfig.app.json, /c:/Users/Student/.kiro/regen/src/lib/mockData.ts in 00205243-fe27-4da3-bca2-e27721039ac9","conversationId":"sess_2157ab68-9c2a-49f4-a4c7-b0cbcad4c0d2","turnId":"00205243-fe27-4da3-bca2-e27721039ac9","rootTurnId":"00205243-fe27-4da3-bca2-e27721039ac9"}
{"timestamp":"2026-08-24T08:41:14.300Z","level":"info","message":"[q-developer-converse] Sending GenerateAssistantResponse modelId=auto agentMode=vibe origin=AI_EDITOR streaming=true conversationId=sess_2157ab68-9c2a-49f4-a4c7-b0cbcad4c0d2","conversationId":"sess_2157ab68-9c2a-49f4-a4c7-b0cbcad4c0d2","turnId":"00205243-fe27-4da3-bca2-e27721039ac9","rootTurnId":"00205243-fe27-4da3-bca2-e27721039ac9"}
{"timestamp":"2026-08-24T08:41:14.301Z","level":"info","message":"[q-developer-converse] Request payload: 499636 chars, 116 history messages, conversationId=sess_2157ab68-9c2a-49f4-a4c7-b0cbcad4c0d2","conversationId":"sess_2157ab68-9c2a-49f4-a4c7-b0cbcad4c0d2","turnId":"00205243-fe27-4da3-bca2-e27721039ac9","rootTurnId":"00205243-fe27-4da3-bca2-e27721039ac9"}
{"timestamp":"2026-08-24T08:41:14.308Z","level":"info","message":"fs.appendMessages.ok {\"system\":\"fs\",\"sessionId\":\"sess_2157ab68-9c2a-49f4-a4c7-b0cbcad4c0d2\",\"messageCount\":1,\"durationMs\":16}","conversationId":"sess_2157ab68-9c2a-49f4-a4c7-b0cbcad4c0d2","turnId":"00205243-fe27-4da3-bca2-e27721039ac9","rootTurnId":"00205243-fe27-4da3-bca2-e27721039ac9"}
{"timestamp":"2026-08-24T08:41:14.310Z","level":"info","message":"fs.appendMessages.ok {\"system\":\"fs\",\"sessionId\":\"sess_2157ab68-9c2a-49f4-a4c7-b0cbcad4c0d2\",\"messageCount\":1,\"durationMs\":2}","conversationId":"sess_2157ab68-9c2a-49f4-a4c7-b0cbcad4c0d2","turnId":"00205243-fe27-4da3-bca2-e27721039ac9","rootTurnId":"00205243-fe27-4da3-bca2-e27721039ac9"}
{"timestamp":"2026-08-24T08:41:19.791Z","level":"info","message":"[AgentIterator] Synchronizing results","conversationId":"sess_2157ab68-9c2a-49f4-a4c7-b0cbcad4c0d2","turnId":"00205243-fe27-4da3-bca2-e27721039ac9","rootTurnId":"00205243-fe27-4da3-bca2-e27721039ac9"}
{"timestamp":"2026-08-24T08:41:19.791Z","level":"info","message":"[AgentIterator] Processing intent detection result","conversationId":"sess_2157ab68-9c2a-49f4-a4c7-b0cbcad4c0d2","turnId":"00205243-fe27-4da3-bca2-e27721039ac9","rootTurnId":"00205243-fe27-4da3-bca2-e27721039ac9"}
{"timestamp":"2026-08-24T08:41:19.791Z","level":"info","message":"[ChatAgent] Processing model response stream","conversationId":"sess_2157ab68-9c2a-49f4-a4c7-b0cbcad4c0d2","turnId":"00205243-fe27-4da3-bca2-e27721039ac9","rootTurnId":"00205243-fe27-4da3-bca2-e27721039ac9"}
{"timestamp":"2026-08-24T08:41:19.791Z","level":"info","message":"[Steering] Populating steering for execution 00205243-fe27-4da3-bca2-e27721039ac9","conversationId":"sess_2157ab68-9c2a-49f4-a4c7-b0cbcad4c0d2","turnId":"00205243-fe27-4da3-bca2-e27721039ac9","rootTurnId":"00205243-fe27-4da3-bca2-e27721039ac9"}
{"timestamp":"2026-08-24T08:41:19.791Z","level":"info","message":"[Steering] ExistingFiles: /c:/Users/Student/.kiro/regen/vite.config.ts, /c:/Users/Student/.kiro/regen/tsconfig.app.json, /c:/Users/Student/.kiro/regen/src/lib/mockData.ts in 00205243-fe27-4da3-bca2-e27721039ac9","conversationId":"sess_2157ab68-9c2a-49f4-a4c7-b0cbcad4c0d2","turnId":"00205243-fe27-4da3-bca2-e27721039ac9","rootTurnId":"00205243-fe27-4da3-bca2-e27721039ac9"}
{"timestamp":"2026-08-24T08:41:26.504Z","level":"info","message":"acp.policy-eval.complete {\"toolId\":\"str_replace\",\"effect\":\"allow\",\"capability\":\"fs_write\"}","conversationId":"sess_2157ab68-9c2a-49f4-a4c7-b0cbcad4c0d2","turnId":"00205243-fe27-4da3-bca2-e27721039ac9","rootTurnId":"00205243-fe27-4da3-bca2-e27721039ac9"}
{"timestamp":"2026-08-24T08:41:26.513Z","level":"info","message":"fs.appendMessages.ok {\"system\":\"fs\",\"sessionId\":\"sess_2157ab68-9c2a-49f4-a4c7-b0cbcad4c0d2\",\"messageCount\":1,\"durationMs\":8}","conversationId":"sess_2157ab68-9c2a-49f4-a4c7-b0cbcad4c0d2","turnId":"00205243-fe27-4da3-bca2-e27721039ac9","rootTurnId":"00205243-fe27-4da3-bca2-e27721039ac9"}
{"timestamp":"2026-08-24T08:41:26.521Z","level":"info","message":"fs.appendMessages.ok {\"system\":\"fs\",\"sessionId\":\"sess_2157ab68-9c2a-49f4-a4c7-b0cbcad4c0d2\",\"messageCount\":1,\"durationMs\":9}","conversationId":"sess_2157ab68-9c2a-49f4-a4c7-b0cbcad4c0d2","turnId":"00205243-fe27-4da3-bca2-e27721039ac9","rootTurnId":"00205243-fe27-4da3-bca2-e27721039ac9"}
{"timestamp":"2026-08-24T08:41:26.523Z","level":"info","message":"[SessionPersistence] Snapshot deduplicated for regen/src/lib/mockData.ts in session sess_2157ab68-9c2a-49f4-a4c7-b0cbcad4c0d2 (reused f7f83bd5)","conversationId":"sess_2157ab68-9c2a-49f4-a4c7-b0cbcad4c0d2","turnId":"00205243-fe27-4da3-bca2-e27721039ac9","rootTurnId":"00205243-fe27-4da3-bca2-e27721039ac9"}
{"timestamp":"2026-08-24T08:41:26.576Z","level":"info","message":"[SessionPersistence] Created snapshot 82854793 for regen/src/lib/mockData.ts in session sess_2157ab68-9c2a-49f4-a4c7-b0cbcad4c0d2 (52883 bytes)","conversationId":"sess_2157ab68-9c2a-49f4-a4c7-b0cbcad4c0d2","turnId":"00205243-fe27-4da3-bca2-e27721039ac9","rootTurnId":"00205243-fe27-4da3-bca2-e27721039ac9"}
{"timestamp":"2026-08-24T08:41:26.584Z","level":"info","message":"[AgentIterator] Parallel invoking agent","conversationId":"sess_2157ab68-9c2a-49f4-a4c7-b0cbcad4c0d2","turnId":"00205243-fe27-4da3-bca2-e27721039ac9","rootTurnId":"00205243-fe27-4da3-bca2-e27721039ac9"}
{"timestamp":"2026-08-24T08:41:26.584Z","level":"info","message":"[Steering] Populating steering for execution 00205243-fe27-4da3-bca2-e27721039ac9","conversationId":"sess_2157ab68-9c2a-49f4-a4c7-b0cbcad4c0d2","turnId":"00205243-fe27-4da3-bca2-e27721039ac9","rootTurnId":"00205243-fe27-4da3-bca2-e27721039ac9"}
{"timestamp":"2026-08-24T08:41:26.584Z","level":"info","message":"[Steering] ExistingFiles: /c:/Users/Student/.kiro/regen/vite.config.ts, /c:/Users/Student/.kiro/regen/tsconfig.app.json, /c:/Users/Student/.kiro/regen/src/lib/mockData.ts in 00205243-fe27-4da3-bca2-e27721039ac9","conversationId":"sess_2157ab68-9c2a-49f4-a4c7-b0cbcad4c0d2","turnId":"00205243-fe27-4da3-bca2-e27721039ac9","rootTurnId":"00205243-fe27-4da3-bca2-e27721039ac9"}
{"timestamp":"2026-08-24T08:41:26.587Z","level":"info","message":"[q-developer-converse] Sending GenerateAssistantResponse modelId=auto agentMode=vibe origin=AI_EDITOR streaming=true conversationId=sess_2157ab68-9c2a-49f4-a4c7-b0cbcad4c0d2","conversationId":"sess_2157ab68-9c2a-49f4-a4c7-b0cbcad4c0d2","turnId":"00205243-fe27-4da3-bca2-e27721039ac9","rootTurnId":"00205243-fe27-4da3-bca2-e27721039ac9"}
{"timestamp":"2026-08-24T08:41:26.588Z","level":"info","message":"[q-developer-converse] Request payload: 502834 chars, 118 history messages, conversationId=sess_2157ab68-9c2a-49f4-a4c7-b0cbcad4c0d2","conversationId":"sess_2157ab68-9c2a-49f4-a4c7-b0cbcad4c0d2","turnId":"00205243-fe27-4da3-bca2-e27721039ac9","rootTurnId":"00205243-fe27-4da3-bca2-e27721039ac9"}
{"timestamp":"2026-08-24T08:41:26.596Z","level":"info","message":"fs.appendMessages.ok {\"system\":\"fs\",\"sessionId\":\"sess_2157ab68-9c2a-49f4-a4c7-b0cbcad4c0d2\",\"messageCount\":2,\"durationMs\":19}","conversationId":"sess_2157ab68-9c2a-49f4-a4c7-b0cbcad4c0d2","turnId":"00205243-fe27-4da3-bca2-e27721039ac9","rootTurnId":"00205243-fe27-4da3-bca2-e27721039ac9"}
{"timestamp":"2026-08-24T08:41:30.543Z","level":"info","message":"[AgentIterator] Synchronizing results","conversationId":"sess_2157ab68-9c2a-49f4-a4c7-b0cbcad4c0d2","turnId":"00205243-fe27-4da3-bca2-e27721039ac9","rootTurnId":"00205243-fe27-4da3-bca2-e27721039ac9"}
{"timestamp":"2026-08-24T08:41:30.543Z","level":"info","message":"[AgentIterator] Processing intent detection result","conversationId":"sess_2157ab68-9c2a-49f4-a4c7-b0cbcad4c0d2","turnId":"00205243-fe27-4da3-bca2-e27721039ac9","rootTurnId":"00205243-fe27-4da3-bca2-e27721039ac9"}
{"timestamp":"2026-08-24T08:41:30.543Z","level":"info","message":"[ChatAgent] Processing model response stream","conversationId":"sess_2157ab68-9c2a-49f4-a4c7-b0cbcad4c0d2","turnId":"00205243-fe27-4da3-bca2-e27721039ac9","rootTurnId":"00205243-fe27-4da3-bca2-e27721039ac9"}
{"timestamp":"2026-08-24T08:41:30.543Z","level":"info","message":"[Steering] Populating steering for execution 00205243-fe27-4da3-bca2-e27721039ac9","conversationId":"sess_2157ab68-9c2a-49f4-a4c7-b0cbcad4c0d2","turnId":"00205243-fe27-4da3-bca2-e27721039ac9","rootTurnId":"00205243-fe27-4da3-bca2-e27721039ac9"}
{"timestamp":"2026-08-24T08:41:30.543Z","level":"info","message":"[Steering] ExistingFiles: /c:/Users/Student/.kiro/regen/vite.config.ts, /c:/Users/Student/.kiro/regen/tsconfig.app.json, /c:/Users/Student/.kiro/regen/src/lib/mockData.ts in 00205243-fe27-4da3-bca2-e27721039ac9","conversationId":"sess_2157ab68-9c2a-49f4-a4c7-b0cbcad4c0d2","turnId":"00205243-fe27-4da3-bca2-e27721039ac9","rootTurnId":"00205243-fe27-4da3-bca2-e27721039ac9"}
{"timestamp":"2026-08-24T08:41:30.901Z","level":"info","message":"fs.appendMessages.ok {\"system\":\"fs\",\"sessionId\":\"sess_2157ab68-9c2a-49f4-a4c7-b0cbcad4c0d2\",\"messageCount\":1,\"durationMs\":2}","conversationId":"sess_2157ab68-9c2a-49f4-a4c7-b0cbcad4c0d2","turnId":"00205243-fe27-4da3-bca2-e27721039ac9","rootTurnId":"00205243-fe27-4da3-bca2-e27721039ac9"}
{"timestamp":"2026-08-24T08:41:32.993Z","level":"info","message":"acp.policy-eval.complete {\"toolId\":\"str_replace\",\"effect\":\"allow\",\"capability\":\"fs_write\"}","conversationId":"sess_2157ab68-9c2a-49f4-a4c7-b0cbcad4c0d2","turnId":"00205243-fe27-4da3-bca2-e27721039ac9","rootTurnId":"00205243-fe27-4da3-bca2-e27721039ac9"}
{"timestamp":"2026-08-24T08:41:33.001Z","level":"info","message":"[SessionPersistence] Snapshot deduplicated for regen/src/lib/mockData.ts in session sess_2157ab68-9c2a-49f4-a4c7-b0cbcad4c0d2 (reused 82854793)","conversationId":"sess_2157ab68-9c2a-49f4-a4c7-b0cbcad4c0d2","turnId":"00205243-fe27-4da3-bca2-e27721039ac9","rootTurnId":"00205243-fe27-4da3-bca2-e27721039ac9"}
{"timestamp":"2026-08-24T08:41:33.035Z","level":"info","message":"[SessionPersistence] Created snapshot b12f695a for regen/src/lib/mockData.ts in session sess_2157ab68-9c2a-49f4-a4c7-b0cbcad4c0d2 (52893 bytes)","conversationId":"sess_2157ab68-9c2a-49f4-a4c7-b0cbcad4c0d2","turnId":"00205243-fe27-4da3-bca2-e27721039ac9","rootTurnId":"00205243-fe27-4da3-bca2-e27721039ac9"}
{"timestamp":"2026-08-24T08:41:33.041Z","level":"info","message":"fs.appendMessages.ok {\"system\":\"fs\",\"sessionId\":\"sess_2157ab68-9c2a-49f4-a4c7-b0cbcad4c0d2\",\"messageCount\":2,\"durationMs\":4}","conversationId":"sess_2157ab68-9c2a-49f4-a4c7-b0cbcad4c0d2","turnId":"00205243-fe27-4da3-bca2-e27721039ac9","rootTurnId":"00205243-fe27-4da3-bca2-e27721039ac9"}
{"timestamp":"2026-08-24T08:41:33.121Z","level":"info","message":"[AgentIterator] Parallel invoking agent","conversationId":"sess_2157ab68-9c2a-49f4-a4c7-b0cbcad4c0d2","turnId":"00205243-fe27-4da3-bca2-e27721039ac9","rootTurnId":"00205243-fe27-4da3-bca2-e27721039ac9"}
{"timestamp":"2026-08-24T08:41:33.121Z","level":"info","message":"[Steering] Populating steering for execution 00205243-fe27-4da3-bca2-e27721039ac9","conversationId":"sess_2157ab68-9c2a-49f4-a4c7-b0cbcad4c0d2","turnId":"00205243-fe27-4da3-bca2-e27721039ac9","rootTurnId":"00205243-fe27-4da3-bca2-e27721039ac9"}
{"timestamp":"2026-08-24T08:41:33.122Z","level":"info","message":"[Steering] ExistingFiles: /c:/Users/Student/.kiro/regen/vite.config.ts, /c:/Users/Student/.kiro/regen/tsconfig.app.json, /c:/Users/Student/.kiro/regen/src/lib/mockData.ts in 00205243-fe27-4da3-bca2-e27721039ac9","conversationId":"sess_2157ab68-9c2a-49f4-a4c7-b0cbcad4c0d2","turnId":"00205243-fe27-4da3-bca2-e27721039ac9","rootTurnId":"00205243-fe27-4da3-bca2-e27721039ac9"}
{"timestamp":"2026-08-24T08:41:33.124Z","level":"info","message":"[q-developer-converse] Sending GenerateAssistantResponse modelId=auto agentMode=vibe origin=AI_EDITOR streaming=true conversationId=sess_2157ab68-9c2a-49f4-a4c7-b0cbcad4c0d2","conversationId":"sess_2157ab68-9c2a-49f4-a4c7-b0cbcad4c0d2","turnId":"00205243-fe27-4da3-bca2-e27721039ac9","rootTurnId":"00205243-fe27-4da3-bca2-e27721039ac9"}
{"timestamp":"2026-08-24T08:41:33.125Z","level":"info","message":"[q-developer-converse] Request payload: 503838 chars, 120 history messages, conversationId=sess_2157ab68-9c2a-49f4-a4c7-b0cbcad4c0d2","conversationId":"sess_2157ab68-9c2a-49f4-a4c7-b0cbcad4c0d2","turnId":"00205243-fe27-4da3-bca2-e27721039ac9","rootTurnId":"00205243-fe27-4da3-bca2-e27721039ac9"}
{"timestamp":"2026-08-24T08:41:33.132Z","level":"info","message":"fs.appendMessages.ok {\"system\":\"fs\",\"sessionId\":\"sess_2157ab68-9c2a-49f4-a4c7-b0cbcad4c0d2\",\"messageCount\":1,\"durationMs\":18}","conversationId":"sess_2157ab68-9c2a-49f4-a4c7-b0cbcad4c0d2","turnId":"00205243-fe27-4da3-bca2-e27721039ac9","rootTurnId":"00205243-fe27-4da3-bca2-e27721039ac9"}
{"timestamp":"2026-08-24T08:41:33.141Z","level":"info","message":"fs.appendMessages.ok {\"system\":\"fs\",\"sessionId\":\"sess_2157ab68-9c2a-49f4-a4c7-b0cbcad4c0d2\",\"messageCount\":1,\"durationMs\":8}","conversationId":"sess_2157ab68-9c2a-49f4-a4c7-b0cbcad4c0d2","turnId":"00205243-fe27-4da3-bca2-e27721039ac9","rootTurnId":"00205243-fe27-4da3-bca2-e27721039ac9"}
{"timestamp":"2026-08-24T08:41:37.507Z","level":"info","message":"[AgentIterator] Synchronizing results","conversationId":"sess_2157ab68-9c2a-49f4-a4c7-b0cbcad4c0d2","turnId":"00205243-fe27-4da3-bca2-e27721039ac9","rootTurnId":"00205243-fe27-4da3-bca2-e27721039ac9"}
{"timestamp":"2026-08-24T08:41:37.507Z","level":"info","message":"[AgentIterator] Processing intent detection result","conversationId":"sess_2157ab68-9c2a-49f4-a4c7-b0cbcad4c0d2","turnId":"00205243-fe27-4da3-bca2-e27721039ac9","rootTurnId":"00205243-fe27-4da3-bca2-e27721039ac9"}
{"timestamp":"2026-08-24T08:41:37.507Z","level":"info","message":"[ChatAgent] Processing model response stream","conversationId":"sess_2157ab68-9c2a-49f4-a4c7-b0cbcad4c0d2","turnId":"00205243-fe27-4da3-bca2-e27721039ac9","rootTurnId":"00205243-fe27-4da3-bca2-e27721039ac9"}
{"timestamp":"2026-08-24T08:41:37.507Z","level":"info","message":"[Steering] Populating steering for execution 00205243-fe27-4da3-bca2-e27721039ac9","conversationId":"sess_2157ab68-9c2a-49f4-a4c7-b0cbcad4c0d2","turnId":"00205243-fe27-4da3-bca2-e27721039ac9","rootTurnId":"00205243-fe27-4da3-bca2-e27721039ac9"}
{"timestamp":"2026-08-24T08:41:37.507Z","level":"info","message":"[Steering] ExistingFiles: /c:/Users/Student/.kiro/regen/vite.config.ts, /c:/Users/Student/.kiro/regen/tsconfig.app.json, /c:/Users/Student/.kiro/regen/src/lib/mockData.ts in 00205243-fe27-4da3-bca2-e27721039ac9","conversationId":"sess_2157ab68-9c2a-49f4-a4c7-b0cbcad4c0d2","turnId":"00205243-fe27-4da3-bca2-e27721039ac9","rootTurnId":"00205243-fe27-4da3-bca2-e27721039ac9"}
{"timestamp":"2026-08-24T08:41:37.980Z","level":"info","message":"fs.appendMessages.ok {\"system\":\"fs\",\"sessionId\":\"sess_2157ab68-9c2a-49f4-a4c7-b0cbcad4c0d2\",\"messageCount\":1,\"durationMs\":2}","conversationId":"sess_2157ab68-9c2a-49f4-a4c7-b0cbcad4c0d2","turnId":"00205243-fe27-4da3-bca2-e27721039ac9","rootTurnId":"00205243-fe27-4da3-bca2-e27721039ac9"}
{"timestamp":"2026-08-24T08:41:39.630Z","level":"info","message":"acp.policy-eval.complete {\"toolId\":\"str_replace\",\"effect\":\"allow\",\"capability\":\"fs_write\"}","conversationId":"sess_2157ab68-9c2a-49f4-a4c7-b0cbcad4c0d2","turnId":"00205243-fe27-4da3-bca2-e27721039ac9","rootTurnId":"00205243-fe27-4da3-bca2-e27721039ac9"}
{"timestamp":"2026-08-24T08:41:39.635Z","level":"info","message":"[SessionPersistence] Snapshot deduplicated for regen/src/pages/TrackCircuits.tsx in session sess_2157ab68-9c2a-49f4-a4c7-b0cbcad4c0d2 (reused 2a3b2ba3)","conversationId":"sess_2157ab68-9c2a-49f4-a4c7-b0cbcad4c0d2","turnId":"00205243-fe27-4da3-bca2-e27721039ac9","rootTurnId":"00205243-fe27-4da3-bca2-e27721039ac9"}
{"timestamp":"2026-08-24T08:41:39.696Z","level":"info","message":"[SessionPersistence] Created snapshot dfd6a2d1 for regen/src/pages/TrackCircuits.tsx in session sess_2157ab68-9c2a-49f4-a4c7-b0cbcad4c0d2 (17496 bytes)","conversationId":"sess_2157ab68-9c2a-49f4-a4c7-b0cbcad4c0d2","turnId":"00205243-fe27-4da3-bca2-e27721039ac9","rootTurnId":"00205243-fe27-4da3-bca2-e27721039ac9"}
{"timestamp":"2026-08-24T08:41:39.702Z","level":"info","message":"fs.appendMessages.ok {\"system\":\"fs\",\"sessionId\":\"sess_2157ab68-9c2a-49f4-a4c7-b0cbcad4c0d2\",\"messageCount\":2,\"durationMs\":5}","conversationId":"sess_2157ab68-9c2a-49f4-a4c7-b0cbcad4c0d2","turnId":"00205243-fe27-4da3-bca2-e27721039ac9","rootTurnId":"00205243-fe27-4da3-bca2-e27721039ac9"}
{"timestamp":"2026-08-24T08:41:39.848Z","level":"info","message":"[AgentIterator] Parallel invoking agent","conversationId":"sess_2157ab68-9c2a-49f4-a4c7-b0cbcad4c0d2","turnId":"00205243-fe27-4da3-bca2-e27721039ac9","rootTurnId":"00205243-fe27-4da3-bca2-e27721039ac9"}
{"timestamp":"2026-08-24T08:41:39.849Z","level":"info","message":"[Steering] Populating steering for execution 00205243-fe27-4da3-bca2-e27721039ac9","conversationId":"sess_2157ab68-9c2a-49f4-a4c7-b0cbcad4c0d2","turnId":"00205243-fe27-4da3-bca2-e27721039ac9","rootTurnId":"00205243-fe27-4da3-bca2-e27721039ac9"}
{"timestamp":"2026-08-24T08:41:39.849Z","level":"info","message":"[Steering] ExistingFiles: /c:/Users/Student/.kiro/regen/vite.config.ts, /c:/Users/Student/.kiro/regen/tsconfig.app.json, /c:/Users/Student/.kiro/regen/src/lib/mockData.ts in 00205243-fe27-4da3-bca2-e27721039ac9","conversationId":"sess_2157ab68-9c2a-49f4-a4c7-b0cbcad4c0d2","turnId":"00205243-fe27-4da3-bca2-e27721039ac9","rootTurnId":"00205243-fe27-4da3-bca2-e27721039ac9"}
{"timestamp":"2026-08-24T08:41:39.852Z","level":"info","message":"[q-developer-converse] Sending GenerateAssistantResponse modelId=auto agentMode=vibe origin=AI_EDITOR streaming=true conversationId=sess_2157ab68-9c2a-49f4-a4c7-b0cbcad4c0d2","conversationId":"sess_2157ab68-9c2a-49f4-a4c7-b0cbcad4c0d2","turnId":"00205243-fe27-4da3-bca2-e27721039ac9","rootTurnId":"00205243-fe27-4da3-bca2-e27721039ac9"}
{"timestamp":"2026-08-24T08:41:39.853Z","level":"info","message":"[q-developer-converse] Request payload: 504766 chars, 122 history messages, conversationId=sess_2157ab68-9c2a-49f4-a4c7-b0cbcad4c0d2","conversationId":"sess_2157ab68-9c2a-49f4-a4c7-b0cbcad4c0d2","turnId":"00205243-fe27-4da3-bca2-e27721039ac9","rootTurnId":"00205243-fe27-4da3-bca2-e27721039ac9"}
{"timestamp":"2026-08-24T08:41:39.861Z","level":"info","message":"fs.appendMessages.ok {\"system\":\"fs\",\"sessionId\":\"sess_2157ab68-9c2a-49f4-a4c7-b0cbcad4c0d2\",\"messageCount\":1,\"durationMs\":17}","conversationId":"sess_2157ab68-9c2a-49f4-a4c7-b0cbcad4c0d2","turnId":"00205243-fe27-4da3-bca2-e27721039ac9","rootTurnId":"00205243-fe27-4da3-bca2-e27721039ac9"}
{"timestamp":"2026-08-24T08:41:39.862Z","level":"info","message":"fs.appendMessages.ok {\"system\":\"fs\",\"sessionId\":\"sess_2157ab68-9c2a-49f4-a4c7-b0cbcad4c0d2\",\"messageCount\":1,\"durationMs\":2}","conversationId":"sess_2157ab68-9c2a-49f4-a4c7-b0cbcad4c0d2","turnId":"00205243-fe27-4da3-bca2-e27721039ac9","rootTurnId":"00205243-fe27-4da3-bca2-e27721039ac9"}
{"timestamp":"2026-08-24T08:41:43.754Z","level":"info","message":"[AgentIterator] Synchronizing results","conversationId":"sess_2157ab68-9c2a-49f4-a4c7-b0cbcad4c0d2","turnId":"00205243-fe27-4da3-bca2-e27721039ac9","rootTurnId":"00205243-fe27-4da3-bca2-e27721039ac9"}
{"timestamp":"2026-08-24T08:41:43.754Z","level":"info","message":"[AgentIterator] Processing intent detection result","conversationId":"sess_2157ab68-9c2a-49f4-a4c7-b0cbcad4c0d2","turnId":"00205243-fe27-4da3-bca2-e27721039ac9","rootTurnId":"00205243-fe27-4da3-bca2-e27721039ac9"}
{"timestamp":"2026-08-24T08:41:43.754Z","level":"info","message":"[ChatAgent] Processing model response stream","conversationId":"sess_2157ab68-9c2a-49f4-a4c7-b0cbcad4c0d2","turnId":"00205243-fe27-4da3-bca2-e27721039ac9","rootTurnId":"00205243-fe27-4da3-bca2-e27721039ac9"}
{"timestamp":"2026-08-24T08:41:43.754Z","level":"info","message":"[Steering] Populating steering for execution 00205243-fe27-4da3-bca2-e27721039ac9","conversationId":"sess_2157ab68-9c2a-49f4-a4c7-b0cbcad4c0d2","turnId":"00205243-fe27-4da3-bca2-e27721039ac9","rootTurnId":"00205243-fe27-4da3-bca2-e27721039ac9"}
{"timestamp":"2026-08-24T08:41:43.754Z","level":"info","message":"[Steering] ExistingFiles: /c:/Users/Student/.kiro/regen/vite.config.ts, /c:/Users/Student/.kiro/regen/tsconfig.app.json, /c:/Users/Student/.kiro/regen/src/lib/mockData.ts in 00205243-fe27-4da3-bca2-e27721039ac9","conversationId":"sess_2157ab68-9c2a-49f4-a4c7-b0cbcad4c0d2","turnId":"00205243-fe27-4da3-bca2-e27721039ac9","rootTurnId":"00205243-fe27-4da3-bca2-e27721039ac9"}
{"timestamp":"2026-08-24T08:41:44.721Z","level":"info","message":"acp.policy-eval.complete {\"toolId\":\"str_replace\",\"effect\":\"allow\",\"capability\":\"fs_write\"}","conversationId":"sess_2157ab68-9c2a-49f4-a4c7-b0cbcad4c0d2","turnId":"00205243-fe27-4da3-bca2-e27721039ac9","rootTurnId":"00205243-fe27-4da3-bca2-e27721039ac9"}
{"timestamp":"2026-08-24T08:41:44.728Z","level":"info","message":"[SessionPersistence] Snapshot deduplicated for regen/src/pages/TrackCircuits.tsx in session sess_2157ab68-9c2a-49f4-a4c7-b0cbcad4c0d2 (reused dfd6a2d1)","conversationId":"sess_2157ab68-9c2a-49f4-a4c7-b0cbcad4c0d2","turnId":"00205243-fe27-4da3-bca2-e27721039ac9","rootTurnId":"00205243-fe27-4da3-bca2-e27721039ac9"}
{"timestamp":"2026-08-24T08:41:44.762Z","level":"info","message":"[SessionPersistence] Created snapshot b7eda203 for regen/src/pages/TrackCircuits.tsx in session sess_2157ab68-9c2a-49f4-a4c7-b0cbcad4c0d2 (17453 bytes)","conversationId":"sess_2157ab68-9c2a-49f4-a4c7-b0cbcad4c0d2","turnId":"00205243-fe27-4da3-bca2-e27721039ac9","rootTurnId":"00205243-fe27-4da3-bca2-e27721039ac9"}
{"timestamp":"2026-08-24T08:41:44.766Z","level":"info","message":"fs.appendMessages.ok {\"system\":\"fs\",\"sessionId\":\"sess_2157ab68-9c2a-49f4-a4c7-b0cbcad4c0d2\",\"messageCount\":2,\"durationMs\":3}","conversationId":"sess_2157ab68-9c2a-49f4-a4c7-b0cbcad4c0d2","turnId":"00205243-fe27-4da3-bca2-e27721039ac9","rootTurnId":"00205243-fe27-4da3-bca2-e27721039ac9"}
{"timestamp":"2026-08-24T08:41:45.081Z","level":"info","message":"[AgentIterator] Parallel invoking agent","conversationId":"sess_2157ab68-9c2a-49f4-a4c7-b0cbcad4c0d2","turnId":"00205243-fe27-4da3-bca2-e27721039ac9","rootTurnId":"00205243-fe27-4da3-bca2-e27721039ac9"}
{"timestamp":"2026-08-24T08:41:45.081Z","level":"info","message":"[Steering] Populating steering for execution 00205243-fe27-4da3-bca2-e27721039ac9","conversationId":"sess_2157ab68-9c2a-49f4-a4c7-b0cbcad4c0d2","turnId":"00205243-fe27-4da3-bca2-e27721039ac9","rootTurnId":"00205243-fe27-4da3-bca2-e27721039ac9"}
{"timestamp":"2026-08-24T08:41:45.081Z","level":"info","message":"[Steering] ExistingFiles: /c:/Users/Student/.kiro/regen/vite.config.ts, /c:/Users/Student/.kiro/regen/tsconfig.app.json, /c:/Users/Student/.kiro/regen/src/lib/mockData.ts in 00205243-fe27-4da3-bca2-e27721039ac9","conversationId":"sess_2157ab68-9c2a-49f4-a4c7-b0cbcad4c0d2","turnId":"00205243-fe27-4da3-bca2-e27721039ac9","rootTurnId":"00205243-fe27-4da3-bca2-e27721039ac9"}
{"timestamp":"2026-08-24T08:41:45.085Z","level":"info","message":"[q-developer-converse] Sending GenerateAssistantResponse modelId=auto agentMode=vibe origin=AI_EDITOR streaming=true conversationId=sess_2157ab68-9c2a-49f4-a4c7-b0cbcad4c0d2","conversationId":"sess_2157ab68-9c2a-49f4-a4c7-b0cbcad4c0d2","turnId":"00205243-fe27-4da3-bca2-e27721039ac9","rootTurnId":"00205243-fe27-4da3-bca2-e27721039ac9"}
{"timestamp":"2026-08-24T08:41:45.086Z","level":"info","message":"[q-developer-converse] Request payload: 505566 chars, 124 history messages, conversationId=sess_2157ab68-9c2a-49f4-a4c7-b0cbcad4c0d2","conversationId":"sess_2157ab68-9c2a-49f4-a4c7-b0cbcad4c0d2","turnId":"00205243-fe27-4da3-bca2-e27721039ac9","rootTurnId":"00205243-fe27-4da3-bca2-e27721039ac9"}
{"timestamp":"2026-08-24T08:41:45.093Z","level":"info","message":"fs.appendMessages.ok {\"system\":\"fs\",\"sessionId\":\"sess_2157ab68-9c2a-49f4-a4c7-b0cbcad4c0d2\",\"messageCount\":1,\"durationMs\":17}","conversationId":"sess_2157ab68-9c2a-49f4-a4c7-b0cbcad4c0d2","turnId":"00205243-fe27-4da3-bca2-e27721039ac9","rootTurnId":"00205243-fe27-4da3-bca2-e27721039ac9"}
{"timestamp":"2026-08-24T08:41:45.096Z","level":"info","message":"fs.appendMessages.ok {\"system\":\"fs\",\"sessionId\":\"sess_2157ab68-9c2a-49f4-a4c7-b0cbcad4c0d2\",\"messageCount\":1,\"durationMs\":2}","conversationId":"sess_2157ab68-9c2a-49f4-a4c7-b0cbcad4c0d2","turnId":"00205243-fe27-4da3-bca2-e27721039ac9","rootTurnId":"00205243-fe27-4da3-bca2-e27721039ac9"}
{"timestamp":"2026-08-24T08:41:49.040Z","level":"info","message":"[AgentIterator] Synchronizing results","conversationId":"sess_2157ab68-9c2a-49f4-a4c7-b0cbcad4c0d2","turnId":"00205243-fe27-4da3-bca2-e27721039ac9","rootTurnId":"00205243-fe27-4da3-bca2-e27721039ac9"}
{"timestamp":"2026-08-24T08:41:49.040Z","level":"info","message":"[AgentIterator] Processing intent detection result","conversationId":"sess_2157ab68-9c2a-49f4-a4c7-b0cbcad4c0d2","turnId":"00205243-fe27-4da3-bca2-e27721039ac9","rootTurnId":"00205243-fe27-4da3-bca2-e27721039ac9"}
{"timestamp":"2026-08-24T08:41:49.040Z","level":"info","message":"[ChatAgent] Processing model response stream","conversationId":"sess_2157ab68-9c2a-49f4-a4c7-b0cbcad4c0d2","turnId":"00205243-fe27-4da3-bca2-e27721039ac9","rootTurnId":"00205243-fe27-4da3-bca2-e27721039ac9"}
{"timestamp":"2026-08-24T08:41:49.040Z","level":"info","message":"[Steering] Populating steering for execution 00205243-fe27-4da3-bca2-e27721039ac9","conversationId":"sess_2157ab68-9c2a-49f4-a4c7-b0cbcad4c0d2","turnId":"00205243-fe27-4da3-bca2-e27721039ac9","rootTurnId":"00205243-fe27-4da3-bca2-e27721039ac9"}
{"timestamp":"2026-08-24T08:41:49.041Z","level":"info","message":"[Steering] ExistingFiles: /c:/Users/Student/.kiro/regen/vite.config.ts, /c:/Users/Student/.kiro/regen/tsconfig.app.json, /c:/Users/Student/.kiro/regen/src/lib/mockData.ts in 00205243-fe27-4da3-bca2-e27721039ac9","conversationId":"sess_2157ab68-9c2a-49f4-a4c7-b0cbcad4c0d2","turnId":"00205243-fe27-4da3-bca2-e27721039ac9","rootTurnId":"00205243-fe27-4da3-bca2-e27721039ac9"}
{"timestamp":"2026-08-24T08:41:50.154Z","level":"info","message":"acp.policy-eval.complete {\"toolId\":\"str_replace\",\"effect\":\"allow\",\"capability\":\"fs_write\"}","conversationId":"sess_2157ab68-9c2a-49f4-a4c7-b0cbcad4c0d2","turnId":"00205243-fe27-4da3-bca2-e27721039ac9","rootTurnId":"00205243-fe27-4da3-bca2-e27721039ac9"}
{"timestamp":"2026-08-24T08:41:50.162Z","level":"info","message":"[SessionPersistence] Snapshot deduplicated for regen/src/pages/TrackCircuits.tsx in session sess_2157ab68-9c2a-49f4-a4c7-b0cbcad4c0d2 (reused b7eda203)","conversationId":"sess_2157ab68-9c2a-49f4-a4c7-b0cbcad4c0d2","turnId":"00205243-fe27-4da3-bca2-e27721039ac9","rootTurnId":"00205243-fe27-4da3-bca2-e27721039ac9"}
{"timestamp":"2026-08-24T08:41:50.193Z","level":"info","message":"[SessionPersistence] Created snapshot 6ef51551 for regen/src/pages/TrackCircuits.tsx in session sess_2157ab68-9c2a-49f4-a4c7-b0cbcad4c0d2 (17446 bytes)","conversationId":"sess_2157ab68-9c2a-49f4-a4c7-b0cbcad4c0d2","turnId":"00205243-fe27-4da3-bca2-e27721039ac9","rootTurnId":"00205243-fe27-4da3-bca2-e27721039ac9"}
{"timestamp":"2026-08-24T08:41:50.197Z","level":"info","message":"fs.appendMessages.ok {\"system\":\"fs\",\"sessionId\":\"sess_2157ab68-9c2a-49f4-a4c7-b0cbcad4c0d2\",\"messageCount\":2,\"durationMs\":3}","conversationId":"sess_2157ab68-9c2a-49f4-a4c7-b0cbcad4c0d2","turnId":"00205243-fe27-4da3-bca2-e27721039ac9","rootTurnId":"00205243-fe27-4da3-bca2-e27721039ac9"}
{"timestamp":"2026-08-24T08:41:50.538Z","level":"info","message":"[AgentIterator] Parallel invoking agent","conversationId":"sess_2157ab68-9c2a-49f4-a4c7-b0cbcad4c0d2","turnId":"00205243-fe27-4da3-bca2-e27721039ac9","rootTurnId":"00205243-fe27-4da3-bca2-e27721039ac9"}
{"timestamp":"2026-08-24T08:41:50.538Z","level":"info","message":"[Steering] Populating steering for execution 00205243-fe27-4da3-bca2-e27721039ac9","conversationId":"sess_2157ab68-9c2a-49f4-a4c7-b0cbcad4c0d2","turnId":"00205243-fe27-4da3-bca2-e27721039ac9","rootTurnId":"00205243-fe27-4da3-bca2-e27721039ac9"}
{"timestamp":"2026-08-24T08:41:50.538Z","level":"info","message":"[Steering] ExistingFiles: /c:/Users/Student/.kiro/regen/vite.config.ts, /c:/Users/Student/.kiro/regen/tsconfig.app.json, /c:/Users/Student/.kiro/regen/src/lib/mockData.ts in 00205243-fe27-4da3-bca2-e27721039ac9","conversationId":"sess_2157ab68-9c2a-49f4-a4c7-b0cbcad4c0d2","turnId":"00205243-fe27-4da3-bca2-e27721039ac9","rootTurnId":"00205243-fe27-4da3-bca2-e27721039ac9"}
{"timestamp":"2026-08-24T08:41:50.541Z","level":"info","message":"[q-developer-converse] Sending GenerateAssistantResponse modelId=auto agentMode=vibe origin=AI_EDITOR streaming=true conversationId=sess_2157ab68-9c2a-49f4-a4c7-b0cbcad4c0d2","conversationId":"sess_2157ab68-9c2a-49f4-a4c7-b0cbcad4c0d2","turnId":"00205243-fe27-4da3-bca2-e27721039ac9","rootTurnId":"00205243-fe27-4da3-bca2-e27721039ac9"}
{"timestamp":"2026-08-24T08:41:50.542Z","level":"info","message":"[q-developer-converse] Request payload: 506410 chars, 126 history messages, conversationId=sess_2157ab68-9c2a-49f4-a4c7-b0cbcad4c0d2","conversationId":"sess_2157ab68-9c2a-49f4-a4c7-b0cbcad4c0d2","turnId":"00205243-fe27-4da3-bca2-e27721039ac9","rootTurnId":"00205243-fe27-4da3-bca2-e27721039ac9"}
{"timestamp":"2026-08-24T08:41:50.549Z","level":"info","message":"fs.appendMessages.ok {\"system\":\"fs\",\"sessionId\":\"sess_2157ab68-9c2a-49f4-a4c7-b0cbcad4c0d2\",\"messageCount\":1,\"durationMs\":16}","conversationId":"sess_2157ab68-9c2a-49f4-a4c7-b0cbcad4c0d2","turnId":"00205243-fe27-4da3-bca2-e27721039ac9","rootTurnId":"00205243-fe27-4da3-bca2-e27721039ac9"}
{"timestamp":"2026-08-24T08:41:50.555Z","level":"info","message":"fs.appendMessages.ok {\"system\":\"fs\",\"sessionId\":\"sess_2157ab68-9c2a-49f4-a4c7-b0cbcad4c0d2\",\"messageCount\":1,\"durationMs\":6}","conversationId":"sess_2157ab68-9c2a-49f4-a4c7-b0cbcad4c0d2","turnId":"00205243-fe27-4da3-bca2-e27721039ac9","rootTurnId":"00205243-fe27-4da3-bca2-e27721039ac9"}
{"timestamp":"2026-08-24T08:41:54.451Z","level":"info","message":"[AgentIterator] Synchronizing results","conversationId":"sess_2157ab68-9c2a-49f4-a4c7-b0cbcad4c0d2","turnId":"00205243-fe27-4da3-bca2-e27721039ac9","rootTurnId":"00205243-fe27-4da3-bca2-e27721039ac9"}
{"timestamp":"2026-08-24T08:41:54.451Z","level":"info","message":"[AgentIterator] Processing intent detection result","conversationId":"sess_2157ab68-9c2a-49f4-a4c7-b0cbcad4c0d2","turnId":"00205243-fe27-4da3-bca2-e27721039ac9","rootTurnId":"00205243-fe27-4da3-bca2-e27721039ac9"}
{"timestamp":"2026-08-24T08:41:54.451Z","level":"info","message":"[ChatAgent] Processing model response stream","conversationId":"sess_2157ab68-9c2a-49f4-a4c7-b0cbcad4c0d2","turnId":"00205243-fe27-4da3-bca2-e27721039ac9","rootTurnId":"00205243-fe27-4da3-bca2-e27721039ac9"}
{"timestamp":"2026-08-24T08:41:54.451Z","level":"info","message":"[Steering] Populating steering for execution 00205243-fe27-4da3-bca2-e27721039ac9","conversationId":"sess_2157ab68-9c2a-49f4-a4c7-b0cbcad4c0d2","turnId":"00205243-fe27-4da3-bca2-e27721039ac9","rootTurnId":"00205243-fe27-4da3-bca2-e27721039ac9"}
{"timestamp":"2026-08-24T08:41:54.451Z","level":"info","message":"[Steering] ExistingFiles: /c:/Users/Student/.kiro/regen/vite.config.ts, /c:/Users/Student/.kiro/regen/tsconfig.app.json, /c:/Users/Student/.kiro/regen/src/lib/mockData.ts in 00205243-fe27-4da3-bca2-e27721039ac9","conversationId":"sess_2157ab68-9c2a-49f4-a4c7-b0cbcad4c0d2","turnId":"00205243-fe27-4da3-bca2-e27721039ac9","rootTurnId":"00205243-fe27-4da3-bca2-e27721039ac9"}
{"timestamp":"2026-08-24T08:41:55.922Z","level":"info","message":"acp.policy-eval.complete {\"toolId\":\"str_replace\",\"effect\":\"allow\",\"capability\":\"fs_write\"}","conversationId":"sess_2157ab68-9c2a-49f4-a4c7-b0cbcad4c0d2","turnId":"00205243-fe27-4da3-bca2-e27721039ac9","rootTurnId":"00205243-fe27-4da3-bca2-e27721039ac9"}
{"timestamp":"2026-08-24T08:41:55.927Z","level":"info","message":"[SessionPersistence] Snapshot deduplicated for regen/src/pages/TrackCircuits.tsx in session sess_2157ab68-9c2a-49f4-a4c7-b0cbcad4c0d2 (reused 6ef51551)","conversationId":"sess_2157ab68-9c2a-49f4-a4c7-b0cbcad4c0d2","turnId":"00205243-fe27-4da3-bca2-e27721039ac9","rootTurnId":"00205243-fe27-4da3-bca2-e27721039ac9"}
{"timestamp":"2026-08-24T08:41:55.958Z","level":"info","message":"[SessionPersistence] Created snapshot af781741 for regen/src/pages/TrackCircuits.tsx in session sess_2157ab68-9c2a-49f4-a4c7-b0cbcad4c0d2 (17429 bytes)","conversationId":"sess_2157ab68-9c2a-49f4-a4c7-b0cbcad4c0d2","turnId":"00205243-fe27-4da3-bca2-e27721039ac9","rootTurnId":"00205243-fe27-4da3-bca2-e27721039ac9"}
{"timestamp":"2026-08-24T08:41:55.962Z","level":"info","message":"fs.appendMessages.ok {\"system\":\"fs\",\"sessionId\":\"sess_2157ab68-9c2a-49f4-a4c7-b0cbcad4c0d2\",\"messageCount\":2,\"durationMs\":3}","conversationId":"sess_2157ab68-9c2a-49f4-a4c7-b0cbcad4c0d2","turnId":"00205243-fe27-4da3-bca2-e27721039ac9","rootTurnId":"00205243-fe27-4da3-bca2-e27721039ac9"}
{"timestamp":"2026-08-24T08:41:56.042Z","level":"info","message":"[AgentIterator] Parallel invoking agent","conversationId":"sess_2157ab68-9c2a-49f4-a4c7-b0cbcad4c0d2","turnId":"00205243-fe27-4da3-bca2-e27721039ac9","rootTurnId":"00205243-fe27-4da3-bca2-e27721039ac9"}
{"timestamp":"2026-08-24T08:41:56.042Z","level":"info","message":"[Steering] Populating steering for execution 00205243-fe27-4da3-bca2-e27721039ac9","conversationId":"sess_2157ab68-9c2a-49f4-a4c7-b0cbcad4c0d2","turnId":"00205243-fe27-4da3-bca2-e27721039ac9","rootTurnId":"00205243-fe27-4da3-bca2-e27721039ac9"}
{"timestamp":"2026-08-24T08:41:56.042Z","level":"info","message":"[Steering] ExistingFiles: /c:/Users/Student/.kiro/regen/vite.config.ts, /c:/Users/Student/.kiro/regen/tsconfig.app.json, /c:/Users/Student/.kiro/regen/src/lib/mockData.ts in 00205243-fe27-4da3-bca2-e27721039ac9","conversationId":"sess_2157ab68-9c2a-49f4-a4c7-b0cbcad4c0d2","turnId":"00205243-fe27-4da3-bca2-e27721039ac9","rootTurnId":"00205243-fe27-4da3-bca2-e27721039ac9"}
{"timestamp":"2026-08-24T08:41:56.045Z","level":"info","message":"[q-developer-converse] Sending GenerateAssistantResponse modelId=auto agentMode=vibe origin=AI_EDITOR streaming=true conversationId=sess_2157ab68-9c2a-49f4-a4c7-b0cbcad4c0d2","conversationId":"sess_2157ab68-9c2a-49f4-a4c7-b0cbcad4c0d2","turnId":"00205243-fe27-4da3-bca2-e27721039ac9","rootTurnId":"00205243-fe27-4da3-bca2-e27721039ac9"}
{"timestamp":"2026-08-24T08:41:56.046Z","level":"info","message":"[q-developer-converse] Request payload: 507318 chars, 128 history messages, conversationId=sess_2157ab68-9c2a-49f4-a4c7-b0cbcad4c0d2","conversationId":"sess_2157ab68-9c2a-49f4-a4c7-b0cbcad4c0d2","turnId":"00205243-fe27-4da3-bca2-e27721039ac9","rootTurnId":"00205243-fe27-4da3-bca2-e27721039ac9"}
{"timestamp":"2026-08-24T08:41:56.053Z","level":"info","message":"fs.appendMessages.ok {\"system\":\"fs\",\"sessionId\":\"sess_2157ab68-9c2a-49f4-a4c7-b0cbcad4c0d2\",\"messageCount\":1,\"durationMs\":16}","conversationId":"sess_2157ab68-9c2a-49f4-a4c7-b0cbcad4c0d2","turnId":"00205243-fe27-4da3-bca2-e27721039ac9","rootTurnId":"00205243-fe27-4da3-bca2-e27721039ac9"}
{"timestamp":"2026-08-24T08:41:56.056Z","level":"info","message":"fs.appendMessages.ok {\"system\":\"fs\",\"sessionId\":\"sess_2157ab68-9c2a-49f4-a4c7-b0cbcad4c0d2\",\"messageCount\":1,\"durationMs\":2}","conversationId":"sess_2157ab68-9c2a-49f4-a4c7-b0cbcad4c0d2","turnId":"00205243-fe27-4da3-bca2-e27721039ac9","rootTurnId":"00205243-fe27-4da3-bca2-e27721039ac9"}
{"timestamp":"2026-08-24T08:42:00.029Z","level":"info","message":"[AgentIterator] Synchronizing results","conversationId":"sess_2157ab68-9c2a-49f4-a4c7-b0cbcad4c0d2","turnId":"00205243-fe27-4da3-bca2-e27721039ac9","rootTurnId":"00205243-fe27-4da3-bca2-e27721039ac9"}
{"timestamp":"2026-08-24T08:42:00.029Z","level":"info","message":"[AgentIterator] Processing intent detection result","conversationId":"sess_2157ab68-9c2a-49f4-a4c7-b0cbcad4c0d2","turnId":"00205243-fe27-4da3-bca2-e27721039ac9","rootTurnId":"00205243-fe27-4da3-bca2-e27721039ac9"}
{"timestamp":"2026-08-24T08:42:00.029Z","level":"info","message":"[ChatAgent] Processing model response stream","conversationId":"sess_2157ab68-9c2a-49f4-a4c7-b0cbcad4c0d2","turnId":"00205243-fe27-4da3-bca2-e27721039ac9","rootTurnId":"00205243-fe27-4da3-bca2-e27721039ac9"}
{"timestamp":"2026-08-24T08:42:00.029Z","level":"info","message":"[Steering] Populating steering for execution 00205243-fe27-4da3-bca2-e27721039ac9","conversationId":"sess_2157ab68-9c2a-49f4-a4c7-b0cbcad4c0d2","turnId":"00205243-fe27-4da3-bca2-e27721039ac9","rootTurnId":"00205243-fe27-4da3-bca2-e27721039ac9"}
{"timestamp":"2026-08-24T08:42:00.029Z","level":"info","message":"[Steering] ExistingFiles: /c:/Users/Student/.kiro/regen/vite.config.ts, /c:/Users/Student/.kiro/regen/tsconfig.app.json, /c:/Users/Student/.kiro/regen/src/lib/mockData.ts in 00205243-fe27-4da3-bca2-e27721039ac9","conversationId":"sess_2157ab68-9c2a-49f4-a4c7-b0cbcad4c0d2","turnId":"00205243-fe27-4da3-bca2-e27721039ac9","rootTurnId":"00205243-fe27-4da3-bca2-e27721039ac9"}
{"timestamp":"2026-08-24T08:42:01.547Z","level":"info","message":"acp.policy-eval.complete {\"toolId\":\"str_replace\",\"effect\":\"allow\",\"capability\":\"fs_write\"}","conversationId":"sess_2157ab68-9c2a-49f4-a4c7-b0cbcad4c0d2","turnId":"00205243-fe27-4da3-bca2-e27721039ac9","rootTurnId":"00205243-fe27-4da3-bca2-e27721039ac9"}
{"timestamp":"2026-08-24T08:42:01.561Z","level":"info","message":"[SessionPersistence] Snapshot deduplicated for regen/src/pages/TrackCircuits.tsx in session sess_2157ab68-9c2a-49f4-a4c7-b0cbcad4c0d2 (reused af781741)","conversationId":"sess_2157ab68-9c2a-49f4-a4c7-b0cbcad4c0d2","turnId":"00205243-fe27-4da3-bca2-e27721039ac9","rootTurnId":"00205243-fe27-4da3-bca2-e27721039ac9"}
{"timestamp":"2026-08-24T08:42:01.603Z","level":"info","message":"[SessionPersistence] Created snapshot d4d80d97 for regen/src/pages/TrackCircuits.tsx in session sess_2157ab68-9c2a-49f4-a4c7-b0cbcad4c0d2 (17444 bytes)","conversationId":"sess_2157ab68-9c2a-49f4-a4c7-b0cbcad4c0d2","turnId":"00205243-fe27-4da3-bca2-e27721039ac9","rootTurnId":"00205243-fe27-4da3-bca2-e27721039ac9"}
{"timestamp":"2026-08-24T08:42:01.608Z","level":"info","message":"fs.appendMessages.ok {\"system\":\"fs\",\"sessionId\":\"sess_2157ab68-9c2a-49f4-a4c7-b0cbcad4c0d2\",\"messageCount\":2,\"durationMs\":4}","conversationId":"sess_2157ab68-9c2a-49f4-a4c7-b0cbcad4c0d2","turnId":"00205243-fe27-4da3-bca2-e27721039ac9","rootTurnId":"00205243-fe27-4da3-bca2-e27721039ac9"}
{"timestamp":"2026-08-24T08:42:01.949Z","level":"info","message":"[AgentIterator] Parallel invoking agent","conversationId":"sess_2157ab68-9c2a-49f4-a4c7-b0cbcad4c0d2","turnId":"00205243-fe27-4da3-bca2-e27721039ac9","rootTurnId":"00205243-fe27-4da3-bca2-e27721039ac9"}
{"timestamp":"2026-08-24T08:42:01.949Z","level":"info","message":"[Steering] Populating steering for execution 00205243-fe27-4da3-bca2-e27721039ac9","conversationId":"sess_2157ab68-9c2a-49f4-a4c7-b0cbcad4c0d2","turnId":"00205243-fe27-4da3-bca2-e27721039ac9","rootTurnId":"00205243-fe27-4da3-bca2-e27721039ac9"}
{"timestamp":"2026-08-24T08:42:01.949Z","level":"info","message":"[Steering] ExistingFiles: /c:/Users/Student/.kiro/regen/vite.config.ts, /c:/Users/Student/.kiro/regen/tsconfig.app.json, /c:/Users/Student/.kiro/regen/src/lib/mockData.ts in 00205243-fe27-4da3-bca2-e27721039ac9","conversationId":"sess_2157ab68-9c2a-49f4-a4c7-b0cbcad4c0d2","turnId":"00205243-fe27-4da3-bca2-e27721039ac9","rootTurnId":"00205243-fe27-4da3-bca2-e27721039ac9"}
{"timestamp":"2026-08-24T08:42:01.952Z","level":"info","message":"[q-developer-converse] Sending GenerateAssistantResponse modelId=auto agentMode=vibe origin=AI_EDITOR streaming=true conversationId=sess_2157ab68-9c2a-49f4-a4c7-b0cbcad4c0d2","conversationId":"sess_2157ab68-9c2a-49f4-a4c7-b0cbcad4c0d2","turnId":"00205243-fe27-4da3-bca2-e27721039ac9","rootTurnId":"00205243-fe27-4da3-bca2-e27721039ac9"}
{"timestamp":"2026-08-24T08:42:01.953Z","level":"info","message":"[q-developer-converse] Request payload: 508171 chars, 130 history messages, conversationId=sess_2157ab68-9c2a-49f4-a4c7-b0cbcad4c0d2","conversationId":"sess_2157ab68-9c2a-49f4-a4c7-b0cbcad4c0d2","turnId":"00205243-fe27-4da3-bca2-e27721039ac9","rootTurnId":"00205243-fe27-4da3-bca2-e27721039ac9"}
{"timestamp":"2026-08-24T08:42:01.960Z","level":"info","message":"fs.appendMessages.ok {\"system\":\"fs\",\"sessionId\":\"sess_2157ab68-9c2a-49f4-a4c7-b0cbcad4c0d2\",\"messageCount\":1,\"durationMs\":17}","conversationId":"sess_2157ab68-9c2a-49f4-a4c7-b0cbcad4c0d2","turnId":"00205243-fe27-4da3-bca2-e27721039ac9","rootTurnId":"00205243-fe27-4da3-bca2-e27721039ac9"}
{"timestamp":"2026-08-24T08:42:01.962Z","level":"info","message":"fs.appendMessages.ok {\"system\":\"fs\",\"sessionId\":\"sess_2157ab68-9c2a-49f4-a4c7-b0cbcad4c0d2\",\"messageCount\":1,\"durationMs\":1}","conversationId":"sess_2157ab68-9c2a-49f4-a4c7-b0cbcad4c0d2","turnId":"00205243-fe27-4da3-bca2-e27721039ac9","rootTurnId":"00205243-fe27-4da3-bca2-e27721039ac9"}
{"timestamp":"2026-08-24T08:42:06.350Z","level":"info","message":"[AgentIterator] Synchronizing results","conversationId":"sess_2157ab68-9c2a-49f4-a4c7-b0cbcad4c0d2","turnId":"00205243-fe27-4da3-bca2-e27721039ac9","rootTurnId":"00205243-fe27-4da3-bca2-e27721039ac9"}
{"timestamp":"2026-08-24T08:42:06.350Z","level":"info","message":"[AgentIterator] Processing intent detection result","conversationId":"sess_2157ab68-9c2a-49f4-a4c7-b0cbcad4c0d2","turnId":"00205243-fe27-4da3-bca2-e27721039ac9","rootTurnId":"00205243-fe27-4da3-bca2-e27721039ac9"}
{"timestamp":"2026-08-24T08:42:06.350Z","level":"info","message":"[ChatAgent] Processing model response stream","conversationId":"sess_2157ab68-9c2a-49f4-a4c7-b0cbcad4c0d2","turnId":"00205243-fe27-4da3-bca2-e27721039ac9","rootTurnId":"00205243-fe27-4da3-bca2-e27721039ac9"}
{"timestamp":"2026-08-24T08:42:06.350Z","level":"info","message":"[Steering] Populating steering for execution 00205243-fe27-4da3-bca2-e27721039ac9","conversationId":"sess_2157ab68-9c2a-49f4-a4c7-b0cbcad4c0d2","turnId":"00205243-fe27-4da3-bca2-e27721039ac9","rootTurnId":"00205243-fe27-4da3-bca2-e27721039ac9"}
{"timestamp":"2026-08-24T08:42:06.350Z","level":"info","message":"[Steering] ExistingFiles: /c:/Users/Student/.kiro/regen/vite.config.ts, /c:/Users/Student/.kiro/regen/tsconfig.app.json, /c:/Users/Student/.kiro/regen/src/lib/mockData.ts in 00205243-fe27-4da3-bca2-e27721039ac9","conversationId":"sess_2157ab68-9c2a-49f4-a4c7-b0cbcad4c0d2","turnId":"00205243-fe27-4da3-bca2-e27721039ac9","rootTurnId":"00205243-fe27-4da3-bca2-e27721039ac9"}
{"timestamp":"2026-08-24T08:42:06.993Z","level":"info","message":"acp.policy-eval.complete {\"toolId\":\"read_file\",\"effect\":\"allow\",\"capability\":\"fs_read\"}","conversationId":"sess_2157ab68-9c2a-49f4-a4c7-b0cbcad4c0d2","turnId":"00205243-fe27-4da3-bca2-e27721039ac9","rootTurnId":"00205243-fe27-4da3-bca2-e27721039ac9"}
{"timestamp":"2026-08-24T08:42:06.999Z","level":"info","message":"fs.appendMessages.ok {\"system\":\"fs\",\"sessionId\":\"sess_2157ab68-9c2a-49f4-a4c7-b0cbcad4c0d2\",\"messageCount\":2,\"durationMs\":3}","conversationId":"sess_2157ab68-9c2a-49f4-a4c7-b0cbcad4c0d2","turnId":"00205243-fe27-4da3-bca2-e27721039ac9","rootTurnId":"00205243-fe27-4da3-bca2-e27721039ac9"}
{"timestamp":"2026-08-24T08:42:07.207Z","level":"info","message":"[AgentIterator] Parallel invoking agent","conversationId":"sess_2157ab68-9c2a-49f4-a4c7-b0cbcad4c0d2","turnId":"00205243-fe27-4da3-bca2-e27721039ac9","rootTurnId":"00205243-fe27-4da3-bca2-e27721039ac9"}
{"timestamp":"2026-08-24T08:42:07.207Z","level":"info","message":"[Steering] Populating steering for execution 00205243-fe27-4da3-bca2-e27721039ac9","conversationId":"sess_2157ab68-9c2a-49f4-a4c7-b0cbcad4c0d2","turnId":"00205243-fe27-4da3-bca2-e27721039ac9","rootTurnId":"00205243-fe27-4da3-bca2-e27721039ac9"}
{"timestamp":"2026-08-24T08:42:07.207Z","level":"info","message":"[Steering] ExistingFiles: /c:/Users/Student/.kiro/regen/vite.config.ts, /c:/Users/Student/.kiro/regen/tsconfig.app.json, /c:/Users/Student/.kiro/regen/src/lib/mockData.ts, /c:/Users/Student/.kiro/regen/src/pages/TrackCircuits.tsx in 00205243-fe27-4da3-bca2-e27721039ac9","conversationId":"sess_2157ab68-9c2a-49f4-a4c7-b0cbcad4c0d2","turnId":"00205243-fe27-4da3-bca2-e27721039ac9","rootTurnId":"00205243-fe27-4da3-bca2-e27721039ac9"}
{"timestamp":"2026-08-24T08:42:07.210Z","level":"info","message":"[q-developer-converse] Sending GenerateAssistantResponse modelId=auto agentMode=vibe origin=AI_EDITOR streaming=true conversationId=sess_2157ab68-9c2a-49f4-a4c7-b0cbcad4c0d2","conversationId":"sess_2157ab68-9c2a-49f4-a4c7-b0cbcad4c0d2","turnId":"00205243-fe27-4da3-bca2-e27721039ac9","rootTurnId":"00205243-fe27-4da3-bca2-e27721039ac9"}
{"timestamp":"2026-08-24T08:42:07.211Z","level":"info","message":"[q-developer-converse] Request payload: 509548 chars, 132 history messages, conversationId=sess_2157ab68-9c2a-49f4-a4c7-b0cbcad4c0d2","conversationId":"sess_2157ab68-9c2a-49f4-a4c7-b0cbcad4c0d2","turnId":"00205243-fe27-4da3-bca2-e27721039ac9","rootTurnId":"00205243-fe27-4da3-bca2-e27721039ac9"}
{"timestamp":"2026-08-24T08:42:07.218Z","level":"info","message":"fs.appendMessages.ok {\"system\":\"fs\",\"sessionId\":\"sess_2157ab68-9c2a-49f4-a4c7-b0cbcad4c0d2\",\"messageCount\":1,\"durationMs\":17}","conversationId":"sess_2157ab68-9c2a-49f4-a4c7-b0cbcad4c0d2","turnId":"00205243-fe27-4da3-bca2-e27721039ac9","rootTurnId":"00205243-fe27-4da3-bca2-e27721039ac9"}
{"timestamp":"2026-08-24T08:42:07.220Z","level":"info","message":"fs.appendMessages.ok {\"system\":\"fs\",\"sessionId\":\"sess_2157ab68-9c2a-49f4-a4c7-b0cbcad4c0d2\",\"messageCount\":1,\"durationMs\":2}","conversationId":"sess_2157ab68-9c2a-49f4-a4c7-b0cbcad4c0d2","turnId":"00205243-fe27-4da3-bca2-e27721039ac9","rootTurnId":"00205243-fe27-4da3-bca2-e27721039ac9"}
{"timestamp":"2026-08-24T08:42:10.141Z","level":"info","message":"q-client-retry.retry-after-hint.applied {\"clampedDelay\":300000,\"rawHintMs\":300000,\"source\":\"modeled-header\"}","conversationId":"sess_2157ab68-9c2a-49f4-a4c7-b0cbcad4c0d2","turnId":"00205243-fe27-4da3-bca2-e27721039ac9","rootTurnId":"00205243-fe27-4da3-bca2-e27721039ac9"}
{"timestamp":"2026-08-24T08:46:06.674Z","level":"info","message":"network.listAvailableModels.ok {\"system\":\"network\",\"durationMs\":1149}"}
{"timestamp":"2026-08-24T08:46:06.674Z","level":"info","message":"[ACPModelConfigProvider] Loaded 9 models"}
{"timestamp":"2026-08-24T08:47:21.282Z","level":"info","message":"[AgentIterator] Synchronizing results","conversationId":"sess_2157ab68-9c2a-49f4-a4c7-b0cbcad4c0d2","turnId":"00205243-fe27-4da3-bca2-e27721039ac9","rootTurnId":"00205243-fe27-4da3-bca2-e27721039ac9"}
{"timestamp":"2026-08-24T08:47:21.282Z","level":"info","message":"[AgentIterator] Processing intent detection result","conversationId":"sess_2157ab68-9c2a-49f4-a4c7-b0cbcad4c0d2","turnId":"00205243-fe27-4da3-bca2-e27721039ac9","rootTurnId":"00205243-fe27-4da3-bca2-e27721039ac9"}
{"timestamp":"2026-08-24T08:47:21.283Z","level":"info","message":"[ChatAgent] Processing model response stream","conversationId":"sess_2157ab68-9c2a-49f4-a4c7-b0cbcad4c0d2","turnId":"00205243-fe27-4da3-bca2-e27721039ac9","rootTurnId":"00205243-fe27-4da3-bca2-e27721039ac9"}
{"timestamp":"2026-08-24T08:47:21.283Z","level":"info","message":"[Steering] Populating steering for execution 00205243-fe27-4da3-bca2-e27721039ac9","conversationId":"sess_2157ab68-9c2a-49f4-a4c7-b0cbcad4c0d2","turnId":"00205243-fe27-4da3-bca2-e27721039ac9","rootTurnId":"00205243-fe27-4da3-bca2-e27721039ac9"}
{"timestamp":"2026-08-24T08:47:21.283Z","level":"info","message":"[Steering] ExistingFiles: /c:/Users/Student/.kiro/regen/vite.config.ts, /c:/Users/Student/.kiro/regen/tsconfig.app.json, /c:/Users/Student/.kiro/regen/src/lib/mockData.ts, /c:/Users/Student/.kiro/regen/src/pages/TrackCircuits.tsx in 00205243-fe27-4da3-bca2-e27721039ac9","conversationId":"sess_2157ab68-9c2a-49f4-a4c7-b0cbcad4c0d2","turnId":"00205243-fe27-4da3-bca2-e27721039ac9","rootTurnId":"00205243-fe27-4da3-bca2-e27721039ac9"}
{"timestamp":"2026-08-24T08:47:21.680Z","level":"info","message":"fs.appendMessages.ok {\"system\":\"fs\",\"sessionId\":\"sess_2157ab68-9c2a-49f4-a4c7-b0cbcad4c0d2\",\"messageCount\":1,\"durationMs\":3}","conversationId":"sess_2157ab68-9c2a-49f4-a4c7-b0cbcad4c0d2","turnId":"00205243-fe27-4da3-bca2-e27721039ac9","rootTurnId":"00205243-fe27-4da3-bca2-e27721039ac9"}
{"timestamp":"2026-08-24T08:47:23.087Z","level":"info","message":"acp.policy-eval.complete {\"toolId\":\"str_replace\",\"effect\":\"allow\",\"capability\":\"fs_write\"}","conversationId":"sess_2157ab68-9c2a-49f4-a4c7-b0cbcad4c0d2","turnId":"00205243-fe27-4da3-bca2-e27721039ac9","rootTurnId":"00205243-fe27-4da3-bca2-e27721039ac9"}
{"timestamp":"2026-08-24T08:47:23.094Z","level":"info","message":"[SessionPersistence] Snapshot deduplicated for regen/src/pages/TrackCircuits.tsx in session sess_2157ab68-9c2a-49f4-a4c7-b0cbcad4c0d2 (reused d4d80d97)","conversationId":"sess_2157ab68-9c2a-49f4-a4c7-b0cbcad4c0d2","turnId":"00205243-fe27-4da3-bca2-e27721039ac9","rootTurnId":"00205243-fe27-4da3-bca2-e27721039ac9"}
{"timestamp":"2026-08-24T08:47:23.128Z","level":"info","message":"[SessionPersistence] Created snapshot 8d9cd729 for regen/src/pages/TrackCircuits.tsx in session sess_2157ab68-9c2a-49f4-a4c7-b0cbcad4c0d2 (17395 bytes)","conversationId":"sess_2157ab68-9c2a-49f4-a4c7-b0cbcad4c0d2","turnId":"00205243-fe27-4da3-bca2-e27721039ac9","rootTurnId":"00205243-fe27-4da3-bca2-e27721039ac9"}
{"timestamp":"2026-08-24T08:47:23.133Z","level":"info","message":"fs.appendMessages.ok {\"system\":\"fs\",\"sessionId\":\"sess_2157ab68-9c2a-49f4-a4c7-b0cbcad4c0d2\",\"messageCount\":2,\"durationMs\":4}","conversationId":"sess_2157ab68-9c2a-49f4-a4c7-b0cbcad4c0d2","turnId":"00205243-fe27-4da3-bca2-e27721039ac9","rootTurnId":"00205243-fe27-4da3-bca2-e27721039ac9"}
{"timestamp":"2026-08-24T08:47:23.486Z","level":"info","message":"[AgentIterator] Parallel invoking agent","conversationId":"sess_2157ab68-9c2a-49f4-a4c7-b0cbcad4c0d2","turnId":"00205243-fe27-4da3-bca2-e27721039ac9","rootTurnId":"00205243-fe27-4da3-bca2-e27721039ac9"}
{"timestamp":"2026-08-24T08:47:23.486Z","level":"info","message":"[Steering] Populating steering for execution 00205243-fe27-4da3-bca2-e27721039ac9","conversationId":"sess_2157ab68-9c2a-49f4-a4c7-b0cbcad4c0d2","turnId":"00205243-fe27-4da3-bca2-e27721039ac9","rootTurnId":"00205243-fe27-4da3-bca2-e27721039ac9"}
{"timestamp":"2026-08-24T08:47:23.486Z","level":"info","message":"[Steering] ExistingFiles: /c:/Users/Student/.kiro/regen/vite.config.ts, /c:/Users/Student/.kiro/regen/tsconfig.app.json, /c:/Users/Student/.kiro/regen/src/lib/mockData.ts, /c:/Users/Student/.kiro/regen/src/pages/TrackCircuits.tsx in 00205243-fe27-4da3-bca2-e27721039ac9","conversationId":"sess_2157ab68-9c2a-49f4-a4c7-b0cbcad4c0d2","turnId":"00205243-fe27-4da3-bca2-e27721039ac9","rootTurnId":"00205243-fe27-4da3-bca2-e27721039ac9"}
{"timestamp":"2026-08-24T08:47:23.489Z","level":"info","message":"[q-developer-converse] Sending GenerateAssistantResponse modelId=auto agentMode=vibe origin=AI_EDITOR streaming=true conversationId=sess_2157ab68-9c2a-49f4-a4c7-b0cbcad4c0d2","conversationId":"sess_2157ab68-9c2a-49f4-a4c7-b0cbcad4c0d2","turnId":"00205243-fe27-4da3-bca2-e27721039ac9","rootTurnId":"00205243-fe27-4da3-bca2-e27721039ac9"}
{"timestamp":"2026-08-24T08:47:23.490Z","level":"info","message":"[q-developer-converse] Request payload: 510691 chars, 134 history messages, conversationId=sess_2157ab68-9c2a-49f4-a4c7-b0cbcad4c0d2","conversationId":"sess_2157ab68-9c2a-49f4-a4c7-b0cbcad4c0d2","turnId":"00205243-fe27-4da3-bca2-e27721039ac9","rootTurnId":"00205243-fe27-4da3-bca2-e27721039ac9"}
{"timestamp":"2026-08-24T08:47:23.497Z","level":"info","message":"fs.appendMessages.ok {\"system\":\"fs\",\"sessionId\":\"sess_2157ab68-9c2a-49f4-a4c7-b0cbcad4c0d2\",\"messageCount\":1,\"durationMs\":17}","conversationId":"sess_2157ab68-9c2a-49f4-a4c7-b0cbcad4c0d2","turnId":"00205243-fe27-4da3-bca2-e27721039ac9","rootTurnId":"00205243-fe27-4da3-bca2-e27721039ac9"}
{"timestamp":"2026-08-24T08:47:23.499Z","level":"info","message":"fs.appendMessages.ok {\"system\":\"fs\",\"sessionId\":\"sess_2157ab68-9c2a-49f4-a4c7-b0cbcad4c0d2\",\"messageCount\":1,\"durationMs\":2}","conversationId":"sess_2157ab68-9c2a-49f4-a4c7-b0cbcad4c0d2","turnId":"00205243-fe27-4da3-bca2-e27721039ac9","rootTurnId":"00205243-fe27-4da3-bca2-e27721039ac9"}
{"timestamp":"2026-08-24T08:47:27.266Z","level":"info","message":"[AgentIterator] Synchronizing results","conversationId":"sess_2157ab68-9c2a-49f4-a4c7-b0cbcad4c0d2","turnId":"00205243-fe27-4da3-bca2-e27721039ac9","rootTurnId":"00205243-fe27-4da3-bca2-e27721039ac9"}
{"timestamp":"2026-08-24T08:47:27.266Z","level":"info","message":"[AgentIterator] Processing intent detection result","conversationId":"sess_2157ab68-9c2a-49f4-a4c7-b0cbcad4c0d2","turnId":"00205243-fe27-4da3-bca2-e27721039ac9","rootTurnId":"00205243-fe27-4da3-bca2-e27721039ac9"}
{"timestamp":"2026-08-24T08:47:27.266Z","level":"info","message":"[ChatAgent] Processing model response stream","conversationId":"sess_2157ab68-9c2a-49f4-a4c7-b0cbcad4c0d2","turnId":"00205243-fe27-4da3-bca2-e27721039ac9","rootTurnId":"00205243-fe27-4da3-bca2-e27721039ac9"}
{"timestamp":"2026-08-24T08:47:27.266Z","level":"info","message":"[Steering] Populating steering for execution 00205243-fe27-4da3-bca2-e27721039ac9","conversationId":"sess_2157ab68-9c2a-49f4-a4c7-b0cbcad4c0d2","turnId":"00205243-fe27-4da3-bca2-e27721039ac9","rootTurnId":"00205243-fe27-4da3-bca2-e27721039ac9"}
{"timestamp":"2026-08-24T08:47:27.266Z","level":"info","message":"[Steering] ExistingFiles: /c:/Users/Student/.kiro/regen/vite.config.ts, /c:/Users/Student/.kiro/regen/tsconfig.app.json, /c:/Users/Student/.kiro/regen/src/lib/mockData.ts, /c:/Users/Student/.kiro/regen/src/pages/TrackCircuits.tsx in 00205243-fe27-4da3-bca2-e27721039ac9","conversationId":"sess_2157ab68-9c2a-49f4-a4c7-b0cbcad4c0d2","turnId":"00205243-fe27-4da3-bca2-e27721039ac9","rootTurnId":"00205243-fe27-4da3-bca2-e27721039ac9"}
{"timestamp":"2026-08-24T08:47:27.614Z","level":"info","message":"fs.appendMessages.ok {\"system\":\"fs\",\"sessionId\":\"sess_2157ab68-9c2a-49f4-a4c7-b0cbcad4c0d2\",\"messageCount\":1,\"durationMs\":2}","conversationId":"sess_2157ab68-9c2a-49f4-a4c7-b0cbcad4c0d2","turnId":"00205243-fe27-4da3-bca2-e27721039ac9","rootTurnId":"00205243-fe27-4da3-bca2-e27721039ac9"}
{"timestamp":"2026-08-24T08:47:30.164Z","level":"info","message":"acp.policy-eval.complete {\"toolId\":\"str_replace\",\"effect\":\"allow\",\"capability\":\"fs_write\"}","conversationId":"sess_2157ab68-9c2a-49f4-a4c7-b0cbcad4c0d2","turnId":"00205243-fe27-4da3-bca2-e27721039ac9","rootTurnId":"00205243-fe27-4da3-bca2-e27721039ac9"}
{"timestamp":"2026-08-24T08:47:30.172Z","level":"info","message":"[SessionPersistence] Snapshot deduplicated for regen/src/pages/Assets.tsx in session sess_2157ab68-9c2a-49f4-a4c7-b0cbcad4c0d2 (reused ff22f78e)","conversationId":"sess_2157ab68-9c2a-49f4-a4c7-b0cbcad4c0d2","turnId":"00205243-fe27-4da3-bca2-e27721039ac9","rootTurnId":"00205243-fe27-4da3-bca2-e27721039ac9"}
{"timestamp":"2026-08-24T08:47:30.212Z","level":"info","message":"[SessionPersistence] Created snapshot e9bd991c for regen/src/pages/Assets.tsx in session sess_2157ab68-9c2a-49f4-a4c7-b0cbcad4c0d2 (19681 bytes)","conversationId":"sess_2157ab68-9c2a-49f4-a4c7-b0cbcad4c0d2","turnId":"00205243-fe27-4da3-bca2-e27721039ac9","rootTurnId":"00205243-fe27-4da3-bca2-e27721039ac9"}
{"timestamp":"2026-08-24T08:47:30.217Z","level":"info","message":"fs.appendMessages.ok {\"system\":\"fs\",\"sessionId\":\"sess_2157ab68-9c2a-49f4-a4c7-b0cbcad4c0d2\",\"messageCount\":2,\"durationMs\":4}","conversationId":"sess_2157ab68-9c2a-49f4-a4c7-b0cbcad4c0d2","turnId":"00205243-fe27-4da3-bca2-e27721039ac9","rootTurnId":"00205243-fe27-4da3-bca2-e27721039ac9"}
{"timestamp":"2026-08-24T08:47:30.501Z","level":"info","message":"[AgentIterator] Parallel invoking agent","conversationId":"sess_2157ab68-9c2a-49f4-a4c7-b0cbcad4c0d2","turnId":"00205243-fe27-4da3-bca2-e27721039ac9","rootTurnId":"00205243-fe27-4da3-bca2-e27721039ac9"}
{"timestamp":"2026-08-24T08:47:30.502Z","level":"info","message":"[Steering] Populating steering for execution 00205243-fe27-4da3-bca2-e27721039ac9","conversationId":"sess_2157ab68-9c2a-49f4-a4c7-b0cbcad4c0d2","turnId":"00205243-fe27-4da3-bca2-e27721039ac9","rootTurnId":"00205243-fe27-4da3-bca2-e27721039ac9"}
{"timestamp":"2026-08-24T08:47:30.502Z","level":"info","message":"[Steering] ExistingFiles: /c:/Users/Student/.kiro/regen/vite.config.ts, /c:/Users/Student/.kiro/regen/tsconfig.app.json, /c:/Users/Student/.kiro/regen/src/lib/mockData.ts, /c:/Users/Student/.kiro/regen/src/pages/TrackCircuits.tsx in 00205243-fe27-4da3-bca2-e27721039ac9","conversationId":"sess_2157ab68-9c2a-49f4-a4c7-b0cbcad4c0d2","turnId":"00205243-fe27-4da3-bca2-e27721039ac9","rootTurnId":"00205243-fe27-4da3-bca2-e27721039ac9"}
{"timestamp":"2026-08-24T08:47:30.505Z","level":"info","message":"[q-developer-converse] Sending GenerateAssistantResponse modelId=auto agentMode=vibe origin=AI_EDITOR streaming=true conversationId=sess_2157ab68-9c2a-49f4-a4c7-b0cbcad4c0d2","conversationId":"sess_2157ab68-9c2a-49f4-a4c7-b0cbcad4c0d2","turnId":"00205243-fe27-4da3-bca2-e27721039ac9","rootTurnId":"00205243-fe27-4da3-bca2-e27721039ac9"}
{"timestamp":"2026-08-24T08:47:30.506Z","level":"info","message":"[q-developer-converse] Request payload: 511858 chars, 136 history messages, conversationId=sess_2157ab68-9c2a-49f4-a4c7-b0cbcad4c0d2","conversationId":"sess_2157ab68-9c2a-49f4-a4c7-b0cbcad4c0d2","turnId":"00205243-fe27-4da3-bca2-e27721039ac9","rootTurnId":"00205243-fe27-4da3-bca2-e27721039ac9"}
{"timestamp":"2026-08-24T08:47:30.514Z","level":"info","message":"fs.appendMessages.ok {\"system\":\"fs\",\"sessionId\":\"sess_2157ab68-9c2a-49f4-a4c7-b0cbcad4c0d2\",\"messageCount\":1,\"durationMs\":17}","conversationId":"sess_2157ab68-9c2a-49f4-a4c7-b0cbcad4c0d2","turnId":"00205243-fe27-4da3-bca2-e27721039ac9","rootTurnId":"00205243-fe27-4da3-bca2-e27721039ac9"}
{"timestamp":"2026-08-24T08:47:30.515Z","level":"info","message":"fs.appendMessages.ok {\"system\":\"fs\",\"sessionId\":\"sess_2157ab68-9c2a-49f4-a4c7-b0cbcad4c0d2\",\"messageCount\":1,\"durationMs\":2}","conversationId":"sess_2157ab68-9c2a-49f4-a4c7-b0cbcad4c0d2","turnId":"00205243-fe27-4da3-bca2-e27721039ac9","rootTurnId":"00205243-fe27-4da3-bca2-e27721039ac9"}
{"timestamp":"2026-08-24T08:47:35.189Z","level":"info","message":"[AgentIterator] Synchronizing results","conversationId":"sess_2157ab68-9c2a-49f4-a4c7-b0cbcad4c0d2","turnId":"00205243-fe27-4da3-bca2-e27721039ac9","rootTurnId":"00205243-fe27-4da3-bca2-e27721039ac9"}
{"timestamp":"2026-08-24T08:47:35.189Z","level":"info","message":"[AgentIterator] Processing intent detection result","conversationId":"sess_2157ab68-9c2a-49f4-a4c7-b0cbcad4c0d2","turnId":"00205243-fe27-4da3-bca2-e27721039ac9","rootTurnId":"00205243-fe27-4da3-bca2-e27721039ac9"}
{"timestamp":"2026-08-24T08:47:35.190Z","level":"info","message":"[ChatAgent] Processing model response stream","conversationId":"sess_2157ab68-9c2a-49f4-a4c7-b0cbcad4c0d2","turnId":"00205243-fe27-4da3-bca2-e27721039ac9","rootTurnId":"00205243-fe27-4da3-bca2-e27721039ac9"}
{"timestamp":"2026-08-24T08:47:35.190Z","level":"info","message":"[Steering] Populating steering for execution 00205243-fe27-4da3-bca2-e27721039ac9","conversationId":"sess_2157ab68-9c2a-49f4-a4c7-b0cbcad4c0d2","turnId":"00205243-fe27-4da3-bca2-e27721039ac9","rootTurnId":"00205243-fe27-4da3-bca2-e27721039ac9"}
{"timestamp":"2026-08-24T08:47:35.190Z","level":"info","message":"[Steering] ExistingFiles: /c:/Users/Student/.kiro/regen/vite.config.ts, /c:/Users/Student/.kiro/regen/tsconfig.app.json, /c:/Users/Student/.kiro/regen/src/lib/mockData.ts, /c:/Users/Student/.kiro/regen/src/pages/TrackCircuits.tsx in 00205243-fe27-4da3-bca2-e27721039ac9","conversationId":"sess_2157ab68-9c2a-49f4-a4c7-b0cbcad4c0d2","turnId":"00205243-fe27-4da3-bca2-e27721039ac9","rootTurnId":"00205243-fe27-4da3-bca2-e27721039ac9"}
{"timestamp":"2026-08-24T08:47:36.275Z","level":"info","message":"acp.policy-eval.complete {\"toolId\":\"str_replace\",\"effect\":\"allow\",\"capability\":\"fs_write\"}","conversationId":"sess_2157ab68-9c2a-49f4-a4c7-b0cbcad4c0d2","turnId":"00205243-fe27-4da3-bca2-e27721039ac9","rootTurnId":"00205243-fe27-4da3-bca2-e27721039ac9"}
{"timestamp":"2026-08-24T08:47:36.281Z","level":"info","message":"fs.appendMessages.ok {\"system\":\"fs\",\"sessionId\":\"sess_2157ab68-9c2a-49f4-a4c7-b0cbcad4c0d2\",\"messageCount\":2,\"durationMs\":3}","conversationId":"sess_2157ab68-9c2a-49f4-a4c7-b0cbcad4c0d2","turnId":"00205243-fe27-4da3-bca2-e27721039ac9","rootTurnId":"00205243-fe27-4da3-bca2-e27721039ac9"}
{"timestamp":"2026-08-24T08:47:36.629Z","level":"info","message":"[AgentIterator] Parallel invoking agent","conversationId":"sess_2157ab68-9c2a-49f4-a4c7-b0cbcad4c0d2","turnId":"00205243-fe27-4da3-bca2-e27721039ac9","rootTurnId":"00205243-fe27-4da3-bca2-e27721039ac9"}
{"timestamp":"2026-08-24T08:47:36.629Z","level":"info","message":"[Steering] Populating steering for execution 00205243-fe27-4da3-bca2-e27721039ac9","conversationId":"sess_2157ab68-9c2a-49f4-a4c7-b0cbcad4c0d2","turnId":"00205243-fe27-4da3-bca2-e27721039ac9","rootTurnId":"00205243-fe27-4da3-bca2-e27721039ac9"}
{"timestamp":"2026-08-24T08:47:36.629Z","level":"info","message":"[Steering] ExistingFiles: /c:/Users/Student/.kiro/regen/vite.config.ts, /c:/Users/Student/.kiro/regen/tsconfig.app.json, /c:/Users/Student/.kiro/regen/src/lib/mockData.ts, /c:/Users/Student/.kiro/regen/src/pages/TrackCircuits.tsx in 00205243-fe27-4da3-bca2-e27721039ac9","conversationId":"sess_2157ab68-9c2a-49f4-a4c7-b0cbcad4c0d2","turnId":"00205243-fe27-4da3-bca2-e27721039ac9","rootTurnId":"00205243-fe27-4da3-bca2-e27721039ac9"}
{"timestamp":"2026-08-24T08:47:36.633Z","level":"info","message":"[q-developer-converse] Sending GenerateAssistantResponse modelId=auto agentMode=vibe origin=AI_EDITOR streaming=true conversationId=sess_2157ab68-9c2a-49f4-a4c7-b0cbcad4c0d2","conversationId":"sess_2157ab68-9c2a-49f4-a4c7-b0cbcad4c0d2","turnId":"00205243-fe27-4da3-bca2-e27721039ac9","rootTurnId":"00205243-fe27-4da3-bca2-e27721039ac9"}
{"timestamp":"2026-08-24T08:47:36.635Z","level":"info","message":"[q-developer-converse] Request payload: 512871 chars, 138 history messages, conversationId=sess_2157ab68-9c2a-49f4-a4c7-b0cbcad4c0d2","conversationId":"sess_2157ab68-9c2a-49f4-a4c7-b0cbcad4c0d2","turnId":"00205243-fe27-4da3-bca2-e27721039ac9","rootTurnId":"00205243-fe27-4da3-bca2-e27721039ac9"}
{"timestamp":"2026-08-24T08:47:36.643Z","level":"info","message":"fs.appendMessages.ok {\"system\":\"fs\",\"sessionId\":\"sess_2157ab68-9c2a-49f4-a4c7-b0cbcad4c0d2\",\"messageCount\":1,\"durationMs\":17}","conversationId":"sess_2157ab68-9c2a-49f4-a4c7-b0cbcad4c0d2","turnId":"00205243-fe27-4da3-bca2-e27721039ac9","rootTurnId":"00205243-fe27-4da3-bca2-e27721039ac9"}
{"timestamp":"2026-08-24T08:47:36.651Z","level":"info","message":"fs.appendMessages.ok {\"system\":\"fs\",\"sessionId\":\"sess_2157ab68-9c2a-49f4-a4c7-b0cbcad4c0d2\",\"messageCount\":1,\"durationMs\":7}","conversationId":"sess_2157ab68-9c2a-49f4-a4c7-b0cbcad4c0d2","turnId":"00205243-fe27-4da3-bca2-e27721039ac9","rootTurnId":"00205243-fe27-4da3-bca2-e27721039ac9"}
{"timestamp":"2026-08-24T08:47:40.935Z","level":"info","message":"[AgentIterator] Synchronizing results","conversationId":"sess_2157ab68-9c2a-49f4-a4c7-b0cbcad4c0d2","turnId":"00205243-fe27-4da3-bca2-e27721039ac9","rootTurnId":"00205243-fe27-4da3-bca2-e27721039ac9"}
{"timestamp":"2026-08-24T08:47:40.935Z","level":"info","message":"[AgentIterator] Processing intent detection result","conversationId":"sess_2157ab68-9c2a-49f4-a4c7-b0cbcad4c0d2","turnId":"00205243-fe27-4da3-bca2-e27721039ac9","rootTurnId":"00205243-fe27-4da3-bca2-e27721039ac9"}
{"timestamp":"2026-08-24T08:47:40.935Z","level":"info","message":"[ChatAgent] Processing model response stream","conversationId":"sess_2157ab68-9c2a-49f4-a4c7-b0cbcad4c0d2","turnId":"00205243-fe27-4da3-bca2-e27721039ac9","rootTurnId":"00205243-fe27-4da3-bca2-e27721039ac9"}
{"timestamp":"2026-08-24T08:47:40.935Z","level":"info","message":"[Steering] Populating steering for execution 00205243-fe27-4da3-bca2-e27721039ac9","conversationId":"sess_2157ab68-9c2a-49f4-a4c7-b0cbcad4c0d2","turnId":"00205243-fe27-4da3-bca2-e27721039ac9","rootTurnId":"00205243-fe27-4da3-bca2-e27721039ac9"}
{"timestamp":"2026-08-24T08:47:40.936Z","level":"info","message":"[Steering] ExistingFiles: /c:/Users/Student/.kiro/regen/vite.config.ts, /c:/Users/Student/.kiro/regen/tsconfig.app.json, /c:/Users/Student/.kiro/regen/src/lib/mockData.ts, /c:/Users/Student/.kiro/regen/src/pages/TrackCircuits.tsx in 00205243-fe27-4da3-bca2-e27721039ac9","conversationId":"sess_2157ab68-9c2a-49f4-a4c7-b0cbcad4c0d2","turnId":"00205243-fe27-4da3-bca2-e27721039ac9","rootTurnId":"00205243-fe27-4da3-bca2-e27721039ac9"}
{"timestamp":"2026-08-24T08:47:41.633Z","level":"warn","message":"[ACPEventAdapter] Action type has no dedicated handler and is being routed as a tool call. If this is a new non-tool action, add it to DispatchedActionType. {\"actionType\":\"search\"}","conversationId":"sess_2157ab68-9c2a-49f4-a4c7-b0cbcad4c0d2","turnId":"00205243-fe27-4da3-bca2-e27721039ac9","rootTurnId":"00205243-fe27-4da3-bca2-e27721039ac9"}
{"timestamp":"2026-08-24T08:47:41.633Z","level":"info","message":"acp.policy-eval.complete {\"toolId\":\"grep_search\",\"effect\":\"allow\",\"capability\":\"fs_read\"}","conversationId":"sess_2157ab68-9c2a-49f4-a4c7-b0cbcad4c0d2","turnId":"00205243-fe27-4da3-bca2-e27721039ac9","rootTurnId":"00205243-fe27-4da3-bca2-e27721039ac9"}
{"timestamp":"2026-08-24T08:47:41.738Z","level":"info","message":"fs.appendMessages.ok {\"system\":\"fs\",\"sessionId\":\"sess_2157ab68-9c2a-49f4-a4c7-b0cbcad4c0d2\",\"messageCount\":2,\"durationMs\":2}","conversationId":"sess_2157ab68-9c2a-49f4-a4c7-b0cbcad4c0d2","turnId":"00205243-fe27-4da3-bca2-e27721039ac9","rootTurnId":"00205243-fe27-4da3-bca2-e27721039ac9"}
{"timestamp":"2026-08-24T08:47:41.929Z","level":"info","message":"[AgentIterator] Parallel invoking agent","conversationId":"sess_2157ab68-9c2a-49f4-a4c7-b0cbcad4c0d2","turnId":"00205243-fe27-4da3-bca2-e27721039ac9","rootTurnId":"00205243-fe27-4da3-bca2-e27721039ac9"}
{"timestamp":"2026-08-24T08:47:41.929Z","level":"info","message":"[Steering] Populating steering for execution 00205243-fe27-4da3-bca2-e27721039ac9","conversationId":"sess_2157ab68-9c2a-49f4-a4c7-b0cbcad4c0d2","turnId":"00205243-fe27-4da3-bca2-e27721039ac9","rootTurnId":"00205243-fe27-4da3-bca2-e27721039ac9"}
{"timestamp":"2026-08-24T08:47:41.929Z","level":"info","message":"[Steering] ExistingFiles: /c:/Users/Student/.kiro/regen/vite.config.ts, /c:/Users/Student/.kiro/regen/tsconfig.app.json, /c:/Users/Student/.kiro/regen/src/lib/mockData.ts, /c:/Users/Student/.kiro/regen/src/pages/TrackCircuits.tsx in 00205243-fe27-4da3-bca2-e27721039ac9","conversationId":"sess_2157ab68-9c2a-49f4-a4c7-b0cbcad4c0d2","turnId":"00205243-fe27-4da3-bca2-e27721039ac9","rootTurnId":"00205243-fe27-4da3-bca2-e27721039ac9"}
{"timestamp":"2026-08-24T08:47:41.933Z","level":"info","message":"[q-developer-converse] Sending GenerateAssistantResponse modelId=auto agentMode=vibe origin=AI_EDITOR streaming=true conversationId=sess_2157ab68-9c2a-49f4-a4c7-b0cbcad4c0d2","conversationId":"sess_2157ab68-9c2a-49f4-a4c7-b0cbcad4c0d2","turnId":"00205243-fe27-4da3-bca2-e27721039ac9","rootTurnId":"00205243-fe27-4da3-bca2-e27721039ac9"}
{"timestamp":"2026-08-24T08:47:41.935Z","level":"info","message":"[q-developer-converse] Request payload: 513533 chars, 140 history messages, conversationId=sess_2157ab68-9c2a-49f4-a4c7-b0cbcad4c0d2","conversationId":"sess_2157ab68-9c2a-49f4-a4c7-b0cbcad4c0d2","turnId":"00205243-fe27-4da3-bca2-e27721039ac9","rootTurnId":"00205243-fe27-4da3-bca2-e27721039ac9"}
{"timestamp":"2026-08-24T08:47:41.943Z","level":"info","message":"fs.appendMessages.ok {\"system\":\"fs\",\"sessionId\":\"sess_2157ab68-9c2a-49f4-a4c7-b0cbcad4c0d2\",\"messageCount\":1,\"durationMs\":17}","conversationId":"sess_2157ab68-9c2a-49f4-a4c7-b0cbcad4c0d2","turnId":"00205243-fe27-4da3-bca2-e27721039ac9","rootTurnId":"00205243-fe27-4da3-bca2-e27721039ac9"}
{"timestamp":"2026-08-24T08:47:41.949Z","level":"info","message":"fs.appendMessages.ok {\"system\":\"fs\",\"sessionId\":\"sess_2157ab68-9c2a-49f4-a4c7-b0cbcad4c0d2\",\"messageCount\":1,\"durationMs\":6}","conversationId":"sess_2157ab68-9c2a-49f4-a4c7-b0cbcad4c0d2","turnId":"00205243-fe27-4da3-bca2-e27721039ac9","rootTurnId":"00205243-fe27-4da3-bca2-e27721039ac9"}
{"timestamp":"2026-08-24T08:47:48.829Z","level":"info","message":"[AgentIterator] Synchronizing results","conversationId":"sess_2157ab68-9c2a-49f4-a4c7-b0cbcad4c0d2","turnId":"00205243-fe27-4da3-bca2-e27721039ac9","rootTurnId":"00205243-fe27-4da3-bca2-e27721039ac9"}
{"timestamp":"2026-08-24T08:47:48.829Z","level":"info","message":"[AgentIterator] Processing intent detection result","conversationId":"sess_2157ab68-9c2a-49f4-a4c7-b0cbcad4c0d2","turnId":"00205243-fe27-4da3-bca2-e27721039ac9","rootTurnId":"00205243-fe27-4da3-bca2-e27721039ac9"}
{"timestamp":"2026-08-24T08:47:48.829Z","level":"info","message":"[ChatAgent] Processing model response stream","conversationId":"sess_2157ab68-9c2a-49f4-a4c7-b0cbcad4c0d2","turnId":"00205243-fe27-4da3-bca2-e27721039ac9","rootTurnId":"00205243-fe27-4da3-bca2-e27721039ac9"}
{"timestamp":"2026-08-24T08:47:48.829Z","level":"info","message":"[Steering] Populating steering for execution 00205243-fe27-4da3-bca2-e27721039ac9","conversationId":"sess_2157ab68-9c2a-49f4-a4c7-b0cbcad4c0d2","turnId":"00205243-fe27-4da3-bca2-e27721039ac9","rootTurnId":"00205243-fe27-4da3-bca2-e27721039ac9"}
{"timestamp":"2026-08-24T08:47:48.829Z","level":"info","message":"[Steering] ExistingFiles: /c:/Users/Student/.kiro/regen/vite.config.ts, /c:/Users/Student/.kiro/regen/tsconfig.app.json, /c:/Users/Student/.kiro/regen/src/lib/mockData.ts, /c:/Users/Student/.kiro/regen/src/pages/TrackCircuits.tsx in 00205243-fe27-4da3-bca2-e27721039ac9","conversationId":"sess_2157ab68-9c2a-49f4-a4c7-b0cbcad4c0d2","turnId":"00205243-fe27-4da3-bca2-e27721039ac9","rootTurnId":"00205243-fe27-4da3-bca2-e27721039ac9"}
{"timestamp":"2026-08-24T08:47:49.583Z","level":"info","message":"acp.policy-eval.complete {\"toolId\":\"read_file\",\"effect\":\"allow\",\"capability\":\"fs_read\"}","conversationId":"sess_2157ab68-9c2a-49f4-a4c7-b0cbcad4c0d2","turnId":"00205243-fe27-4da3-bca2-e27721039ac9","rootTurnId":"00205243-fe27-4da3-bca2-e27721039ac9"}
{"timestamp":"2026-08-24T08:47:49.593Z","level":"info","message":"[AgentIterator] Parallel invoking agent","conversationId":"sess_2157ab68-9c2a-49f4-a4c7-b0cbcad4c0d2","turnId":"00205243-fe27-4da3-bca2-e27721039ac9","rootTurnId":"00205243-fe27-4da3-bca2-e27721039ac9"}
{"timestamp":"2026-08-24T08:47:49.593Z","level":"info","message":"[Steering] Populating steering for execution 00205243-fe27-4da3-bca2-e27721039ac9","conversationId":"sess_2157ab68-9c2a-49f4-a4c7-b0cbcad4c0d2","turnId":"00205243-fe27-4da3-bca2-e27721039ac9","rootTurnId":"00205243-fe27-4da3-bca2-e27721039ac9"}
{"timestamp":"2026-08-24T08:47:49.593Z","level":"info","message":"[Steering] ExistingFiles: /c:/Users/Student/.kiro/regen/vite.config.ts, /c:/Users/Student/.kiro/regen/tsconfig.app.json, /c:/Users/Student/.kiro/regen/src/lib/mockData.ts, /c:/Users/Student/.kiro/regen/src/pages/TrackCircuits.tsx, /c:/Users/Student/.kiro/regen/src/pages/Dashboard.tsx in 00205243-fe27-4da3-bca2-e27721039ac9","conversationId":"sess_2157ab68-9c2a-49f4-a4c7-b0cbcad4c0d2","turnId":"00205243-fe27-4da3-bca2-e27721039ac9","rootTurnId":"00205243-fe27-4da3-bca2-e27721039ac9"}
{"timestamp":"2026-08-24T08:47:49.593Z","level":"info","message":"fs.appendMessages.ok {\"system\":\"fs\",\"sessionId\":\"sess_2157ab68-9c2a-49f4-a4c7-b0cbcad4c0d2\",\"messageCount\":1,\"durationMs\":9}","conversationId":"sess_2157ab68-9c2a-49f4-a4c7-b0cbcad4c0d2","turnId":"00205243-fe27-4da3-bca2-e27721039ac9","rootTurnId":"00205243-fe27-4da3-bca2-e27721039ac9"}
{"timestamp":"2026-08-24T08:47:49.597Z","level":"info","message":"[q-developer-converse] Sending GenerateAssistantResponse modelId=auto agentMode=vibe origin=AI_EDITOR streaming=true conversationId=sess_2157ab68-9c2a-49f4-a4c7-b0cbcad4c0d2","conversationId":"sess_2157ab68-9c2a-49f4-a4c7-b0cbcad4c0d2","turnId":"00205243-fe27-4da3-bca2-e27721039ac9","rootTurnId":"00205243-fe27-4da3-bca2-e27721039ac9"}
{"timestamp":"2026-08-24T08:47:49.598Z","level":"info","message":"[q-developer-converse] Request payload: 515257 chars, 142 history messages, conversationId=sess_2157ab68-9c2a-49f4-a4c7-b0cbcad4c0d2","conversationId":"sess_2157ab68-9c2a-49f4-a4c7-b0cbcad4c0d2","turnId":"00205243-fe27-4da3-bca2-e27721039ac9","rootTurnId":"00205243-fe27-4da3-bca2-e27721039ac9"}
{"timestamp":"2026-08-24T08:47:49.606Z","level":"info","message":"fs.appendMessages.ok {\"system\":\"fs\",\"sessionId\":\"sess_2157ab68-9c2a-49f4-a4c7-b0cbcad4c0d2\",\"messageCount\":1,\"durationMs\":13}","conversationId":"sess_2157ab68-9c2a-49f4-a4c7-b0cbcad4c0d2","turnId":"00205243-fe27-4da3-bca2-e27721039ac9","rootTurnId":"00205243-fe27-4da3-bca2-e27721039ac9"}
{"timestamp":"2026-08-24T08:47:49.615Z","level":"info","message":"fs.appendMessages.ok {\"system\":\"fs\",\"sessionId\":\"sess_2157ab68-9c2a-49f4-a4c7-b0cbcad4c0d2\",\"messageCount\":2,\"durationMs\":8}","conversationId":"sess_2157ab68-9c2a-49f4-a4c7-b0cbcad4c0d2","turnId":"00205243-fe27-4da3-bca2-e27721039ac9","rootTurnId":"00205243-fe27-4da3-bca2-e27721039ac9"}
{"timestamp":"2026-08-24T08:47:58.938Z","level":"info","message":"[AgentIterator] Synchronizing results","conversationId":"sess_2157ab68-9c2a-49f4-a4c7-b0cbcad4c0d2","turnId":"00205243-fe27-4da3-bca2-e27721039ac9","rootTurnId":"00205243-fe27-4da3-bca2-e27721039ac9"}
{"timestamp":"2026-08-24T08:47:58.938Z","level":"info","message":"[AgentIterator] Processing intent detection result","conversationId":"sess_2157ab68-9c2a-49f4-a4c7-b0cbcad4c0d2","turnId":"00205243-fe27-4da3-bca2-e27721039ac9","rootTurnId":"00205243-fe27-4da3-bca2-e27721039ac9"}
{"timestamp":"2026-08-24T08:47:58.938Z","level":"info","message":"[ChatAgent] Processing model response stream","conversationId":"sess_2157ab68-9c2a-49f4-a4c7-b0cbcad4c0d2","turnId":"00205243-fe27-4da3-bca2-e27721039ac9","rootTurnId":"00205243-fe27-4da3-bca2-e27721039ac9"}
{"timestamp":"2026-08-24T08:47:58.938Z","level":"info","message":"[Steering] Populating steering for execution 00205243-fe27-4da3-bca2-e27721039ac9","conversationId":"sess_2157ab68-9c2a-49f4-a4c7-b0cbcad4c0d2","turnId":"00205243-fe27-4da3-bca2-e27721039ac9","rootTurnId":"00205243-fe27-4da3-bca2-e27721039ac9"}
{"timestamp":"2026-08-24T08:47:58.938Z","level":"info","message":"[Steering] ExistingFiles: /c:/Users/Student/.kiro/regen/vite.config.ts, /c:/Users/Student/.kiro/regen/tsconfig.app.json, /c:/Users/Student/.kiro/regen/src/lib/mockData.ts, /c:/Users/Student/.kiro/regen/src/pages/TrackCircuits.tsx, /c:/Users/Student/.kiro/regen/src/pages/Dashboard.tsx in 00205243-fe27-4da3-bca2-e27721039ac9","conversationId":"sess_2157ab68-9c2a-49f4-a4c7-b0cbcad4c0d2","turnId":"00205243-fe27-4da3-bca2-e27721039ac9","rootTurnId":"00205243-fe27-4da3-bca2-e27721039ac9"}
{"timestamp":"2026-08-24T08:48:00.105Z","level":"info","message":"acp.policy-eval.complete {\"toolId\":\"str_replace\",\"effect\":\"allow\",\"capability\":\"fs_write\"}","conversationId":"sess_2157ab68-9c2a-49f4-a4c7-b0cbcad4c0d2","turnId":"00205243-fe27-4da3-bca2-e27721039ac9","rootTurnId":"00205243-fe27-4da3-bca2-e27721039ac9"}
{"timestamp":"2026-08-24T08:48:00.112Z","level":"info","message":"[SessionPersistence] Snapshot deduplicated for regen/src/pages/Dashboard.tsx in session sess_2157ab68-9c2a-49f4-a4c7-b0cbcad4c0d2 (reused d403d227)","conversationId":"sess_2157ab68-9c2a-49f4-a4c7-b0cbcad4c0d2","turnId":"00205243-fe27-4da3-bca2-e27721039ac9","rootTurnId":"00205243-fe27-4da3-bca2-e27721039ac9"}
{"timestamp":"2026-08-24T08:48:00.146Z","level":"info","message":"[SessionPersistence] Created snapshot 48792574 for regen/src/pages/Dashboard.tsx in session sess_2157ab68-9c2a-49f4-a4c7-b0cbcad4c0d2 (15182 bytes)","conversationId":"sess_2157ab68-9c2a-49f4-a4c7-b0cbcad4c0d2","turnId":"00205243-fe27-4da3-bca2-e27721039ac9","rootTurnId":"00205243-fe27-4da3-bca2-e27721039ac9"}
{"timestamp":"2026-08-24T08:48:00.150Z","level":"info","message":"fs.appendMessages.ok {\"system\":\"fs\",\"sessionId\":\"sess_2157ab68-9c2a-49f4-a4c7-b0cbcad4c0d2\",\"messageCount\":2,\"durationMs\":3}","conversationId":"sess_2157ab68-9c2a-49f4-a4c7-b0cbcad4c0d2","turnId":"00205243-fe27-4da3-bca2-e27721039ac9","rootTurnId":"00205243-fe27-4da3-bca2-e27721039ac9"}
{"timestamp":"2026-08-24T08:48:00.225Z","level":"info","message":"[AgentIterator] Parallel invoking agent","conversationId":"sess_2157ab68-9c2a-49f4-a4c7-b0cbcad4c0d2","turnId":"00205243-fe27-4da3-bca2-e27721039ac9","rootTurnId":"00205243-fe27-4da3-bca2-e27721039ac9"}
{"timestamp":"2026-08-24T08:48:00.225Z","level":"info","message":"[Steering] Populating steering for execution 00205243-fe27-4da3-bca2-e27721039ac9","conversationId":"sess_2157ab68-9c2a-49f4-a4c7-b0cbcad4c0d2","turnId":"00205243-fe27-4da3-bca2-e27721039ac9","rootTurnId":"00205243-fe27-4da3-bca2-e27721039ac9"}
{"timestamp":"2026-08-24T08:48:00.226Z","level":"info","message":"[Steering] ExistingFiles: /c:/Users/Student/.kiro/regen/vite.config.ts, /c:/Users/Student/.kiro/regen/tsconfig.app.json, /c:/Users/Student/.kiro/regen/src/lib/mockData.ts, /c:/Users/Student/.kiro/regen/src/pages/TrackCircuits.tsx, /c:/Users/Student/.kiro/regen/src/pages/Dashboard.tsx in 00205243-fe27-4da3-bca2-e27721039ac9","conversationId":"sess_2157ab68-9c2a-49f4-a4c7-b0cbcad4c0d2","turnId":"00205243-fe27-4da3-bca2-e27721039ac9","rootTurnId":"00205243-fe27-4da3-bca2-e27721039ac9"}
{"timestamp":"2026-08-24T08:48:00.229Z","level":"info","message":"[q-developer-converse] Sending GenerateAssistantResponse modelId=auto agentMode=vibe origin=AI_EDITOR streaming=true conversationId=sess_2157ab68-9c2a-49f4-a4c7-b0cbcad4c0d2","conversationId":"sess_2157ab68-9c2a-49f4-a4c7-b0cbcad4c0d2","turnId":"00205243-fe27-4da3-bca2-e27721039ac9","rootTurnId":"00205243-fe27-4da3-bca2-e27721039ac9"}
{"timestamp":"2026-08-24T08:48:00.230Z","level":"info","message":"[q-developer-converse] Request payload: 516211 chars, 144 history messages, conversationId=sess_2157ab68-9c2a-49f4-a4c7-b0cbcad4c0d2","conversationId":"sess_2157ab68-9c2a-49f4-a4c7-b0cbcad4c0d2","turnId":"00205243-fe27-4da3-bca2-e27721039ac9","rootTurnId":"00205243-fe27-4da3-bca2-e27721039ac9"}
{"timestamp":"2026-08-24T08:48:00.237Z","level":"info","message":"fs.appendMessages.ok {\"system\":\"fs\",\"sessionId\":\"sess_2157ab68-9c2a-49f4-a4c7-b0cbcad4c0d2\",\"messageCount\":1,\"durationMs\":17}","conversationId":"sess_2157ab68-9c2a-49f4-a4c7-b0cbcad4c0d2","turnId":"00205243-fe27-4da3-bca2-e27721039ac9","rootTurnId":"00205243-fe27-4da3-bca2-e27721039ac9"}
{"timestamp":"2026-08-24T08:48:00.238Z","level":"info","message":"fs.appendMessages.ok {\"system\":\"fs\",\"sessionId\":\"sess_2157ab68-9c2a-49f4-a4c7-b0cbcad4c0d2\",\"messageCount\":1,\"durationMs\":2}","conversationId":"sess_2157ab68-9c2a-49f4-a4c7-b0cbcad4c0d2","turnId":"00205243-fe27-4da3-bca2-e27721039ac9","rootTurnId":"00205243-fe27-4da3-bca2-e27721039ac9"}
{"timestamp":"2026-08-24T08:48:04.175Z","level":"info","message":"[AgentIterator] Synchronizing results","conversationId":"sess_2157ab68-9c2a-49f4-a4c7-b0cbcad4c0d2","turnId":"00205243-fe27-4da3-bca2-e27721039ac9","rootTurnId":"00205243-fe27-4da3-bca2-e27721039ac9"}
{"timestamp":"2026-08-24T08:48:04.175Z","level":"info","message":"[AgentIterator] Processing intent detection result","conversationId":"sess_2157ab68-9c2a-49f4-a4c7-b0cbcad4c0d2","turnId":"00205243-fe27-4da3-bca2-e27721039ac9","rootTurnId":"00205243-fe27-4da3-bca2-e27721039ac9"}
{"timestamp":"2026-08-24T08:48:04.176Z","level":"info","message":"[ChatAgent] Processing model response stream","conversationId":"sess_2157ab68-9c2a-49f4-a4c7-b0cbcad4c0d2","turnId":"00205243-fe27-4da3-bca2-e27721039ac9","rootTurnId":"00205243-fe27-4da3-bca2-e27721039ac9"}
{"timestamp":"2026-08-24T08:48:04.176Z","level":"info","message":"[Steering] Populating steering for execution 00205243-fe27-4da3-bca2-e27721039ac9","conversationId":"sess_2157ab68-9c2a-49f4-a4c7-b0cbcad4c0d2","turnId":"00205243-fe27-4da3-bca2-e27721039ac9","rootTurnId":"00205243-fe27-4da3-bca2-e27721039ac9"}
{"timestamp":"2026-08-24T08:48:04.176Z","level":"info","message":"[Steering] ExistingFiles: /c:/Users/Student/.kiro/regen/vite.config.ts, /c:/Users/Student/.kiro/regen/tsconfig.app.json, /c:/Users/Student/.kiro/regen/src/lib/mockData.ts, /c:/Users/Student/.kiro/regen/src/pages/TrackCircuits.tsx, /c:/Users/Student/.kiro/regen/src/pages/Dashboard.tsx in 00205243-fe27-4da3-bca2-e27721039ac9","conversationId":"sess_2157ab68-9c2a-49f4-a4c7-b0cbcad4c0d2","turnId":"00205243-fe27-4da3-bca2-e27721039ac9","rootTurnId":"00205243-fe27-4da3-bca2-e27721039ac9"}
{"timestamp":"2026-08-24T08:48:05.686Z","level":"info","message":"acp.policy-eval.complete {\"toolId\":\"str_replace\",\"effect\":\"allow\",\"capability\":\"fs_write\"}","conversationId":"sess_2157ab68-9c2a-49f4-a4c7-b0cbcad4c0d2","turnId":"00205243-fe27-4da3-bca2-e27721039ac9","rootTurnId":"00205243-fe27-4da3-bca2-e27721039ac9"}
{"timestamp":"2026-08-24T08:48:05.693Z","level":"info","message":"[SessionPersistence] Snapshot deduplicated for regen/src/pages/FBGMonitoring.tsx in session sess_2157ab68-9c2a-49f4-a4c7-b0cbcad4c0d2 (reused cb1acc66)","conversationId":"sess_2157ab68-9c2a-49f4-a4c7-b0cbcad4c0d2","turnId":"00205243-fe27-4da3-bca2-e27721039ac9","rootTurnId":"00205243-fe27-4da3-bca2-e27721039ac9"}
{"timestamp":"2026-08-24T08:48:05.728Z","level":"info","message":"[SessionPersistence] Created snapshot 66d62469 for regen/src/pages/FBGMonitoring.tsx in session sess_2157ab68-9c2a-49f4-a4c7-b0cbcad4c0d2 (19185 bytes)","conversationId":"sess_2157ab68-9c2a-49f4-a4c7-b0cbcad4c0d2","turnId":"00205243-fe27-4da3-bca2-e27721039ac9","rootTurnId":"00205243-fe27-4da3-bca2-e27721039ac9"}
{"timestamp":"2026-08-24T08:48:05.731Z","level":"info","message":"fs.appendMessages.ok {\"system\":\"fs\",\"sessionId\":\"sess_2157ab68-9c2a-49f4-a4c7-b0cbcad4c0d2\",\"messageCount\":2,\"durationMs\":3}","conversationId":"sess_2157ab68-9c2a-49f4-a4c7-b0cbcad4c0d2","turnId":"00205243-fe27-4da3-bca2-e27721039ac9","rootTurnId":"00205243-fe27-4da3-bca2-e27721039ac9"}
{"timestamp":"2026-08-24T08:48:06.088Z","level":"info","message":"[AgentIterator] Parallel invoking agent","conversationId":"sess_2157ab68-9c2a-49f4-a4c7-b0cbcad4c0d2","turnId":"00205243-fe27-4da3-bca2-e27721039ac9","rootTurnId":"00205243-fe27-4da3-bca2-e27721039ac9"}
{"timestamp":"2026-08-24T08:48:06.088Z","level":"info","message":"[Steering] Populating steering for execution 00205243-fe27-4da3-bca2-e27721039ac9","conversationId":"sess_2157ab68-9c2a-49f4-a4c7-b0cbcad4c0d2","turnId":"00205243-fe27-4da3-bca2-e27721039ac9","rootTurnId":"00205243-fe27-4da3-bca2-e27721039ac9"}
{"timestamp":"2026-08-24T08:48:06.088Z","level":"info","message":"[Steering] ExistingFiles: /c:/Users/Student/.kiro/regen/vite.config.ts, /c:/Users/Student/.kiro/regen/tsconfig.app.json, /c:/Users/Student/.kiro/regen/src/lib/mockData.ts, /c:/Users/Student/.kiro/regen/src/pages/TrackCircuits.tsx, /c:/Users/Student/.kiro/regen/src/pages/Dashboard.tsx in 00205243-fe27-4da3-bca2-e27721039ac9","conversationId":"sess_2157ab68-9c2a-49f4-a4c7-b0cbcad4c0d2","turnId":"00205243-fe27-4da3-bca2-e27721039ac9","rootTurnId":"00205243-fe27-4da3-bca2-e27721039ac9"}
{"timestamp":"2026-08-24T08:48:06.091Z","level":"info","message":"[q-developer-converse] Sending GenerateAssistantResponse modelId=auto agentMode=vibe origin=AI_EDITOR streaming=true conversationId=sess_2157ab68-9c2a-49f4-a4c7-b0cbcad4c0d2","conversationId":"sess_2157ab68-9c2a-49f4-a4c7-b0cbcad4c0d2","turnId":"00205243-fe27-4da3-bca2-e27721039ac9","rootTurnId":"00205243-fe27-4da3-bca2-e27721039ac9"}
{"timestamp":"2026-08-24T08:48:06.092Z","level":"info","message":"[q-developer-converse] Request payload: 517152 chars, 146 history messages, conversationId=sess_2157ab68-9c2a-49f4-a4c7-b0cbcad4c0d2","conversationId":"sess_2157ab68-9c2a-49f4-a4c7-b0cbcad4c0d2","turnId":"00205243-fe27-4da3-bca2-e27721039ac9","rootTurnId":"00205243-fe27-4da3-bca2-e27721039ac9"}
{"timestamp":"2026-08-24T08:48:06.100Z","level":"info","message":"fs.appendMessages.ok {\"system\":\"fs\",\"sessionId\":\"sess_2157ab68-9c2a-49f4-a4c7-b0cbcad4c0d2\",\"messageCount\":1,\"durationMs\":18}","conversationId":"sess_2157ab68-9c2a-49f4-a4c7-b0cbcad4c0d2","turnId":"00205243-fe27-4da3-bca2-e27721039ac9","rootTurnId":"00205243-fe27-4da3-bca2-e27721039ac9"}
{"timestamp":"2026-08-24T08:48:06.101Z","level":"info","message":"fs.appendMessages.ok {\"system\":\"fs\",\"sessionId\":\"sess_2157ab68-9c2a-49f4-a4c7-b0cbcad4c0d2\",\"messageCount\":1,\"durationMs\":2}","conversationId":"sess_2157ab68-9c2a-49f4-a4c7-b0cbcad4c0d2","turnId":"00205243-fe27-4da3-bca2-e27721039ac9","rootTurnId":"00205243-fe27-4da3-bca2-e27721039ac9"}
{"timestamp":"2026-08-24T08:48:16.498Z","level":"info","message":"[AgentIterator] Synchronizing results","conversationId":"sess_2157ab68-9c2a-49f4-a4c7-b0cbcad4c0d2","turnId":"00205243-fe27-4da3-bca2-e27721039ac9","rootTurnId":"00205243-fe27-4da3-bca2-e27721039ac9"}
{"timestamp":"2026-08-24T08:48:16.498Z","level":"info","message":"[AgentIterator] Processing intent detection result","conversationId":"sess_2157ab68-9c2a-49f4-a4c7-b0cbcad4c0d2","turnId":"00205243-fe27-4da3-bca2-e27721039ac9","rootTurnId":"00205243-fe27-4da3-bca2-e27721039ac9"}
{"timestamp":"2026-08-24T08:48:16.499Z","level":"info","message":"[ChatAgent] Processing model response stream","conversationId":"sess_2157ab68-9c2a-49f4-a4c7-b0cbcad4c0d2","turnId":"00205243-fe27-4da3-bca2-e27721039ac9","rootTurnId":"00205243-fe27-4da3-bca2-e27721039ac9"}
{"timestamp":"2026-08-24T08:48:16.499Z","level":"info","message":"[Steering] Populating steering for execution 00205243-fe27-4da3-bca2-e27721039ac9","conversationId":"sess_2157ab68-9c2a-49f4-a4c7-b0cbcad4c0d2","turnId":"00205243-fe27-4da3-bca2-e27721039ac9","rootTurnId":"00205243-fe27-4da3-bca2-e27721039ac9"}
{"timestamp":"2026-08-24T08:48:16.499Z","level":"info","message":"[Steering] ExistingFiles: /c:/Users/Student/.kiro/regen/vite.config.ts, /c:/Users/Student/.kiro/regen/tsconfig.app.json, /c:/Users/Student/.kiro/regen/src/lib/mockData.ts, /c:/Users/Student/.kiro/regen/src/pages/TrackCircuits.tsx, /c:/Users/Student/.kiro/regen/src/pages/Dashboard.tsx in 00205243-fe27-4da3-bca2-e27721039ac9","conversationId":"sess_2157ab68-9c2a-49f4-a4c7-b0cbcad4c0d2","turnId":"00205243-fe27-4da3-bca2-e27721039ac9","rootTurnId":"00205243-fe27-4da3-bca2-e27721039ac9"}
{"timestamp":"2026-08-24T08:48:17.061Z","level":"info","message":"acp.policy-eval.complete {\"toolId\":\"str_replace\",\"effect\":\"allow\",\"capability\":\"fs_write\"}","conversationId":"sess_2157ab68-9c2a-49f4-a4c7-b0cbcad4c0d2","turnId":"00205243-fe27-4da3-bca2-e27721039ac9","rootTurnId":"00205243-fe27-4da3-bca2-e27721039ac9"}
{"timestamp":"2026-08-24T08:48:17.067Z","level":"info","message":"fs.appendMessages.ok {\"system\":\"fs\",\"sessionId\":\"sess_2157ab68-9c2a-49f4-a4c7-b0cbcad4c0d2\",\"messageCount\":2,\"durationMs\":3}","conversationId":"sess_2157ab68-9c2a-49f4-a4c7-b0cbcad4c0d2","turnId":"00205243-fe27-4da3-bca2-e27721039ac9","rootTurnId":"00205243-fe27-4da3-bca2-e27721039ac9"}
{"timestamp":"2026-08-24T08:48:17.434Z","level":"info","message":"[AgentIterator] Parallel invoking agent","conversationId":"sess_2157ab68-9c2a-49f4-a4c7-b0cbcad4c0d2","turnId":"00205243-fe27-4da3-bca2-e27721039ac9","rootTurnId":"00205243-fe27-4da3-bca2-e27721039ac9"}
{"timestamp":"2026-08-24T08:48:17.434Z","level":"info","message":"[Steering] Populating steering for execution 00205243-fe27-4da3-bca2-e27721039ac9","conversationId":"sess_2157ab68-9c2a-49f4-a4c7-b0cbcad4c0d2","turnId":"00205243-fe27-4da3-bca2-e27721039ac9","rootTurnId":"00205243-fe27-4da3-bca2-e27721039ac9"}
{"timestamp":"2026-08-24T08:48:17.434Z","level":"info","message":"[Steering] ExistingFiles: /c:/Users/Student/.kiro/regen/vite.config.ts, /c:/Users/Student/.kiro/regen/tsconfig.app.json, /c:/Users/Student/.kiro/regen/src/lib/mockData.ts, /c:/Users/Student/.kiro/regen/src/pages/TrackCircuits.tsx, /c:/Users/Student/.kiro/regen/src/pages/Dashboard.tsx in 00205243-fe27-4da3-bca2-e27721039ac9","conversationId":"sess_2157ab68-9c2a-49f4-a4c7-b0cbcad4c0d2","turnId":"00205243-fe27-4da3-bca2-e27721039ac9","rootTurnId":"00205243-fe27-4da3-bca2-e27721039ac9"}
{"timestamp":"2026-08-24T08:48:17.438Z","level":"info","message":"[q-developer-converse] Sending GenerateAssistantResponse modelId=auto agentMode=vibe origin=AI_EDITOR streaming=true conversationId=sess_2157ab68-9c2a-49f4-a4c7-b0cbcad4c0d2","conversationId":"sess_2157ab68-9c2a-49f4-a4c7-b0cbcad4c0d2","turnId":"00205243-fe27-4da3-bca2-e27721039ac9","rootTurnId":"00205243-fe27-4da3-bca2-e27721039ac9"}
{"timestamp":"2026-08-24T08:48:17.439Z","level":"info","message":"[q-developer-converse] Request payload: 518111 chars, 148 history messages, conversationId=sess_2157ab68-9c2a-49f4-a4c7-b0cbcad4c0d2","conversationId":"sess_2157ab68-9c2a-49f4-a4c7-b0cbcad4c0d2","turnId":"00205243-fe27-4da3-bca2-e27721039ac9","rootTurnId":"00205243-fe27-4da3-bca2-e27721039ac9"}
{"timestamp":"2026-08-24T08:48:17.448Z","level":"info","message":"fs.appendMessages.ok {\"system\":\"fs\",\"sessionId\":\"sess_2157ab68-9c2a-49f4-a4c7-b0cbcad4c0d2\",\"messageCount\":1,\"durationMs\":17}","conversationId":"sess_2157ab68-9c2a-49f4-a4c7-b0cbcad4c0d2","turnId":"00205243-fe27-4da3-bca2-e27721039ac9","rootTurnId":"00205243-fe27-4da3-bca2-e27721039ac9"}
{"timestamp":"2026-08-24T08:48:17.455Z","level":"info","message":"fs.appendMessages.ok {\"system\":\"fs\",\"sessionId\":\"sess_2157ab68-9c2a-49f4-a4c7-b0cbcad4c0d2\",\"messageCount\":1,\"durationMs\":6}","conversationId":"sess_2157ab68-9c2a-49f4-a4c7-b0cbcad4c0d2","turnId":"00205243-fe27-4da3-bca2-e27721039ac9","rootTurnId":"00205243-fe27-4da3-bca2-e27721039ac9"}
{"timestamp":"2026-08-24T08:48:21.354Z","level":"info","message":"[AgentIterator] Synchronizing results","conversationId":"sess_2157ab68-9c2a-49f4-a4c7-b0cbcad4c0d2","turnId":"00205243-fe27-4da3-bca2-e27721039ac9","rootTurnId":"00205243-fe27-4da3-bca2-e27721039ac9"}
{"timestamp":"2026-08-24T08:48:21.354Z","level":"info","message":"[AgentIterator] Processing intent detection result","conversationId":"sess_2157ab68-9c2a-49f4-a4c7-b0cbcad4c0d2","turnId":"00205243-fe27-4da3-bca2-e27721039ac9","rootTurnId":"00205243-fe27-4da3-bca2-e27721039ac9"}
{"timestamp":"2026-08-24T08:48:21.355Z","level":"info","message":"[ChatAgent] Processing model response stream","conversationId":"sess_2157ab68-9c2a-49f4-a4c7-b0cbcad4c0d2","turnId":"00205243-fe27-4da3-bca2-e27721039ac9","rootTurnId":"00205243-fe27-4da3-bca2-e27721039ac9"}
{"timestamp":"2026-08-24T08:48:21.355Z","level":"info","message":"[Steering] Populating steering for execution 00205243-fe27-4da3-bca2-e27721039ac9","conversationId":"sess_2157ab68-9c2a-49f4-a4c7-b0cbcad4c0d2","turnId":"00205243-fe27-4da3-bca2-e27721039ac9","rootTurnId":"00205243-fe27-4da3-bca2-e27721039ac9"}
{"timestamp":"2026-08-24T08:48:21.355Z","level":"info","message":"[Steering] ExistingFiles: /c:/Users/Student/.kiro/regen/vite.config.ts, /c:/Users/Student/.kiro/regen/tsconfig.app.json, /c:/Users/Student/.kiro/regen/src/lib/mockData.ts, /c:/Users/Student/.kiro/regen/src/pages/TrackCircuits.tsx, /c:/Users/Student/.kiro/regen/src/pages/Dashboard.tsx in 00205243-fe27-4da3-bca2-e27721039ac9","conversationId":"sess_2157ab68-9c2a-49f4-a4c7-b0cbcad4c0d2","turnId":"00205243-fe27-4da3-bca2-e27721039ac9","rootTurnId":"00205243-fe27-4da3-bca2-e27721039ac9"}
{"timestamp":"2026-08-24T08:48:21.859Z","level":"info","message":"acp.policy-eval.complete {\"toolId\":\"grep_search\",\"effect\":\"allow\",\"capability\":\"fs_read\"}","conversationId":"sess_2157ab68-9c2a-49f4-a4c7-b0cbcad4c0d2","turnId":"00205243-fe27-4da3-bca2-e27721039ac9","rootTurnId":"00205243-fe27-4da3-bca2-e27721039ac9"}
{"timestamp":"2026-08-24T08:48:21.952Z","level":"info","message":"fs.appendMessages.ok {\"system\":\"fs\",\"sessionId\":\"sess_2157ab68-9c2a-49f4-a4c7-b0cbcad4c0d2\",\"messageCount\":2,\"durationMs\":2}","conversationId":"sess_2157ab68-9c2a-49f4-a4c7-b0cbcad4c0d2","turnId":"00205243-fe27-4da3-bca2-e27721039ac9","rootTurnId":"00205243-fe27-4da3-bca2-e27721039ac9"}
{"timestamp":"2026-08-24T08:48:22.061Z","level":"info","message":"[AgentIterator] Parallel invoking agent","conversationId":"sess_2157ab68-9c2a-49f4-a4c7-b0cbcad4c0d2","turnId":"00205243-fe27-4da3-bca2-e27721039ac9","rootTurnId":"00205243-fe27-4da3-bca2-e27721039ac9"}
{"timestamp":"2026-08-24T08:48:22.062Z","level":"info","message":"[Steering] Populating steering for execution 00205243-fe27-4da3-bca2-e27721039ac9","conversationId":"sess_2157ab68-9c2a-49f4-a4c7-b0cbcad4c0d2","turnId":"00205243-fe27-4da3-bca2-e27721039ac9","rootTurnId":"00205243-fe27-4da3-bca2-e27721039ac9"}
{"timestamp":"2026-08-24T08:48:22.062Z","level":"info","message":"[Steering] ExistingFiles: /c:/Users/Student/.kiro/regen/vite.config.ts, /c:/Users/Student/.kiro/regen/tsconfig.app.json, /c:/Users/Student/.kiro/regen/src/lib/mockData.ts, /c:/Users/Student/.kiro/regen/src/pages/TrackCircuits.tsx, /c:/Users/Student/.kiro/regen/src/pages/Dashboard.tsx in 00205243-fe27-4da3-bca2-e27721039ac9","conversationId":"sess_2157ab68-9c2a-49f4-a4c7-b0cbcad4c0d2","turnId":"00205243-fe27-4da3-bca2-e27721039ac9","rootTurnId":"00205243-fe27-4da3-bca2-e27721039ac9"}
{"timestamp":"2026-08-24T08:48:22.066Z","level":"info","message":"[q-developer-converse] Sending GenerateAssistantResponse modelId=auto agentMode=vibe origin=AI_EDITOR streaming=true conversationId=sess_2157ab68-9c2a-49f4-a4c7-b0cbcad4c0d2","conversationId":"sess_2157ab68-9c2a-49f4-a4c7-b0cbcad4c0d2","turnId":"00205243-fe27-4da3-bca2-e27721039ac9","rootTurnId":"00205243-fe27-4da3-bca2-e27721039ac9"}
{"timestamp":"2026-08-24T08:48:22.067Z","level":"info","message":"[q-developer-converse] Request payload: 518777 chars, 150 history messages, conversationId=sess_2157ab68-9c2a-49f4-a4c7-b0cbcad4c0d2","conversationId":"sess_2157ab68-9c2a-49f4-a4c7-b0cbcad4c0d2","turnId":"00205243-fe27-4da3-bca2-e27721039ac9","rootTurnId":"00205243-fe27-4da3-bca2-e27721039ac9"}
{"timestamp":"2026-08-24T08:48:22.076Z","level":"info","message":"fs.appendMessages.ok {\"system\":\"fs\",\"sessionId\":\"sess_2157ab68-9c2a-49f4-a4c7-b0cbcad4c0d2\",\"messageCount\":1,\"durationMs\":17}","conversationId":"sess_2157ab68-9c2a-49f4-a4c7-b0cbcad4c0d2","turnId":"00205243-fe27-4da3-bca2-e27721039ac9","rootTurnId":"00205243-fe27-4da3-bca2-e27721039ac9"}
{"timestamp":"2026-08-24T08:48:22.082Z","level":"info","message":"fs.appendMessages.ok {\"system\":\"fs\",\"sessionId\":\"sess_2157ab68-9c2a-49f4-a4c7-b0cbcad4c0d2\",\"messageCount\":1,\"durationMs\":7}","conversationId":"sess_2157ab68-9c2a-49f4-a4c7-b0cbcad4c0d2","turnId":"00205243-fe27-4da3-bca2-e27721039ac9","rootTurnId":"00205243-fe27-4da3-bca2-e27721039ac9"}
{"timestamp":"2026-08-24T08:48:25.042Z","level":"info","message":"q-client-retry.retry-after-hint.applied {\"clampedDelay\":300000,\"rawHintMs\":3600000,\"source\":\"modeled-header\"}","conversationId":"sess_2157ab68-9c2a-49f4-a4c7-b0cbcad4c0d2","turnId":"00205243-fe27-4da3-bca2-e27721039ac9","rootTurnId":"00205243-fe27-4da3-bca2-e27721039ac9"}
{"timestamp":"2026-08-24T08:51:08.037Z","level":"info","message":"network.listAvailableModels.ok {\"system\":\"network\",\"durationMs\":1363}"}
{"timestamp":"2026-08-24T08:51:08.037Z","level":"info","message":"[ACPModelConfigProvider] Loaded 9 models"}
{"timestamp":"2026-08-24T08:53:28.072Z","level":"info","message":"q-client-retry.retry-after-hint.applied {\"clampedDelay\":300000,\"rawHintMs\":3600000,\"source\":\"modeled-header\"}","conversationId":"sess_2157ab68-9c2a-49f4-a4c7-b0cbcad4c0d2","turnId":"00205243-fe27-4da3-bca2-e27721039ac9","rootTurnId":"00205243-fe27-4da3-bca2-e27721039ac9"}
{"timestamp":"2026-08-24T08:56:09.183Z","level":"info","message":"network.listAvailableModels.ok {\"system\":\"network\",\"durationMs\":1143}"}
{"timestamp":"2026-08-24T08:56:09.183Z","level":"info","message":"[ACPModelConfigProvider] Loaded 9 models"}
{"timestamp":"2026-08-24T08:58:31.906Z","level":"info","message":"q-client-retry.retry-after-hint.applied {\"clampedDelay\":300000,\"rawHintMs\":3600000,\"source\":\"modeled-header\"}","conversationId":"sess_2157ab68-9c2a-49f4-a4c7-b0cbcad4c0d2","turnId":"00205243-fe27-4da3-bca2-e27721039ac9","rootTurnId":"00205243-fe27-4da3-bca2-e27721039ac9"}
{"timestamp":"2026-08-24T09:01:10.590Z","level":"info","message":"network.listAvailableModels.ok {\"system\":\"network\",\"durationMs\":1405}"}
{"timestamp":"2026-08-24T09:01:10.590Z","level":"info","message":"[ACPModelConfigProvider] Loaded 9 models"}
{"timestamp":"2026-08-24T09:03:37.685Z","level":"info","message":"[AgentIterator] Synchronizing results","conversationId":"sess_2157ab68-9c2a-49f4-a4c7-b0cbcad4c0d2","turnId":"00205243-fe27-4da3-bca2-e27721039ac9","rootTurnId":"00205243-fe27-4da3-bca2-e27721039ac9"}
{"timestamp":"2026-08-24T09:03:37.685Z","level":"info","message":"[AgentIterator] Processing intent detection result","conversationId":"sess_2157ab68-9c2a-49f4-a4c7-b0cbcad4c0d2","turnId":"00205243-fe27-4da3-bca2-e27721039ac9","rootTurnId":"00205243-fe27-4da3-bca2-e27721039ac9"}
{"timestamp":"2026-08-24T09:03:37.686Z","level":"info","message":"[ChatAgent] Processing model response stream","conversationId":"sess_2157ab68-9c2a-49f4-a4c7-b0cbcad4c0d2","turnId":"00205243-fe27-4da3-bca2-e27721039ac9","rootTurnId":"00205243-fe27-4da3-bca2-e27721039ac9"}
{"timestamp":"2026-08-24T09:03:37.686Z","level":"info","message":"[Steering] Populating steering for execution 00205243-fe27-4da3-bca2-e27721039ac9","conversationId":"sess_2157ab68-9c2a-49f4-a4c7-b0cbcad4c0d2","turnId":"00205243-fe27-4da3-bca2-e27721039ac9","rootTurnId":"00205243-fe27-4da3-bca2-e27721039ac9"}
{"timestamp":"2026-08-24T09:03:37.686Z","level":"info","message":"[Steering] ExistingFiles: /c:/Users/Student/.kiro/regen/vite.config.ts, /c:/Users/Student/.kiro/regen/tsconfig.app.json, /c:/Users/Student/.kiro/regen/src/lib/mockData.ts, /c:/Users/Student/.kiro/regen/src/pages/TrackCircuits.tsx, /c:/Users/Student/.kiro/regen/src/pages/Dashboard.tsx in 00205243-fe27-4da3-bca2-e27721039ac9","conversationId":"sess_2157ab68-9c2a-49f4-a4c7-b0cbcad4c0d2","turnId":"00205243-fe27-4da3-bca2-e27721039ac9","rootTurnId":"00205243-fe27-4da3-bca2-e27721039ac9"}
{"timestamp":"2026-08-24T09:03:38.258Z","level":"info","message":"acp.policy-eval.complete {\"toolId\":\"read_file\",\"effect\":\"allow\",\"capability\":\"fs_read\"}","conversationId":"sess_2157ab68-9c2a-49f4-a4c7-b0cbcad4c0d2","turnId":"00205243-fe27-4da3-bca2-e27721039ac9","rootTurnId":"00205243-fe27-4da3-bca2-e27721039ac9"}
{"timestamp":"2026-08-24T09:03:38.263Z","level":"info","message":"fs.appendMessages.ok {\"system\":\"fs\",\"sessionId\":\"sess_2157ab68-9c2a-49f4-a4c7-b0cbcad4c0d2\",\"messageCount\":2,\"durationMs\":3}","conversationId":"sess_2157ab68-9c2a-49f4-a4c7-b0cbcad4c0d2","turnId":"00205243-fe27-4da3-bca2-e27721039ac9","rootTurnId":"00205243-fe27-4da3-bca2-e27721039ac9"}
{"timestamp":"2026-08-24T09:03:38.669Z","level":"info","message":"[AgentIterator] Parallel invoking agent","conversationId":"sess_2157ab68-9c2a-49f4-a4c7-b0cbcad4c0d2","turnId":"00205243-fe27-4da3-bca2-e27721039ac9","rootTurnId":"00205243-fe27-4da3-bca2-e27721039ac9"}
{"timestamp":"2026-08-24T09:03:38.670Z","level":"info","message":"[Steering] Populating steering for execution 00205243-fe27-4da3-bca2-e27721039ac9","conversationId":"sess_2157ab68-9c2a-49f4-a4c7-b0cbcad4c0d2","turnId":"00205243-fe27-4da3-bca2-e27721039ac9","rootTurnId":"00205243-fe27-4da3-bca2-e27721039ac9"}
{"timestamp":"2026-08-24T09:03:38.670Z","level":"info","message":"[Steering] ExistingFiles: /c:/Users/Student/.kiro/regen/vite.config.ts, /c:/Users/Student/.kiro/regen/tsconfig.app.json, /c:/Users/Student/.kiro/regen/src/lib/mockData.ts, /c:/Users/Student/.kiro/regen/src/pages/TrackCircuits.tsx, /c:/Users/Student/.kiro/regen/src/pages/Dashboard.tsx, /c:/Users/Student/.kiro/regen/src/pages/FBGMonitoring.tsx in 00205243-fe27-4da3-bca2-e27721039ac9","conversationId":"sess_2157ab68-9c2a-49f4-a4c7-b0cbcad4c0d2","turnId":"00205243-fe27-4da3-bca2-e27721039ac9","rootTurnId":"00205243-fe27-4da3-bca2-e27721039ac9"}
{"timestamp":"2026-08-24T09:03:38.674Z","level":"info","message":"[q-developer-converse] Sending GenerateAssistantResponse modelId=auto agentMode=vibe origin=AI_EDITOR streaming=true conversationId=sess_2157ab68-9c2a-49f4-a4c7-b0cbcad4c0d2","conversationId":"sess_2157ab68-9c2a-49f4-a4c7-b0cbcad4c0d2","turnId":"00205243-fe27-4da3-bca2-e27721039ac9","rootTurnId":"00205243-fe27-4da3-bca2-e27721039ac9"}
{"timestamp":"2026-08-24T09:03:38.676Z","level":"info","message":"[q-developer-converse] Request payload: 520640 chars, 152 history messages, conversationId=sess_2157ab68-9c2a-49f4-a4c7-b0cbcad4c0d2","conversationId":"sess_2157ab68-9c2a-49f4-a4c7-b0cbcad4c0d2","turnId":"00205243-fe27-4da3-bca2-e27721039ac9","rootTurnId":"00205243-fe27-4da3-bca2-e27721039ac9"}
{"timestamp":"2026-08-24T09:03:38.682Z","level":"info","message":"fs.appendMessages.ok {\"system\":\"fs\",\"sessionId\":\"sess_2157ab68-9c2a-49f4-a4c7-b0cbcad4c0d2\",\"messageCount\":1,\"durationMs\":18}","conversationId":"sess_2157ab68-9c2a-49f4-a4c7-b0cbcad4c0d2","turnId":"00205243-fe27-4da3-bca2-e27721039ac9","rootTurnId":"00205243-fe27-4da3-bca2-e27721039ac9"}
{"timestamp":"2026-08-24T09:03:38.685Z","level":"info","message":"fs.appendMessages.ok {\"system\":\"fs\",\"sessionId\":\"sess_2157ab68-9c2a-49f4-a4c7-b0cbcad4c0d2\",\"messageCount\":1,\"durationMs\":2}","conversationId":"sess_2157ab68-9c2a-49f4-a4c7-b0cbcad4c0d2","turnId":"00205243-fe27-4da3-bca2-e27721039ac9","rootTurnId":"00205243-fe27-4da3-bca2-e27721039ac9"}
{"timestamp":"2026-08-24T09:03:42.982Z","level":"info","message":"[AgentIterator] Synchronizing results","conversationId":"sess_2157ab68-9c2a-49f4-a4c7-b0cbcad4c0d2","turnId":"00205243-fe27-4da3-bca2-e27721039ac9","rootTurnId":"00205243-fe27-4da3-bca2-e27721039ac9"}
{"timestamp":"2026-08-24T09:03:42.982Z","level":"info","message":"[AgentIterator] Processing intent detection result","conversationId":"sess_2157ab68-9c2a-49f4-a4c7-b0cbcad4c0d2","turnId":"00205243-fe27-4da3-bca2-e27721039ac9","rootTurnId":"00205243-fe27-4da3-bca2-e27721039ac9"}
{"timestamp":"2026-08-24T09:03:42.982Z","level":"info","message":"[ChatAgent] Processing model response stream","conversationId":"sess_2157ab68-9c2a-49f4-a4c7-b0cbcad4c0d2","turnId":"00205243-fe27-4da3-bca2-e27721039ac9","rootTurnId":"00205243-fe27-4da3-bca2-e27721039ac9"}
{"timestamp":"2026-08-24T09:03:42.982Z","level":"info","message":"[Steering] Populating steering for execution 00205243-fe27-4da3-bca2-e27721039ac9","conversationId":"sess_2157ab68-9c2a-49f4-a4c7-b0cbcad4c0d2","turnId":"00205243-fe27-4da3-bca2-e27721039ac9","rootTurnId":"00205243-fe27-4da3-bca2-e27721039ac9"}
{"timestamp":"2026-08-24T09:03:42.982Z","level":"info","message":"[Steering] ExistingFiles: /c:/Users/Student/.kiro/regen/vite.config.ts, /c:/Users/Student/.kiro/regen/tsconfig.app.json, /c:/Users/Student/.kiro/regen/src/lib/mockData.ts, /c:/Users/Student/.kiro/regen/src/pages/TrackCircuits.tsx, /c:/Users/Student/.kiro/regen/src/pages/Dashboard.tsx, /c:/Users/Student/.kiro/regen/src/pages/FBGMonitoring.tsx in 00205243-fe27-4da3-bca2-e27721039ac9","conversationId":"sess_2157ab68-9c2a-49f4-a4c7-b0cbcad4c0d2","turnId":"00205243-fe27-4da3-bca2-e27721039ac9","rootTurnId":"00205243-fe27-4da3-bca2-e27721039ac9"}
{"timestamp":"2026-08-24T09:03:44.157Z","level":"info","message":"acp.policy-eval.complete {\"toolId\":\"str_replace\",\"effect\":\"allow\",\"capability\":\"fs_write\"}","conversationId":"sess_2157ab68-9c2a-49f4-a4c7-b0cbcad4c0d2","turnId":"00205243-fe27-4da3-bca2-e27721039ac9","rootTurnId":"00205243-fe27-4da3-bca2-e27721039ac9"}
{"timestamp":"2026-08-24T09:03:44.162Z","level":"info","message":"[SessionPersistence] Snapshot deduplicated for regen/src/pages/FBGMonitoring.tsx in session sess_2157ab68-9c2a-49f4-a4c7-b0cbcad4c0d2 (reused 66d62469)","conversationId":"sess_2157ab68-9c2a-49f4-a4c7-b0cbcad4c0d2","turnId":"00205243-fe27-4da3-bca2-e27721039ac9","rootTurnId":"00205243-fe27-4da3-bca2-e27721039ac9"}
{"timestamp":"2026-08-24T09:03:44.203Z","level":"info","message":"[SessionPersistence] Created snapshot 8e3db7eb for regen/src/pages/FBGMonitoring.tsx in session sess_2157ab68-9c2a-49f4-a4c7-b0cbcad4c0d2 (19140 bytes)","conversationId":"sess_2157ab68-9c2a-49f4-a4c7-b0cbcad4c0d2","turnId":"00205243-fe27-4da3-bca2-e27721039ac9","rootTurnId":"00205243-fe27-4da3-bca2-e27721039ac9"}
{"timestamp":"2026-08-24T09:03:44.206Z","level":"info","message":"fs.appendMessages.ok {\"system\":\"fs\",\"sessionId\":\"sess_2157ab68-9c2a-49f4-a4c7-b0cbcad4c0d2\",\"messageCount\":2,\"durationMs\":2}","conversationId":"sess_2157ab68-9c2a-49f4-a4c7-b0cbcad4c0d2","turnId":"00205243-fe27-4da3-bca2-e27721039ac9","rootTurnId":"00205243-fe27-4da3-bca2-e27721039ac9"}
{"timestamp":"2026-08-24T09:03:44.527Z","level":"info","message":"[AgentIterator] Parallel invoking agent","conversationId":"sess_2157ab68-9c2a-49f4-a4c7-b0cbcad4c0d2","turnId":"00205243-fe27-4da3-bca2-e27721039ac9","rootTurnId":"00205243-fe27-4da3-bca2-e27721039ac9"}
{"timestamp":"2026-08-24T09:03:44.527Z","level":"info","message":"[Steering] Populating steering for execution 00205243-fe27-4da3-bca2-e27721039ac9","conversationId":"sess_2157ab68-9c2a-49f4-a4c7-b0cbcad4c0d2","turnId":"00205243-fe27-4da3-bca2-e27721039ac9","rootTurnId":"00205243-fe27-4da3-bca2-e27721039ac9"}
{"timestamp":"2026-08-24T09:03:44.527Z","level":"info","message":"[Steering] ExistingFiles: /c:/Users/Student/.kiro/regen/vite.config.ts, /c:/Users/Student/.kiro/regen/tsconfig.app.json, /c:/Users/Student/.kiro/regen/src/lib/mockData.ts, /c:/Users/Student/.kiro/regen/src/pages/TrackCircuits.tsx, /c:/Users/Student/.kiro/regen/src/pages/Dashboard.tsx, /c:/Users/Student/.kiro/regen/src/pages/FBGMonitoring.tsx in 00205243-fe27-4da3-bca2-e27721039ac9","conversationId":"sess_2157ab68-9c2a-49f4-a4c7-b0cbcad4c0d2","turnId":"00205243-fe27-4da3-bca2-e27721039ac9","rootTurnId":"00205243-fe27-4da3-bca2-e27721039ac9"}
{"timestamp":"2026-08-24T09:03:44.532Z","level":"info","message":"[q-developer-converse] Sending GenerateAssistantResponse modelId=auto agentMode=vibe origin=AI_EDITOR streaming=true conversationId=sess_2157ab68-9c2a-49f4-a4c7-b0cbcad4c0d2","conversationId":"sess_2157ab68-9c2a-49f4-a4c7-b0cbcad4c0d2","turnId":"00205243-fe27-4da3-bca2-e27721039ac9","rootTurnId":"00205243-fe27-4da3-bca2-e27721039ac9"}
{"timestamp":"2026-08-24T09:03:44.534Z","level":"info","message":"[q-developer-converse] Request payload: 521588 chars, 154 history messages, conversationId=sess_2157ab68-9c2a-49f4-a4c7-b0cbcad4c0d2","conversationId":"sess_2157ab68-9c2a-49f4-a4c7-b0cbcad4c0d2","turnId":"00205243-fe27-4da3-bca2-e27721039ac9","rootTurnId":"00205243-fe27-4da3-bca2-e27721039ac9"}
{"timestamp":"2026-08-24T09:03:44.541Z","level":"info","message":"fs.appendMessages.ok {\"system\":\"fs\",\"sessionId\":\"sess_2157ab68-9c2a-49f4-a4c7-b0cbcad4c0d2\",\"messageCount\":1,\"durationMs\":21}","conversationId":"sess_2157ab68-9c2a-49f4-a4c7-b0cbcad4c0d2","turnId":"00205243-fe27-4da3-bca2-e27721039ac9","rootTurnId":"00205243-fe27-4da3-bca2-e27721039ac9"}
{"timestamp":"2026-08-24T09:03:44.544Z","level":"info","message":"fs.appendMessages.ok {\"system\":\"fs\",\"sessionId\":\"sess_2157ab68-9c2a-49f4-a4c7-b0cbcad4c0d2\",\"messageCount\":1,\"durationMs\":3}","conversationId":"sess_2157ab68-9c2a-49f4-a4c7-b0cbcad4c0d2","turnId":"00205243-fe27-4da3-bca2-e27721039ac9","rootTurnId":"00205243-fe27-4da3-bca2-e27721039ac9"}
{"timestamp":"2026-08-24T09:03:49.392Z","level":"info","message":"[AgentIterator] Synchronizing results","conversationId":"sess_2157ab68-9c2a-49f4-a4c7-b0cbcad4c0d2","turnId":"00205243-fe27-4da3-bca2-e27721039ac9","rootTurnId":"00205243-fe27-4da3-bca2-e27721039ac9"}
{"timestamp":"2026-08-24T09:03:49.392Z","level":"info","message":"[AgentIterator] Processing intent detection result","conversationId":"sess_2157ab68-9c2a-49f4-a4c7-b0cbcad4c0d2","turnId":"00205243-fe27-4da3-bca2-e27721039ac9","rootTurnId":"00205243-fe27-4da3-bca2-e27721039ac9"}
{"timestamp":"2026-08-24T09:03:49.392Z","level":"info","message":"[ChatAgent] Processing model response stream","conversationId":"sess_2157ab68-9c2a-49f4-a4c7-b0cbcad4c0d2","turnId":"00205243-fe27-4da3-bca2-e27721039ac9","rootTurnId":"00205243-fe27-4da3-bca2-e27721039ac9"}
{"timestamp":"2026-08-24T09:03:49.392Z","level":"info","message":"[Steering] Populating steering for execution 00205243-fe27-4da3-bca2-e27721039ac9","conversationId":"sess_2157ab68-9c2a-49f4-a4c7-b0cbcad4c0d2","turnId":"00205243-fe27-4da3-bca2-e27721039ac9","rootTurnId":"00205243-fe27-4da3-bca2-e27721039ac9"}
{"timestamp":"2026-08-24T09:03:49.392Z","level":"info","message":"[Steering] ExistingFiles: /c:/Users/Student/.kiro/regen/vite.config.ts, /c:/Users/Student/.kiro/regen/tsconfig.app.json, /c:/Users/Student/.kiro/regen/src/lib/mockData.ts, /c:/Users/Student/.kiro/regen/src/pages/TrackCircuits.tsx, /c:/Users/Student/.kiro/regen/src/pages/Dashboard.tsx, /c:/Users/Student/.kiro/regen/src/pages/FBGMonitoring.tsx in 00205243-fe27-4da3-bca2-e27721039ac9","conversationId":"sess_2157ab68-9c2a-49f4-a4c7-b0cbcad4c0d2","turnId":"00205243-fe27-4da3-bca2-e27721039ac9","rootTurnId":"00205243-fe27-4da3-bca2-e27721039ac9"}
{"timestamp":"2026-08-24T09:03:51.007Z","level":"info","message":"acp.policy-eval.complete {\"toolId\":\"str_replace\",\"effect\":\"allow\",\"capability\":\"fs_write\"}","conversationId":"sess_2157ab68-9c2a-49f4-a4c7-b0cbcad4c0d2","turnId":"00205243-fe27-4da3-bca2-e27721039ac9","rootTurnId":"00205243-fe27-4da3-bca2-e27721039ac9"}
{"timestamp":"2026-08-24T09:03:51.012Z","level":"info","message":"[SessionPersistence] Snapshot deduplicated for regen/src/pages/Inspections.tsx in session sess_2157ab68-9c2a-49f4-a4c7-b0cbcad4c0d2 (reused 4dcf5dc4)","conversationId":"sess_2157ab68-9c2a-49f4-a4c7-b0cbcad4c0d2","turnId":"00205243-fe27-4da3-bca2-e27721039ac9","rootTurnId":"00205243-fe27-4da3-bca2-e27721039ac9"}
{"timestamp":"2026-08-24T09:03:51.050Z","level":"info","message":"[SessionPersistence] Created snapshot aefce5ac for regen/src/pages/Inspections.tsx in session sess_2157ab68-9c2a-49f4-a4c7-b0cbcad4c0d2 (20723 bytes)","conversationId":"sess_2157ab68-9c2a-49f4-a4c7-b0cbcad4c0d2","turnId":"00205243-fe27-4da3-bca2-e27721039ac9","rootTurnId":"00205243-fe27-4da3-bca2-e27721039ac9"}
{"timestamp":"2026-08-24T09:03:51.054Z","level":"info","message":"fs.appendMessages.ok {\"system\":\"fs\",\"sessionId\":\"sess_2157ab68-9c2a-49f4-a4c7-b0cbcad4c0d2\",\"messageCount\":2,\"durationMs\":3}","conversationId":"sess_2157ab68-9c2a-49f4-a4c7-b0cbcad4c0d2","turnId":"00205243-fe27-4da3-bca2-e27721039ac9","rootTurnId":"00205243-fe27-4da3-bca2-e27721039ac9"}
{"timestamp":"2026-08-24T09:03:51.386Z","level":"info","message":"[AgentIterator] Parallel invoking agent","conversationId":"sess_2157ab68-9c2a-49f4-a4c7-b0cbcad4c0d2","turnId":"00205243-fe27-4da3-bca2-e27721039ac9","rootTurnId":"00205243-fe27-4da3-bca2-e27721039ac9"}
{"timestamp":"2026-08-24T09:03:51.386Z","level":"info","message":"[Steering] Populating steering for execution 00205243-fe27-4da3-bca2-e27721039ac9","conversationId":"sess_2157ab68-9c2a-49f4-a4c7-b0cbcad4c0d2","turnId":"00205243-fe27-4da3-bca2-e27721039ac9","rootTurnId":"00205243-fe27-4da3-bca2-e27721039ac9"}
{"timestamp":"2026-08-24T09:03:51.386Z","level":"info","message":"[Steering] ExistingFiles: /c:/Users/Student/.kiro/regen/vite.config.ts, /c:/Users/Student/.kiro/regen/tsconfig.app.json, /c:/Users/Student/.kiro/regen/src/lib/mockData.ts, /c:/Users/Student/.kiro/regen/src/pages/TrackCircuits.tsx, /c:/Users/Student/.kiro/regen/src/pages/Dashboard.tsx, /c:/Users/Student/.kiro/regen/src/pages/FBGMonitoring.tsx in 00205243-fe27-4da3-bca2-e27721039ac9","conversationId":"sess_2157ab68-9c2a-49f4-a4c7-b0cbcad4c0d2","turnId":"00205243-fe27-4da3-bca2-e27721039ac9","rootTurnId":"00205243-fe27-4da3-bca2-e27721039ac9"}
{"timestamp":"2026-08-24T09:03:51.389Z","level":"info","message":"[q-developer-converse] Sending GenerateAssistantResponse modelId=auto agentMode=vibe origin=AI_EDITOR streaming=true conversationId=sess_2157ab68-9c2a-49f4-a4c7-b0cbcad4c0d2","conversationId":"sess_2157ab68-9c2a-49f4-a4c7-b0cbcad4c0d2","turnId":"00205243-fe27-4da3-bca2-e27721039ac9","rootTurnId":"00205243-fe27-4da3-bca2-e27721039ac9"}
{"timestamp":"2026-08-24T09:03:51.390Z","level":"info","message":"[q-developer-converse] Request payload: 522547 chars, 156 history messages, conversationId=sess_2157ab68-9c2a-49f4-a4c7-b0cbcad4c0d2","conversationId":"sess_2157ab68-9c2a-49f4-a4c7-b0cbcad4c0d2","turnId":"00205243-fe27-4da3-bca2-e27721039ac9","rootTurnId":"00205243-fe27-4da3-bca2-e27721039ac9"}
{"timestamp":"2026-08-24T09:03:51.397Z","level":"info","message":"fs.appendMessages.ok {\"system\":\"fs\",\"sessionId\":\"sess_2157ab68-9c2a-49f4-a4c7-b0cbcad4c0d2\",\"messageCount\":1,\"durationMs\":17}","conversationId":"sess_2157ab68-9c2a-49f4-a4c7-b0cbcad4c0d2","turnId":"00205243-fe27-4da3-bca2-e27721039ac9","rootTurnId":"00205243-fe27-4da3-bca2-e27721039ac9"}
{"timestamp":"2026-08-24T09:03:51.399Z","level":"info","message":"fs.appendMessages.ok {\"system\":\"fs\",\"sessionId\":\"sess_2157ab68-9c2a-49f4-a4c7-b0cbcad4c0d2\",\"messageCount\":1,\"durationMs\":2}","conversationId":"sess_2157ab68-9c2a-49f4-a4c7-b0cbcad4c0d2","turnId":"00205243-fe27-4da3-bca2-e27721039ac9","rootTurnId":"00205243-fe27-4da3-bca2-e27721039ac9"}
{"timestamp":"2026-08-24T09:03:55.268Z","level":"info","message":"[AgentIterator] Synchronizing results","conversationId":"sess_2157ab68-9c2a-49f4-a4c7-b0cbcad4c0d2","turnId":"00205243-fe27-4da3-bca2-e27721039ac9","rootTurnId":"00205243-fe27-4da3-bca2-e27721039ac9"}
{"timestamp":"2026-08-24T09:03:55.268Z","level":"info","message":"[AgentIterator] Processing intent detection result","conversationId":"sess_2157ab68-9c2a-49f4-a4c7-b0cbcad4c0d2","turnId":"00205243-fe27-4da3-bca2-e27721039ac9","rootTurnId":"00205243-fe27-4da3-bca2-e27721039ac9"}
{"timestamp":"2026-08-24T09:03:55.269Z","level":"info","message":"[ChatAgent] Processing model response stream","conversationId":"sess_2157ab68-9c2a-49f4-a4c7-b0cbcad4c0d2","turnId":"00205243-fe27-4da3-bca2-e27721039ac9","rootTurnId":"00205243-fe27-4da3-bca2-e27721039ac9"}
{"timestamp":"2026-08-24T09:03:55.269Z","level":"info","message":"[Steering] Populating steering for execution 00205243-fe27-4da3-bca2-e27721039ac9","conversationId":"sess_2157ab68-9c2a-49f4-a4c7-b0cbcad4c0d2","turnId":"00205243-fe27-4da3-bca2-e27721039ac9","rootTurnId":"00205243-fe27-4da3-bca2-e27721039ac9"}
{"timestamp":"2026-08-24T09:03:55.269Z","level":"info","message":"[Steering] ExistingFiles: /c:/Users/Student/.kiro/regen/vite.config.ts, /c:/Users/Student/.kiro/regen/tsconfig.app.json, /c:/Users/Student/.kiro/regen/src/lib/mockData.ts, /c:/Users/Student/.kiro/regen/src/pages/TrackCircuits.tsx, /c:/Users/Student/.kiro/regen/src/pages/Dashboard.tsx, /c:/Users/Student/.kiro/regen/src/pages/FBGMonitoring.tsx in 00205243-fe27-4da3-bca2-e27721039ac9","conversationId":"sess_2157ab68-9c2a-49f4-a4c7-b0cbcad4c0d2","turnId":"00205243-fe27-4da3-bca2-e27721039ac9","rootTurnId":"00205243-fe27-4da3-bca2-e27721039ac9"}
{"timestamp":"2026-08-24T09:03:56.570Z","level":"info","message":"acp.policy-eval.complete {\"toolId\":\"str_replace\",\"effect\":\"allow\",\"capability\":\"fs_write\"}","conversationId":"sess_2157ab68-9c2a-49f4-a4c7-b0cbcad4c0d2","turnId":"00205243-fe27-4da3-bca2-e27721039ac9","rootTurnId":"00205243-fe27-4da3-bca2-e27721039ac9"}
{"timestamp":"2026-08-24T09:03:56.577Z","level":"info","message":"[SessionPersistence] Snapshot deduplicated for regen/src/pages/Inspections.tsx in session sess_2157ab68-9c2a-49f4-a4c7-b0cbcad4c0d2 (reused aefce5ac)","conversationId":"sess_2157ab68-9c2a-49f4-a4c7-b0cbcad4c0d2","turnId":"00205243-fe27-4da3-bca2-e27721039ac9","rootTurnId":"00205243-fe27-4da3-bca2-e27721039ac9"}
{"timestamp":"2026-08-24T09:03:56.618Z","level":"info","message":"[SessionPersistence] Created snapshot 2aa9d820 for regen/src/pages/Inspections.tsx in session sess_2157ab68-9c2a-49f4-a4c7-b0cbcad4c0d2 (20689 bytes)","conversationId":"sess_2157ab68-9c2a-49f4-a4c7-b0cbcad4c0d2","turnId":"00205243-fe27-4da3-bca2-e27721039ac9","rootTurnId":"00205243-fe27-4da3-bca2-e27721039ac9"}
{"timestamp":"2026-08-24T09:03:56.622Z","level":"info","message":"fs.appendMessages.ok {\"system\":\"fs\",\"sessionId\":\"sess_2157ab68-9c2a-49f4-a4c7-b0cbcad4c0d2\",\"messageCount\":2,\"durationMs\":4}","conversationId":"sess_2157ab68-9c2a-49f4-a4c7-b0cbcad4c0d2","turnId":"00205243-fe27-4da3-bca2-e27721039ac9","rootTurnId":"00205243-fe27-4da3-bca2-e27721039ac9"}
{"timestamp":"2026-08-24T09:03:56.701Z","level":"info","message":"[AgentIterator] Parallel invoking agent","conversationId":"sess_2157ab68-9c2a-49f4-a4c7-b0cbcad4c0d2","turnId":"00205243-fe27-4da3-bca2-e27721039ac9","rootTurnId":"00205243-fe27-4da3-bca2-e27721039ac9"}
{"timestamp":"2026-08-24T09:03:56.701Z","level":"info","message":"[Steering] Populating steering for execution 00205243-fe27-4da3-bca2-e27721039ac9","conversationId":"sess_2157ab68-9c2a-49f4-a4c7-b0cbcad4c0d2","turnId":"00205243-fe27-4da3-bca2-e27721039ac9","rootTurnId":"00205243-fe27-4da3-bca2-e27721039ac9"}
{"timestamp":"2026-08-24T09:03:56.701Z","level":"info","message":"[Steering] ExistingFiles: /c:/Users/Student/.kiro/regen/vite.config.ts, /c:/Users/Student/.kiro/regen/tsconfig.app.json, /c:/Users/Student/.kiro/regen/src/lib/mockData.ts, /c:/Users/Student/.kiro/regen/src/pages/TrackCircuits.tsx, /c:/Users/Student/.kiro/regen/src/pages/Dashboard.tsx, /c:/Users/Student/.kiro/regen/src/pages/FBGMonitoring.tsx in 00205243-fe27-4da3-bca2-e27721039ac9","conversationId":"sess_2157ab68-9c2a-49f4-a4c7-b0cbcad4c0d2","turnId":"00205243-fe27-4da3-bca2-e27721039ac9","rootTurnId":"00205243-fe27-4da3-bca2-e27721039ac9"}
{"timestamp":"2026-08-24T09:03:56.705Z","level":"info","message":"[q-developer-converse] Sending GenerateAssistantResponse modelId=auto agentMode=vibe origin=AI_EDITOR streaming=true conversationId=sess_2157ab68-9c2a-49f4-a4c7-b0cbcad4c0d2","conversationId":"sess_2157ab68-9c2a-49f4-a4c7-b0cbcad4c0d2","turnId":"00205243-fe27-4da3-bca2-e27721039ac9","rootTurnId":"00205243-fe27-4da3-bca2-e27721039ac9"}
{"timestamp":"2026-08-24T09:03:56.706Z","level":"info","message":"[q-developer-converse] Request payload: 523378 chars, 158 history messages, conversationId=sess_2157ab68-9c2a-49f4-a4c7-b0cbcad4c0d2","conversationId":"sess_2157ab68-9c2a-49f4-a4c7-b0cbcad4c0d2","turnId":"00205243-fe27-4da3-bca2-e27721039ac9","rootTurnId":"00205243-fe27-4da3-bca2-e27721039ac9"}
{"timestamp":"2026-08-24T09:03:56.713Z","level":"info","message":"fs.appendMessages.ok {\"system\":\"fs\",\"sessionId\":\"sess_2157ab68-9c2a-49f4-a4c7-b0cbcad4c0d2\",\"messageCount\":1,\"durationMs\":17}","conversationId":"sess_2157ab68-9c2a-49f4-a4c7-b0cbcad4c0d2","turnId":"00205243-fe27-4da3-bca2-e27721039ac9","rootTurnId":"00205243-fe27-4da3-bca2-e27721039ac9"}
{"timestamp":"2026-08-24T09:03:56.715Z","level":"info","message":"fs.appendMessages.ok {\"system\":\"fs\",\"sessionId\":\"sess_2157ab68-9c2a-49f4-a4c7-b0cbcad4c0d2\",\"messageCount\":1,\"durationMs\":2}","conversationId":"sess_2157ab68-9c2a-49f4-a4c7-b0cbcad4c0d2","turnId":"00205243-fe27-4da3-bca2-e27721039ac9","rootTurnId":"00205243-fe27-4da3-bca2-e27721039ac9"}
{"timestamp":"2026-08-24T09:04:00.610Z","level":"info","message":"[AgentIterator] Synchronizing results","conversationId":"sess_2157ab68-9c2a-49f4-a4c7-b0cbcad4c0d2","turnId":"00205243-fe27-4da3-bca2-e27721039ac9","rootTurnId":"00205243-fe27-4da3-bca2-e27721039ac9"}
{"timestamp":"2026-08-24T09:04:00.610Z","level":"info","message":"[AgentIterator] Processing intent detection result","conversationId":"sess_2157ab68-9c2a-49f4-a4c7-b0cbcad4c0d2","turnId":"00205243-fe27-4da3-bca2-e27721039ac9","rootTurnId":"00205243-fe27-4da3-bca2-e27721039ac9"}
{"timestamp":"2026-08-24T09:04:00.610Z","level":"info","message":"[ChatAgent] Processing model response stream","conversationId":"sess_2157ab68-9c2a-49f4-a4c7-b0cbcad4c0d2","turnId":"00205243-fe27-4da3-bca2-e27721039ac9","rootTurnId":"00205243-fe27-4da3-bca2-e27721039ac9"}
{"timestamp":"2026-08-24T09:04:00.610Z","level":"info","message":"[Steering] Populating steering for execution 00205243-fe27-4da3-bca2-e27721039ac9","conversationId":"sess_2157ab68-9c2a-49f4-a4c7-b0cbcad4c0d2","turnId":"00205243-fe27-4da3-bca2-e27721039ac9","rootTurnId":"00205243-fe27-4da3-bca2-e27721039ac9"}
{"timestamp":"2026-08-24T09:04:00.610Z","level":"info","message":"[Steering] ExistingFiles: /c:/Users/Student/.kiro/regen/vite.config.ts, /c:/Users/Student/.kiro/regen/tsconfig.app.json, /c:/Users/Student/.kiro/regen/src/lib/mockData.ts, /c:/Users/Student/.kiro/regen/src/pages/TrackCircuits.tsx, /c:/Users/Student/.kiro/regen/src/pages/Dashboard.tsx, /c:/Users/Student/.kiro/regen/src/pages/FBGMonitoring.tsx in 00205243-fe27-4da3-bca2-e27721039ac9","conversationId":"sess_2157ab68-9c2a-49f4-a4c7-b0cbcad4c0d2","turnId":"00205243-fe27-4da3-bca2-e27721039ac9","rootTurnId":"00205243-fe27-4da3-bca2-e27721039ac9"}
{"timestamp":"2026-08-24T09:04:01.863Z","level":"info","message":"acp.policy-eval.complete {\"toolId\":\"str_replace\",\"effect\":\"allow\",\"capability\":\"fs_write\"}","conversationId":"sess_2157ab68-9c2a-49f4-a4c7-b0cbcad4c0d2","turnId":"00205243-fe27-4da3-bca2-e27721039ac9","rootTurnId":"00205243-fe27-4da3-bca2-e27721039ac9"}
{"timestamp":"2026-08-24T09:04:01.870Z","level":"info","message":"[SessionPersistence] Snapshot deduplicated for regen/src/pages/Maintenance.tsx in session sess_2157ab68-9c2a-49f4-a4c7-b0cbcad4c0d2 (reused 99c1bb40)","conversationId":"sess_2157ab68-9c2a-49f4-a4c7-b0cbcad4c0d2","turnId":"00205243-fe27-4da3-bca2-e27721039ac9","rootTurnId":"00205243-fe27-4da3-bca2-e27721039ac9"}
{"timestamp":"2026-08-24T09:04:01.914Z","level":"info","message":"[SessionPersistence] Created snapshot 4cd1137c for regen/src/pages/Maintenance.tsx in session sess_2157ab68-9c2a-49f4-a4c7-b0cbcad4c0d2 (13792 bytes)","conversationId":"sess_2157ab68-9c2a-49f4-a4c7-b0cbcad4c0d2","turnId":"00205243-fe27-4da3-bca2-e27721039ac9","rootTurnId":"00205243-fe27-4da3-bca2-e27721039ac9"}
{"timestamp":"2026-08-24T09:04:01.918Z","level":"info","message":"fs.appendMessages.ok {\"system\":\"fs\",\"sessionId\":\"sess_2157ab68-9c2a-49f4-a4c7-b0cbcad4c0d2\",\"messageCount\":2,\"durationMs\":3}","conversationId":"sess_2157ab68-9c2a-49f4-a4c7-b0cbcad4c0d2","turnId":"00205243-fe27-4da3-bca2-e27721039ac9","rootTurnId":"00205243-fe27-4da3-bca2-e27721039ac9"}
{"timestamp":"2026-08-24T09:04:01.980Z","level":"info","message":"[AgentIterator] Parallel invoking agent","conversationId":"sess_2157ab68-9c2a-49f4-a4c7-b0cbcad4c0d2","turnId":"00205243-fe27-4da3-bca2-e27721039ac9","rootTurnId":"00205243-fe27-4da3-bca2-e27721039ac9"}
{"timestamp":"2026-08-24T09:04:01.981Z","level":"info","message":"[Steering] Populating steering for execution 00205243-fe27-4da3-bca2-e27721039ac9","conversationId":"sess_2157ab68-9c2a-49f4-a4c7-b0cbcad4c0d2","turnId":"00205243-fe27-4da3-bca2-e27721039ac9","rootTurnId":"00205243-fe27-4da3-bca2-e27721039ac9"}
{"timestamp":"2026-08-24T09:04:01.981Z","level":"info","message":"[Steering] ExistingFiles: /c:/Users/Student/.kiro/regen/vite.config.ts, /c:/Users/Student/.kiro/regen/tsconfig.app.json, /c:/Users/Student/.kiro/regen/src/lib/mockData.ts, /c:/Users/Student/.kiro/regen/src/pages/TrackCircuits.tsx, /c:/Users/Student/.kiro/regen/src/pages/Dashboard.tsx, /c:/Users/Student/.kiro/regen/src/pages/FBGMonitoring.tsx in 00205243-fe27-4da3-bca2-e27721039ac9","conversationId":"sess_2157ab68-9c2a-49f4-a4c7-b0cbcad4c0d2","turnId":"00205243-fe27-4da3-bca2-e27721039ac9","rootTurnId":"00205243-fe27-4da3-bca2-e27721039ac9"}
{"timestamp":"2026-08-24T09:04:01.986Z","level":"info","message":"[q-developer-converse] Sending GenerateAssistantResponse modelId=auto agentMode=vibe origin=AI_EDITOR streaming=true conversationId=sess_2157ab68-9c2a-49f4-a4c7-b0cbcad4c0d2","conversationId":"sess_2157ab68-9c2a-49f4-a4c7-b0cbcad4c0d2","turnId":"00205243-fe27-4da3-bca2-e27721039ac9","rootTurnId":"00205243-fe27-4da3-bca2-e27721039ac9"}
{"timestamp":"2026-08-24T09:04:01.987Z","level":"info","message":"[q-developer-converse] Request payload: 524203 chars, 160 history messages, conversationId=sess_2157ab68-9c2a-49f4-a4c7-b0cbcad4c0d2","conversationId":"sess_2157ab68-9c2a-49f4-a4c7-b0cbcad4c0d2","turnId":"00205243-fe27-4da3-bca2-e27721039ac9","rootTurnId":"00205243-fe27-4da3-bca2-e27721039ac9"}
{"timestamp":"2026-08-24T09:04:01.994Z","level":"info","message":"fs.appendMessages.ok {\"system\":\"fs\",\"sessionId\":\"sess_2157ab68-9c2a-49f4-a4c7-b0cbcad4c0d2\",\"messageCount\":1,\"durationMs\":18}","conversationId":"sess_2157ab68-9c2a-49f4-a4c7-b0cbcad4c0d2","turnId":"00205243-fe27-4da3-bca2-e27721039ac9","rootTurnId":"00205243-fe27-4da3-bca2-e27721039ac9"}
{"timestamp":"2026-08-24T09:04:01.997Z","level":"info","message":"fs.appendMessages.ok {\"system\":\"fs\",\"sessionId\":\"sess_2157ab68-9c2a-49f4-a4c7-b0cbcad4c0d2\",\"messageCount\":1,\"durationMs\":3}","conversationId":"sess_2157ab68-9c2a-49f4-a4c7-b0cbcad4c0d2","turnId":"00205243-fe27-4da3-bca2-e27721039ac9","rootTurnId":"00205243-fe27-4da3-bca2-e27721039ac9"}
{"timestamp":"2026-08-24T09:04:05.969Z","level":"info","message":"[AgentIterator] Synchronizing results","conversationId":"sess_2157ab68-9c2a-49f4-a4c7-b0cbcad4c0d2","turnId":"00205243-fe27-4da3-bca2-e27721039ac9","rootTurnId":"00205243-fe27-4da3-bca2-e27721039ac9"}
{"timestamp":"2026-08-24T09:04:05.969Z","level":"info","message":"[AgentIterator] Processing intent detection result","conversationId":"sess_2157ab68-9c2a-49f4-a4c7-b0cbcad4c0d2","turnId":"00205243-fe27-4da3-bca2-e27721039ac9","rootTurnId":"00205243-fe27-4da3-bca2-e27721039ac9"}
{"timestamp":"2026-08-24T09:04:05.969Z","level":"info","message":"[ChatAgent] Processing model response stream","conversationId":"sess_2157ab68-9c2a-49f4-a4c7-b0cbcad4c0d2","turnId":"00205243-fe27-4da3-bca2-e27721039ac9","rootTurnId":"00205243-fe27-4da3-bca2-e27721039ac9"}
{"timestamp":"2026-08-24T09:04:05.969Z","level":"info","message":"[Steering] Populating steering for execution 00205243-fe27-4da3-bca2-e27721039ac9","conversationId":"sess_2157ab68-9c2a-49f4-a4c7-b0cbcad4c0d2","turnId":"00205243-fe27-4da3-bca2-e27721039ac9","rootTurnId":"00205243-fe27-4da3-bca2-e27721039ac9"}
{"timestamp":"2026-08-24T09:04:05.970Z","level":"info","message":"[Steering] ExistingFiles: /c:/Users/Student/.kiro/regen/vite.config.ts, /c:/Users/Student/.kiro/regen/tsconfig.app.json, /c:/Users/Student/.kiro/regen/src/lib/mockData.ts, /c:/Users/Student/.kiro/regen/src/pages/TrackCircuits.tsx, /c:/Users/Student/.kiro/regen/src/pages/Dashboard.tsx, /c:/Users/Student/.kiro/regen/src/pages/FBGMonitoring.tsx in 00205243-fe27-4da3-bca2-e27721039ac9","conversationId":"sess_2157ab68-9c2a-49f4-a4c7-b0cbcad4c0d2","turnId":"00205243-fe27-4da3-bca2-e27721039ac9","rootTurnId":"00205243-fe27-4da3-bca2-e27721039ac9"}
{"timestamp":"2026-08-24T09:04:08.538Z","level":"info","message":"acp.policy-eval.complete {\"toolId\":\"str_replace\",\"effect\":\"allow\",\"capability\":\"fs_write\"}","conversationId":"sess_2157ab68-9c2a-49f4-a4c7-b0cbcad4c0d2","turnId":"00205243-fe27-4da3-bca2-e27721039ac9","rootTurnId":"00205243-fe27-4da3-bca2-e27721039ac9"}
{"timestamp":"2026-08-24T09:04:08.544Z","level":"info","message":"[SessionPersistence] Snapshot deduplicated for regen/src/pages/Maintenance.tsx in session sess_2157ab68-9c2a-49f4-a4c7-b0cbcad4c0d2 (reused 4cd1137c)","conversationId":"sess_2157ab68-9c2a-49f4-a4c7-b0cbcad4c0d2","turnId":"00205243-fe27-4da3-bca2-e27721039ac9","rootTurnId":"00205243-fe27-4da3-bca2-e27721039ac9"}
{"timestamp":"2026-08-24T09:04:08.577Z","level":"info","message":"[SessionPersistence] Created snapshot 36260e5c for regen/src/pages/Maintenance.tsx in session sess_2157ab68-9c2a-49f4-a4c7-b0cbcad4c0d2 (13742 bytes)","conversationId":"sess_2157ab68-9c2a-49f4-a4c7-b0cbcad4c0d2","turnId":"00205243-fe27-4da3-bca2-e27721039ac9","rootTurnId":"00205243-fe27-4da3-bca2-e27721039ac9"}
{"timestamp":"2026-08-24T09:04:08.580Z","level":"info","message":"fs.appendMessages.ok {\"system\":\"fs\",\"sessionId\":\"sess_2157ab68-9c2a-49f4-a4c7-b0cbcad4c0d2\",\"messageCount\":2,\"durationMs\":3}","conversationId":"sess_2157ab68-9c2a-49f4-a4c7-b0cbcad4c0d2","turnId":"00205243-fe27-4da3-bca2-e27721039ac9","rootTurnId":"00205243-fe27-4da3-bca2-e27721039ac9"}
{"timestamp":"2026-08-24T09:04:08.826Z","level":"info","message":"[AgentIterator] Parallel invoking agent","conversationId":"sess_2157ab68-9c2a-49f4-a4c7-b0cbcad4c0d2","turnId":"00205243-fe27-4da3-bca2-e27721039ac9","rootTurnId":"00205243-fe27-4da3-bca2-e27721039ac9"}
{"timestamp":"2026-08-24T09:04:08.826Z","level":"info","message":"[Steering] Populating steering for execution 00205243-fe27-4da3-bca2-e27721039ac9","conversationId":"sess_2157ab68-9c2a-49f4-a4c7-b0cbcad4c0d2","turnId":"00205243-fe27-4da3-bca2-e27721039ac9","rootTurnId":"00205243-fe27-4da3-bca2-e27721039ac9"}
{"timestamp":"2026-08-24T09:04:08.826Z","level":"info","message":"[Steering] ExistingFiles: /c:/Users/Student/.kiro/regen/vite.config.ts, /c:/Users/Student/.kiro/regen/tsconfig.app.json, /c:/Users/Student/.kiro/regen/src/lib/mockData.ts, /c:/Users/Student/.kiro/regen/src/pages/TrackCircuits.tsx, /c:/Users/Student/.kiro/regen/src/pages/Dashboard.tsx, /c:/Users/Student/.kiro/regen/src/pages/FBGMonitoring.tsx in 00205243-fe27-4da3-bca2-e27721039ac9","conversationId":"sess_2157ab68-9c2a-49f4-a4c7-b0cbcad4c0d2","turnId":"00205243-fe27-4da3-bca2-e27721039ac9","rootTurnId":"00205243-fe27-4da3-bca2-e27721039ac9"}
{"timestamp":"2026-08-24T09:04:08.830Z","level":"info","message":"[q-developer-converse] Sending GenerateAssistantResponse modelId=auto agentMode=vibe origin=AI_EDITOR streaming=true conversationId=sess_2157ab68-9c2a-49f4-a4c7-b0cbcad4c0d2","conversationId":"sess_2157ab68-9c2a-49f4-a4c7-b0cbcad4c0d2","turnId":"00205243-fe27-4da3-bca2-e27721039ac9","rootTurnId":"00205243-fe27-4da3-bca2-e27721039ac9"}
{"timestamp":"2026-08-24T09:04:08.831Z","level":"info","message":"[q-developer-converse] Request payload: 525100 chars, 162 history messages, conversationId=sess_2157ab68-9c2a-49f4-a4c7-b0cbcad4c0d2","conversationId":"sess_2157ab68-9c2a-49f4-a4c7-b0cbcad4c0d2","turnId":"00205243-fe27-4da3-bca2-e27721039ac9","rootTurnId":"00205243-fe27-4da3-bca2-e27721039ac9"}
{"timestamp":"2026-08-24T09:04:08.838Z","level":"info","message":"fs.appendMessages.ok {\"system\":\"fs\",\"sessionId\":\"sess_2157ab68-9c2a-49f4-a4c7-b0cbcad4c0d2\",\"messageCount\":1,\"durationMs\":17}","conversationId":"sess_2157ab68-9c2a-49f4-a4c7-b0cbcad4c0d2","turnId":"00205243-fe27-4da3-bca2-e27721039ac9","rootTurnId":"00205243-fe27-4da3-bca2-e27721039ac9"}
{"timestamp":"2026-08-24T09:04:08.840Z","level":"info","message":"fs.appendMessages.ok {\"system\":\"fs\",\"sessionId\":\"sess_2157ab68-9c2a-49f4-a4c7-b0cbcad4c0d2\",\"messageCount\":1,\"durationMs\":2}","conversationId":"sess_2157ab68-9c2a-49f4-a4c7-b0cbcad4c0d2","turnId":"00205243-fe27-4da3-bca2-e27721039ac9","rootTurnId":"00205243-fe27-4da3-bca2-e27721039ac9"}
{"timestamp":"2026-08-24T09:04:13.712Z","level":"info","message":"[AgentIterator] Synchronizing results","conversationId":"sess_2157ab68-9c2a-49f4-a4c7-b0cbcad4c0d2","turnId":"00205243-fe27-4da3-bca2-e27721039ac9","rootTurnId":"00205243-fe27-4da3-bca2-e27721039ac9"}
{"timestamp":"2026-08-24T09:04:13.712Z","level":"info","message":"[AgentIterator] Processing intent detection result","conversationId":"sess_2157ab68-9c2a-49f4-a4c7-b0cbcad4c0d2","turnId":"00205243-fe27-4da3-bca2-e27721039ac9","rootTurnId":"00205243-fe27-4da3-bca2-e27721039ac9"}
{"timestamp":"2026-08-24T09:04:13.713Z","level":"info","message":"[ChatAgent] Processing model response stream","conversationId":"sess_2157ab68-9c2a-49f4-a4c7-b0cbcad4c0d2","turnId":"00205243-fe27-4da3-bca2-e27721039ac9","rootTurnId":"00205243-fe27-4da3-bca2-e27721039ac9"}
{"timestamp":"2026-08-24T09:04:13.713Z","level":"info","message":"[Steering] Populating steering for execution 00205243-fe27-4da3-bca2-e27721039ac9","conversationId":"sess_2157ab68-9c2a-49f4-a4c7-b0cbcad4c0d2","turnId":"00205243-fe27-4da3-bca2-e27721039ac9","rootTurnId":"00205243-fe27-4da3-bca2-e27721039ac9"}
{"timestamp":"2026-08-24T09:04:13.713Z","level":"info","message":"[Steering] ExistingFiles: /c:/Users/Student/.kiro/regen/vite.config.ts, /c:/Users/Student/.kiro/regen/tsconfig.app.json, /c:/Users/Student/.kiro/regen/src/lib/mockData.ts, /c:/Users/Student/.kiro/regen/src/pages/TrackCircuits.tsx, /c:/Users/Student/.kiro/regen/src/pages/Dashboard.tsx, /c:/Users/Student/.kiro/regen/src/pages/FBGMonitoring.tsx in 00205243-fe27-4da3-bca2-e27721039ac9","conversationId":"sess_2157ab68-9c2a-49f4-a4c7-b0cbcad4c0d2","turnId":"00205243-fe27-4da3-bca2-e27721039ac9","rootTurnId":"00205243-fe27-4da3-bca2-e27721039ac9"}
{"timestamp":"2026-08-24T09:04:14.852Z","level":"info","message":"acp.policy-eval.complete {\"toolId\":\"str_replace\",\"effect\":\"allow\",\"capability\":\"fs_write\"}","conversationId":"sess_2157ab68-9c2a-49f4-a4c7-b0cbcad4c0d2","turnId":"00205243-fe27-4da3-bca2-e27721039ac9","rootTurnId":"00205243-fe27-4da3-bca2-e27721039ac9"}
{"timestamp":"2026-08-24T09:04:14.857Z","level":"info","message":"[SessionPersistence] Snapshot deduplicated for regen/src/pages/Maintenance.tsx in session sess_2157ab68-9c2a-49f4-a4c7-b0cbcad4c0d2 (reused 36260e5c)","conversationId":"sess_2157ab68-9c2a-49f4-a4c7-b0cbcad4c0d2","turnId":"00205243-fe27-4da3-bca2-e27721039ac9","rootTurnId":"00205243-fe27-4da3-bca2-e27721039ac9"}
{"timestamp":"2026-08-24T09:04:14.888Z","level":"info","message":"[SessionPersistence] Created snapshot 41e0e8e7 for regen/src/pages/Maintenance.tsx in session sess_2157ab68-9c2a-49f4-a4c7-b0cbcad4c0d2 (13743 bytes)","conversationId":"sess_2157ab68-9c2a-49f4-a4c7-b0cbcad4c0d2","turnId":"00205243-fe27-4da3-bca2-e27721039ac9","rootTurnId":"00205243-fe27-4da3-bca2-e27721039ac9"}
{"timestamp":"2026-08-24T09:04:14.891Z","level":"info","message":"fs.appendMessages.ok {\"system\":\"fs\",\"sessionId\":\"sess_2157ab68-9c2a-49f4-a4c7-b0cbcad4c0d2\",\"messageCount\":2,\"durationMs\":3}","conversationId":"sess_2157ab68-9c2a-49f4-a4c7-b0cbcad4c0d2","turnId":"00205243-fe27-4da3-bca2-e27721039ac9","rootTurnId":"00205243-fe27-4da3-bca2-e27721039ac9"}
{"timestamp":"2026-08-24T09:04:15.052Z","level":"info","message":"[AgentIterator] Parallel invoking agent","conversationId":"sess_2157ab68-9c2a-49f4-a4c7-b0cbcad4c0d2","turnId":"00205243-fe27-4da3-bca2-e27721039ac9","rootTurnId":"00205243-fe27-4da3-bca2-e27721039ac9"}
{"timestamp":"2026-08-24T09:04:15.052Z","level":"info","message":"[Steering] Populating steering for execution 00205243-fe27-4da3-bca2-e27721039ac9","conversationId":"sess_2157ab68-9c2a-49f4-a4c7-b0cbcad4c0d2","turnId":"00205243-fe27-4da3-bca2-e27721039ac9","rootTurnId":"00205243-fe27-4da3-bca2-e27721039ac9"}
{"timestamp":"2026-08-24T09:04:15.052Z","level":"info","message":"[Steering] ExistingFiles: /c:/Users/Student/.kiro/regen/vite.config.ts, /c:/Users/Student/.kiro/regen/tsconfig.app.json, /c:/Users/Student/.kiro/regen/src/lib/mockData.ts, /c:/Users/Student/.kiro/regen/src/pages/TrackCircuits.tsx, /c:/Users/Student/.kiro/regen/src/pages/Dashboard.tsx, /c:/Users/Student/.kiro/regen/src/pages/FBGMonitoring.tsx in 00205243-fe27-4da3-bca2-e27721039ac9","conversationId":"sess_2157ab68-9c2a-49f4-a4c7-b0cbcad4c0d2","turnId":"00205243-fe27-4da3-bca2-e27721039ac9","rootTurnId":"00205243-fe27-4da3-bca2-e27721039ac9"}
{"timestamp":"2026-08-24T09:04:15.057Z","level":"info","message":"[q-developer-converse] Sending GenerateAssistantResponse modelId=auto agentMode=vibe origin=AI_EDITOR streaming=true conversationId=sess_2157ab68-9c2a-49f4-a4c7-b0cbcad4c0d2","conversationId":"sess_2157ab68-9c2a-49f4-a4c7-b0cbcad4c0d2","turnId":"00205243-fe27-4da3-bca2-e27721039ac9","rootTurnId":"00205243-fe27-4da3-bca2-e27721039ac9"}
{"timestamp":"2026-08-24T09:04:15.058Z","level":"info","message":"[q-developer-converse] Request payload: 525882 chars, 164 history messages, conversationId=sess_2157ab68-9c2a-49f4-a4c7-b0cbcad4c0d2","conversationId":"sess_2157ab68-9c2a-49f4-a4c7-b0cbcad4c0d2","turnId":"00205243-fe27-4da3-bca2-e27721039ac9","rootTurnId":"00205243-fe27-4da3-bca2-e27721039ac9"}
{"timestamp":"2026-08-24T09:04:15.065Z","level":"info","message":"fs.appendMessages.ok {\"system\":\"fs\",\"sessionId\":\"sess_2157ab68-9c2a-49f4-a4c7-b0cbcad4c0d2\",\"messageCount\":1,\"durationMs\":18}","conversationId":"sess_2157ab68-9c2a-49f4-a4c7-b0cbcad4c0d2","turnId":"00205243-fe27-4da3-bca2-e27721039ac9","rootTurnId":"00205243-fe27-4da3-bca2-e27721039ac9"}
{"timestamp":"2026-08-24T09:04:15.067Z","level":"info","message":"fs.appendMessages.ok {\"system\":\"fs\",\"sessionId\":\"sess_2157ab68-9c2a-49f4-a4c7-b0cbcad4c0d2\",\"messageCount\":1,\"durationMs\":2}","conversationId":"sess_2157ab68-9c2a-49f4-a4c7-b0cbcad4c0d2","turnId":"00205243-fe27-4da3-bca2-e27721039ac9","rootTurnId":"00205243-fe27-4da3-bca2-e27721039ac9"}
{"timestamp":"2026-08-24T09:04:19.175Z","level":"info","message":"[AgentIterator] Synchronizing results","conversationId":"sess_2157ab68-9c2a-49f4-a4c7-b0cbcad4c0d2","turnId":"00205243-fe27-4da3-bca2-e27721039ac9","rootTurnId":"00205243-fe27-4da3-bca2-e27721039ac9"}
{"timestamp":"2026-08-24T09:04:19.175Z","level":"info","message":"[AgentIterator] Processing intent detection result","conversationId":"sess_2157ab68-9c2a-49f4-a4c7-b0cbcad4c0d2","turnId":"00205243-fe27-4da3-bca2-e27721039ac9","rootTurnId":"00205243-fe27-4da3-bca2-e27721039ac9"}
{"timestamp":"2026-08-24T09:04:19.175Z","level":"info","message":"[ChatAgent] Processing model response stream","conversationId":"sess_2157ab68-9c2a-49f4-a4c7-b0cbcad4c0d2","turnId":"00205243-fe27-4da3-bca2-e27721039ac9","rootTurnId":"00205243-fe27-4da3-bca2-e27721039ac9"}
{"timestamp":"2026-08-24T09:04:19.176Z","level":"info","message":"[Steering] Populating steering for execution 00205243-fe27-4da3-bca2-e27721039ac9","conversationId":"sess_2157ab68-9c2a-49f4-a4c7-b0cbcad4c0d2","turnId":"00205243-fe27-4da3-bca2-e27721039ac9","rootTurnId":"00205243-fe27-4da3-bca2-e27721039ac9"}
{"timestamp":"2026-08-24T09:04:19.176Z","level":"info","message":"[Steering] ExistingFiles: /c:/Users/Student/.kiro/regen/vite.config.ts, /c:/Users/Student/.kiro/regen/tsconfig.app.json, /c:/Users/Student/.kiro/regen/src/lib/mockData.ts, /c:/Users/Student/.kiro/regen/src/pages/TrackCircuits.tsx, /c:/Users/Student/.kiro/regen/src/pages/Dashboard.tsx, /c:/Users/Student/.kiro/regen/src/pages/FBGMonitoring.tsx in 00205243-fe27-4da3-bca2-e27721039ac9","conversationId":"sess_2157ab68-9c2a-49f4-a4c7-b0cbcad4c0d2","turnId":"00205243-fe27-4da3-bca2-e27721039ac9","rootTurnId":"00205243-fe27-4da3-bca2-e27721039ac9"}
{"timestamp":"2026-08-24T09:04:20.933Z","level":"info","message":"acp.policy-eval.complete {\"toolId\":\"str_replace\",\"effect\":\"allow\",\"capability\":\"fs_write\"}","conversationId":"sess_2157ab68-9c2a-49f4-a4c7-b0cbcad4c0d2","turnId":"00205243-fe27-4da3-bca2-e27721039ac9","rootTurnId":"00205243-fe27-4da3-bca2-e27721039ac9"}
{"timestamp":"2026-08-24T09:04:20.938Z","level":"info","message":"[SessionPersistence] Snapshot deduplicated for regen/src/pages/Maintenance.tsx in session sess_2157ab68-9c2a-49f4-a4c7-b0cbcad4c0d2 (reused 41e0e8e7)","conversationId":"sess_2157ab68-9c2a-49f4-a4c7-b0cbcad4c0d2","turnId":"00205243-fe27-4da3-bca2-e27721039ac9","rootTurnId":"00205243-fe27-4da3-bca2-e27721039ac9"}
{"timestamp":"2026-08-24T09:04:20.969Z","level":"info","message":"[SessionPersistence] Created snapshot 58a2032a for regen/src/pages/Maintenance.tsx in session sess_2157ab68-9c2a-49f4-a4c7-b0cbcad4c0d2 (13745 bytes)","conversationId":"sess_2157ab68-9c2a-49f4-a4c7-b0cbcad4c0d2","turnId":"00205243-fe27-4da3-bca2-e27721039ac9","rootTurnId":"00205243-fe27-4da3-bca2-e27721039ac9"}
{"timestamp":"2026-08-24T09:04:20.973Z","level":"info","message":"fs.appendMessages.ok {\"system\":\"fs\",\"sessionId\":\"sess_2157ab68-9c2a-49f4-a4c7-b0cbcad4c0d2\",\"messageCount\":2,\"durationMs\":3}","conversationId":"sess_2157ab68-9c2a-49f4-a4c7-b0cbcad4c0d2","turnId":"00205243-fe27-4da3-bca2-e27721039ac9","rootTurnId":"00205243-fe27-4da3-bca2-e27721039ac9"}
{"timestamp":"2026-08-24T09:04:21.326Z","level":"info","message":"[AgentIterator] Parallel invoking agent","conversationId":"sess_2157ab68-9c2a-49f4-a4c7-b0cbcad4c0d2","turnId":"00205243-fe27-4da3-bca2-e27721039ac9","rootTurnId":"00205243-fe27-4da3-bca2-e27721039ac9"}
{"timestamp":"2026-08-24T09:04:21.326Z","level":"info","message":"[Steering] Populating steering for execution 00205243-fe27-4da3-bca2-e27721039ac9","conversationId":"sess_2157ab68-9c2a-49f4-a4c7-b0cbcad4c0d2","turnId":"00205243-fe27-4da3-bca2-e27721039ac9","rootTurnId":"00205243-fe27-4da3-bca2-e27721039ac9"}
{"timestamp":"2026-08-24T09:04:21.326Z","level":"info","message":"[Steering] ExistingFiles: /c:/Users/Student/.kiro/regen/vite.config.ts, /c:/Users/Student/.kiro/regen/tsconfig.app.json, /c:/Users/Student/.kiro/regen/src/lib/mockData.ts, /c:/Users/Student/.kiro/regen/src/pages/TrackCircuits.tsx, /c:/Users/Student/.kiro/regen/src/pages/Dashboard.tsx, /c:/Users/Student/.kiro/regen/src/pages/FBGMonitoring.tsx in 00205243-fe27-4da3-bca2-e27721039ac9","conversationId":"sess_2157ab68-9c2a-49f4-a4c7-b0cbcad4c0d2","turnId":"00205243-fe27-4da3-bca2-e27721039ac9","rootTurnId":"00205243-fe27-4da3-bca2-e27721039ac9"}
{"timestamp":"2026-08-24T09:04:21.329Z","level":"info","message":"[q-developer-converse] Sending GenerateAssistantResponse modelId=auto agentMode=vibe origin=AI_EDITOR streaming=true conversationId=sess_2157ab68-9c2a-49f4-a4c7-b0cbcad4c0d2","conversationId":"sess_2157ab68-9c2a-49f4-a4c7-b0cbcad4c0d2","turnId":"00205243-fe27-4da3-bca2-e27721039ac9","rootTurnId":"00205243-fe27-4da3-bca2-e27721039ac9"}
{"timestamp":"2026-08-24T09:04:21.331Z","level":"info","message":"[q-developer-converse] Request payload: 526863 chars, 166 history messages, conversationId=sess_2157ab68-9c2a-49f4-a4c7-b0cbcad4c0d2","conversationId":"sess_2157ab68-9c2a-49f4-a4c7-b0cbcad4c0d2","turnId":"00205243-fe27-4da3-bca2-e27721039ac9","rootTurnId":"00205243-fe27-4da3-bca2-e27721039ac9"}
{"timestamp":"2026-08-24T09:04:21.338Z","level":"info","message":"fs.appendMessages.ok {\"system\":\"fs\",\"sessionId\":\"sess_2157ab68-9c2a-49f4-a4c7-b0cbcad4c0d2\",\"messageCount\":1,\"durationMs\":18}","conversationId":"sess_2157ab68-9c2a-49f4-a4c7-b0cbcad4c0d2","turnId":"00205243-fe27-4da3-bca2-e27721039ac9","rootTurnId":"00205243-fe27-4da3-bca2-e27721039ac9"}
{"timestamp":"2026-08-24T09:04:21.340Z","level":"info","message":"fs.appendMessages.ok {\"system\":\"fs\",\"sessionId\":\"sess_2157ab68-9c2a-49f4-a4c7-b0cbcad4c0d2\",\"messageCount\":1,\"durationMs\":2}","conversationId":"sess_2157ab68-9c2a-49f4-a4c7-b0cbcad4c0d2","turnId":"00205243-fe27-4da3-bca2-e27721039ac9","rootTurnId":"00205243-fe27-4da3-bca2-e27721039ac9"}
{"timestamp":"2026-08-24T09:04:25.275Z","level":"info","message":"[AgentIterator] Synchronizing results","conversationId":"sess_2157ab68-9c2a-49f4-a4c7-b0cbcad4c0d2","turnId":"00205243-fe27-4da3-bca2-e27721039ac9","rootTurnId":"00205243-fe27-4da3-bca2-e27721039ac9"}
{"timestamp":"2026-08-24T09:04:25.275Z","level":"info","message":"[AgentIterator] Processing intent detection result","conversationId":"sess_2157ab68-9c2a-49f4-a4c7-b0cbcad4c0d2","turnId":"00205243-fe27-4da3-bca2-e27721039ac9","rootTurnId":"00205243-fe27-4da3-bca2-e27721039ac9"}
{"timestamp":"2026-08-24T09:04:25.276Z","level":"info","message":"[ChatAgent] Processing model response stream","conversationId":"sess_2157ab68-9c2a-49f4-a4c7-b0cbcad4c0d2","turnId":"00205243-fe27-4da3-bca2-e27721039ac9","rootTurnId":"00205243-fe27-4da3-bca2-e27721039ac9"}
{"timestamp":"2026-08-24T09:04:25.276Z","level":"info","message":"[Steering] Populating steering for execution 00205243-fe27-4da3-bca2-e27721039ac9","conversationId":"sess_2157ab68-9c2a-49f4-a4c7-b0cbcad4c0d2","turnId":"00205243-fe27-4da3-bca2-e27721039ac9","rootTurnId":"00205243-fe27-4da3-bca2-e27721039ac9"}
{"timestamp":"2026-08-24T09:04:25.276Z","level":"info","message":"[Steering] ExistingFiles: /c:/Users/Student/.kiro/regen/vite.config.ts, /c:/Users/Student/.kiro/regen/tsconfig.app.json, /c:/Users/Student/.kiro/regen/src/lib/mockData.ts, /c:/Users/Student/.kiro/regen/src/pages/TrackCircuits.tsx, /c:/Users/Student/.kiro/regen/src/pages/Dashboard.tsx, /c:/Users/Student/.kiro/regen/src/pages/FBGMonitoring.tsx in 00205243-fe27-4da3-bca2-e27721039ac9","conversationId":"sess_2157ab68-9c2a-49f4-a4c7-b0cbcad4c0d2","turnId":"00205243-fe27-4da3-bca2-e27721039ac9","rootTurnId":"00205243-fe27-4da3-bca2-e27721039ac9"}
{"timestamp":"2026-08-24T09:04:26.534Z","level":"info","message":"acp.policy-eval.complete {\"toolId\":\"str_replace\",\"effect\":\"allow\",\"capability\":\"fs_write\"}","conversationId":"sess_2157ab68-9c2a-49f4-a4c7-b0cbcad4c0d2","turnId":"00205243-fe27-4da3-bca2-e27721039ac9","rootTurnId":"00205243-fe27-4da3-bca2-e27721039ac9"}
{"timestamp":"2026-08-24T09:04:26.540Z","level":"info","message":"[SessionPersistence] Snapshot deduplicated for regen/src/pages/Reports.tsx in session sess_2157ab68-9c2a-49f4-a4c7-b0cbcad4c0d2 (reused ad795e22)","conversationId":"sess_2157ab68-9c2a-49f4-a4c7-b0cbcad4c0d2","turnId":"00205243-fe27-4da3-bca2-e27721039ac9","rootTurnId":"00205243-fe27-4da3-bca2-e27721039ac9"}
{"timestamp":"2026-08-24T09:04:26.575Z","level":"info","message":"[SessionPersistence] Created snapshot 9db4366b for regen/src/pages/Reports.tsx in session sess_2157ab68-9c2a-49f4-a4c7-b0cbcad4c0d2 (11733 bytes)","conversationId":"sess_2157ab68-9c2a-49f4-a4c7-b0cbcad4c0d2","turnId":"00205243-fe27-4da3-bca2-e27721039ac9","rootTurnId":"00205243-fe27-4da3-bca2-e27721039ac9"}
{"timestamp":"2026-08-24T09:04:26.579Z","level":"info","message":"fs.appendMessages.ok {\"system\":\"fs\",\"sessionId\":\"sess_2157ab68-9c2a-49f4-a4c7-b0cbcad4c0d2\",\"messageCount\":2,\"durationMs\":3}","conversationId":"sess_2157ab68-9c2a-49f4-a4c7-b0cbcad4c0d2","turnId":"00205243-fe27-4da3-bca2-e27721039ac9","rootTurnId":"00205243-fe27-4da3-bca2-e27721039ac9"}
{"timestamp":"2026-08-24T09:04:26.878Z","level":"info","message":"[AgentIterator] Parallel invoking agent","conversationId":"sess_2157ab68-9c2a-49f4-a4c7-b0cbcad4c0d2","turnId":"00205243-fe27-4da3-bca2-e27721039ac9","rootTurnId":"00205243-fe27-4da3-bca2-e27721039ac9"}
{"timestamp":"2026-08-24T09:04:26.878Z","level":"info","message":"[Steering] Populating steering for execution 00205243-fe27-4da3-bca2-e27721039ac9","conversationId":"sess_2157ab68-9c2a-49f4-a4c7-b0cbcad4c0d2","turnId":"00205243-fe27-4da3-bca2-e27721039ac9","rootTurnId":"00205243-fe27-4da3-bca2-e27721039ac9"}
{"timestamp":"2026-08-24T09:04:26.878Z","level":"info","message":"[Steering] ExistingFiles: /c:/Users/Student/.kiro/regen/vite.config.ts, /c:/Users/Student/.kiro/regen/tsconfig.app.json, /c:/Users/Student/.kiro/regen/src/lib/mockData.ts, /c:/Users/Student/.kiro/regen/src/pages/TrackCircuits.tsx, /c:/Users/Student/.kiro/regen/src/pages/Dashboard.tsx, /c:/Users/Student/.kiro/regen/src/pages/FBGMonitoring.tsx in 00205243-fe27-4da3-bca2-e27721039ac9","conversationId":"sess_2157ab68-9c2a-49f4-a4c7-b0cbcad4c0d2","turnId":"00205243-fe27-4da3-bca2-e27721039ac9","rootTurnId":"00205243-fe27-4da3-bca2-e27721039ac9"}
{"timestamp":"2026-08-24T09:04:26.881Z","level":"info","message":"[q-developer-converse] Sending GenerateAssistantResponse modelId=auto agentMode=vibe origin=AI_EDITOR streaming=true conversationId=sess_2157ab68-9c2a-49f4-a4c7-b0cbcad4c0d2","conversationId":"sess_2157ab68-9c2a-49f4-a4c7-b0cbcad4c0d2","turnId":"00205243-fe27-4da3-bca2-e27721039ac9","rootTurnId":"00205243-fe27-4da3-bca2-e27721039ac9"}
{"timestamp":"2026-08-24T09:04:26.882Z","level":"info","message":"[q-developer-converse] Request payload: 527786 chars, 168 history messages, conversationId=sess_2157ab68-9c2a-49f4-a4c7-b0cbcad4c0d2","conversationId":"sess_2157ab68-9c2a-49f4-a4c7-b0cbcad4c0d2","turnId":"00205243-fe27-4da3-bca2-e27721039ac9","rootTurnId":"00205243-fe27-4da3-bca2-e27721039ac9"}
{"timestamp":"2026-08-24T09:04:26.890Z","level":"info","message":"fs.appendMessages.ok {\"system\":\"fs\",\"sessionId\":\"sess_2157ab68-9c2a-49f4-a4c7-b0cbcad4c0d2\",\"messageCount\":1,\"durationMs\":18}","conversationId":"sess_2157ab68-9c2a-49f4-a4c7-b0cbcad4c0d2","turnId":"00205243-fe27-4da3-bca2-e27721039ac9","rootTurnId":"00205243-fe27-4da3-bca2-e27721039ac9"}
{"timestamp":"2026-08-24T09:04:26.894Z","level":"info","message":"fs.appendMessages.ok {\"system\":\"fs\",\"sessionId\":\"sess_2157ab68-9c2a-49f4-a4c7-b0cbcad4c0d2\",\"messageCount\":1,\"durationMs\":4}","conversationId":"sess_2157ab68-9c2a-49f4-a4c7-b0cbcad4c0d2","turnId":"00205243-fe27-4da3-bca2-e27721039ac9","rootTurnId":"00205243-fe27-4da3-bca2-e27721039ac9"}
{"timestamp":"2026-08-24T09:04:30.830Z","level":"info","message":"[AgentIterator] Synchronizing results","conversationId":"sess_2157ab68-9c2a-49f4-a4c7-b0cbcad4c0d2","turnId":"00205243-fe27-4da3-bca2-e27721039ac9","rootTurnId":"00205243-fe27-4da3-bca2-e27721039ac9"}
{"timestamp":"2026-08-24T09:04:30.830Z","level":"info","message":"[AgentIterator] Processing intent detection result","conversationId":"sess_2157ab68-9c2a-49f4-a4c7-b0cbcad4c0d2","turnId":"00205243-fe27-4da3-bca2-e27721039ac9","rootTurnId":"00205243-fe27-4da3-bca2-e27721039ac9"}
{"timestamp":"2026-08-24T09:04:30.831Z","level":"info","message":"[ChatAgent] Processing model response stream","conversationId":"sess_2157ab68-9c2a-49f4-a4c7-b0cbcad4c0d2","turnId":"00205243-fe27-4da3-bca2-e27721039ac9","rootTurnId":"00205243-fe27-4da3-bca2-e27721039ac9"}
{"timestamp":"2026-08-24T09:04:30.831Z","level":"info","message":"[Steering] Populating steering for execution 00205243-fe27-4da3-bca2-e27721039ac9","conversationId":"sess_2157ab68-9c2a-49f4-a4c7-b0cbcad4c0d2","turnId":"00205243-fe27-4da3-bca2-e27721039ac9","rootTurnId":"00205243-fe27-4da3-bca2-e27721039ac9"}
{"timestamp":"2026-08-24T09:04:30.831Z","level":"info","message":"[Steering] ExistingFiles: /c:/Users/Student/.kiro/regen/vite.config.ts, /c:/Users/Student/.kiro/regen/tsconfig.app.json, /c:/Users/Student/.kiro/regen/src/lib/mockData.ts, /c:/Users/Student/.kiro/regen/src/pages/TrackCircuits.tsx, /c:/Users/Student/.kiro/regen/src/pages/Dashboard.tsx, /c:/Users/Student/.kiro/regen/src/pages/FBGMonitoring.tsx in 00205243-fe27-4da3-bca2-e27721039ac9","conversationId":"sess_2157ab68-9c2a-49f4-a4c7-b0cbcad4c0d2","turnId":"00205243-fe27-4da3-bca2-e27721039ac9","rootTurnId":"00205243-fe27-4da3-bca2-e27721039ac9"}
{"timestamp":"2026-08-24T09:04:32.993Z","level":"info","message":"acp.policy-eval.complete {\"toolId\":\"str_replace\",\"effect\":\"allow\",\"capability\":\"fs_write\"}","conversationId":"sess_2157ab68-9c2a-49f4-a4c7-b0cbcad4c0d2","turnId":"00205243-fe27-4da3-bca2-e27721039ac9","rootTurnId":"00205243-fe27-4da3-bca2-e27721039ac9"}
{"timestamp":"2026-08-24T09:04:33.000Z","level":"info","message":"[SessionPersistence] Snapshot deduplicated for regen/src/pages/Reports.tsx in session sess_2157ab68-9c2a-49f4-a4c7-b0cbcad4c0d2 (reused 9db4366b)","conversationId":"sess_2157ab68-9c2a-49f4-a4c7-b0cbcad4c0d2","turnId":"00205243-fe27-4da3-bca2-e27721039ac9","rootTurnId":"00205243-fe27-4da3-bca2-e27721039ac9"}
{"timestamp":"2026-08-24T09:04:33.032Z","level":"info","message":"[SessionPersistence] Created snapshot a8d6358d for regen/src/pages/Reports.tsx in session sess_2157ab68-9c2a-49f4-a4c7-b0cbcad4c0d2 (11705 bytes)","conversationId":"sess_2157ab68-9c2a-49f4-a4c7-b0cbcad4c0d2","turnId":"00205243-fe27-4da3-bca2-e27721039ac9","rootTurnId":"00205243-fe27-4da3-bca2-e27721039ac9"}
{"timestamp":"2026-08-24T09:04:33.036Z","level":"info","message":"fs.appendMessages.ok {\"system\":\"fs\",\"sessionId\":\"sess_2157ab68-9c2a-49f4-a4c7-b0cbcad4c0d2\",\"messageCount\":2,\"durationMs\":3}","conversationId":"sess_2157ab68-9c2a-49f4-a4c7-b0cbcad4c0d2","turnId":"00205243-fe27-4da3-bca2-e27721039ac9","rootTurnId":"00205243-fe27-4da3-bca2-e27721039ac9"}
{"timestamp":"2026-08-24T09:04:33.107Z","level":"info","message":"[AgentIterator] Parallel invoking agent","conversationId":"sess_2157ab68-9c2a-49f4-a4c7-b0cbcad4c0d2","turnId":"00205243-fe27-4da3-bca2-e27721039ac9","rootTurnId":"00205243-fe27-4da3-bca2-e27721039ac9"}
{"timestamp":"2026-08-24T09:04:33.107Z","level":"info","message":"[Steering] Populating steering for execution 00205243-fe27-4da3-bca2-e27721039ac9","conversationId":"sess_2157ab68-9c2a-49f4-a4c7-b0cbcad4c0d2","turnId":"00205243-fe27-4da3-bca2-e27721039ac9","rootTurnId":"00205243-fe27-4da3-bca2-e27721039ac9"}
{"timestamp":"2026-08-24T09:04:33.107Z","level":"info","message":"[Steering] ExistingFiles: /c:/Users/Student/.kiro/regen/vite.config.ts, /c:/Users/Student/.kiro/regen/tsconfig.app.json, /c:/Users/Student/.kiro/regen/src/lib/mockData.ts, /c:/Users/Student/.kiro/regen/src/pages/TrackCircuits.tsx, /c:/Users/Student/.kiro/regen/src/pages/Dashboard.tsx, /c:/Users/Student/.kiro/regen/src/pages/FBGMonitoring.tsx in 00205243-fe27-4da3-bca2-e27721039ac9","conversationId":"sess_2157ab68-9c2a-49f4-a4c7-b0cbcad4c0d2","turnId":"00205243-fe27-4da3-bca2-e27721039ac9","rootTurnId":"00205243-fe27-4da3-bca2-e27721039ac9"}
{"timestamp":"2026-08-24T09:04:33.111Z","level":"info","message":"[q-developer-converse] Sending GenerateAssistantResponse modelId=auto agentMode=vibe origin=AI_EDITOR streaming=true conversationId=sess_2157ab68-9c2a-49f4-a4c7-b0cbcad4c0d2","conversationId":"sess_2157ab68-9c2a-49f4-a4c7-b0cbcad4c0d2","turnId":"00205243-fe27-4da3-bca2-e27721039ac9","rootTurnId":"00205243-fe27-4da3-bca2-e27721039ac9"}
{"timestamp":"2026-08-24T09:04:33.113Z","level":"info","message":"[q-developer-converse] Request payload: 528889 chars, 170 history messages, conversationId=sess_2157ab68-9c2a-49f4-a4c7-b0cbcad4c0d2","conversationId":"sess_2157ab68-9c2a-49f4-a4c7-b0cbcad4c0d2","turnId":"00205243-fe27-4da3-bca2-e27721039ac9","rootTurnId":"00205243-fe27-4da3-bca2-e27721039ac9"}
{"timestamp":"2026-08-24T09:04:33.121Z","level":"info","message":"fs.appendMessages.ok {\"system\":\"fs\",\"sessionId\":\"sess_2157ab68-9c2a-49f4-a4c7-b0cbcad4c0d2\",\"messageCount\":1,\"durationMs\":20}","conversationId":"sess_2157ab68-9c2a-49f4-a4c7-b0cbcad4c0d2","turnId":"00205243-fe27-4da3-bca2-e27721039ac9","rootTurnId":"00205243-fe27-4da3-bca2-e27721039ac9"}
{"timestamp":"2026-08-24T09:04:33.123Z","level":"info","message":"fs.appendMessages.ok {\"system\":\"fs\",\"sessionId\":\"sess_2157ab68-9c2a-49f4-a4c7-b0cbcad4c0d2\",\"messageCount\":1,\"durationMs\":2}","conversationId":"sess_2157ab68-9c2a-49f4-a4c7-b0cbcad4c0d2","turnId":"00205243-fe27-4da3-bca2-e27721039ac9","rootTurnId":"00205243-fe27-4da3-bca2-e27721039ac9"}
{"timestamp":"2026-08-24T09:04:37.254Z","level":"info","message":"[AgentIterator] Synchronizing results","conversationId":"sess_2157ab68-9c2a-49f4-a4c7-b0cbcad4c0d2","turnId":"00205243-fe27-4da3-bca2-e27721039ac9","rootTurnId":"00205243-fe27-4da3-bca2-e27721039ac9"}
{"timestamp":"2026-08-24T09:04:37.254Z","level":"info","message":"[AgentIterator] Processing intent detection result","conversationId":"sess_2157ab68-9c2a-49f4-a4c7-b0cbcad4c0d2","turnId":"00205243-fe27-4da3-bca2-e27721039ac9","rootTurnId":"00205243-fe27-4da3-bca2-e27721039ac9"}
{"timestamp":"2026-08-24T09:04:37.254Z","level":"info","message":"[ChatAgent] Processing model response stream","conversationId":"sess_2157ab68-9c2a-49f4-a4c7-b0cbcad4c0d2","turnId":"00205243-fe27-4da3-bca2-e27721039ac9","rootTurnId":"00205243-fe27-4da3-bca2-e27721039ac9"}
{"timestamp":"2026-08-24T09:04:37.254Z","level":"info","message":"[Steering] Populating steering for execution 00205243-fe27-4da3-bca2-e27721039ac9","conversationId":"sess_2157ab68-9c2a-49f4-a4c7-b0cbcad4c0d2","turnId":"00205243-fe27-4da3-bca2-e27721039ac9","rootTurnId":"00205243-fe27-4da3-bca2-e27721039ac9"}
{"timestamp":"2026-08-24T09:04:37.254Z","level":"info","message":"[Steering] ExistingFiles: /c:/Users/Student/.kiro/regen/vite.config.ts, /c:/Users/Student/.kiro/regen/tsconfig.app.json, /c:/Users/Student/.kiro/regen/src/lib/mockData.ts, /c:/Users/Student/.kiro/regen/src/pages/TrackCircuits.tsx, /c:/Users/Student/.kiro/regen/src/pages/Dashboard.tsx, /c:/Users/Student/.kiro/regen/src/pages/FBGMonitoring.tsx in 00205243-fe27-4da3-bca2-e27721039ac9","conversationId":"sess_2157ab68-9c2a-49f4-a4c7-b0cbcad4c0d2","turnId":"00205243-fe27-4da3-bca2-e27721039ac9","rootTurnId":"00205243-fe27-4da3-bca2-e27721039ac9"}
{"timestamp":"2026-08-24T09:04:39.193Z","level":"info","message":"acp.policy-eval.complete {\"toolId\":\"str_replace\",\"effect\":\"allow\",\"capability\":\"fs_write\"}","conversationId":"sess_2157ab68-9c2a-49f4-a4c7-b0cbcad4c0d2","turnId":"00205243-fe27-4da3-bca2-e27721039ac9","rootTurnId":"00205243-fe27-4da3-bca2-e27721039ac9"}
{"timestamp":"2026-08-24T09:04:39.200Z","level":"info","message":"[SessionPersistence] Snapshot deduplicated for regen/src/pages/Reports.tsx in session sess_2157ab68-9c2a-49f4-a4c7-b0cbcad4c0d2 (reused a8d6358d)","conversationId":"sess_2157ab68-9c2a-49f4-a4c7-b0cbcad4c0d2","turnId":"00205243-fe27-4da3-bca2-e27721039ac9","rootTurnId":"00205243-fe27-4da3-bca2-e27721039ac9"}
{"timestamp":"2026-08-24T09:04:39.232Z","level":"info","message":"[SessionPersistence] Created snapshot cf6cbcc3 for regen/src/pages/Reports.tsx in session sess_2157ab68-9c2a-49f4-a4c7-b0cbcad4c0d2 (11637 bytes)","conversationId":"sess_2157ab68-9c2a-49f4-a4c7-b0cbcad4c0d2","turnId":"00205243-fe27-4da3-bca2-e27721039ac9","rootTurnId":"00205243-fe27-4da3-bca2-e27721039ac9"}
{"timestamp":"2026-08-24T09:04:39.235Z","level":"info","message":"fs.appendMessages.ok {\"system\":\"fs\",\"sessionId\":\"sess_2157ab68-9c2a-49f4-a4c7-b0cbcad4c0d2\",\"messageCount\":2,\"durationMs\":3}","conversationId":"sess_2157ab68-9c2a-49f4-a4c7-b0cbcad4c0d2","turnId":"00205243-fe27-4da3-bca2-e27721039ac9","rootTurnId":"00205243-fe27-4da3-bca2-e27721039ac9"}
{"timestamp":"2026-08-24T09:04:39.309Z","level":"info","message":"[AgentIterator] Parallel invoking agent","conversationId":"sess_2157ab68-9c2a-49f4-a4c7-b0cbcad4c0d2","turnId":"00205243-fe27-4da3-bca2-e27721039ac9","rootTurnId":"00205243-fe27-4da3-bca2-e27721039ac9"}
{"timestamp":"2026-08-24T09:04:39.309Z","level":"info","message":"[Steering] Populating steering for execution 00205243-fe27-4da3-bca2-e27721039ac9","conversationId":"sess_2157ab68-9c2a-49f4-a4c7-b0cbcad4c0d2","turnId":"00205243-fe27-4da3-bca2-e27721039ac9","rootTurnId":"00205243-fe27-4da3-bca2-e27721039ac9"}
{"timestamp":"2026-08-24T09:04:39.309Z","level":"info","message":"[Steering] ExistingFiles: /c:/Users/Student/.kiro/regen/vite.config.ts, /c:/Users/Student/.kiro/regen/tsconfig.app.json, /c:/Users/Student/.kiro/regen/src/lib/mockData.ts, /c:/Users/Student/.kiro/regen/src/pages/TrackCircuits.tsx, /c:/Users/Student/.kiro/regen/src/pages/Dashboard.tsx, /c:/Users/Student/.kiro/regen/src/pages/FBGMonitoring.tsx in 00205243-fe27-4da3-bca2-e27721039ac9","conversationId":"sess_2157ab68-9c2a-49f4-a4c7-b0cbcad4c0d2","turnId":"00205243-fe27-4da3-bca2-e27721039ac9","rootTurnId":"00205243-fe27-4da3-bca2-e27721039ac9"}
{"timestamp":"2026-08-24T09:04:39.312Z","level":"info","message":"[q-developer-converse] Sending GenerateAssistantResponse modelId=auto agentMode=vibe origin=AI_EDITOR streaming=true conversationId=sess_2157ab68-9c2a-49f4-a4c7-b0cbcad4c0d2","conversationId":"sess_2157ab68-9c2a-49f4-a4c7-b0cbcad4c0d2","turnId":"00205243-fe27-4da3-bca2-e27721039ac9","rootTurnId":"00205243-fe27-4da3-bca2-e27721039ac9"}
{"timestamp":"2026-08-24T09:04:39.314Z","level":"info","message":"[q-developer-converse] Request payload: 530197 chars, 172 history messages, conversationId=sess_2157ab68-9c2a-49f4-a4c7-b0cbcad4c0d2","conversationId":"sess_2157ab68-9c2a-49f4-a4c7-b0cbcad4c0d2","turnId":"00205243-fe27-4da3-bca2-e27721039ac9","rootTurnId":"00205243-fe27-4da3-bca2-e27721039ac9"}
{"timestamp":"2026-08-24T09:04:39.321Z","level":"info","message":"fs.appendMessages.ok {\"system\":\"fs\",\"sessionId\":\"sess_2157ab68-9c2a-49f4-a4c7-b0cbcad4c0d2\",\"messageCount\":1,\"durationMs\":19}","conversationId":"sess_2157ab68-9c2a-49f4-a4c7-b0cbcad4c0d2","turnId":"00205243-fe27-4da3-bca2-e27721039ac9","rootTurnId":"00205243-fe27-4da3-bca2-e27721039ac9"}
{"timestamp":"2026-08-24T09:04:39.323Z","level":"info","message":"fs.appendMessages.ok {\"system\":\"fs\",\"sessionId\":\"sess_2157ab68-9c2a-49f4-a4c7-b0cbcad4c0d2\",\"messageCount\":1,\"durationMs\":2}","conversationId":"sess_2157ab68-9c2a-49f4-a4c7-b0cbcad4c0d2","turnId":"00205243-fe27-4da3-bca2-e27721039ac9","rootTurnId":"00205243-fe27-4da3-bca2-e27721039ac9"}
{"timestamp":"2026-08-24T09:04:43.367Z","level":"info","message":"[AgentIterator] Synchronizing results","conversationId":"sess_2157ab68-9c2a-49f4-a4c7-b0cbcad4c0d2","turnId":"00205243-fe27-4da3-bca2-e27721039ac9","rootTurnId":"00205243-fe27-4da3-bca2-e27721039ac9"}
{"timestamp":"2026-08-24T09:04:43.367Z","level":"info","message":"[AgentIterator] Processing intent detection result","conversationId":"sess_2157ab68-9c2a-49f4-a4c7-b0cbcad4c0d2","turnId":"00205243-fe27-4da3-bca2-e27721039ac9","rootTurnId":"00205243-fe27-4da3-bca2-e27721039ac9"}
{"timestamp":"2026-08-24T09:04:43.368Z","level":"info","message":"[ChatAgent] Processing model response stream","conversationId":"sess_2157ab68-9c2a-49f4-a4c7-b0cbcad4c0d2","turnId":"00205243-fe27-4da3-bca2-e27721039ac9","rootTurnId":"00205243-fe27-4da3-bca2-e27721039ac9"}
{"timestamp":"2026-08-24T09:04:43.368Z","level":"info","message":"[Steering] Populating steering for execution 00205243-fe27-4da3-bca2-e27721039ac9","conversationId":"sess_2157ab68-9c2a-49f4-a4c7-b0cbcad4c0d2","turnId":"00205243-fe27-4da3-bca2-e27721039ac9","rootTurnId":"00205243-fe27-4da3-bca2-e27721039ac9"}
{"timestamp":"2026-08-24T09:04:43.368Z","level":"info","message":"[Steering] ExistingFiles: /c:/Users/Student/.kiro/regen/vite.config.ts, /c:/Users/Student/.kiro/regen/tsconfig.app.json, /c:/Users/Student/.kiro/regen/src/lib/mockData.ts, /c:/Users/Student/.kiro/regen/src/pages/TrackCircuits.tsx, /c:/Users/Student/.kiro/regen/src/pages/Dashboard.tsx, /c:/Users/Student/.kiro/regen/src/pages/FBGMonitoring.tsx in 00205243-fe27-4da3-bca2-e27721039ac9","conversationId":"sess_2157ab68-9c2a-49f4-a4c7-b0cbcad4c0d2","turnId":"00205243-fe27-4da3-bca2-e27721039ac9","rootTurnId":"00205243-fe27-4da3-bca2-e27721039ac9"}
{"timestamp":"2026-08-24T09:04:45.732Z","level":"info","message":"acp.policy-eval.complete {\"toolId\":\"str_replace\",\"effect\":\"allow\",\"capability\":\"fs_write\"}","conversationId":"sess_2157ab68-9c2a-49f4-a4c7-b0cbcad4c0d2","turnId":"00205243-fe27-4da3-bca2-e27721039ac9","rootTurnId":"00205243-fe27-4da3-bca2-e27721039ac9"}
{"timestamp":"2026-08-24T09:04:45.740Z","level":"info","message":"[SessionPersistence] Snapshot deduplicated for regen/src/pages/Reports.tsx in session sess_2157ab68-9c2a-49f4-a4c7-b0cbcad4c0d2 (reused cf6cbcc3)","conversationId":"sess_2157ab68-9c2a-49f4-a4c7-b0cbcad4c0d2","turnId":"00205243-fe27-4da3-bca2-e27721039ac9","rootTurnId":"00205243-fe27-4da3-bca2-e27721039ac9"}
{"timestamp":"2026-08-24T09:04:45.769Z","level":"info","message":"[SessionPersistence] Created snapshot 94cfaf9f for regen/src/pages/Reports.tsx in session sess_2157ab68-9c2a-49f4-a4c7-b0cbcad4c0d2 (11597 bytes)","conversationId":"sess_2157ab68-9c2a-49f4-a4c7-b0cbcad4c0d2","turnId":"00205243-fe27-4da3-bca2-e27721039ac9","rootTurnId":"00205243-fe27-4da3-bca2-e27721039ac9"}
{"timestamp":"2026-08-24T09:04:45.773Z","level":"info","message":"fs.appendMessages.ok {\"system\":\"fs\",\"sessionId\":\"sess_2157ab68-9c2a-49f4-a4c7-b0cbcad4c0d2\",\"messageCount\":2,\"durationMs\":4}","conversationId":"sess_2157ab68-9c2a-49f4-a4c7-b0cbcad4c0d2","turnId":"00205243-fe27-4da3-bca2-e27721039ac9","rootTurnId":"00205243-fe27-4da3-bca2-e27721039ac9"}
{"timestamp":"2026-08-24T09:04:46.096Z","level":"info","message":"[AgentIterator] Parallel invoking agent","conversationId":"sess_2157ab68-9c2a-49f4-a4c7-b0cbcad4c0d2","turnId":"00205243-fe27-4da3-bca2-e27721039ac9","rootTurnId":"00205243-fe27-4da3-bca2-e27721039ac9"}
{"timestamp":"2026-08-24T09:04:46.096Z","level":"info","message":"[Steering] Populating steering for execution 00205243-fe27-4da3-bca2-e27721039ac9","conversationId":"sess_2157ab68-9c2a-49f4-a4c7-b0cbcad4c0d2","turnId":"00205243-fe27-4da3-bca2-e27721039ac9","rootTurnId":"00205243-fe27-4da3-bca2-e27721039ac9"}
{"timestamp":"2026-08-24T09:04:46.096Z","level":"info","message":"[Steering] ExistingFiles: /c:/Users/Student/.kiro/regen/vite.config.ts, /c:/Users/Student/.kiro/regen/tsconfig.app.json, /c:/Users/Student/.kiro/regen/src/lib/mockData.ts, /c:/Users/Student/.kiro/regen/src/pages/TrackCircuits.tsx, /c:/Users/Student/.kiro/regen/src/pages/Dashboard.tsx, /c:/Users/Student/.kiro/regen/src/pages/FBGMonitoring.tsx in 00205243-fe27-4da3-bca2-e27721039ac9","conversationId":"sess_2157ab68-9c2a-49f4-a4c7-b0cbcad4c0d2","turnId":"00205243-fe27-4da3-bca2-e27721039ac9","rootTurnId":"00205243-fe27-4da3-bca2-e27721039ac9"}
{"timestamp":"2026-08-24T09:04:46.100Z","level":"info","message":"[q-developer-converse] Sending GenerateAssistantResponse modelId=auto agentMode=vibe origin=AI_EDITOR streaming=true conversationId=sess_2157ab68-9c2a-49f4-a4c7-b0cbcad4c0d2","conversationId":"sess_2157ab68-9c2a-49f4-a4c7-b0cbcad4c0d2","turnId":"00205243-fe27-4da3-bca2-e27721039ac9","rootTurnId":"00205243-fe27-4da3-bca2-e27721039ac9"}
{"timestamp":"2026-08-24T09:04:46.102Z","level":"info","message":"[q-developer-converse] Request payload: 531466 chars, 174 history messages, conversationId=sess_2157ab68-9c2a-49f4-a4c7-b0cbcad4c0d2","conversationId":"sess_2157ab68-9c2a-49f4-a4c7-b0cbcad4c0d2","turnId":"00205243-fe27-4da3-bca2-e27721039ac9","rootTurnId":"00205243-fe27-4da3-bca2-e27721039ac9"}
{"timestamp":"2026-08-24T09:04:46.109Z","level":"info","message":"fs.appendMessages.ok {\"system\":\"fs\",\"sessionId\":\"sess_2157ab68-9c2a-49f4-a4c7-b0cbcad4c0d2\",\"messageCount\":1,\"durationMs\":18}","conversationId":"sess_2157ab68-9c2a-49f4-a4c7-b0cbcad4c0d2","turnId":"00205243-fe27-4da3-bca2-e27721039ac9","rootTurnId":"00205243-fe27-4da3-bca2-e27721039ac9"}
{"timestamp":"2026-08-24T09:04:46.112Z","level":"info","message":"fs.appendMessages.ok {\"system\":\"fs\",\"sessionId\":\"sess_2157ab68-9c2a-49f4-a4c7-b0cbcad4c0d2\",\"messageCount\":1,\"durationMs\":2}","conversationId":"sess_2157ab68-9c2a-49f4-a4c7-b0cbcad4c0d2","turnId":"00205243-fe27-4da3-bca2-e27721039ac9","rootTurnId":"00205243-fe27-4da3-bca2-e27721039ac9"}
{"timestamp":"2026-08-24T09:04:50.798Z","level":"info","message":"[AgentIterator] Synchronizing results","conversationId":"sess_2157ab68-9c2a-49f4-a4c7-b0cbcad4c0d2","turnId":"00205243-fe27-4da3-bca2-e27721039ac9","rootTurnId":"00205243-fe27-4da3-bca2-e27721039ac9"}
{"timestamp":"2026-08-24T09:04:50.798Z","level":"info","message":"[AgentIterator] Processing intent detection result","conversationId":"sess_2157ab68-9c2a-49f4-a4c7-b0cbcad4c0d2","turnId":"00205243-fe27-4da3-bca2-e27721039ac9","rootTurnId":"00205243-fe27-4da3-bca2-e27721039ac9"}
{"timestamp":"2026-08-24T09:04:50.798Z","level":"info","message":"[ChatAgent] Processing model response stream","conversationId":"sess_2157ab68-9c2a-49f4-a4c7-b0cbcad4c0d2","turnId":"00205243-fe27-4da3-bca2-e27721039ac9","rootTurnId":"00205243-fe27-4da3-bca2-e27721039ac9"}
{"timestamp":"2026-08-24T09:04:50.798Z","level":"info","message":"[Steering] Populating steering for execution 00205243-fe27-4da3-bca2-e27721039ac9","conversationId":"sess_2157ab68-9c2a-49f4-a4c7-b0cbcad4c0d2","turnId":"00205243-fe27-4da3-bca2-e27721039ac9","rootTurnId":"00205243-fe27-4da3-bca2-e27721039ac9"}
{"timestamp":"2026-08-24T09:04:50.798Z","level":"info","message":"[Steering] ExistingFiles: /c:/Users/Student/.kiro/regen/vite.config.ts, /c:/Users/Student/.kiro/regen/tsconfig.app.json, /c:/Users/Student/.kiro/regen/src/lib/mockData.ts, /c:/Users/Student/.kiro/regen/src/pages/TrackCircuits.tsx, /c:/Users/Student/.kiro/regen/src/pages/Dashboard.tsx, /c:/Users/Student/.kiro/regen/src/pages/FBGMonitoring.tsx in 00205243-fe27-4da3-bca2-e27721039ac9","conversationId":"sess_2157ab68-9c2a-49f4-a4c7-b0cbcad4c0d2","turnId":"00205243-fe27-4da3-bca2-e27721039ac9","rootTurnId":"00205243-fe27-4da3-bca2-e27721039ac9"}
{"timestamp":"2026-08-24T09:04:52.481Z","level":"info","message":"fs.appendMessages.ok {\"system\":\"fs\",\"sessionId\":\"sess_2157ab68-9c2a-49f4-a4c7-b0cbcad4c0d2\",\"messageCount\":1,\"durationMs\":3}","conversationId":"sess_2157ab68-9c2a-49f4-a4c7-b0cbcad4c0d2","turnId":"00205243-fe27-4da3-bca2-e27721039ac9","rootTurnId":"00205243-fe27-4da3-bca2-e27721039ac9"}
{"timestamp":"2026-08-24T09:04:54.543Z","level":"info","message":"acp.policy-eval.complete {\"toolId\":\"str_replace\",\"effect\":\"allow\",\"capability\":\"fs_write\"}","conversationId":"sess_2157ab68-9c2a-49f4-a4c7-b0cbcad4c0d2","turnId":"00205243-fe27-4da3-bca2-e27721039ac9","rootTurnId":"00205243-fe27-4da3-bca2-e27721039ac9"}
{"timestamp":"2026-08-24T09:04:54.548Z","level":"info","message":"[SessionPersistence] Snapshot deduplicated for regen/src/pages/Maintenance.tsx in session sess_2157ab68-9c2a-49f4-a4c7-b0cbcad4c0d2 (reused 58a2032a)","conversationId":"sess_2157ab68-9c2a-49f4-a4c7-b0cbcad4c0d2","turnId":"00205243-fe27-4da3-bca2-e27721039ac9","rootTurnId":"00205243-fe27-4da3-bca2-e27721039ac9"}
{"timestamp":"2026-08-24T09:04:54.578Z","level":"info","message":"[SessionPersistence] Created snapshot 946f960f for regen/src/pages/Maintenance.tsx in session sess_2157ab68-9c2a-49f4-a4c7-b0cbcad4c0d2 (13883 bytes)","conversationId":"sess_2157ab68-9c2a-49f4-a4c7-b0cbcad4c0d2","turnId":"00205243-fe27-4da3-bca2-e27721039ac9","rootTurnId":"00205243-fe27-4da3-bca2-e27721039ac9"}
{"timestamp":"2026-08-24T09:04:54.584Z","level":"info","message":"fs.appendMessages.ok {\"system\":\"fs\",\"sessionId\":\"sess_2157ab68-9c2a-49f4-a4c7-b0cbcad4c0d2\",\"messageCount\":2,\"durationMs\":5}","conversationId":"sess_2157ab68-9c2a-49f4-a4c7-b0cbcad4c0d2","turnId":"00205243-fe27-4da3-bca2-e27721039ac9","rootTurnId":"00205243-fe27-4da3-bca2-e27721039ac9"}
{"timestamp":"2026-08-24T09:04:54.927Z","level":"info","message":"[AgentIterator] Parallel invoking agent","conversationId":"sess_2157ab68-9c2a-49f4-a4c7-b0cbcad4c0d2","turnId":"00205243-fe27-4da3-bca2-e27721039ac9","rootTurnId":"00205243-fe27-4da3-bca2-e27721039ac9"}
{"timestamp":"2026-08-24T09:04:54.927Z","level":"info","message":"[Steering] Populating steering for execution 00205243-fe27-4da3-bca2-e27721039ac9","conversationId":"sess_2157ab68-9c2a-49f4-a4c7-b0cbcad4c0d2","turnId":"00205243-fe27-4da3-bca2-e27721039ac9","rootTurnId":"00205243-fe27-4da3-bca2-e27721039ac9"}
{"timestamp":"2026-08-24T09:04:54.927Z","level":"info","message":"[Steering] ExistingFiles: /c:/Users/Student/.kiro/regen/vite.config.ts, /c:/Users/Student/.kiro/regen/tsconfig.app.json, /c:/Users/Student/.kiro/regen/src/lib/mockData.ts, /c:/Users/Student/.kiro/regen/src/pages/TrackCircuits.tsx, /c:/Users/Student/.kiro/regen/src/pages/Dashboard.tsx, /c:/Users/Student/.kiro/regen/src/pages/FBGMonitoring.tsx in 00205243-fe27-4da3-bca2-e27721039ac9","conversationId":"sess_2157ab68-9c2a-49f4-a4c7-b0cbcad4c0d2","turnId":"00205243-fe27-4da3-bca2-e27721039ac9","rootTurnId":"00205243-fe27-4da3-bca2-e27721039ac9"}
{"timestamp":"2026-08-24T09:04:54.930Z","level":"info","message":"[q-developer-converse] Sending GenerateAssistantResponse modelId=auto agentMode=vibe origin=AI_EDITOR streaming=true conversationId=sess_2157ab68-9c2a-49f4-a4c7-b0cbcad4c0d2","conversationId":"sess_2157ab68-9c2a-49f4-a4c7-b0cbcad4c0d2","turnId":"00205243-fe27-4da3-bca2-e27721039ac9","rootTurnId":"00205243-fe27-4da3-bca2-e27721039ac9"}
{"timestamp":"2026-08-24T09:04:54.932Z","level":"info","message":"[q-developer-converse] Request payload: 532816 chars, 176 history messages, conversationId=sess_2157ab68-9c2a-49f4-a4c7-b0cbcad4c0d2","conversationId":"sess_2157ab68-9c2a-49f4-a4c7-b0cbcad4c0d2","turnId":"00205243-fe27-4da3-bca2-e27721039ac9","rootTurnId":"00205243-fe27-4da3-bca2-e27721039ac9"}
{"timestamp":"2026-08-24T09:04:54.940Z","level":"info","message":"fs.appendMessages.ok {\"system\":\"fs\",\"sessionId\":\"sess_2157ab68-9c2a-49f4-a4c7-b0cbcad4c0d2\",\"messageCount\":1,\"durationMs\":19}","conversationId":"sess_2157ab68-9c2a-49f4-a4c7-b0cbcad4c0d2","turnId":"00205243-fe27-4da3-bca2-e27721039ac9","rootTurnId":"00205243-fe27-4da3-bca2-e27721039ac9"}
{"timestamp":"2026-08-24T09:04:54.943Z","level":"info","message":"fs.appendMessages.ok {\"system\":\"fs\",\"sessionId\":\"sess_2157ab68-9c2a-49f4-a4c7-b0cbcad4c0d2\",\"messageCount\":1,\"durationMs\":3}","conversationId":"sess_2157ab68-9c2a-49f4-a4c7-b0cbcad4c0d2","turnId":"00205243-fe27-4da3-bca2-e27721039ac9","rootTurnId":"00205243-fe27-4da3-bca2-e27721039ac9"}
{"timestamp":"2026-08-24T09:04:58.786Z","level":"info","message":"[AgentIterator] Synchronizing results","conversationId":"sess_2157ab68-9c2a-49f4-a4c7-b0cbcad4c0d2","turnId":"00205243-fe27-4da3-bca2-e27721039ac9","rootTurnId":"00205243-fe27-4da3-bca2-e27721039ac9"}
{"timestamp":"2026-08-24T09:04:58.786Z","level":"info","message":"[AgentIterator] Processing intent detection result","conversationId":"sess_2157ab68-9c2a-49f4-a4c7-b0cbcad4c0d2","turnId":"00205243-fe27-4da3-bca2-e27721039ac9","rootTurnId":"00205243-fe27-4da3-bca2-e27721039ac9"}
{"timestamp":"2026-08-24T09:04:58.786Z","level":"info","message":"[ChatAgent] Processing model response stream","conversationId":"sess_2157ab68-9c2a-49f4-a4c7-b0cbcad4c0d2","turnId":"00205243-fe27-4da3-bca2-e27721039ac9","rootTurnId":"00205243-fe27-4da3-bca2-e27721039ac9"}
{"timestamp":"2026-08-24T09:04:58.786Z","level":"info","message":"[Steering] Populating steering for execution 00205243-fe27-4da3-bca2-e27721039ac9","conversationId":"sess_2157ab68-9c2a-49f4-a4c7-b0cbcad4c0d2","turnId":"00205243-fe27-4da3-bca2-e27721039ac9","rootTurnId":"00205243-fe27-4da3-bca2-e27721039ac9"}
{"timestamp":"2026-08-24T09:04:58.786Z","level":"info","message":"[Steering] ExistingFiles: /c:/Users/Student/.kiro/regen/vite.config.ts, /c:/Users/Student/.kiro/regen/tsconfig.app.json, /c:/Users/Student/.kiro/regen/src/lib/mockData.ts, /c:/Users/Student/.kiro/regen/src/pages/TrackCircuits.tsx, /c:/Users/Student/.kiro/regen/src/pages/Dashboard.tsx, /c:/Users/Student/.kiro/regen/src/pages/FBGMonitoring.tsx in 00205243-fe27-4da3-bca2-e27721039ac9","conversationId":"sess_2157ab68-9c2a-49f4-a4c7-b0cbcad4c0d2","turnId":"00205243-fe27-4da3-bca2-e27721039ac9","rootTurnId":"00205243-fe27-4da3-bca2-e27721039ac9"}
{"timestamp":"2026-08-24T09:04:59.202Z","level":"info","message":"fs.appendMessages.ok {\"system\":\"fs\",\"sessionId\":\"sess_2157ab68-9c2a-49f4-a4c7-b0cbcad4c0d2\",\"messageCount\":1,\"durationMs\":3}","conversationId":"sess_2157ab68-9c2a-49f4-a4c7-b0cbcad4c0d2","turnId":"00205243-fe27-4da3-bca2-e27721039ac9","rootTurnId":"00205243-fe27-4da3-bca2-e27721039ac9"}
{"timestamp":"2026-08-24T09:05:01.022Z","level":"info","message":"acp.policy-eval.complete {\"toolId\":\"str_replace\",\"effect\":\"allow\",\"capability\":\"fs_write\"}","conversationId":"sess_2157ab68-9c2a-49f4-a4c7-b0cbcad4c0d2","turnId":"00205243-fe27-4da3-bca2-e27721039ac9","rootTurnId":"00205243-fe27-4da3-bca2-e27721039ac9"}
{"timestamp":"2026-08-24T09:05:01.029Z","level":"info","message":"[SessionPersistence] Snapshot deduplicated for regen/src/pages/Maintenance.tsx in session sess_2157ab68-9c2a-49f4-a4c7-b0cbcad4c0d2 (reused 946f960f)","conversationId":"sess_2157ab68-9c2a-49f4-a4c7-b0cbcad4c0d2","turnId":"00205243-fe27-4da3-bca2-e27721039ac9","rootTurnId":"00205243-fe27-4da3-bca2-e27721039ac9"}
{"timestamp":"2026-08-24T09:05:01.059Z","level":"info","message":"[SessionPersistence] Created snapshot cfc25a0f for regen/src/pages/Maintenance.tsx in session sess_2157ab68-9c2a-49f4-a4c7-b0cbcad4c0d2 (13594 bytes)","conversationId":"sess_2157ab68-9c2a-49f4-a4c7-b0cbcad4c0d2","turnId":"00205243-fe27-4da3-bca2-e27721039ac9","rootTurnId":"00205243-fe27-4da3-bca2-e27721039ac9"}
{"timestamp":"2026-08-24T09:05:01.063Z","level":"info","message":"fs.appendMessages.ok {\"system\":\"fs\",\"sessionId\":\"sess_2157ab68-9c2a-49f4-a4c7-b0cbcad4c0d2\",\"messageCount\":2,\"durationMs\":3}","conversationId":"sess_2157ab68-9c2a-49f4-a4c7-b0cbcad4c0d2","turnId":"00205243-fe27-4da3-bca2-e27721039ac9","rootTurnId":"00205243-fe27-4da3-bca2-e27721039ac9"}
{"timestamp":"2026-08-24T09:05:01.370Z","level":"info","message":"[AgentIterator] Parallel invoking agent","conversationId":"sess_2157ab68-9c2a-49f4-a4c7-b0cbcad4c0d2","turnId":"00205243-fe27-4da3-bca2-e27721039ac9","rootTurnId":"00205243-fe27-4da3-bca2-e27721039ac9"}
{"timestamp":"2026-08-24T09:05:01.371Z","level":"info","message":"[Steering] Populating steering for execution 00205243-fe27-4da3-bca2-e27721039ac9","conversationId":"sess_2157ab68-9c2a-49f4-a4c7-b0cbcad4c0d2","turnId":"00205243-fe27-4da3-bca2-e27721039ac9","rootTurnId":"00205243-fe27-4da3-bca2-e27721039ac9"}
{"timestamp":"2026-08-24T09:05:01.371Z","level":"info","message":"[Steering] ExistingFiles: /c:/Users/Student/.kiro/regen/vite.config.ts, /c:/Users/Student/.kiro/regen/tsconfig.app.json, /c:/Users/Student/.kiro/regen/src/lib/mockData.ts, /c:/Users/Student/.kiro/regen/src/pages/TrackCircuits.tsx, /c:/Users/Student/.kiro/regen/src/pages/Dashboard.tsx, /c:/Users/Student/.kiro/regen/src/pages/FBGMonitoring.tsx in 00205243-fe27-4da3-bca2-e27721039ac9","conversationId":"sess_2157ab68-9c2a-49f4-a4c7-b0cbcad4c0d2","turnId":"00205243-fe27-4da3-bca2-e27721039ac9","rootTurnId":"00205243-fe27-4da3-bca2-e27721039ac9"}
{"timestamp":"2026-08-24T09:05:01.374Z","level":"info","message":"[q-developer-converse] Sending GenerateAssistantResponse modelId=auto agentMode=vibe origin=AI_EDITOR streaming=true conversationId=sess_2157ab68-9c2a-49f4-a4c7-b0cbcad4c0d2","conversationId":"sess_2157ab68-9c2a-49f4-a4c7-b0cbcad4c0d2","turnId":"00205243-fe27-4da3-bca2-e27721039ac9","rootTurnId":"00205243-fe27-4da3-bca2-e27721039ac9"}
{"timestamp":"2026-08-24T09:05:01.376Z","level":"info","message":"[q-developer-converse] Request payload: 534114 chars, 178 history messages, conversationId=sess_2157ab68-9c2a-49f4-a4c7-b0cbcad4c0d2","conversationId":"sess_2157ab68-9c2a-49f4-a4c7-b0cbcad4c0d2","turnId":"00205243-fe27-4da3-bca2-e27721039ac9","rootTurnId":"00205243-fe27-4da3-bca2-e27721039ac9"}
{"timestamp":"2026-08-24T09:05:01.384Z","level":"info","message":"fs.appendMessages.ok {\"system\":\"fs\",\"sessionId\":\"sess_2157ab68-9c2a-49f4-a4c7-b0cbcad4c0d2\",\"messageCount\":1,\"durationMs\":20}","conversationId":"sess_2157ab68-9c2a-49f4-a4c7-b0cbcad4c0d2","turnId":"00205243-fe27-4da3-bca2-e27721039ac9","rootTurnId":"00205243-fe27-4da3-bca2-e27721039ac9"}
{"timestamp":"2026-08-24T09:05:01.391Z","level":"info","message":"fs.appendMessages.ok {\"system\":\"fs\",\"sessionId\":\"sess_2157ab68-9c2a-49f4-a4c7-b0cbcad4c0d2\",\"messageCount\":1,\"durationMs\":6}","conversationId":"sess_2157ab68-9c2a-49f4-a4c7-b0cbcad4c0d2","turnId":"00205243-fe27-4da3-bca2-e27721039ac9","rootTurnId":"00205243-fe27-4da3-bca2-e27721039ac9"}
{"timestamp":"2026-08-24T09:05:05.479Z","level":"info","message":"[AgentIterator] Synchronizing results","conversationId":"sess_2157ab68-9c2a-49f4-a4c7-b0cbcad4c0d2","turnId":"00205243-fe27-4da3-bca2-e27721039ac9","rootTurnId":"00205243-fe27-4da3-bca2-e27721039ac9"}
{"timestamp":"2026-08-24T09:05:05.479Z","level":"info","message":"[AgentIterator] Processing intent detection result","conversationId":"sess_2157ab68-9c2a-49f4-a4c7-b0cbcad4c0d2","turnId":"00205243-fe27-4da3-bca2-e27721039ac9","rootTurnId":"00205243-fe27-4da3-bca2-e27721039ac9"}
{"timestamp":"2026-08-24T09:05:05.480Z","level":"info","message":"[ChatAgent] Processing model response stream","conversationId":"sess_2157ab68-9c2a-49f4-a4c7-b0cbcad4c0d2","turnId":"00205243-fe27-4da3-bca2-e27721039ac9","rootTurnId":"00205243-fe27-4da3-bca2-e27721039ac9"}
{"timestamp":"2026-08-24T09:05:05.480Z","level":"info","message":"[Steering] Populating steering for execution 00205243-fe27-4da3-bca2-e27721039ac9","conversationId":"sess_2157ab68-9c2a-49f4-a4c7-b0cbcad4c0d2","turnId":"00205243-fe27-4da3-bca2-e27721039ac9","rootTurnId":"00205243-fe27-4da3-bca2-e27721039ac9"}
{"timestamp":"2026-08-24T09:05:05.480Z","level":"info","message":"[Steering] ExistingFiles: /c:/Users/Student/.kiro/regen/vite.config.ts, /c:/Users/Student/.kiro/regen/tsconfig.app.json, /c:/Users/Student/.kiro/regen/src/lib/mockData.ts, /c:/Users/Student/.kiro/regen/src/pages/TrackCircuits.tsx, /c:/Users/Student/.kiro/regen/src/pages/Dashboard.tsx, /c:/Users/Student/.kiro/regen/src/pages/FBGMonitoring.tsx in 00205243-fe27-4da3-bca2-e27721039ac9","conversationId":"sess_2157ab68-9c2a-49f4-a4c7-b0cbcad4c0d2","turnId":"00205243-fe27-4da3-bca2-e27721039ac9","rootTurnId":"00205243-fe27-4da3-bca2-e27721039ac9"}
{"timestamp":"2026-08-24T09:05:06.024Z","level":"info","message":"fs.appendMessages.ok {\"system\":\"fs\",\"sessionId\":\"sess_2157ab68-9c2a-49f4-a4c7-b0cbcad4c0d2\",\"messageCount\":1,\"durationMs\":2}","conversationId":"sess_2157ab68-9c2a-49f4-a4c7-b0cbcad4c0d2","turnId":"00205243-fe27-4da3-bca2-e27721039ac9","rootTurnId":"00205243-fe27-4da3-bca2-e27721039ac9"}
{"timestamp":"2026-08-24T09:05:08.640Z","level":"info","message":"acp.policy-eval.complete {\"toolId\":\"str_replace\",\"effect\":\"allow\",\"capability\":\"fs_write\"}","conversationId":"sess_2157ab68-9c2a-49f4-a4c7-b0cbcad4c0d2","turnId":"00205243-fe27-4da3-bca2-e27721039ac9","rootTurnId":"00205243-fe27-4da3-bca2-e27721039ac9"}
{"timestamp":"2026-08-24T09:05:08.647Z","level":"info","message":"[SessionPersistence] Snapshot deduplicated for regen/src/pages/Maintenance.tsx in session sess_2157ab68-9c2a-49f4-a4c7-b0cbcad4c0d2 (reused cfc25a0f)","conversationId":"sess_2157ab68-9c2a-49f4-a4c7-b0cbcad4c0d2","turnId":"00205243-fe27-4da3-bca2-e27721039ac9","rootTurnId":"00205243-fe27-4da3-bca2-e27721039ac9"}
{"timestamp":"2026-08-24T09:05:08.676Z","level":"info","message":"[SessionPersistence] Created snapshot a69b9e8d for regen/src/pages/Maintenance.tsx in session sess_2157ab68-9c2a-49f4-a4c7-b0cbcad4c0d2 (13598 bytes)","conversationId":"sess_2157ab68-9c2a-49f4-a4c7-b0cbcad4c0d2","turnId":"00205243-fe27-4da3-bca2-e27721039ac9","rootTurnId":"00205243-fe27-4da3-bca2-e27721039ac9"}
{"timestamp":"2026-08-24T09:05:08.681Z","level":"info","message":"fs.appendMessages.ok {\"system\":\"fs\",\"sessionId\":\"sess_2157ab68-9c2a-49f4-a4c7-b0cbcad4c0d2\",\"messageCount\":2,\"durationMs\":4}","conversationId":"sess_2157ab68-9c2a-49f4-a4c7-b0cbcad4c0d2","turnId":"00205243-fe27-4da3-bca2-e27721039ac9","rootTurnId":"00205243-fe27-4da3-bca2-e27721039ac9"}
{"timestamp":"2026-08-24T09:05:09.032Z","level":"info","message":"[AgentIterator] Parallel invoking agent","conversationId":"sess_2157ab68-9c2a-49f4-a4c7-b0cbcad4c0d2","turnId":"00205243-fe27-4da3-bca2-e27721039ac9","rootTurnId":"00205243-fe27-4da3-bca2-e27721039ac9"}
{"timestamp":"2026-08-24T09:05:09.032Z","level":"info","message":"[Steering] Populating steering for execution 00205243-fe27-4da3-bca2-e27721039ac9","conversationId":"sess_2157ab68-9c2a-49f4-a4c7-b0cbcad4c0d2","turnId":"00205243-fe27-4da3-bca2-e27721039ac9","rootTurnId":"00205243-fe27-4da3-bca2-e27721039ac9"}
{"timestamp":"2026-08-24T09:05:09.032Z","level":"info","message":"[Steering] ExistingFiles: /c:/Users/Student/.kiro/regen/vite.config.ts, /c:/Users/Student/.kiro/regen/tsconfig.app.json, /c:/Users/Student/.kiro/regen/src/lib/mockData.ts, /c:/Users/Student/.kiro/regen/src/pages/TrackCircuits.tsx, /c:/Users/Student/.kiro/regen/src/pages/Dashboard.tsx, /c:/Users/Student/.kiro/regen/src/pages/FBGMonitoring.tsx in 00205243-fe27-4da3-bca2-e27721039ac9","conversationId":"sess_2157ab68-9c2a-49f4-a4c7-b0cbcad4c0d2","turnId":"00205243-fe27-4da3-bca2-e27721039ac9","rootTurnId":"00205243-fe27-4da3-bca2-e27721039ac9"}
{"timestamp":"2026-08-24T09:05:09.035Z","level":"info","message":"[q-developer-converse] Sending GenerateAssistantResponse modelId=auto agentMode=vibe origin=AI_EDITOR streaming=true conversationId=sess_2157ab68-9c2a-49f4-a4c7-b0cbcad4c0d2","conversationId":"sess_2157ab68-9c2a-49f4-a4c7-b0cbcad4c0d2","turnId":"00205243-fe27-4da3-bca2-e27721039ac9","rootTurnId":"00205243-fe27-4da3-bca2-e27721039ac9"}
{"timestamp":"2026-08-24T09:05:09.037Z","level":"info","message":"[q-developer-converse] Request payload: 535194 chars, 180 history messages, conversationId=sess_2157ab68-9c2a-49f4-a4c7-b0cbcad4c0d2","conversationId":"sess_2157ab68-9c2a-49f4-a4c7-b0cbcad4c0d2","turnId":"00205243-fe27-4da3-bca2-e27721039ac9","rootTurnId":"00205243-fe27-4da3-bca2-e27721039ac9"}
{"timestamp":"2026-08-24T09:05:09.044Z","level":"info","message":"fs.appendMessages.ok {\"system\":\"fs\",\"sessionId\":\"sess_2157ab68-9c2a-49f4-a4c7-b0cbcad4c0d2\",\"messageCount\":1,\"durationMs\":17}","conversationId":"sess_2157ab68-9c2a-49f4-a4c7-b0cbcad4c0d2","turnId":"00205243-fe27-4da3-bca2-e27721039ac9","rootTurnId":"00205243-fe27-4da3-bca2-e27721039ac9"}
{"timestamp":"2026-08-24T09:05:09.046Z","level":"info","message":"fs.appendMessages.ok {\"system\":\"fs\",\"sessionId\":\"sess_2157ab68-9c2a-49f4-a4c7-b0cbcad4c0d2\",\"messageCount\":1,\"durationMs\":2}","conversationId":"sess_2157ab68-9c2a-49f4-a4c7-b0cbcad4c0d2","turnId":"00205243-fe27-4da3-bca2-e27721039ac9","rootTurnId":"00205243-fe27-4da3-bca2-e27721039ac9"}
{"timestamp":"2026-08-24T09:05:13.405Z","level":"info","message":"[AgentIterator] Synchronizing results","conversationId":"sess_2157ab68-9c2a-49f4-a4c7-b0cbcad4c0d2","turnId":"00205243-fe27-4da3-bca2-e27721039ac9","rootTurnId":"00205243-fe27-4da3-bca2-e27721039ac9"}
{"timestamp":"2026-08-24T09:05:13.405Z","level":"info","message":"[AgentIterator] Processing intent detection result","conversationId":"sess_2157ab68-9c2a-49f4-a4c7-b0cbcad4c0d2","turnId":"00205243-fe27-4da3-bca2-e27721039ac9","rootTurnId":"00205243-fe27-4da3-bca2-e27721039ac9"}
{"timestamp":"2026-08-24T09:05:13.405Z","level":"info","message":"[ChatAgent] Processing model response stream","conversationId":"sess_2157ab68-9c2a-49f4-a4c7-b0cbcad4c0d2","turnId":"00205243-fe27-4da3-bca2-e27721039ac9","rootTurnId":"00205243-fe27-4da3-bca2-e27721039ac9"}
{"timestamp":"2026-08-24T09:05:13.405Z","level":"info","message":"[Steering] Populating steering for execution 00205243-fe27-4da3-bca2-e27721039ac9","conversationId":"sess_2157ab68-9c2a-49f4-a4c7-b0cbcad4c0d2","turnId":"00205243-fe27-4da3-bca2-e27721039ac9","rootTurnId":"00205243-fe27-4da3-bca2-e27721039ac9"}
{"timestamp":"2026-08-24T09:05:13.405Z","level":"info","message":"[Steering] ExistingFiles: /c:/Users/Student/.kiro/regen/vite.config.ts, /c:/Users/Student/.kiro/regen/tsconfig.app.json, /c:/Users/Student/.kiro/regen/src/lib/mockData.ts, /c:/Users/Student/.kiro/regen/src/pages/TrackCircuits.tsx, /c:/Users/Student/.kiro/regen/src/pages/Dashboard.tsx, /c:/Users/Student/.kiro/regen/src/pages/FBGMonitoring.tsx in 00205243-fe27-4da3-bca2-e27721039ac9","conversationId":"sess_2157ab68-9c2a-49f4-a4c7-b0cbcad4c0d2","turnId":"00205243-fe27-4da3-bca2-e27721039ac9","rootTurnId":"00205243-fe27-4da3-bca2-e27721039ac9"}
{"timestamp":"2026-08-24T09:05:13.655Z","level":"info","message":"fs.appendMessages.ok {\"system\":\"fs\",\"sessionId\":\"sess_2157ab68-9c2a-49f4-a4c7-b0cbcad4c0d2\",\"messageCount\":1,\"durationMs\":2}","conversationId":"sess_2157ab68-9c2a-49f4-a4c7-b0cbcad4c0d2","turnId":"00205243-fe27-4da3-bca2-e27721039ac9","rootTurnId":"00205243-fe27-4da3-bca2-e27721039ac9"}
{"timestamp":"2026-08-24T09:05:14.548Z","level":"info","message":"[ACPEventAdapter] Execution yielded {\"executionId\":\"00205243-fe27-4da3-bca2-e27721039ac9\"}","conversationId":"sess_2157ab68-9c2a-49f4-a4c7-b0cbcad4c0d2","turnId":"00205243-fe27-4da3-bca2-e27721039ac9","rootTurnId":"00205243-fe27-4da3-bca2-e27721039ac9"}
{"timestamp":"2026-08-24T09:05:14.550Z","level":"info","message":"acp.policy-eval.complete {\"toolId\":\"run_command\",\"effect\":\"allow\",\"capability\":\"shell\"}","conversationId":"sess_2157ab68-9c2a-49f4-a4c7-b0cbcad4c0d2","turnId":"00205243-fe27-4da3-bca2-e27721039ac9","rootTurnId":"00205243-fe27-4da3-bca2-e27721039ac9"}
{"timestamp":"2026-08-24T09:05:14.550Z","level":"info","message":"[ACPEventAdapter] Execution resumed {\"executionId\":\"00205243-fe27-4da3-bca2-e27721039ac9\"}","conversationId":"sess_2157ab68-9c2a-49f4-a4c7-b0cbcad4c0d2","turnId":"00205243-fe27-4da3-bca2-e27721039ac9","rootTurnId":"00205243-fe27-4da3-bca2-e27721039ac9"}
{"timestamp":"2026-08-24T09:05:14.910Z","level":"info","message":"fs.appendMessages.ok {\"system\":\"fs\",\"sessionId\":\"sess_2157ab68-9c2a-49f4-a4c7-b0cbcad4c0d2\",\"messageCount\":1,\"durationMs\":4}","conversationId":"sess_2157ab68-9c2a-49f4-a4c7-b0cbcad4c0d2","turnId":"00205243-fe27-4da3-bca2-e27721039ac9","rootTurnId":"00205243-fe27-4da3-bca2-e27721039ac9"}
{"timestamp":"2026-08-24T09:05:14.920Z","level":"info","message":"fs.appendMessages.ok {\"system\":\"fs\",\"sessionId\":\"sess_2157ab68-9c2a-49f4-a4c7-b0cbcad4c0d2\",\"messageCount\":1,\"durationMs\":10}","conversationId":"sess_2157ab68-9c2a-49f4-a4c7-b0cbcad4c0d2","turnId":"00205243-fe27-4da3-bca2-e27721039ac9","rootTurnId":"00205243-fe27-4da3-bca2-e27721039ac9"}
{"timestamp":"2026-08-24T09:05:23.562Z","level":"info","message":"[AgentIterator] Parallel invoking agent","conversationId":"sess_2157ab68-9c2a-49f4-a4c7-b0cbcad4c0d2","turnId":"00205243-fe27-4da3-bca2-e27721039ac9","rootTurnId":"00205243-fe27-4da3-bca2-e27721039ac9"}
{"timestamp":"2026-08-24T09:05:23.562Z","level":"info","message":"[Steering] Populating steering for execution 00205243-fe27-4da3-bca2-e27721039ac9","conversationId":"sess_2157ab68-9c2a-49f4-a4c7-b0cbcad4c0d2","turnId":"00205243-fe27-4da3-bca2-e27721039ac9","rootTurnId":"00205243-fe27-4da3-bca2-e27721039ac9"}
{"timestamp":"2026-08-24T09:05:23.562Z","level":"info","message":"[Steering] ExistingFiles: /c:/Users/Student/.kiro/regen/vite.config.ts, /c:/Users/Student/.kiro/regen/tsconfig.app.json, /c:/Users/Student/.kiro/regen/src/lib/mockData.ts, /c:/Users/Student/.kiro/regen/src/pages/TrackCircuits.tsx, /c:/Users/Student/.kiro/regen/src/pages/Dashboard.tsx, /c:/Users/Student/.kiro/regen/src/pages/FBGMonitoring.tsx in 00205243-fe27-4da3-bca2-e27721039ac9","conversationId":"sess_2157ab68-9c2a-49f4-a4c7-b0cbcad4c0d2","turnId":"00205243-fe27-4da3-bca2-e27721039ac9","rootTurnId":"00205243-fe27-4da3-bca2-e27721039ac9"}
{"timestamp":"2026-08-24T09:05:23.566Z","level":"info","message":"[q-developer-converse] Sending GenerateAssistantResponse modelId=auto agentMode=vibe origin=AI_EDITOR streaming=true conversationId=sess_2157ab68-9c2a-49f4-a4c7-b0cbcad4c0d2","conversationId":"sess_2157ab68-9c2a-49f4-a4c7-b0cbcad4c0d2","turnId":"00205243-fe27-4da3-bca2-e27721039ac9","rootTurnId":"00205243-fe27-4da3-bca2-e27721039ac9"}
{"timestamp":"2026-08-24T09:05:23.567Z","level":"info","message":"[q-developer-converse] Request payload: 539875 chars, 182 history messages, conversationId=sess_2157ab68-9c2a-49f4-a4c7-b0cbcad4c0d2","conversationId":"sess_2157ab68-9c2a-49f4-a4c7-b0cbcad4c0d2","turnId":"00205243-fe27-4da3-bca2-e27721039ac9","rootTurnId":"00205243-fe27-4da3-bca2-e27721039ac9"}
{"timestamp":"2026-08-24T09:05:23.579Z","level":"info","message":"fs.appendMessages.ok {\"system\":\"fs\",\"sessionId\":\"sess_2157ab68-9c2a-49f4-a4c7-b0cbcad4c0d2\",\"messageCount\":2,\"durationMs\":21}","conversationId":"sess_2157ab68-9c2a-49f4-a4c7-b0cbcad4c0d2","turnId":"00205243-fe27-4da3-bca2-e27721039ac9","rootTurnId":"00205243-fe27-4da3-bca2-e27721039ac9"}
{"timestamp":"2026-08-24T09:05:27.577Z","level":"info","message":"[AgentIterator] Synchronizing results","conversationId":"sess_2157ab68-9c2a-49f4-a4c7-b0cbcad4c0d2","turnId":"00205243-fe27-4da3-bca2-e27721039ac9","rootTurnId":"00205243-fe27-4da3-bca2-e27721039ac9"}
{"timestamp":"2026-08-24T09:05:27.577Z","level":"info","message":"[AgentIterator] Processing intent detection result","conversationId":"sess_2157ab68-9c2a-49f4-a4c7-b0cbcad4c0d2","turnId":"00205243-fe27-4da3-bca2-e27721039ac9","rootTurnId":"00205243-fe27-4da3-bca2-e27721039ac9"}
{"timestamp":"2026-08-24T09:05:27.577Z","level":"info","message":"[ChatAgent] Processing model response stream","conversationId":"sess_2157ab68-9c2a-49f4-a4c7-b0cbcad4c0d2","turnId":"00205243-fe27-4da3-bca2-e27721039ac9","rootTurnId":"00205243-fe27-4da3-bca2-e27721039ac9"}
{"timestamp":"2026-08-24T09:05:27.577Z","level":"info","message":"[Steering] Populating steering for execution 00205243-fe27-4da3-bca2-e27721039ac9","conversationId":"sess_2157ab68-9c2a-49f4-a4c7-b0cbcad4c0d2","turnId":"00205243-fe27-4da3-bca2-e27721039ac9","rootTurnId":"00205243-fe27-4da3-bca2-e27721039ac9"}
{"timestamp":"2026-08-24T09:05:27.577Z","level":"info","message":"[Steering] ExistingFiles: /c:/Users/Student/.kiro/regen/vite.config.ts, /c:/Users/Student/.kiro/regen/tsconfig.app.json, /c:/Users/Student/.kiro/regen/src/lib/mockData.ts, /c:/Users/Student/.kiro/regen/src/pages/TrackCircuits.tsx, /c:/Users/Student/.kiro/regen/src/pages/Dashboard.tsx, /c:/Users/Student/.kiro/regen/src/pages/FBGMonitoring.tsx in 00205243-fe27-4da3-bca2-e27721039ac9","conversationId":"sess_2157ab68-9c2a-49f4-a4c7-b0cbcad4c0d2","turnId":"00205243-fe27-4da3-bca2-e27721039ac9","rootTurnId":"00205243-fe27-4da3-bca2-e27721039ac9"}
{"timestamp":"2026-08-24T09:05:28.665Z","level":"info","message":"fs.appendMessages.ok {\"system\":\"fs\",\"sessionId\":\"sess_2157ab68-9c2a-49f4-a4c7-b0cbcad4c0d2\",\"messageCount\":1,\"durationMs\":2}","conversationId":"sess_2157ab68-9c2a-49f4-a4c7-b0cbcad4c0d2","turnId":"00205243-fe27-4da3-bca2-e27721039ac9","rootTurnId":"00205243-fe27-4da3-bca2-e27721039ac9"}
{"timestamp":"2026-08-24T09:05:30.169Z","level":"info","message":"acp.policy-eval.complete {\"toolId\":\"str_replace\",\"effect\":\"allow\",\"capability\":\"fs_write\"}","conversationId":"sess_2157ab68-9c2a-49f4-a4c7-b0cbcad4c0d2","turnId":"00205243-fe27-4da3-bca2-e27721039ac9","rootTurnId":"00205243-fe27-4da3-bca2-e27721039ac9"}
{"timestamp":"2026-08-24T09:05:30.174Z","level":"info","message":"[SessionPersistence] Snapshot deduplicated for regen/src/index.css in session sess_2157ab68-9c2a-49f4-a4c7-b0cbcad4c0d2 (reused 7a79158e)","conversationId":"sess_2157ab68-9c2a-49f4-a4c7-b0cbcad4c0d2","turnId":"00205243-fe27-4da3-bca2-e27721039ac9","rootTurnId":"00205243-fe27-4da3-bca2-e27721039ac9"}
{"timestamp":"2026-08-24T09:05:30.222Z","level":"info","message":"[SessionPersistence] Created snapshot 9f4afe18 for regen/src/index.css in session sess_2157ab68-9c2a-49f4-a4c7-b0cbcad4c0d2 (3331 bytes)","conversationId":"sess_2157ab68-9c2a-49f4-a4c7-b0cbcad4c0d2","turnId":"00205243-fe27-4da3-bca2-e27721039ac9","rootTurnId":"00205243-fe27-4da3-bca2-e27721039ac9"}
{"timestamp":"2026-08-24T09:05:30.225Z","level":"info","message":"fs.appendMessages.ok {\"system\":\"fs\",\"sessionId\":\"sess_2157ab68-9c2a-49f4-a4c7-b0cbcad4c0d2\",\"messageCount\":2,\"durationMs\":2}","conversationId":"sess_2157ab68-9c2a-49f4-a4c7-b0cbcad4c0d2","turnId":"00205243-fe27-4da3-bca2-e27721039ac9","rootTurnId":"00205243-fe27-4da3-bca2-e27721039ac9"}
{"timestamp":"2026-08-24T09:05:30.572Z","level":"info","message":"[AgentIterator] Parallel invoking agent","conversationId":"sess_2157ab68-9c2a-49f4-a4c7-b0cbcad4c0d2","turnId":"00205243-fe27-4da3-bca2-e27721039ac9","rootTurnId":"00205243-fe27-4da3-bca2-e27721039ac9"}
{"timestamp":"2026-08-24T09:05:30.572Z","level":"info","message":"[Steering] Populating steering for execution 00205243-fe27-4da3-bca2-e27721039ac9","conversationId":"sess_2157ab68-9c2a-49f4-a4c7-b0cbcad4c0d2","turnId":"00205243-fe27-4da3-bca2-e27721039ac9","rootTurnId":"00205243-fe27-4da3-bca2-e27721039ac9"}
{"timestamp":"2026-08-24T09:05:30.572Z","level":"info","message":"[Steering] ExistingFiles: /c:/Users/Student/.kiro/regen/vite.config.ts, /c:/Users/Student/.kiro/regen/tsconfig.app.json, /c:/Users/Student/.kiro/regen/src/lib/mockData.ts, /c:/Users/Student/.kiro/regen/src/pages/TrackCircuits.tsx, /c:/Users/Student/.kiro/regen/src/pages/Dashboard.tsx, /c:/Users/Student/.kiro/regen/src/pages/FBGMonitoring.tsx in 00205243-fe27-4da3-bca2-e27721039ac9","conversationId":"sess_2157ab68-9c2a-49f4-a4c7-b0cbcad4c0d2","turnId":"00205243-fe27-4da3-bca2-e27721039ac9","rootTurnId":"00205243-fe27-4da3-bca2-e27721039ac9"}
{"timestamp":"2026-08-24T09:05:30.577Z","level":"info","message":"[q-developer-converse] Sending GenerateAssistantResponse modelId=auto agentMode=vibe origin=AI_EDITOR streaming=true conversationId=sess_2157ab68-9c2a-49f4-a4c7-b0cbcad4c0d2","conversationId":"sess_2157ab68-9c2a-49f4-a4c7-b0cbcad4c0d2","turnId":"00205243-fe27-4da3-bca2-e27721039ac9","rootTurnId":"00205243-fe27-4da3-bca2-e27721039ac9"}
{"timestamp":"2026-08-24T09:05:30.578Z","level":"info","message":"[q-developer-converse] Request payload: 541030 chars, 184 history messages, conversationId=sess_2157ab68-9c2a-49f4-a4c7-b0cbcad4c0d2","conversationId":"sess_2157ab68-9c2a-49f4-a4c7-b0cbcad4c0d2","turnId":"00205243-fe27-4da3-bca2-e27721039ac9","rootTurnId":"00205243-fe27-4da3-bca2-e27721039ac9"}
{"timestamp":"2026-08-24T09:05:30.585Z","level":"info","message":"fs.appendMessages.ok {\"system\":\"fs\",\"sessionId\":\"sess_2157ab68-9c2a-49f4-a4c7-b0cbcad4c0d2\",\"messageCount\":1,\"durationMs\":19}","conversationId":"sess_2157ab68-9c2a-49f4-a4c7-b0cbcad4c0d2","turnId":"00205243-fe27-4da3-bca2-e27721039ac9","rootTurnId":"00205243-fe27-4da3-bca2-e27721039ac9"}
{"timestamp":"2026-08-24T09:05:30.587Z","level":"info","message":"fs.appendMessages.ok {\"system\":\"fs\",\"sessionId\":\"sess_2157ab68-9c2a-49f4-a4c7-b0cbcad4c0d2\",\"messageCount\":1,\"durationMs\":2}","conversationId":"sess_2157ab68-9c2a-49f4-a4c7-b0cbcad4c0d2","turnId":"00205243-fe27-4da3-bca2-e27721039ac9","rootTurnId":"00205243-fe27-4da3-bca2-e27721039ac9"}
{"timestamp":"2026-08-24T09:05:34.474Z","level":"info","message":"[AgentIterator] Synchronizing results","conversationId":"sess_2157ab68-9c2a-49f4-a4c7-b0cbcad4c0d2","turnId":"00205243-fe27-4da3-bca2-e27721039ac9","rootTurnId":"00205243-fe27-4da3-bca2-e27721039ac9"}
{"timestamp":"2026-08-24T09:05:34.474Z","level":"info","message":"[AgentIterator] Processing intent detection result","conversationId":"sess_2157ab68-9c2a-49f4-a4c7-b0cbcad4c0d2","turnId":"00205243-fe27-4da3-bca2-e27721039ac9","rootTurnId":"00205243-fe27-4da3-bca2-e27721039ac9"}
{"timestamp":"2026-08-24T09:05:34.475Z","level":"info","message":"[ChatAgent] Processing model response stream","conversationId":"sess_2157ab68-9c2a-49f4-a4c7-b0cbcad4c0d2","turnId":"00205243-fe27-4da3-bca2-e27721039ac9","rootTurnId":"00205243-fe27-4da3-bca2-e27721039ac9"}
{"timestamp":"2026-08-24T09:05:34.475Z","level":"info","message":"[Steering] Populating steering for execution 00205243-fe27-4da3-bca2-e27721039ac9","conversationId":"sess_2157ab68-9c2a-49f4-a4c7-b0cbcad4c0d2","turnId":"00205243-fe27-4da3-bca2-e27721039ac9","rootTurnId":"00205243-fe27-4da3-bca2-e27721039ac9"}
{"timestamp":"2026-08-24T09:05:34.475Z","level":"info","message":"[Steering] ExistingFiles: /c:/Users/Student/.kiro/regen/vite.config.ts, /c:/Users/Student/.kiro/regen/tsconfig.app.json, /c:/Users/Student/.kiro/regen/src/lib/mockData.ts, /c:/Users/Student/.kiro/regen/src/pages/TrackCircuits.tsx, /c:/Users/Student/.kiro/regen/src/pages/Dashboard.tsx, /c:/Users/Student/.kiro/regen/src/pages/FBGMonitoring.tsx in 00205243-fe27-4da3-bca2-e27721039ac9","conversationId":"sess_2157ab68-9c2a-49f4-a4c7-b0cbcad4c0d2","turnId":"00205243-fe27-4da3-bca2-e27721039ac9","rootTurnId":"00205243-fe27-4da3-bca2-e27721039ac9"}
{"timestamp":"2026-08-24T09:05:35.019Z","level":"info","message":"fs.appendMessages.ok {\"system\":\"fs\",\"sessionId\":\"sess_2157ab68-9c2a-49f4-a4c7-b0cbcad4c0d2\",\"messageCount\":1,\"durationMs\":3}","conversationId":"sess_2157ab68-9c2a-49f4-a4c7-b0cbcad4c0d2","turnId":"00205243-fe27-4da3-bca2-e27721039ac9","rootTurnId":"00205243-fe27-4da3-bca2-e27721039ac9"}
{"timestamp":"2026-08-24T09:05:36.066Z","level":"info","message":"acp.policy-eval.complete {\"toolId\":\"str_replace\",\"effect\":\"allow\",\"capability\":\"fs_write\"}","conversationId":"sess_2157ab68-9c2a-49f4-a4c7-b0cbcad4c0d2","turnId":"00205243-fe27-4da3-bca2-e27721039ac9","rootTurnId":"00205243-fe27-4da3-bca2-e27721039ac9"}
{"timestamp":"2026-08-24T09:05:36.074Z","level":"info","message":"[SessionPersistence] Snapshot deduplicated for regen/src/lib/dataService.ts in session sess_2157ab68-9c2a-49f4-a4c7-b0cbcad4c0d2 (reused b02ccbe6)","conversationId":"sess_2157ab68-9c2a-49f4-a4c7-b0cbcad4c0d2","turnId":"00205243-fe27-4da3-bca2-e27721039ac9","rootTurnId":"00205243-fe27-4da3-bca2-e27721039ac9"}
{"timestamp":"2026-08-24T09:05:36.110Z","level":"info","message":"[SessionPersistence] Created snapshot e2872784 for regen/src/lib/dataService.ts in session sess_2157ab68-9c2a-49f4-a4c7-b0cbcad4c0d2 (14741 bytes)","conversationId":"sess_2157ab68-9c2a-49f4-a4c7-b0cbcad4c0d2","turnId":"00205243-fe27-4da3-bca2-e27721039ac9","rootTurnId":"00205243-fe27-4da3-bca2-e27721039ac9"}
{"timestamp":"2026-08-24T09:05:36.114Z","level":"info","message":"fs.appendMessages.ok {\"system\":\"fs\",\"sessionId\":\"sess_2157ab68-9c2a-49f4-a4c7-b0cbcad4c0d2\",\"messageCount\":2,\"durationMs\":3}","conversationId":"sess_2157ab68-9c2a-49f4-a4c7-b0cbcad4c0d2","turnId":"00205243-fe27-4da3-bca2-e27721039ac9","rootTurnId":"00205243-fe27-4da3-bca2-e27721039ac9"}
{"timestamp":"2026-08-24T09:05:36.181Z","level":"info","message":"[AgentIterator] Parallel invoking agent","conversationId":"sess_2157ab68-9c2a-49f4-a4c7-b0cbcad4c0d2","turnId":"00205243-fe27-4da3-bca2-e27721039ac9","rootTurnId":"00205243-fe27-4da3-bca2-e27721039ac9"}
{"timestamp":"2026-08-24T09:05:36.181Z","level":"info","message":"[Steering] Populating steering for execution 00205243-fe27-4da3-bca2-e27721039ac9","conversationId":"sess_2157ab68-9c2a-49f4-a4c7-b0cbcad4c0d2","turnId":"00205243-fe27-4da3-bca2-e27721039ac9","rootTurnId":"00205243-fe27-4da3-bca2-e27721039ac9"}
{"timestamp":"2026-08-24T09:05:36.181Z","level":"info","message":"[Steering] ExistingFiles: /c:/Users/Student/.kiro/regen/vite.config.ts, /c:/Users/Student/.kiro/regen/tsconfig.app.json, /c:/Users/Student/.kiro/regen/src/lib/mockData.ts, /c:/Users/Student/.kiro/regen/src/pages/TrackCircuits.tsx, /c:/Users/Student/.kiro/regen/src/pages/Dashboard.tsx, /c:/Users/Student/.kiro/regen/src/pages/FBGMonitoring.tsx in 00205243-fe27-4da3-bca2-e27721039ac9","conversationId":"sess_2157ab68-9c2a-49f4-a4c7-b0cbcad4c0d2","turnId":"00205243-fe27-4da3-bca2-e27721039ac9","rootTurnId":"00205243-fe27-4da3-bca2-e27721039ac9"}
{"timestamp":"2026-08-24T09:05:36.185Z","level":"info","message":"[q-developer-converse] Sending GenerateAssistantResponse modelId=auto agentMode=vibe origin=AI_EDITOR streaming=true conversationId=sess_2157ab68-9c2a-49f4-a4c7-b0cbcad4c0d2","conversationId":"sess_2157ab68-9c2a-49f4-a4c7-b0cbcad4c0d2","turnId":"00205243-fe27-4da3-bca2-e27721039ac9","rootTurnId":"00205243-fe27-4da3-bca2-e27721039ac9"}
{"timestamp":"2026-08-24T09:05:36.186Z","level":"info","message":"[q-developer-converse] Request payload: 541889 chars, 186 history messages, conversationId=sess_2157ab68-9c2a-49f4-a4c7-b0cbcad4c0d2","conversationId":"sess_2157ab68-9c2a-49f4-a4c7-b0cbcad4c0d2","turnId":"00205243-fe27-4da3-bca2-e27721039ac9","rootTurnId":"00205243-fe27-4da3-bca2-e27721039ac9"}
{"timestamp":"2026-08-24T09:05:36.194Z","level":"info","message":"fs.appendMessages.ok {\"system\":\"fs\",\"sessionId\":\"sess_2157ab68-9c2a-49f4-a4c7-b0cbcad4c0d2\",\"messageCount\":1,\"durationMs\":18}","conversationId":"sess_2157ab68-9c2a-49f4-a4c7-b0cbcad4c0d2","turnId":"00205243-fe27-4da3-bca2-e27721039ac9","rootTurnId":"00205243-fe27-4da3-bca2-e27721039ac9"}
{"timestamp":"2026-08-24T09:05:36.195Z","level":"info","message":"fs.appendMessages.ok {\"system\":\"fs\",\"sessionId\":\"sess_2157ab68-9c2a-49f4-a4c7-b0cbcad4c0d2\",\"messageCount\":1,\"durationMs\":1}","conversationId":"sess_2157ab68-9c2a-49f4-a4c7-b0cbcad4c0d2","turnId":"00205243-fe27-4da3-bca2-e27721039ac9","rootTurnId":"00205243-fe27-4da3-bca2-e27721039ac9"}
{"timestamp":"2026-08-24T09:05:40.419Z","level":"info","message":"[AgentIterator] Synchronizing results","conversationId":"sess_2157ab68-9c2a-49f4-a4c7-b0cbcad4c0d2","turnId":"00205243-fe27-4da3-bca2-e27721039ac9","rootTurnId":"00205243-fe27-4da3-bca2-e27721039ac9"}
{"timestamp":"2026-08-24T09:05:40.419Z","level":"info","message":"[AgentIterator] Processing intent detection result","conversationId":"sess_2157ab68-9c2a-49f4-a4c7-b0cbcad4c0d2","turnId":"00205243-fe27-4da3-bca2-e27721039ac9","rootTurnId":"00205243-fe27-4da3-bca2-e27721039ac9"}
{"timestamp":"2026-08-24T09:05:40.419Z","level":"info","message":"[ChatAgent] Processing model response stream","conversationId":"sess_2157ab68-9c2a-49f4-a4c7-b0cbcad4c0d2","turnId":"00205243-fe27-4da3-bca2-e27721039ac9","rootTurnId":"00205243-fe27-4da3-bca2-e27721039ac9"}
{"timestamp":"2026-08-24T09:05:40.419Z","level":"info","message":"[Steering] Populating steering for execution 00205243-fe27-4da3-bca2-e27721039ac9","conversationId":"sess_2157ab68-9c2a-49f4-a4c7-b0cbcad4c0d2","turnId":"00205243-fe27-4da3-bca2-e27721039ac9","rootTurnId":"00205243-fe27-4da3-bca2-e27721039ac9"}
{"timestamp":"2026-08-24T09:05:40.419Z","level":"info","message":"[Steering] ExistingFiles: /c:/Users/Student/.kiro/regen/vite.config.ts, /c:/Users/Student/.kiro/regen/tsconfig.app.json, /c:/Users/Student/.kiro/regen/src/lib/mockData.ts, /c:/Users/Student/.kiro/regen/src/pages/TrackCircuits.tsx, /c:/Users/Student/.kiro/regen/src/pages/Dashboard.tsx, /c:/Users/Student/.kiro/regen/src/pages/FBGMonitoring.tsx in 00205243-fe27-4da3-bca2-e27721039ac9","conversationId":"sess_2157ab68-9c2a-49f4-a4c7-b0cbcad4c0d2","turnId":"00205243-fe27-4da3-bca2-e27721039ac9","rootTurnId":"00205243-fe27-4da3-bca2-e27721039ac9"}
{"timestamp":"2026-08-24T09:05:41.453Z","level":"info","message":"[ACPEventAdapter] Execution yielded {\"executionId\":\"00205243-fe27-4da3-bca2-e27721039ac9\"}","conversationId":"sess_2157ab68-9c2a-49f4-a4c7-b0cbcad4c0d2","turnId":"00205243-fe27-4da3-bca2-e27721039ac9","rootTurnId":"00205243-fe27-4da3-bca2-e27721039ac9"}
{"timestamp":"2026-08-24T09:05:41.454Z","level":"info","message":"acp.policy-eval.complete {\"toolId\":\"run_command\",\"effect\":\"ask\"}","conversationId":"sess_2157ab68-9c2a-49f4-a4c7-b0cbcad4c0d2","turnId":"00205243-fe27-4da3-bca2-e27721039ac9","rootTurnId":"00205243-fe27-4da3-bca2-e27721039ac9"}
{"timestamp":"2026-08-24T09:05:41.464Z","level":"info","message":"[ACP ToolApproval] Requesting permission for toolId=run_command, operationId=run_command_tooluse_GAtfWHs3CLUr5ZgpkHqqpv, sessionId=sess_2157ab68-9c2a-49f4-a4c7-b0cbcad4c0d2","conversationId":"sess_2157ab68-9c2a-49f4-a4c7-b0cbcad4c0d2","turnId":"00205243-fe27-4da3-bca2-e27721039ac9","rootTurnId":"00205243-fe27-4da3-bca2-e27721039ac9"}
{"timestamp":"2026-08-24T09:05:41.467Z","level":"info","message":"fs.appendMessages.ok {\"system\":\"fs\",\"sessionId\":\"sess_2157ab68-9c2a-49f4-a4c7-b0cbcad4c0d2\",\"messageCount\":1,\"durationMs\":3}","conversationId":"sess_2157ab68-9c2a-49f4-a4c7-b0cbcad4c0d2","turnId":"00205243-fe27-4da3-bca2-e27721039ac9","rootTurnId":"00205243-fe27-4da3-bca2-e27721039ac9"}
{"timestamp":"2026-08-24T09:05:41.571Z","level":"info","message":"fs.appendMessages.ok {\"system\":\"fs\",\"sessionId\":\"sess_2157ab68-9c2a-49f4-a4c7-b0cbcad4c0d2\",\"messageCount\":1,\"durationMs\":3}","conversationId":"sess_2157ab68-9c2a-49f4-a4c7-b0cbcad4c0d2","turnId":"00205243-fe27-4da3-bca2-e27721039ac9","rootTurnId":"00205243-fe27-4da3-bca2-e27721039ac9"}
{"timestamp":"2026-08-24T09:05:41.580Z","level":"info","message":"fs.appendMessages.ok {\"system\":\"fs\",\"sessionId\":\"sess_2157ab68-9c2a-49f4-a4c7-b0cbcad4c0d2\",\"messageCount\":1,\"durationMs\":9}","conversationId":"sess_2157ab68-9c2a-49f4-a4c7-b0cbcad4c0d2","turnId":"00205243-fe27-4da3-bca2-e27721039ac9","rootTurnId":"00205243-fe27-4da3-bca2-e27721039ac9"}
{"timestamp":"2026-08-24T09:06:08.092Z","level":"info","message":"fs.appendMessages.ok {\"system\":\"fs\",\"sessionId\":\"sess_2157ab68-9c2a-49f4-a4c7-b0cbcad4c0d2\",\"messageCount\":1,\"durationMs\":2}","conversationId":"sess_2157ab68-9c2a-49f4-a4c7-b0cbcad4c0d2","turnId":"00205243-fe27-4da3-bca2-e27721039ac9","rootTurnId":"00205243-fe27-4da3-bca2-e27721039ac9"}
{"timestamp":"2026-08-24T09:06:08.092Z","level":"info","message":"[ACP ToolApproval] Got response: {\"optionId\":\"always-accept\",\"outcome\":\"selected\"}","conversationId":"sess_2157ab68-9c2a-49f4-a4c7-b0cbcad4c0d2","turnId":"00205243-fe27-4da3-bca2-e27721039ac9","rootTurnId":"00205243-fe27-4da3-bca2-e27721039ac9"}
{"timestamp":"2026-08-24T09:06:08.305Z","level":"info","message":"[PolicySession] rebuild() complete: 18 rules parsed, engineActive=true, fatal=false","conversationId":"sess_2157ab68-9c2a-49f4-a4c7-b0cbcad4c0d2","turnId":"00205243-fe27-4da3-bca2-e27721039ac9","rootTurnId":"00205243-fe27-4da3-bca2-e27721039ac9"}
{"timestamp":"2026-08-24T09:06:08.305Z","level":"info","message":"[PolicySession] Persisted allow rule for shell matching \"cmd /c \"cd /d C:\\Users\\Student\\.kiro\\regen && npx jscodeshift --dry 2>&1 & echo done\" 2>&1\" at scope=workspace","conversationId":"sess_2157ab68-9c2a-49f4-a4c7-b0cbcad4c0d2","turnId":"00205243-fe27-4da3-bca2-e27721039ac9","rootTurnId":"00205243-fe27-4da3-bca2-e27721039ac9"}
{"timestamp":"2026-08-24T09:06:08.309Z","level":"info","message":"[ACPEventAdapter] Execution resumed {\"executionId\":\"00205243-fe27-4da3-bca2-e27721039ac9\"}","conversationId":"sess_2157ab68-9c2a-49f4-a4c7-b0cbcad4c0d2","turnId":"00205243-fe27-4da3-bca2-e27721039ac9","rootTurnId":"00205243-fe27-4da3-bca2-e27721039ac9"}
{"timestamp":"2026-08-24T09:06:11.700Z","level":"info","message":"network.listAvailableModels.ok {\"system\":\"network\",\"durationMs\":1100}"}
{"timestamp":"2026-08-24T09:06:11.700Z","level":"info","message":"[ACPModelConfigProvider] Loaded 9 models"}
{"timestamp":"2026-08-24T09:06:18.320Z","level":"info","message":"[AgentIterator] Parallel invoking agent","conversationId":"sess_2157ab68-9c2a-49f4-a4c7-b0cbcad4c0d2","turnId":"00205243-fe27-4da3-bca2-e27721039ac9","rootTurnId":"00205243-fe27-4da3-bca2-e27721039ac9"}
{"timestamp":"2026-08-24T09:06:18.320Z","level":"info","message":"[Steering] Populating steering for execution 00205243-fe27-4da3-bca2-e27721039ac9","conversationId":"sess_2157ab68-9c2a-49f4-a4c7-b0cbcad4c0d2","turnId":"00205243-fe27-4da3-bca2-e27721039ac9","rootTurnId":"00205243-fe27-4da3-bca2-e27721039ac9"}
{"timestamp":"2026-08-24T09:06:18.320Z","level":"info","message":"[Steering] ExistingFiles: /c:/Users/Student/.kiro/regen/vite.config.ts, /c:/Users/Student/.kiro/regen/tsconfig.app.json, /c:/Users/Student/.kiro/regen/src/lib/mockData.ts, /c:/Users/Student/.kiro/regen/src/pages/TrackCircuits.tsx, /c:/Users/Student/.kiro/regen/src/pages/Dashboard.tsx, /c:/Users/Student/.kiro/regen/src/pages/FBGMonitoring.tsx in 00205243-fe27-4da3-bca2-e27721039ac9","conversationId":"sess_2157ab68-9c2a-49f4-a4c7-b0cbcad4c0d2","turnId":"00205243-fe27-4da3-bca2-e27721039ac9","rootTurnId":"00205243-fe27-4da3-bca2-e27721039ac9"}
{"timestamp":"2026-08-24T09:06:18.324Z","level":"info","message":"[q-developer-converse] Sending GenerateAssistantResponse modelId=auto agentMode=vibe origin=AI_EDITOR streaming=true conversationId=sess_2157ab68-9c2a-49f4-a4c7-b0cbcad4c0d2","conversationId":"sess_2157ab68-9c2a-49f4-a4c7-b0cbcad4c0d2","turnId":"00205243-fe27-4da3-bca2-e27721039ac9","rootTurnId":"00205243-fe27-4da3-bca2-e27721039ac9"}
{"timestamp":"2026-08-24T09:06:18.325Z","level":"info","message":"[q-developer-converse] Request payload: 542700 chars, 188 history messages, conversationId=sess_2157ab68-9c2a-49f4-a4c7-b0cbcad4c0d2","conversationId":"sess_2157ab68-9c2a-49f4-a4c7-b0cbcad4c0d2","turnId":"00205243-fe27-4da3-bca2-e27721039ac9","rootTurnId":"00205243-fe27-4da3-bca2-e27721039ac9"}
{"timestamp":"2026-08-24T09:06:18.333Z","level":"info","message":"fs.appendMessages.ok {\"system\":\"fs\",\"sessionId\":\"sess_2157ab68-9c2a-49f4-a4c7-b0cbcad4c0d2\",\"messageCount\":2,\"durationMs\":17}","conversationId":"sess_2157ab68-9c2a-49f4-a4c7-b0cbcad4c0d2","turnId":"00205243-fe27-4da3-bca2-e27721039ac9","rootTurnId":"00205243-fe27-4da3-bca2-e27721039ac9"}
{"timestamp":"2026-08-24T09:06:22.331Z","level":"info","message":"[AgentIterator] Synchronizing results","conversationId":"sess_2157ab68-9c2a-49f4-a4c7-b0cbcad4c0d2","turnId":"00205243-fe27-4da3-bca2-e27721039ac9","rootTurnId":"00205243-fe27-4da3-bca2-e27721039ac9"}
{"timestamp":"2026-08-24T09:06:22.331Z","level":"info","message":"[AgentIterator] Processing intent detection result","conversationId":"sess_2157ab68-9c2a-49f4-a4c7-b0cbcad4c0d2","turnId":"00205243-fe27-4da3-bca2-e27721039ac9","rootTurnId":"00205243-fe27-4da3-bca2-e27721039ac9"}
{"timestamp":"2026-08-24T09:06:22.331Z","level":"info","message":"[ChatAgent] Processing model response stream","conversationId":"sess_2157ab68-9c2a-49f4-a4c7-b0cbcad4c0d2","turnId":"00205243-fe27-4da3-bca2-e27721039ac9","rootTurnId":"00205243-fe27-4da3-bca2-e27721039ac9"}
{"timestamp":"2026-08-24T09:06:22.331Z","level":"info","message":"[Steering] Populating steering for execution 00205243-fe27-4da3-bca2-e27721039ac9","conversationId":"sess_2157ab68-9c2a-49f4-a4c7-b0cbcad4c0d2","turnId":"00205243-fe27-4da3-bca2-e27721039ac9","rootTurnId":"00205243-fe27-4da3-bca2-e27721039ac9"}
{"timestamp":"2026-08-24T09:06:22.332Z","level":"info","message":"[Steering] ExistingFiles: /c:/Users/Student/.kiro/regen/vite.config.ts, /c:/Users/Student/.kiro/regen/tsconfig.app.json, /c:/Users/Student/.kiro/regen/src/lib/mockData.ts, /c:/Users/Student/.kiro/regen/src/pages/TrackCircuits.tsx, /c:/Users/Student/.kiro/regen/src/pages/Dashboard.tsx, /c:/Users/Student/.kiro/regen/src/pages/FBGMonitoring.tsx in 00205243-fe27-4da3-bca2-e27721039ac9","conversationId":"sess_2157ab68-9c2a-49f4-a4c7-b0cbcad4c0d2","turnId":"00205243-fe27-4da3-bca2-e27721039ac9","rootTurnId":"00205243-fe27-4da3-bca2-e27721039ac9"}
{"timestamp":"2026-08-24T09:06:22.755Z","level":"info","message":"fs.appendMessages.ok {\"system\":\"fs\",\"sessionId\":\"sess_2157ab68-9c2a-49f4-a4c7-b0cbcad4c0d2\",\"messageCount\":1,\"durationMs\":2}","conversationId":"sess_2157ab68-9c2a-49f4-a4c7-b0cbcad4c0d2","turnId":"00205243-fe27-4da3-bca2-e27721039ac9","rootTurnId":"00205243-fe27-4da3-bca2-e27721039ac9"}
{"timestamp":"2026-08-24T09:06:24.505Z","level":"info","message":"[ACPEventAdapter] Execution yielded {\"executionId\":\"00205243-fe27-4da3-bca2-e27721039ac9\"}","conversationId":"sess_2157ab68-9c2a-49f4-a4c7-b0cbcad4c0d2","turnId":"00205243-fe27-4da3-bca2-e27721039ac9","rootTurnId":"00205243-fe27-4da3-bca2-e27721039ac9"}
{"timestamp":"2026-08-24T09:06:24.507Z","level":"warn","message":"[PolicyEngine] evaluateShell: tree-sitter parse errors for \"cmd /c\" (len=224, explicit command omitted for security reasons): [\"Parse error at position 69: Get-Content src/lib/dataService.ts\"]","conversationId":"sess_2157ab68-9c2a-49f4-a4c7-b0cbcad4c0d2","turnId":"00205243-fe27-4da3-bca2-e27721039ac9","rootTurnId":"00205243-fe27-4da3-bca2-e27721039ac9"}
{"timestamp":"2026-08-24T09:06:24.507Z","level":"info","message":"acp.policy-eval.complete {\"toolId\":\"run_command\",\"effect\":\"ask\"}","conversationId":"sess_2157ab68-9c2a-49f4-a4c7-b0cbcad4c0d2","turnId":"00205243-fe27-4da3-bca2-e27721039ac9","rootTurnId":"00205243-fe27-4da3-bca2-e27721039ac9"}
{"timestamp":"2026-08-24T09:06:24.508Z","level":"warn","message":"[PolicyEngine] evaluateShell: tree-sitter parse errors for \"cmd /c\" (len=224, explicit command omitted for security reasons): [\"Parse error at position 69: Get-Content src/lib/dataService.ts\"]","conversationId":"sess_2157ab68-9c2a-49f4-a4c7-b0cbcad4c0d2","turnId":"00205243-fe27-4da3-bca2-e27721039ac9","rootTurnId":"00205243-fe27-4da3-bca2-e27721039ac9"}
{"timestamp":"2026-08-24T09:06:24.508Z","level":"info","message":"[ACP ToolApproval] Requesting permission for toolId=run_command, operationId=run_command_tooluse_RIx8QLD9aL0THBtv4V3aTL, sessionId=sess_2157ab68-9c2a-49f4-a4c7-b0cbcad4c0d2","conversationId":"sess_2157ab68-9c2a-49f4-a4c7-b0cbcad4c0d2","turnId":"00205243-fe27-4da3-bca2-e27721039ac9","rootTurnId":"00205243-fe27-4da3-bca2-e27721039ac9"}
{"timestamp":"2026-08-24T09:06:24.510Z","level":"info","message":"fs.appendMessages.ok {\"system\":\"fs\",\"sessionId\":\"sess_2157ab68-9c2a-49f4-a4c7-b0cbcad4c0d2\",\"messageCount\":1,\"durationMs\":2}","conversationId":"sess_2157ab68-9c2a-49f4-a4c7-b0cbcad4c0d2","turnId":"00205243-fe27-4da3-bca2-e27721039ac9","rootTurnId":"00205243-fe27-4da3-bca2-e27721039ac9"}
{"timestamp":"2026-08-24T09:06:24.718Z","level":"info","message":"fs.appendMessages.ok {\"system\":\"fs\",\"sessionId\":\"sess_2157ab68-9c2a-49f4-a4c7-b0cbcad4c0d2\",\"messageCount\":1,\"durationMs\":4}","conversationId":"sess_2157ab68-9c2a-49f4-a4c7-b0cbcad4c0d2","turnId":"00205243-fe27-4da3-bca2-e27721039ac9","rootTurnId":"00205243-fe27-4da3-bca2-e27721039ac9"}
{"timestamp":"2026-08-24T09:06:24.726Z","level":"info","message":"fs.appendMessages.ok {\"system\":\"fs\",\"sessionId\":\"sess_2157ab68-9c2a-49f4-a4c7-b0cbcad4c0d2\",\"messageCount\":1,\"durationMs\":9}","conversationId":"sess_2157ab68-9c2a-49f4-a4c7-b0cbcad4c0d2","turnId":"00205243-fe27-4da3-bca2-e27721039ac9","rootTurnId":"00205243-fe27-4da3-bca2-e27721039ac9"}
{"timestamp":"2026-08-24T09:06:26.963Z","level":"info","message":"fs.appendMessages.ok {\"system\":\"fs\",\"sessionId\":\"sess_2157ab68-9c2a-49f4-a4c7-b0cbcad4c0d2\",\"messageCount\":1,\"durationMs\":2}","conversationId":"sess_2157ab68-9c2a-49f4-a4c7-b0cbcad4c0d2","turnId":"00205243-fe27-4da3-bca2-e27721039ac9","rootTurnId":"00205243-fe27-4da3-bca2-e27721039ac9"}
{"timestamp":"2026-08-24T09:06:26.964Z","level":"info","message":"[ACP ToolApproval] Got response: {\"optionId\":\"accept\",\"outcome\":\"selected\"}","conversationId":"sess_2157ab68-9c2a-49f4-a4c7-b0cbcad4c0d2","turnId":"00205243-fe27-4da3-bca2-e27721039ac9","rootTurnId":"00205243-fe27-4da3-bca2-e27721039ac9"}
{"timestamp":"2026-08-24T09:06:26.964Z","level":"info","message":"[ACPEventAdapter] Execution resumed {\"executionId\":\"00205243-fe27-4da3-bca2-e27721039ac9\"}","conversationId":"sess_2157ab68-9c2a-49f4-a4c7-b0cbcad4c0d2","turnId":"00205243-fe27-4da3-bca2-e27721039ac9","rootTurnId":"00205243-fe27-4da3-bca2-e27721039ac9"}
{"timestamp":"2026-08-24T09:06:32.349Z","level":"info","message":"[AgentIterator] Parallel invoking agent","conversationId":"sess_2157ab68-9c2a-49f4-a4c7-b0cbcad4c0d2","turnId":"00205243-fe27-4da3-bca2-e27721039ac9","rootTurnId":"00205243-fe27-4da3-bca2-e27721039ac9"}
{"timestamp":"2026-08-24T09:06:32.349Z","level":"info","message":"[Steering] Populating steering for execution 00205243-fe27-4da3-bca2-e27721039ac9","conversationId":"sess_2157ab68-9c2a-49f4-a4c7-b0cbcad4c0d2","turnId":"00205243-fe27-4da3-bca2-e27721039ac9","rootTurnId":"00205243-fe27-4da3-bca2-e27721039ac9"}
{"timestamp":"2026-08-24T09:06:32.349Z","level":"info","message":"[Steering] ExistingFiles: /c:/Users/Student/.kiro/regen/vite.config.ts, /c:/Users/Student/.kiro/regen/tsconfig.app.json, /c:/Users/Student/.kiro/regen/src/lib/mockData.ts, /c:/Users/Student/.kiro/regen/src/pages/TrackCircuits.tsx, /c:/Users/Student/.kiro/regen/src/pages/Dashboard.tsx, /c:/Users/Student/.kiro/regen/src/pages/FBGMonitoring.tsx in 00205243-fe27-4da3-bca2-e27721039ac9","conversationId":"sess_2157ab68-9c2a-49f4-a4c7-b0cbcad4c0d2","turnId":"00205243-fe27-4da3-bca2-e27721039ac9","rootTurnId":"00205243-fe27-4da3-bca2-e27721039ac9"}
{"timestamp":"2026-08-24T09:06:32.353Z","level":"info","message":"[q-developer-converse] Sending GenerateAssistantResponse modelId=auto agentMode=vibe origin=AI_EDITOR streaming=true conversationId=sess_2157ab68-9c2a-49f4-a4c7-b0cbcad4c0d2","conversationId":"sess_2157ab68-9c2a-49f4-a4c7-b0cbcad4c0d2","turnId":"00205243-fe27-4da3-bca2-e27721039ac9","rootTurnId":"00205243-fe27-4da3-bca2-e27721039ac9"}
{"timestamp":"2026-08-24T09:06:32.355Z","level":"info","message":"[q-developer-converse] Request payload: 544676 chars, 190 history messages, conversationId=sess_2157ab68-9c2a-49f4-a4c7-b0cbcad4c0d2","conversationId":"sess_2157ab68-9c2a-49f4-a4c7-b0cbcad4c0d2","turnId":"00205243-fe27-4da3-bca2-e27721039ac9","rootTurnId":"00205243-fe27-4da3-bca2-e27721039ac9"}
{"timestamp":"2026-08-24T09:06:32.363Z","level":"info","message":"fs.appendMessages.ok {\"system\":\"fs\",\"sessionId\":\"sess_2157ab68-9c2a-49f4-a4c7-b0cbcad4c0d2\",\"messageCount\":2,\"durationMs\":18}","conversationId":"sess_2157ab68-9c2a-49f4-a4c7-b0cbcad4c0d2","turnId":"00205243-fe27-4da3-bca2-e27721039ac9","rootTurnId":"00205243-fe27-4da3-bca2-e27721039ac9"}
{"timestamp":"2026-08-24T09:06:37.668Z","level":"info","message":"[AgentIterator] Synchronizing results","conversationId":"sess_2157ab68-9c2a-49f4-a4c7-b0cbcad4c0d2","turnId":"00205243-fe27-4da3-bca2-e27721039ac9","rootTurnId":"00205243-fe27-4da3-bca2-e27721039ac9"}
{"timestamp":"2026-08-24T09:06:37.668Z","level":"info","message":"[AgentIterator] Processing intent detection result","conversationId":"sess_2157ab68-9c2a-49f4-a4c7-b0cbcad4c0d2","turnId":"00205243-fe27-4da3-bca2-e27721039ac9","rootTurnId":"00205243-fe27-4da3-bca2-e27721039ac9"}
{"timestamp":"2026-08-24T09:06:37.669Z","level":"info","message":"[ChatAgent] Processing model response stream","conversationId":"sess_2157ab68-9c2a-49f4-a4c7-b0cbcad4c0d2","turnId":"00205243-fe27-4da3-bca2-e27721039ac9","rootTurnId":"00205243-fe27-4da3-bca2-e27721039ac9"}
{"timestamp":"2026-08-24T09:06:37.669Z","level":"info","message":"[Steering] Populating steering for execution 00205243-fe27-4da3-bca2-e27721039ac9","conversationId":"sess_2157ab68-9c2a-49f4-a4c7-b0cbcad4c0d2","turnId":"00205243-fe27-4da3-bca2-e27721039ac9","rootTurnId":"00205243-fe27-4da3-bca2-e27721039ac9"}
{"timestamp":"2026-08-24T09:06:37.669Z","level":"info","message":"[Steering] ExistingFiles: /c:/Users/Student/.kiro/regen/vite.config.ts, /c:/Users/Student/.kiro/regen/tsconfig.app.json, /c:/Users/Student/.kiro/regen/src/lib/mockData.ts, /c:/Users/Student/.kiro/regen/src/pages/TrackCircuits.tsx, /c:/Users/Student/.kiro/regen/src/pages/Dashboard.tsx, /c:/Users/Student/.kiro/regen/src/pages/FBGMonitoring.tsx in 00205243-fe27-4da3-bca2-e27721039ac9","conversationId":"sess_2157ab68-9c2a-49f4-a4c7-b0cbcad4c0d2","turnId":"00205243-fe27-4da3-bca2-e27721039ac9","rootTurnId":"00205243-fe27-4da3-bca2-e27721039ac9"}
{"timestamp":"2026-08-24T09:06:38.280Z","level":"info","message":"acp.policy-eval.complete {\"toolId\":\"read_file\",\"effect\":\"allow\",\"capability\":\"fs_read\"}","conversationId":"sess_2157ab68-9c2a-49f4-a4c7-b0cbcad4c0d2","turnId":"00205243-fe27-4da3-bca2-e27721039ac9","rootTurnId":"00205243-fe27-4da3-bca2-e27721039ac9"}
{"timestamp":"2026-08-24T09:06:38.286Z","level":"info","message":"fs.appendMessages.ok {\"system\":\"fs\",\"sessionId\":\"sess_2157ab68-9c2a-49f4-a4c7-b0cbcad4c0d2\",\"messageCount\":2,\"durationMs\":3}","conversationId":"sess_2157ab68-9c2a-49f4-a4c7-b0cbcad4c0d2","turnId":"00205243-fe27-4da3-bca2-e27721039ac9","rootTurnId":"00205243-fe27-4da3-bca2-e27721039ac9"}
{"timestamp":"2026-08-24T09:06:38.663Z","level":"info","message":"[AgentIterator] Parallel invoking agent","conversationId":"sess_2157ab68-9c2a-49f4-a4c7-b0cbcad4c0d2","turnId":"00205243-fe27-4da3-bca2-e27721039ac9","rootTurnId":"00205243-fe27-4da3-bca2-e27721039ac9"}
{"timestamp":"2026-08-24T09:06:38.663Z","level":"info","message":"[Steering] Populating steering for execution 00205243-fe27-4da3-bca2-e27721039ac9","conversationId":"sess_2157ab68-9c2a-49f4-a4c7-b0cbcad4c0d2","turnId":"00205243-fe27-4da3-bca2-e27721039ac9","rootTurnId":"00205243-fe27-4da3-bca2-e27721039ac9"}
{"timestamp":"2026-08-24T09:06:38.664Z","level":"info","message":"[Steering] ExistingFiles: /c:/Users/Student/.kiro/regen/vite.config.ts, /c:/Users/Student/.kiro/regen/tsconfig.app.json, /c:/Users/Student/.kiro/regen/src/lib/mockData.ts, /c:/Users/Student/.kiro/regen/src/pages/TrackCircuits.tsx, /c:/Users/Student/.kiro/regen/src/pages/Dashboard.tsx, /c:/Users/Student/.kiro/regen/src/pages/FBGMonitoring.tsx, /c:/Users/Student/.kiro/regen/src/lib/dataService.ts in 00205243-fe27-4da3-bca2-e27721039ac9","conversationId":"sess_2157ab68-9c2a-49f4-a4c7-b0cbcad4c0d2","turnId":"00205243-fe27-4da3-bca2-e27721039ac9","rootTurnId":"00205243-fe27-4da3-bca2-e27721039ac9"}
{"timestamp":"2026-08-24T09:06:38.668Z","level":"info","message":"[q-developer-converse] Sending GenerateAssistantResponse modelId=auto agentMode=vibe origin=AI_EDITOR streaming=true conversationId=sess_2157ab68-9c2a-49f4-a4c7-b0cbcad4c0d2","conversationId":"sess_2157ab68-9c2a-49f4-a4c7-b0cbcad4c0d2","turnId":"00205243-fe27-4da3-bca2-e27721039ac9","rootTurnId":"00205243-fe27-4da3-bca2-e27721039ac9"}
{"timestamp":"2026-08-24T09:06:38.670Z","level":"info","message":"[q-developer-converse] Request payload: 548736 chars, 192 history messages, conversationId=sess_2157ab68-9c2a-49f4-a4c7-b0cbcad4c0d2","conversationId":"sess_2157ab68-9c2a-49f4-a4c7-b0cbcad4c0d2","turnId":"00205243-fe27-4da3-bca2-e27721039ac9","rootTurnId":"00205243-fe27-4da3-bca2-e27721039ac9"}
{"timestamp":"2026-08-24T09:06:38.677Z","level":"info","message":"fs.appendMessages.ok {\"system\":\"fs\",\"sessionId\":\"sess_2157ab68-9c2a-49f4-a4c7-b0cbcad4c0d2\",\"messageCount\":1,\"durationMs\":19}","conversationId":"sess_2157ab68-9c2a-49f4-a4c7-b0cbcad4c0d2","turnId":"00205243-fe27-4da3-bca2-e27721039ac9","rootTurnId":"00205243-fe27-4da3-bca2-e27721039ac9"}
{"timestamp":"2026-08-24T09:06:38.679Z","level":"info","message":"fs.appendMessages.ok {\"system\":\"fs\",\"sessionId\":\"sess_2157ab68-9c2a-49f4-a4c7-b0cbcad4c0d2\",\"messageCount\":1,\"durationMs\":2}","conversationId":"sess_2157ab68-9c2a-49f4-a4c7-b0cbcad4c0d2","turnId":"00205243-fe27-4da3-bca2-e27721039ac9","rootTurnId":"00205243-fe27-4da3-bca2-e27721039ac9"}
{"timestamp":"2026-08-24T09:06:43.060Z","level":"info","message":"[AgentIterator] Synchronizing results","conversationId":"sess_2157ab68-9c2a-49f4-a4c7-b0cbcad4c0d2","turnId":"00205243-fe27-4da3-bca2-e27721039ac9","rootTurnId":"00205243-fe27-4da3-bca2-e27721039ac9"}
{"timestamp":"2026-08-24T09:06:43.060Z","level":"info","message":"[AgentIterator] Processing intent detection result","conversationId":"sess_2157ab68-9c2a-49f4-a4c7-b0cbcad4c0d2","turnId":"00205243-fe27-4da3-bca2-e27721039ac9","rootTurnId":"00205243-fe27-4da3-bca2-e27721039ac9"}
{"timestamp":"2026-08-24T09:06:43.060Z","level":"info","message":"[ChatAgent] Processing model response stream","conversationId":"sess_2157ab68-9c2a-49f4-a4c7-b0cbcad4c0d2","turnId":"00205243-fe27-4da3-bca2-e27721039ac9","rootTurnId":"00205243-fe27-4da3-bca2-e27721039ac9"}
{"timestamp":"2026-08-24T09:06:43.060Z","level":"info","message":"[Steering] Populating steering for execution 00205243-fe27-4da3-bca2-e27721039ac9","conversationId":"sess_2157ab68-9c2a-49f4-a4c7-b0cbcad4c0d2","turnId":"00205243-fe27-4da3-bca2-e27721039ac9","rootTurnId":"00205243-fe27-4da3-bca2-e27721039ac9"}
{"timestamp":"2026-08-24T09:06:43.060Z","level":"info","message":"[Steering] ExistingFiles: /c:/Users/Student/.kiro/regen/vite.config.ts, /c:/Users/Student/.kiro/regen/tsconfig.app.json, /c:/Users/Student/.kiro/regen/src/lib/mockData.ts, /c:/Users/Student/.kiro/regen/src/pages/TrackCircuits.tsx, /c:/Users/Student/.kiro/regen/src/pages/Dashboard.tsx, /c:/Users/Student/.kiro/regen/src/pages/FBGMonitoring.tsx, /c:/Users/Student/.kiro/regen/src/lib/dataService.ts in 00205243-fe27-4da3-bca2-e27721039ac9","conversationId":"sess_2157ab68-9c2a-49f4-a4c7-b0cbcad4c0d2","turnId":"00205243-fe27-4da3-bca2-e27721039ac9","rootTurnId":"00205243-fe27-4da3-bca2-e27721039ac9"}
{"timestamp":"2026-08-24T09:06:44.251Z","level":"info","message":"fs.appendMessages.ok {\"system\":\"fs\",\"sessionId\":\"sess_2157ab68-9c2a-49f4-a4c7-b0cbcad4c0d2\",\"messageCount\":1,\"durationMs\":2}","conversationId":"sess_2157ab68-9c2a-49f4-a4c7-b0cbcad4c0d2","turnId":"00205243-fe27-4da3-bca2-e27721039ac9","rootTurnId":"00205243-fe27-4da3-bca2-e27721039ac9"}
{"timestamp":"2026-08-24T09:07:19.673Z","level":"info","message":"fs.appendMessages.ok {\"system\":\"fs\",\"sessionId\":\"sess_2157ab68-9c2a-49f4-a4c7-b0cbcad4c0d2\",\"messageCount\":1,\"durationMs\":7}","conversationId":"sess_2157ab68-9c2a-49f4-a4c7-b0cbcad4c0d2","turnId":"00205243-fe27-4da3-bca2-e27721039ac9","rootTurnId":"00205243-fe27-4da3-bca2-e27721039ac9"}
{"timestamp":"2026-08-24T09:07:19.680Z","level":"info","message":"acp.policy-eval.complete {\"toolId\":\"fs_write\",\"effect\":\"allow\",\"capability\":\"fs_write\"}","conversationId":"sess_2157ab68-9c2a-49f4-a4c7-b0cbcad4c0d2","turnId":"00205243-fe27-4da3-bca2-e27721039ac9","rootTurnId":"00205243-fe27-4da3-bca2-e27721039ac9"}
{"timestamp":"2026-08-24T09:07:19.684Z","level":"info","message":"fs.appendMessages.ok {\"system\":\"fs\",\"sessionId\":\"sess_2157ab68-9c2a-49f4-a4c7-b0cbcad4c0d2\",\"messageCount\":1,\"durationMs\":10}","conversationId":"sess_2157ab68-9c2a-49f4-a4c7-b0cbcad4c0d2","turnId":"00205243-fe27-4da3-bca2-e27721039ac9","rootTurnId":"00205243-fe27-4da3-bca2-e27721039ac9"}
{"timestamp":"2026-08-24T09:07:19.689Z","level":"info","message":"[SessionPersistence] Snapshot deduplicated for regen/src/lib/dataService.ts in session sess_2157ab68-9c2a-49f4-a4c7-b0cbcad4c0d2 (reused e2872784)","conversationId":"sess_2157ab68-9c2a-49f4-a4c7-b0cbcad4c0d2","turnId":"00205243-fe27-4da3-bca2-e27721039ac9","rootTurnId":"00205243-fe27-4da3-bca2-e27721039ac9"}
{"timestamp":"2026-08-24T09:07:19.729Z","level":"info","message":"[SessionPersistence] Created snapshot 6fe37ead for regen/src/lib/dataService.ts in session sess_2157ab68-9c2a-49f4-a4c7-b0cbcad4c0d2 (13546 bytes)","conversationId":"sess_2157ab68-9c2a-49f4-a4c7-b0cbcad4c0d2","turnId":"00205243-fe27-4da3-bca2-e27721039ac9","rootTurnId":"00205243-fe27-4da3-bca2-e27721039ac9"}
{"timestamp":"2026-08-24T09:07:19.735Z","level":"info","message":"[AgentIterator] Parallel invoking agent","conversationId":"sess_2157ab68-9c2a-49f4-a4c7-b0cbcad4c0d2","turnId":"00205243-fe27-4da3-bca2-e27721039ac9","rootTurnId":"00205243-fe27-4da3-bca2-e27721039ac9"}
{"timestamp":"2026-08-24T09:07:19.735Z","level":"info","message":"[Steering] Populating steering for execution 00205243-fe27-4da3-bca2-e27721039ac9","conversationId":"sess_2157ab68-9c2a-49f4-a4c7-b0cbcad4c0d2","turnId":"00205243-fe27-4da3-bca2-e27721039ac9","rootTurnId":"00205243-fe27-4da3-bca2-e27721039ac9"}
{"timestamp":"2026-08-24T09:07:19.736Z","level":"info","message":"[Steering] ExistingFiles: /c:/Users/Student/.kiro/regen/vite.config.ts, /c:/Users/Student/.kiro/regen/tsconfig.app.json, /c:/Users/Student/.kiro/regen/src/lib/mockData.ts, /c:/Users/Student/.kiro/regen/src/pages/TrackCircuits.tsx, /c:/Users/Student/.kiro/regen/src/pages/Dashboard.tsx, /c:/Users/Student/.kiro/regen/src/pages/FBGMonitoring.tsx, /c:/Users/Student/.kiro/regen/src/lib/dataService.ts in 00205243-fe27-4da3-bca2-e27721039ac9","conversationId":"sess_2157ab68-9c2a-49f4-a4c7-b0cbcad4c0d2","turnId":"00205243-fe27-4da3-bca2-e27721039ac9","rootTurnId":"00205243-fe27-4da3-bca2-e27721039ac9"}
{"timestamp":"2026-08-24T09:07:19.739Z","level":"info","message":"[q-developer-converse] Sending GenerateAssistantResponse modelId=auto agentMode=vibe origin=AI_EDITOR streaming=true conversationId=sess_2157ab68-9c2a-49f4-a4c7-b0cbcad4c0d2","conversationId":"sess_2157ab68-9c2a-49f4-a4c7-b0cbcad4c0d2","turnId":"00205243-fe27-4da3-bca2-e27721039ac9","rootTurnId":"00205243-fe27-4da3-bca2-e27721039ac9"}
{"timestamp":"2026-08-24T09:07:19.741Z","level":"info","message":"[q-developer-converse] Request payload: 563478 chars, 194 history messages, conversationId=sess_2157ab68-9c2a-49f4-a4c7-b0cbcad4c0d2","conversationId":"sess_2157ab68-9c2a-49f4-a4c7-b0cbcad4c0d2","turnId":"00205243-fe27-4da3-bca2-e27721039ac9","rootTurnId":"00205243-fe27-4da3-bca2-e27721039ac9"}
{"timestamp":"2026-08-24T09:07:19.749Z","level":"info","message":"fs.appendMessages.ok {\"system\":\"fs\",\"sessionId\":\"sess_2157ab68-9c2a-49f4-a4c7-b0cbcad4c0d2\",\"messageCount\":2,\"durationMs\":19}","conversationId":"sess_2157ab68-9c2a-49f4-a4c7-b0cbcad4c0d2","turnId":"00205243-fe27-4da3-bca2-e27721039ac9","rootTurnId":"00205243-fe27-4da3-bca2-e27721039ac9"}
{"timestamp":"2026-08-24T09:07:24.085Z","level":"info","message":"[AgentIterator] Synchronizing results","conversationId":"sess_2157ab68-9c2a-49f4-a4c7-b0cbcad4c0d2","turnId":"00205243-fe27-4da3-bca2-e27721039ac9","rootTurnId":"00205243-fe27-4da3-bca2-e27721039ac9"}
{"timestamp":"2026-08-24T09:07:24.085Z","level":"info","message":"[AgentIterator] Processing intent detection result","conversationId":"sess_2157ab68-9c2a-49f4-a4c7-b0cbcad4c0d2","turnId":"00205243-fe27-4da3-bca2-e27721039ac9","rootTurnId":"00205243-fe27-4da3-bca2-e27721039ac9"}
{"timestamp":"2026-08-24T09:07:24.085Z","level":"info","message":"[ChatAgent] Processing model response stream","conversationId":"sess_2157ab68-9c2a-49f4-a4c7-b0cbcad4c0d2","turnId":"00205243-fe27-4da3-bca2-e27721039ac9","rootTurnId":"00205243-fe27-4da3-bca2-e27721039ac9"}
{"timestamp":"2026-08-24T09:07:24.085Z","level":"info","message":"[Steering] Populating steering for execution 00205243-fe27-4da3-bca2-e27721039ac9","conversationId":"sess_2157ab68-9c2a-49f4-a4c7-b0cbcad4c0d2","turnId":"00205243-fe27-4da3-bca2-e27721039ac9","rootTurnId":"00205243-fe27-4da3-bca2-e27721039ac9"}
{"timestamp":"2026-08-24T09:07:24.085Z","level":"info","message":"[Steering] ExistingFiles: /c:/Users/Student/.kiro/regen/vite.config.ts, /c:/Users/Student/.kiro/regen/tsconfig.app.json, /c:/Users/Student/.kiro/regen/src/lib/mockData.ts, /c:/Users/Student/.kiro/regen/src/pages/TrackCircuits.tsx, /c:/Users/Student/.kiro/regen/src/pages/Dashboard.tsx, /c:/Users/Student/.kiro/regen/src/pages/FBGMonitoring.tsx, /c:/Users/Student/.kiro/regen/src/lib/dataService.ts in 00205243-fe27-4da3-bca2-e27721039ac9","conversationId":"sess_2157ab68-9c2a-49f4-a4c7-b0cbcad4c0d2","turnId":"00205243-fe27-4da3-bca2-e27721039ac9","rootTurnId":"00205243-fe27-4da3-bca2-e27721039ac9"}
{"timestamp":"2026-08-24T09:07:24.747Z","level":"info","message":"[ACPEventAdapter] Execution yielded {\"executionId\":\"00205243-fe27-4da3-bca2-e27721039ac9\"}","conversationId":"sess_2157ab68-9c2a-49f4-a4c7-b0cbcad4c0d2","turnId":"00205243-fe27-4da3-bca2-e27721039ac9","rootTurnId":"00205243-fe27-4da3-bca2-e27721039ac9"}
{"timestamp":"2026-08-24T09:07:24.748Z","level":"info","message":"acp.policy-eval.complete {\"toolId\":\"run_command\",\"effect\":\"allow\",\"capability\":\"shell\"}","conversationId":"sess_2157ab68-9c2a-49f4-a4c7-b0cbcad4c0d2","turnId":"00205243-fe27-4da3-bca2-e27721039ac9","rootTurnId":"00205243-fe27-4da3-bca2-e27721039ac9"}
{"timestamp":"2026-08-24T09:07:24.748Z","level":"info","message":"[ACPEventAdapter] Execution resumed {\"executionId\":\"00205243-fe27-4da3-bca2-e27721039ac9\"}","conversationId":"sess_2157ab68-9c2a-49f4-a4c7-b0cbcad4c0d2","turnId":"00205243-fe27-4da3-bca2-e27721039ac9","rootTurnId":"00205243-fe27-4da3-bca2-e27721039ac9"}
{"timestamp":"2026-08-24T09:07:25.111Z","level":"info","message":"fs.appendMessages.ok {\"system\":\"fs\",\"sessionId\":\"sess_2157ab68-9c2a-49f4-a4c7-b0cbcad4c0d2\",\"messageCount\":1,\"durationMs\":12}","conversationId":"sess_2157ab68-9c2a-49f4-a4c7-b0cbcad4c0d2","turnId":"00205243-fe27-4da3-bca2-e27721039ac9","rootTurnId":"00205243-fe27-4da3-bca2-e27721039ac9"}
{"timestamp":"2026-08-24T09:07:25.120Z","level":"info","message":"fs.appendMessages.ok {\"system\":\"fs\",\"sessionId\":\"sess_2157ab68-9c2a-49f4-a4c7-b0cbcad4c0d2\",\"messageCount\":1,\"durationMs\":8}","conversationId":"sess_2157ab68-9c2a-49f4-a4c7-b0cbcad4c0d2","turnId":"00205243-fe27-4da3-bca2-e27721039ac9","rootTurnId":"00205243-fe27-4da3-bca2-e27721039ac9"}
{"timestamp":"2026-08-24T09:07:27.623Z","level":"info","message":"[AgentIterator] Parallel invoking agent","conversationId":"sess_2157ab68-9c2a-49f4-a4c7-b0cbcad4c0d2","turnId":"00205243-fe27-4da3-bca2-e27721039ac9","rootTurnId":"00205243-fe27-4da3-bca2-e27721039ac9"}
{"timestamp":"2026-08-24T09:07:27.623Z","level":"info","message":"[Steering] Populating steering for execution 00205243-fe27-4da3-bca2-e27721039ac9","conversationId":"sess_2157ab68-9c2a-49f4-a4c7-b0cbcad4c0d2","turnId":"00205243-fe27-4da3-bca2-e27721039ac9","rootTurnId":"00205243-fe27-4da3-bca2-e27721039ac9"}
{"timestamp":"2026-08-24T09:07:27.623Z","level":"info","message":"[Steering] ExistingFiles: /c:/Users/Student/.kiro/regen/vite.config.ts, /c:/Users/Student/.kiro/regen/tsconfig.app.json, /c:/Users/Student/.kiro/regen/src/lib/mockData.ts, /c:/Users/Student/.kiro/regen/src/pages/TrackCircuits.tsx, /c:/Users/Student/.kiro/regen/src/pages/Dashboard.tsx, /c:/Users/Student/.kiro/regen/src/pages/FBGMonitoring.tsx, /c:/Users/Student/.kiro/regen/src/lib/dataService.ts in 00205243-fe27-4da3-bca2-e27721039ac9","conversationId":"sess_2157ab68-9c2a-49f4-a4c7-b0cbcad4c0d2","turnId":"00205243-fe27-4da3-bca2-e27721039ac9","rootTurnId":"00205243-fe27-4da3-bca2-e27721039ac9"}
{"timestamp":"2026-08-24T09:07:27.627Z","level":"info","message":"[q-developer-converse] Sending GenerateAssistantResponse modelId=auto agentMode=vibe origin=AI_EDITOR streaming=true conversationId=sess_2157ab68-9c2a-49f4-a4c7-b0cbcad4c0d2","conversationId":"sess_2157ab68-9c2a-49f4-a4c7-b0cbcad4c0d2","turnId":"00205243-fe27-4da3-bca2-e27721039ac9","rootTurnId":"00205243-fe27-4da3-bca2-e27721039ac9"}
{"timestamp":"2026-08-24T09:07:27.628Z","level":"info","message":"[q-developer-converse] Request payload: 565531 chars, 196 history messages, conversationId=sess_2157ab68-9c2a-49f4-a4c7-b0cbcad4c0d2","conversationId":"sess_2157ab68-9c2a-49f4-a4c7-b0cbcad4c0d2","turnId":"00205243-fe27-4da3-bca2-e27721039ac9","rootTurnId":"00205243-fe27-4da3-bca2-e27721039ac9"}
{"timestamp":"2026-08-24T09:07:27.636Z","level":"info","message":"fs.appendMessages.ok {\"system\":\"fs\",\"sessionId\":\"sess_2157ab68-9c2a-49f4-a4c7-b0cbcad4c0d2\",\"messageCount\":2,\"durationMs\":16}","conversationId":"sess_2157ab68-9c2a-49f4-a4c7-b0cbcad4c0d2","turnId":"00205243-fe27-4da3-bca2-e27721039ac9","rootTurnId":"00205243-fe27-4da3-bca2-e27721039ac9"}
{"timestamp":"2026-08-24T09:07:31.655Z","level":"info","message":"[AgentIterator] Synchronizing results","conversationId":"sess_2157ab68-9c2a-49f4-a4c7-b0cbcad4c0d2","turnId":"00205243-fe27-4da3-bca2-e27721039ac9","rootTurnId":"00205243-fe27-4da3-bca2-e27721039ac9"}
{"timestamp":"2026-08-24T09:07:31.655Z","level":"info","message":"[AgentIterator] Processing intent detection result","conversationId":"sess_2157ab68-9c2a-49f4-a4c7-b0cbcad4c0d2","turnId":"00205243-fe27-4da3-bca2-e27721039ac9","rootTurnId":"00205243-fe27-4da3-bca2-e27721039ac9"}
{"timestamp":"2026-08-24T09:07:31.656Z","level":"info","message":"[ChatAgent] Processing model response stream","conversationId":"sess_2157ab68-9c2a-49f4-a4c7-b0cbcad4c0d2","turnId":"00205243-fe27-4da3-bca2-e27721039ac9","rootTurnId":"00205243-fe27-4da3-bca2-e27721039ac9"}
{"timestamp":"2026-08-24T09:07:31.656Z","level":"info","message":"[Steering] Populating steering for execution 00205243-fe27-4da3-bca2-e27721039ac9","conversationId":"sess_2157ab68-9c2a-49f4-a4c7-b0cbcad4c0d2","turnId":"00205243-fe27-4da3-bca2-e27721039ac9","rootTurnId":"00205243-fe27-4da3-bca2-e27721039ac9"}
{"timestamp":"2026-08-24T09:07:31.656Z","level":"info","message":"[Steering] ExistingFiles: /c:/Users/Student/.kiro/regen/vite.config.ts, /c:/Users/Student/.kiro/regen/tsconfig.app.json, /c:/Users/Student/.kiro/regen/src/lib/mockData.ts, /c:/Users/Student/.kiro/regen/src/pages/TrackCircuits.tsx, /c:/Users/Student/.kiro/regen/src/pages/Dashboard.tsx, /c:/Users/Student/.kiro/regen/src/pages/FBGMonitoring.tsx, /c:/Users/Student/.kiro/regen/src/lib/dataService.ts in 00205243-fe27-4da3-bca2-e27721039ac9","conversationId":"sess_2157ab68-9c2a-49f4-a4c7-b0cbcad4c0d2","turnId":"00205243-fe27-4da3-bca2-e27721039ac9","rootTurnId":"00205243-fe27-4da3-bca2-e27721039ac9"}
{"timestamp":"2026-08-24T09:07:33.313Z","level":"info","message":"fs.appendMessages.ok {\"system\":\"fs\",\"sessionId\":\"sess_2157ab68-9c2a-49f4-a4c7-b0cbcad4c0d2\",\"messageCount\":1,\"durationMs\":2}","conversationId":"sess_2157ab68-9c2a-49f4-a4c7-b0cbcad4c0d2","turnId":"00205243-fe27-4da3-bca2-e27721039ac9","rootTurnId":"00205243-fe27-4da3-bca2-e27721039ac9"}
{"timestamp":"2026-08-24T09:07:34.215Z","level":"info","message":"[ACPEventAdapter] Execution yielded {\"executionId\":\"00205243-fe27-4da3-bca2-e27721039ac9\"}","conversationId":"sess_2157ab68-9c2a-49f4-a4c7-b0cbcad4c0d2","turnId":"00205243-fe27-4da3-bca2-e27721039ac9","rootTurnId":"00205243-fe27-4da3-bca2-e27721039ac9"}
{"timestamp":"2026-08-24T09:07:34.215Z","level":"warn","message":"[PersistenceClassification] Unknown action type \"control_process\" — defaulting to \"tool\". Add it to KnownActionType in persistence-classification.ts.","conversationId":"sess_2157ab68-9c2a-49f4-a4c7-b0cbcad4c0d2","turnId":"00205243-fe27-4da3-bca2-e27721039ac9","rootTurnId":"00205243-fe27-4da3-bca2-e27721039ac9"}
{"timestamp":"2026-08-24T09:07:34.215Z","level":"warn","message":"[ACPEventAdapter] Action type has no dedicated handler and is being routed as a tool call. If this is a new non-tool action, add it to DispatchedActionType. {\"actionType\":\"control_process\"}","conversationId":"sess_2157ab68-9c2a-49f4-a4c7-b0cbcad4c0d2","turnId":"00205243-fe27-4da3-bca2-e27721039ac9","rootTurnId":"00205243-fe27-4da3-bca2-e27721039ac9"}
{"timestamp":"2026-08-24T09:07:34.216Z","level":"info","message":"acp.policy-eval.complete {\"toolId\":\"control_process\",\"effect\":\"ask\"}","conversationId":"sess_2157ab68-9c2a-49f4-a4c7-b0cbcad4c0d2","turnId":"00205243-fe27-4da3-bca2-e27721039ac9","rootTurnId":"00205243-fe27-4da3-bca2-e27721039ac9"}
{"timestamp":"2026-08-24T09:07:34.226Z","level":"info","message":"[ACP ToolApproval] Requesting permission for toolId=control_process, operationId=start_process_tooluse_KaIz3X6HUjAIFNu9GWxbZL, sessionId=sess_2157ab68-9c2a-49f4-a4c7-b0cbcad4c0d2","conversationId":"sess_2157ab68-9c2a-49f4-a4c7-b0cbcad4c0d2","turnId":"00205243-fe27-4da3-bca2-e27721039ac9","rootTurnId":"00205243-fe27-4da3-bca2-e27721039ac9"}
{"timestamp":"2026-08-24T09:07:34.229Z","level":"info","message":"fs.appendMessages.ok {\"system\":\"fs\",\"sessionId\":\"sess_2157ab68-9c2a-49f4-a4c7-b0cbcad4c0d2\",\"messageCount\":1,\"durationMs\":3}","conversationId":"sess_2157ab68-9c2a-49f4-a4c7-b0cbcad4c0d2","turnId":"00205243-fe27-4da3-bca2-e27721039ac9","rootTurnId":"00205243-fe27-4da3-bca2-e27721039ac9"}
{"timestamp":"2026-08-24T09:07:34.358Z","level":"info","message":"fs.appendMessages.ok {\"system\":\"fs\",\"sessionId\":\"sess_2157ab68-9c2a-49f4-a4c7-b0cbcad4c0d2\",\"messageCount\":1,\"durationMs\":3}","conversationId":"sess_2157ab68-9c2a-49f4-a4c7-b0cbcad4c0d2","turnId":"00205243-fe27-4da3-bca2-e27721039ac9","rootTurnId":"00205243-fe27-4da3-bca2-e27721039ac9"}
{"timestamp":"2026-08-24T09:07:34.367Z","level":"info","message":"fs.appendMessages.ok {\"system\":\"fs\",\"sessionId\":\"sess_2157ab68-9c2a-49f4-a4c7-b0cbcad4c0d2\",\"messageCount\":1,\"durationMs\":9}","conversationId":"sess_2157ab68-9c2a-49f4-a4c7-b0cbcad4c0d2","turnId":"00205243-fe27-4da3-bca2-e27721039ac9","rootTurnId":"00205243-fe27-4da3-bca2-e27721039ac9"}
{"timestamp":"2026-08-24T09:07:37.804Z","level":"info","message":"fs.appendMessages.ok {\"system\":\"fs\",\"sessionId\":\"sess_2157ab68-9c2a-49f4-a4c7-b0cbcad4c0d2\",\"messageCount\":1,\"durationMs\":2}","conversationId":"sess_2157ab68-9c2a-49f4-a4c7-b0cbcad4c0d2","turnId":"00205243-fe27-4da3-bca2-e27721039ac9","rootTurnId":"00205243-fe27-4da3-bca2-e27721039ac9"}
{"timestamp":"2026-08-24T09:07:37.804Z","level":"info","message":"[ACP ToolApproval] Got response: {\"optionId\":\"always-accept\",\"outcome\":\"selected\"}","conversationId":"sess_2157ab68-9c2a-49f4-a4c7-b0cbcad4c0d2","turnId":"00205243-fe27-4da3-bca2-e27721039ac9","rootTurnId":"00205243-fe27-4da3-bca2-e27721039ac9"}
{"timestamp":"2026-08-24T09:07:38.015Z","level":"info","message":"[PolicySession] rebuild() complete: 18 rules parsed, engineActive=true, fatal=false","conversationId":"sess_2157ab68-9c2a-49f4-a4c7-b0cbcad4c0d2","turnId":"00205243-fe27-4da3-bca2-e27721039ac9","rootTurnId":"00205243-fe27-4da3-bca2-e27721039ac9"}
{"timestamp":"2026-08-24T09:07:38.015Z","level":"info","message":"[PolicySession] Persisted allow rule for shell matching \"cmd /c \"cd /d C:\\Users\\Student\\.kiro\\regen && npm run dev\"\" at scope=workspace","conversationId":"sess_2157ab68-9c2a-49f4-a4c7-b0cbcad4c0d2","turnId":"00205243-fe27-4da3-bca2-e27721039ac9","rootTurnId":"00205243-fe27-4da3-bca2-e27721039ac9"}
{"timestamp":"2026-08-24T09:07:38.020Z","level":"info","message":"[ACPEventAdapter] Execution resumed {\"executionId\":\"00205243-fe27-4da3-bca2-e27721039ac9\"}","conversationId":"sess_2157ab68-9c2a-49f4-a4c7-b0cbcad4c0d2","turnId":"00205243-fe27-4da3-bca2-e27721039ac9","rootTurnId":"00205243-fe27-4da3-bca2-e27721039ac9"}
{"timestamp":"2026-08-24T09:07:38.020Z","level":"info","message":"acp.policy-eval.complete {\"toolId\":\"list_directory\",\"effect\":\"allow\",\"capability\":\"fs_read\"}","conversationId":"sess_2157ab68-9c2a-49f4-a4c7-b0cbcad4c0d2","turnId":"00205243-fe27-4da3-bca2-e27721039ac9","rootTurnId":"00205243-fe27-4da3-bca2-e27721039ac9"}
{"timestamp":"2026-08-24T09:07:38.026Z","level":"info","message":"[AgentIterator] Parallel invoking agent","conversationId":"sess_2157ab68-9c2a-49f4-a4c7-b0cbcad4c0d2","turnId":"00205243-fe27-4da3-bca2-e27721039ac9","rootTurnId":"00205243-fe27-4da3-bca2-e27721039ac9"}
{"timestamp":"2026-08-24T09:07:38.026Z","level":"info","message":"[Steering] Populating steering for execution 00205243-fe27-4da3-bca2-e27721039ac9","conversationId":"sess_2157ab68-9c2a-49f4-a4c7-b0cbcad4c0d2","turnId":"00205243-fe27-4da3-bca2-e27721039ac9","rootTurnId":"00205243-fe27-4da3-bca2-e27721039ac9"}
{"timestamp":"2026-08-24T09:07:38.026Z","level":"info","message":"[Steering] ExistingFiles: /c:/Users/Student/.kiro/regen/vite.config.ts, /c:/Users/Student/.kiro/regen/tsconfig.app.json, /c:/Users/Student/.kiro/regen/src/lib/mockData.ts, /c:/Users/Student/.kiro/regen/src/pages/TrackCircuits.tsx, /c:/Users/Student/.kiro/regen/src/pages/Dashboard.tsx, /c:/Users/Student/.kiro/regen/src/pages/FBGMonitoring.tsx, /c:/Users/Student/.kiro/regen/src/lib/dataService.ts in 00205243-fe27-4da3-bca2-e27721039ac9","conversationId":"sess_2157ab68-9c2a-49f4-a4c7-b0cbcad4c0d2","turnId":"00205243-fe27-4da3-bca2-e27721039ac9","rootTurnId":"00205243-fe27-4da3-bca2-e27721039ac9"}
{"timestamp":"2026-08-24T09:07:38.030Z","level":"info","message":"[q-developer-converse] Sending GenerateAssistantResponse modelId=auto agentMode=vibe origin=AI_EDITOR streaming=true conversationId=sess_2157ab68-9c2a-49f4-a4c7-b0cbcad4c0d2","conversationId":"sess_2157ab68-9c2a-49f4-a4c7-b0cbcad4c0d2","turnId":"00205243-fe27-4da3-bca2-e27721039ac9","rootTurnId":"00205243-fe27-4da3-bca2-e27721039ac9"}
{"timestamp":"2026-08-24T09:07:38.032Z","level":"info","message":"[q-developer-converse] Request payload: 566450 chars, 198 history messages, conversationId=sess_2157ab68-9c2a-49f4-a4c7-b0cbcad4c0d2","conversationId":"sess_2157ab68-9c2a-49f4-a4c7-b0cbcad4c0d2","turnId":"00205243-fe27-4da3-bca2-e27721039ac9","rootTurnId":"00205243-fe27-4da3-bca2-e27721039ac9"}
{"timestamp":"2026-08-24T09:07:38.041Z","level":"info","message":"fs.appendMessages.ok {\"system\":\"fs\",\"sessionId\":\"sess_2157ab68-9c2a-49f4-a4c7-b0cbcad4c0d2\",\"messageCount\":2,\"durationMs\":19}","conversationId":"sess_2157ab68-9c2a-49f4-a4c7-b0cbcad4c0d2","turnId":"00205243-fe27-4da3-bca2-e27721039ac9","rootTurnId":"00205243-fe27-4da3-bca2-e27721039ac9"}
{"timestamp":"2026-08-24T09:07:42.833Z","level":"info","message":"[AgentIterator] Synchronizing results","conversationId":"sess_2157ab68-9c2a-49f4-a4c7-b0cbcad4c0d2","turnId":"00205243-fe27-4da3-bca2-e27721039ac9","rootTurnId":"00205243-fe27-4da3-bca2-e27721039ac9"}
{"timestamp":"2026-08-24T09:07:42.833Z","level":"info","message":"[AgentIterator] Processing intent detection result","conversationId":"sess_2157ab68-9c2a-49f4-a4c7-b0cbcad4c0d2","turnId":"00205243-fe27-4da3-bca2-e27721039ac9","rootTurnId":"00205243-fe27-4da3-bca2-e27721039ac9"}
{"timestamp":"2026-08-24T09:07:42.834Z","level":"info","message":"[ChatAgent] Processing model response stream","conversationId":"sess_2157ab68-9c2a-49f4-a4c7-b0cbcad4c0d2","turnId":"00205243-fe27-4da3-bca2-e27721039ac9","rootTurnId":"00205243-fe27-4da3-bca2-e27721039ac9"}
{"timestamp":"2026-08-24T09:07:42.834Z","level":"info","message":"[Steering] Populating steering for execution 00205243-fe27-4da3-bca2-e27721039ac9","conversationId":"sess_2157ab68-9c2a-49f4-a4c7-b0cbcad4c0d2","turnId":"00205243-fe27-4da3-bca2-e27721039ac9","rootTurnId":"00205243-fe27-4da3-bca2-e27721039ac9"}
{"timestamp":"2026-08-24T09:07:42.834Z","level":"info","message":"[Steering] ExistingFiles: /c:/Users/Student/.kiro/regen/vite.config.ts, /c:/Users/Student/.kiro/regen/tsconfig.app.json, /c:/Users/Student/.kiro/regen/src/lib/mockData.ts, /c:/Users/Student/.kiro/regen/src/pages/TrackCircuits.tsx, /c:/Users/Student/.kiro/regen/src/pages/Dashboard.tsx, /c:/Users/Student/.kiro/regen/src/pages/FBGMonitoring.tsx, /c:/Users/Student/.kiro/regen/src/lib/dataService.ts in 00205243-fe27-4da3-bca2-e27721039ac9","conversationId":"sess_2157ab68-9c2a-49f4-a4c7-b0cbcad4c0d2","turnId":"00205243-fe27-4da3-bca2-e27721039ac9","rootTurnId":"00205243-fe27-4da3-bca2-e27721039ac9"}
{"timestamp":"2026-08-24T09:07:43.338Z","level":"info","message":"[ACPEventAdapter] Execution yielded {\"executionId\":\"00205243-fe27-4da3-bca2-e27721039ac9\"}","conversationId":"sess_2157ab68-9c2a-49f4-a4c7-b0cbcad4c0d2","turnId":"00205243-fe27-4da3-bca2-e27721039ac9","rootTurnId":"00205243-fe27-4da3-bca2-e27721039ac9"}
{"timestamp":"2026-08-24T09:07:43.340Z","level":"info","message":"acp.policy-eval.complete {\"toolId\":\"run_command\",\"effect\":\"ask\"}","conversationId":"sess_2157ab68-9c2a-49f4-a4c7-b0cbcad4c0d2","turnId":"00205243-fe27-4da3-bca2-e27721039ac9","rootTurnId":"00205243-fe27-4da3-bca2-e27721039ac9"}
{"timestamp":"2026-08-24T09:07:43.351Z","level":"info","message":"[ACP ToolApproval] Requesting permission for toolId=run_command, operationId=run_command_tooluse_05cqFfTDeI7ov3hGhVVbk0, sessionId=sess_2157ab68-9c2a-49f4-a4c7-b0cbcad4c0d2","conversationId":"sess_2157ab68-9c2a-49f4-a4c7-b0cbcad4c0d2","turnId":"00205243-fe27-4da3-bca2-e27721039ac9","rootTurnId":"00205243-fe27-4da3-bca2-e27721039ac9"}
{"timestamp":"2026-08-24T09:07:43.354Z","level":"info","message":"fs.appendMessages.ok {\"system\":\"fs\",\"sessionId\":\"sess_2157ab68-9c2a-49f4-a4c7-b0cbcad4c0d2\",\"messageCount\":1,\"durationMs\":3}","conversationId":"sess_2157ab68-9c2a-49f4-a4c7-b0cbcad4c0d2","turnId":"00205243-fe27-4da3-bca2-e27721039ac9","rootTurnId":"00205243-fe27-4da3-bca2-e27721039ac9"}
{"timestamp":"2026-08-24T09:07:43.646Z","level":"info","message":"fs.appendMessages.ok {\"system\":\"fs\",\"sessionId\":\"sess_2157ab68-9c2a-49f4-a4c7-b0cbcad4c0d2\",\"messageCount\":1,\"durationMs\":4}","conversationId":"sess_2157ab68-9c2a-49f4-a4c7-b0cbcad4c0d2","turnId":"00205243-fe27-4da3-bca2-e27721039ac9","rootTurnId":"00205243-fe27-4da3-bca2-e27721039ac9"}
{"timestamp":"2026-08-24T09:07:43.654Z","level":"info","message":"fs.appendMessages.ok {\"system\":\"fs\",\"sessionId\":\"sess_2157ab68-9c2a-49f4-a4c7-b0cbcad4c0d2\",\"messageCount\":1,\"durationMs\":8}","conversationId":"sess_2157ab68-9c2a-49f4-a4c7-b0cbcad4c0d2","turnId":"00205243-fe27-4da3-bca2-e27721039ac9","rootTurnId":"00205243-fe27-4da3-bca2-e27721039ac9"}
{"timestamp":"2026-08-24T09:08:01.235Z","level":"info","message":"fs.appendMessages.ok {\"system\":\"fs\",\"sessionId\":\"sess_2157ab68-9c2a-49f4-a4c7-b0cbcad4c0d2\",\"messageCount\":1,\"durationMs\":2}","conversationId":"sess_2157ab68-9c2a-49f4-a4c7-b0cbcad4c0d2","turnId":"00205243-fe27-4da3-bca2-e27721039ac9","rootTurnId":"00205243-fe27-4da3-bca2-e27721039ac9"}
{"timestamp":"2026-08-24T09:08:01.235Z","level":"info","message":"[ACP ToolApproval] Got response: {\"optionId\":\"always-accept\",\"outcome\":\"selected\"}","conversationId":"sess_2157ab68-9c2a-49f4-a4c7-b0cbcad4c0d2","turnId":"00205243-fe27-4da3-bca2-e27721039ac9","rootTurnId":"00205243-fe27-4da3-bca2-e27721039ac9"}
{"timestamp":"2026-08-24T09:08:01.445Z","level":"info","message":"[PolicySession] rebuild() complete: 18 rules parsed, engineActive=true, fatal=false","conversationId":"sess_2157ab68-9c2a-49f4-a4c7-b0cbcad4c0d2","turnId":"00205243-fe27-4da3-bca2-e27721039ac9","rootTurnId":"00205243-fe27-4da3-bca2-e27721039ac9"}
{"timestamp":"2026-08-24T09:08:01.445Z","level":"info","message":"[PolicySession] Persisted allow rule for shell matching \"Start-Sleep -Seconds 4\" at scope=workspace","conversationId":"sess_2157ab68-9c2a-49f4-a4c7-b0cbcad4c0d2","turnId":"00205243-fe27-4da3-bca2-e27721039ac9","rootTurnId":"00205243-fe27-4da3-bca2-e27721039ac9"}
{"timestamp":"2026-08-24T09:08:01.459Z","level":"info","message":"[ACP ToolApproval] Requesting permission for toolId=run_command, operationId=run_command_tooluse_05cqFfTDeI7ov3hGhVVbk0, sessionId=sess_2157ab68-9c2a-49f4-a4c7-b0cbcad4c0d2","conversationId":"sess_2157ab68-9c2a-49f4-a4c7-b0cbcad4c0d2","turnId":"00205243-fe27-4da3-bca2-e27721039ac9","rootTurnId":"00205243-fe27-4da3-bca2-e27721039ac9"}
{"timestamp":"2026-08-24T09:08:01.464Z","level":"info","message":"fs.appendMessages.ok {\"system\":\"fs\",\"sessionId\":\"sess_2157ab68-9c2a-49f4-a4c7-b0cbcad4c0d2\",\"messageCount\":1,\"durationMs\":4}","conversationId":"sess_2157ab68-9c2a-49f4-a4c7-b0cbcad4c0d2","turnId":"00205243-fe27-4da3-bca2-e27721039ac9","rootTurnId":"00205243-fe27-4da3-bca2-e27721039ac9"}
{"timestamp":"2026-08-24T09:08:03.571Z","level":"info","message":"fs.appendMessages.ok {\"system\":\"fs\",\"sessionId\":\"sess_2157ab68-9c2a-49f4-a4c7-b0cbcad4c0d2\",\"messageCount\":1,\"durationMs\":2}","conversationId":"sess_2157ab68-9c2a-49f4-a4c7-b0cbcad4c0d2","turnId":"00205243-fe27-4da3-bca2-e27721039ac9","rootTurnId":"00205243-fe27-4da3-bca2-e27721039ac9"}
{"timestamp":"2026-08-24T09:08:03.571Z","level":"info","message":"[ACP ToolApproval] Got response: {\"optionId\":\"always-accept\",\"outcome\":\"selected\"}","conversationId":"sess_2157ab68-9c2a-49f4-a4c7-b0cbcad4c0d2","turnId":"00205243-fe27-4da3-bca2-e27721039ac9","rootTurnId":"00205243-fe27-4da3-bca2-e27721039ac9"}
{"timestamp":"2026-08-24T09:08:03.783Z","level":"info","message":"[PolicySession] rebuild() complete: 18 rules parsed, engineActive=true, fatal=false","conversationId":"sess_2157ab68-9c2a-49f4-a4c7-b0cbcad4c0d2","turnId":"00205243-fe27-4da3-bca2-e27721039ac9","rootTurnId":"00205243-fe27-4da3-bca2-e27721039ac9"}
{"timestamp":"2026-08-24T09:08:03.783Z","level":"info","message":"[PolicySession] Persisted allow rule for shell matching \"echo \"waited\"\" at scope=workspace","conversationId":"sess_2157ab68-9c2a-49f4-a4c7-b0cbcad4c0d2","turnId":"00205243-fe27-4da3-bca2-e27721039ac9","rootTurnId":"00205243-fe27-4da3-bca2-e27721039ac9"}
{"timestamp":"2026-08-24T09:08:03.788Z","level":"info","message":"[ACPEventAdapter] Execution resumed {\"executionId\":\"00205243-fe27-4da3-bca2-e27721039ac9\"}","conversationId":"sess_2157ab68-9c2a-49f4-a4c7-b0cbcad4c0d2","turnId":"00205243-fe27-4da3-bca2-e27721039ac9","rootTurnId":"00205243-fe27-4da3-bca2-e27721039ac9"}
{"timestamp":"2026-08-24T09:08:13.012Z","level":"info","message":"[AgentIterator] Parallel invoking agent","conversationId":"sess_2157ab68-9c2a-49f4-a4c7-b0cbcad4c0d2","turnId":"00205243-fe27-4da3-bca2-e27721039ac9","rootTurnId":"00205243-fe27-4da3-bca2-e27721039ac9"}
{"timestamp":"2026-08-24T09:08:13.012Z","level":"info","message":"[Steering] Populating steering for execution 00205243-fe27-4da3-bca2-e27721039ac9","conversationId":"sess_2157ab68-9c2a-49f4-a4c7-b0cbcad4c0d2","turnId":"00205243-fe27-4da3-bca2-e27721039ac9","rootTurnId":"00205243-fe27-4da3-bca2-e27721039ac9"}
{"timestamp":"2026-08-24T09:08:13.012Z","level":"info","message":"[Steering] ExistingFiles: /c:/Users/Student/.kiro/regen/vite.config.ts, /c:/Users/Student/.kiro/regen/tsconfig.app.json, /c:/Users/Student/.kiro/regen/src/lib/mockData.ts, /c:/Users/Student/.kiro/regen/src/pages/TrackCircuits.tsx, /c:/Users/Student/.kiro/regen/src/pages/Dashboard.tsx, /c:/Users/Student/.kiro/regen/src/pages/FBGMonitoring.tsx, /c:/Users/Student/.kiro/regen/src/lib/dataService.ts in 00205243-fe27-4da3-bca2-e27721039ac9","conversationId":"sess_2157ab68-9c2a-49f4-a4c7-b0cbcad4c0d2","turnId":"00205243-fe27-4da3-bca2-e27721039ac9","rootTurnId":"00205243-fe27-4da3-bca2-e27721039ac9"}
{"timestamp":"2026-08-24T09:08:13.016Z","level":"info","message":"[q-developer-converse] Sending GenerateAssistantResponse modelId=auto agentMode=vibe origin=AI_EDITOR streaming=true conversationId=sess_2157ab68-9c2a-49f4-a4c7-b0cbcad4c0d2","conversationId":"sess_2157ab68-9c2a-49f4-a4c7-b0cbcad4c0d2","turnId":"00205243-fe27-4da3-bca2-e27721039ac9","rootTurnId":"00205243-fe27-4da3-bca2-e27721039ac9"}
{"timestamp":"2026-08-24T09:08:13.017Z","level":"info","message":"[q-developer-converse] Request payload: 567042 chars, 200 history messages, conversationId=sess_2157ab68-9c2a-49f4-a4c7-b0cbcad4c0d2","conversationId":"sess_2157ab68-9c2a-49f4-a4c7-b0cbcad4c0d2","turnId":"00205243-fe27-4da3-bca2-e27721039ac9","rootTurnId":"00205243-fe27-4da3-bca2-e27721039ac9"}
{"timestamp":"2026-08-24T09:08:13.025Z","level":"info","message":"fs.appendMessages.ok {\"system\":\"fs\",\"sessionId\":\"sess_2157ab68-9c2a-49f4-a4c7-b0cbcad4c0d2\",\"messageCount\":2,\"durationMs\":16}","conversationId":"sess_2157ab68-9c2a-49f4-a4c7-b0cbcad4c0d2","turnId":"00205243-fe27-4da3-bca2-e27721039ac9","rootTurnId":"00205243-fe27-4da3-bca2-e27721039ac9"}
{"timestamp":"2026-08-24T09:08:17.380Z","level":"info","message":"[AgentIterator] Synchronizing results","conversationId":"sess_2157ab68-9c2a-49f4-a4c7-b0cbcad4c0d2","turnId":"00205243-fe27-4da3-bca2-e27721039ac9","rootTurnId":"00205243-fe27-4da3-bca2-e27721039ac9"}
{"timestamp":"2026-08-24T09:08:17.380Z","level":"info","message":"[AgentIterator] Processing intent detection result","conversationId":"sess_2157ab68-9c2a-49f4-a4c7-b0cbcad4c0d2","turnId":"00205243-fe27-4da3-bca2-e27721039ac9","rootTurnId":"00205243-fe27-4da3-bca2-e27721039ac9"}
{"timestamp":"2026-08-24T09:08:17.381Z","level":"info","message":"[ChatAgent] Processing model response stream","conversationId":"sess_2157ab68-9c2a-49f4-a4c7-b0cbcad4c0d2","turnId":"00205243-fe27-4da3-bca2-e27721039ac9","rootTurnId":"00205243-fe27-4da3-bca2-e27721039ac9"}
{"timestamp":"2026-08-24T09:08:17.381Z","level":"info","message":"[Steering] Populating steering for execution 00205243-fe27-4da3-bca2-e27721039ac9","conversationId":"sess_2157ab68-9c2a-49f4-a4c7-b0cbcad4c0d2","turnId":"00205243-fe27-4da3-bca2-e27721039ac9","rootTurnId":"00205243-fe27-4da3-bca2-e27721039ac9"}
{"timestamp":"2026-08-24T09:08:17.381Z","level":"info","message":"[Steering] ExistingFiles: /c:/Users/Student/.kiro/regen/vite.config.ts, /c:/Users/Student/.kiro/regen/tsconfig.app.json, /c:/Users/Student/.kiro/regen/src/lib/mockData.ts, /c:/Users/Student/.kiro/regen/src/pages/TrackCircuits.tsx, /c:/Users/Student/.kiro/regen/src/pages/Dashboard.tsx, /c:/Users/Student/.kiro/regen/src/pages/FBGMonitoring.tsx, /c:/Users/Student/.kiro/regen/src/lib/dataService.ts in 00205243-fe27-4da3-bca2-e27721039ac9","conversationId":"sess_2157ab68-9c2a-49f4-a4c7-b0cbcad4c0d2","turnId":"00205243-fe27-4da3-bca2-e27721039ac9","rootTurnId":"00205243-fe27-4da3-bca2-e27721039ac9"}
{"timestamp":"2026-08-24T09:08:17.727Z","level":"warn","message":"[PersistenceClassification] Unknown action type \"get_process_output\" — defaulting to \"tool\". Add it to KnownActionType in persistence-classification.ts.","conversationId":"sess_2157ab68-9c2a-49f4-a4c7-b0cbcad4c0d2","turnId":"00205243-fe27-4da3-bca2-e27721039ac9","rootTurnId":"00205243-fe27-4da3-bca2-e27721039ac9"}
{"timestamp":"2026-08-24T09:08:17.727Z","level":"warn","message":"[ACPEventAdapter] Action type has no dedicated handler and is being routed as a tool call. If this is a new non-tool action, add it to DispatchedActionType. {\"actionType\":\"get_process_output\"}","conversationId":"sess_2157ab68-9c2a-49f4-a4c7-b0cbcad4c0d2","turnId":"00205243-fe27-4da3-bca2-e27721039ac9","rootTurnId":"00205243-fe27-4da3-bca2-e27721039ac9"}
{"timestamp":"2026-08-24T09:08:17.727Z","level":"warn","message":"[tool-call-emitter] kind=read emitted without locations (toolCallId=tooluse_78OgfMqBzqSvRD2oesVXSF)","conversationId":"sess_2157ab68-9c2a-49f4-a4c7-b0cbcad4c0d2","turnId":"00205243-fe27-4da3-bca2-e27721039ac9","rootTurnId":"00205243-fe27-4da3-bca2-e27721039ac9"}
{"timestamp":"2026-08-24T09:08:17.731Z","level":"info","message":"fs.appendMessages.ok {\"system\":\"fs\",\"sessionId\":\"sess_2157ab68-9c2a-49f4-a4c7-b0cbcad4c0d2\",\"messageCount\":2,\"durationMs\":2}","conversationId":"sess_2157ab68-9c2a-49f4-a4c7-b0cbcad4c0d2","turnId":"00205243-fe27-4da3-bca2-e27721039ac9","rootTurnId":"00205243-fe27-4da3-bca2-e27721039ac9"}
{"timestamp":"2026-08-24T09:08:18.120Z","level":"info","message":"[AgentIterator] Parallel invoking agent","conversationId":"sess_2157ab68-9c2a-49f4-a4c7-b0cbcad4c0d2","turnId":"00205243-fe27-4da3-bca2-e27721039ac9","rootTurnId":"00205243-fe27-4da3-bca2-e27721039ac9"}
{"timestamp":"2026-08-24T09:08:18.120Z","level":"info","message":"[Steering] Populating steering for execution 00205243-fe27-4da3-bca2-e27721039ac9","conversationId":"sess_2157ab68-9c2a-49f4-a4c7-b0cbcad4c0d2","turnId":"00205243-fe27-4da3-bca2-e27721039ac9","rootTurnId":"00205243-fe27-4da3-bca2-e27721039ac9"}
{"timestamp":"2026-08-24T09:08:18.120Z","level":"info","message":"[Steering] ExistingFiles: /c:/Users/Student/.kiro/regen/vite.config.ts, /c:/Users/Student/.kiro/regen/tsconfig.app.json, /c:/Users/Student/.kiro/regen/src/lib/mockData.ts, /c:/Users/Student/.kiro/regen/src/pages/TrackCircuits.tsx, /c:/Users/Student/.kiro/regen/src/pages/Dashboard.tsx, /c:/Users/Student/.kiro/regen/src/pages/FBGMonitoring.tsx, /c:/Users/Student/.kiro/regen/src/lib/dataService.ts in 00205243-fe27-4da3-bca2-e27721039ac9","conversationId":"sess_2157ab68-9c2a-49f4-a4c7-b0cbcad4c0d2","turnId":"00205243-fe27-4da3-bca2-e27721039ac9","rootTurnId":"00205243-fe27-4da3-bca2-e27721039ac9"}
{"timestamp":"2026-08-24T09:08:18.125Z","level":"info","message":"[q-developer-converse] Sending GenerateAssistantResponse modelId=auto agentMode=vibe origin=AI_EDITOR streaming=true conversationId=sess_2157ab68-9c2a-49f4-a4c7-b0cbcad4c0d2","conversationId":"sess_2157ab68-9c2a-49f4-a4c7-b0cbcad4c0d2","turnId":"00205243-fe27-4da3-bca2-e27721039ac9","rootTurnId":"00205243-fe27-4da3-bca2-e27721039ac9"}
{"timestamp":"2026-08-24T09:08:18.126Z","level":"info","message":"[q-developer-converse] Request payload: 567852 chars, 202 history messages, conversationId=sess_2157ab68-9c2a-49f4-a4c7-b0cbcad4c0d2","conversationId":"sess_2157ab68-9c2a-49f4-a4c7-b0cbcad4c0d2","turnId":"00205243-fe27-4da3-bca2-e27721039ac9","rootTurnId":"00205243-fe27-4da3-bca2-e27721039ac9"}
{"timestamp":"2026-08-24T09:08:18.134Z","level":"info","message":"fs.appendMessages.ok {\"system\":\"fs\",\"sessionId\":\"sess_2157ab68-9c2a-49f4-a4c7-b0cbcad4c0d2\",\"messageCount\":1,\"durationMs\":17}","conversationId":"sess_2157ab68-9c2a-49f4-a4c7-b0cbcad4c0d2","turnId":"00205243-fe27-4da3-bca2-e27721039ac9","rootTurnId":"00205243-fe27-4da3-bca2-e27721039ac9"}
{"timestamp":"2026-08-24T09:08:18.142Z","level":"info","message":"fs.appendMessages.ok {\"system\":\"fs\",\"sessionId\":\"sess_2157ab68-9c2a-49f4-a4c7-b0cbcad4c0d2\",\"messageCount\":1,\"durationMs\":7}","conversationId":"sess_2157ab68-9c2a-49f4-a4c7-b0cbcad4c0d2","turnId":"00205243-fe27-4da3-bca2-e27721039ac9","rootTurnId":"00205243-fe27-4da3-bca2-e27721039ac9"}
{"timestamp":"2026-08-24T09:08:21.797Z","level":"info","message":"[AgentIterator] Synchronizing results","conversationId":"sess_2157ab68-9c2a-49f4-a4c7-b0cbcad4c0d2","turnId":"00205243-fe27-4da3-bca2-e27721039ac9","rootTurnId":"00205243-fe27-4da3-bca2-e27721039ac9"}
{"timestamp":"2026-08-24T09:08:21.797Z","level":"info","message":"[AgentIterator] Processing intent detection result","conversationId":"sess_2157ab68-9c2a-49f4-a4c7-b0cbcad4c0d2","turnId":"00205243-fe27-4da3-bca2-e27721039ac9","rootTurnId":"00205243-fe27-4da3-bca2-e27721039ac9"}
{"timestamp":"2026-08-24T09:08:21.797Z","level":"info","message":"[ChatAgent] Processing model response stream","conversationId":"sess_2157ab68-9c2a-49f4-a4c7-b0cbcad4c0d2","turnId":"00205243-fe27-4da3-bca2-e27721039ac9","rootTurnId":"00205243-fe27-4da3-bca2-e27721039ac9"}
{"timestamp":"2026-08-24T09:08:21.797Z","level":"info","message":"[Steering] Populating steering for execution 00205243-fe27-4da3-bca2-e27721039ac9","conversationId":"sess_2157ab68-9c2a-49f4-a4c7-b0cbcad4c0d2","turnId":"00205243-fe27-4da3-bca2-e27721039ac9","rootTurnId":"00205243-fe27-4da3-bca2-e27721039ac9"}
{"timestamp":"2026-08-24T09:08:21.798Z","level":"info","message":"[Steering] ExistingFiles: /c:/Users/Student/.kiro/regen/vite.config.ts, /c:/Users/Student/.kiro/regen/tsconfig.app.json, /c:/Users/Student/.kiro/regen/src/lib/mockData.ts, /c:/Users/Student/.kiro/regen/src/pages/TrackCircuits.tsx, /c:/Users/Student/.kiro/regen/src/pages/Dashboard.tsx, /c:/Users/Student/.kiro/regen/src/pages/FBGMonitoring.tsx, /c:/Users/Student/.kiro/regen/src/lib/dataService.ts in 00205243-fe27-4da3-bca2-e27721039ac9","conversationId":"sess_2157ab68-9c2a-49f4-a4c7-b0cbcad4c0d2","turnId":"00205243-fe27-4da3-bca2-e27721039ac9","rootTurnId":"00205243-fe27-4da3-bca2-e27721039ac9"}
{"timestamp":"2026-08-24T09:08:22.378Z","level":"info","message":"fs.appendMessages.ok {\"system\":\"fs\",\"sessionId\":\"sess_2157ab68-9c2a-49f4-a4c7-b0cbcad4c0d2\",\"messageCount\":1,\"durationMs\":2}","conversationId":"sess_2157ab68-9c2a-49f4-a4c7-b0cbcad4c0d2","turnId":"00205243-fe27-4da3-bca2-e27721039ac9","rootTurnId":"00205243-fe27-4da3-bca2-e27721039ac9"}
{"timestamp":"2026-08-24T09:08:39.895Z","level":"info","message":"fs.appendMessages.ok {\"system\":\"fs\",\"sessionId\":\"sess_2157ab68-9c2a-49f4-a4c7-b0cbcad4c0d2\",\"messageCount\":1,\"durationMs\":6}","conversationId":"sess_2157ab68-9c2a-49f4-a4c7-b0cbcad4c0d2","turnId":"00205243-fe27-4da3-bca2-e27721039ac9","rootTurnId":"00205243-fe27-4da3-bca2-e27721039ac9"}
{"timestamp":"2026-08-24T09:08:39.912Z","level":"info","message":"acp.policy-eval.complete {\"toolId\":\"fs_write\",\"effect\":\"allow\",\"capability\":\"fs_write\"}","conversationId":"sess_2157ab68-9c2a-49f4-a4c7-b0cbcad4c0d2","turnId":"00205243-fe27-4da3-bca2-e27721039ac9","rootTurnId":"00205243-fe27-4da3-bca2-e27721039ac9"}
{"timestamp":"2026-08-24T09:08:39.914Z","level":"info","message":"fs.appendMessages.ok {\"system\":\"fs\",\"sessionId\":\"sess_2157ab68-9c2a-49f4-a4c7-b0cbcad4c0d2\",\"messageCount\":1,\"durationMs\":20}","conversationId":"sess_2157ab68-9c2a-49f4-a4c7-b0cbcad4c0d2","turnId":"00205243-fe27-4da3-bca2-e27721039ac9","rootTurnId":"00205243-fe27-4da3-bca2-e27721039ac9"}
{"timestamp":"2026-08-24T09:08:39.935Z","level":"info","message":"[SessionPersistence] Created snapshot e4c39cb3 for regen/README.md in session sess_2157ab68-9c2a-49f4-a4c7-b0cbcad4c0d2 (1278 bytes)","conversationId":"sess_2157ab68-9c2a-49f4-a4c7-b0cbcad4c0d2","turnId":"00205243-fe27-4da3-bca2-e27721039ac9","rootTurnId":"00205243-fe27-4da3-bca2-e27721039ac9"}
{"timestamp":"2026-08-24T09:08:40.124Z","level":"info","message":"[SessionPersistence] Created snapshot 8412780e for regen/README.md in session sess_2157ab68-9c2a-49f4-a4c7-b0cbcad4c0d2 (2982 bytes)","conversationId":"sess_2157ab68-9c2a-49f4-a4c7-b0cbcad4c0d2","turnId":"00205243-fe27-4da3-bca2-e27721039ac9","rootTurnId":"00205243-fe27-4da3-bca2-e27721039ac9"}
{"timestamp":"2026-08-24T09:08:40.129Z","level":"info","message":"[AgentIterator] Parallel invoking agent","conversationId":"sess_2157ab68-9c2a-49f4-a4c7-b0cbcad4c0d2","turnId":"00205243-fe27-4da3-bca2-e27721039ac9","rootTurnId":"00205243-fe27-4da3-bca2-e27721039ac9"}
{"timestamp":"2026-08-24T09:08:40.129Z","level":"info","message":"[Steering] Populating steering for execution 00205243-fe27-4da3-bca2-e27721039ac9","conversationId":"sess_2157ab68-9c2a-49f4-a4c7-b0cbcad4c0d2","turnId":"00205243-fe27-4da3-bca2-e27721039ac9","rootTurnId":"00205243-fe27-4da3-bca2-e27721039ac9"}
{"timestamp":"2026-08-24T09:08:40.130Z","level":"info","message":"[Steering] ExistingFiles: /c:/Users/Student/.kiro/regen/vite.config.ts, /c:/Users/Student/.kiro/regen/tsconfig.app.json, /c:/Users/Student/.kiro/regen/src/lib/mockData.ts, /c:/Users/Student/.kiro/regen/src/pages/TrackCircuits.tsx, /c:/Users/Student/.kiro/regen/src/pages/Dashboard.tsx, /c:/Users/Student/.kiro/regen/src/pages/FBGMonitoring.tsx, /c:/Users/Student/.kiro/regen/src/lib/dataService.ts in 00205243-fe27-4da3-bca2-e27721039ac9","conversationId":"sess_2157ab68-9c2a-49f4-a4c7-b0cbcad4c0d2","turnId":"00205243-fe27-4da3-bca2-e27721039ac9","rootTurnId":"00205243-fe27-4da3-bca2-e27721039ac9"}
{"timestamp":"2026-08-24T09:08:40.133Z","level":"info","message":"[q-developer-converse] Sending GenerateAssistantResponse modelId=auto agentMode=vibe origin=AI_EDITOR streaming=true conversationId=sess_2157ab68-9c2a-49f4-a4c7-b0cbcad4c0d2","conversationId":"sess_2157ab68-9c2a-49f4-a4c7-b0cbcad4c0d2","turnId":"00205243-fe27-4da3-bca2-e27721039ac9","rootTurnId":"00205243-fe27-4da3-bca2-e27721039ac9"}
{"timestamp":"2026-08-24T09:08:40.135Z","level":"info","message":"[q-developer-converse] Request payload: 571617 chars, 204 history messages, conversationId=sess_2157ab68-9c2a-49f4-a4c7-b0cbcad4c0d2","conversationId":"sess_2157ab68-9c2a-49f4-a4c7-b0cbcad4c0d2","turnId":"00205243-fe27-4da3-bca2-e27721039ac9","rootTurnId":"00205243-fe27-4da3-bca2-e27721039ac9"}
{"timestamp":"2026-08-24T09:08:40.142Z","level":"info","message":"fs.appendMessages.ok {\"system\":\"fs\",\"sessionId\":\"sess_2157ab68-9c2a-49f4-a4c7-b0cbcad4c0d2\",\"messageCount\":2,\"durationMs\":17}","conversationId":"sess_2157ab68-9c2a-49f4-a4c7-b0cbcad4c0d2","turnId":"00205243-fe27-4da3-bca2-e27721039ac9","rootTurnId":"00205243-fe27-4da3-bca2-e27721039ac9"}
{"timestamp":"2026-08-24T09:08:44.037Z","level":"info","message":"[AgentIterator] Synchronizing results","conversationId":"sess_2157ab68-9c2a-49f4-a4c7-b0cbcad4c0d2","turnId":"00205243-fe27-4da3-bca2-e27721039ac9","rootTurnId":"00205243-fe27-4da3-bca2-e27721039ac9"}
{"timestamp":"2026-08-24T09:08:44.037Z","level":"info","message":"[AgentIterator] Processing intent detection result","conversationId":"sess_2157ab68-9c2a-49f4-a4c7-b0cbcad4c0d2","turnId":"00205243-fe27-4da3-bca2-e27721039ac9","rootTurnId":"00205243-fe27-4da3-bca2-e27721039ac9"}
{"timestamp":"2026-08-24T09:08:44.038Z","level":"info","message":"[ChatAgent] Processing model response stream","conversationId":"sess_2157ab68-9c2a-49f4-a4c7-b0cbcad4c0d2","turnId":"00205243-fe27-4da3-bca2-e27721039ac9","rootTurnId":"00205243-fe27-4da3-bca2-e27721039ac9"}
{"timestamp":"2026-08-24T09:08:44.038Z","level":"info","message":"[Steering] Populating steering for execution 00205243-fe27-4da3-bca2-e27721039ac9","conversationId":"sess_2157ab68-9c2a-49f4-a4c7-b0cbcad4c0d2","turnId":"00205243-fe27-4da3-bca2-e27721039ac9","rootTurnId":"00205243-fe27-4da3-bca2-e27721039ac9"}
{"timestamp":"2026-08-24T09:08:44.038Z","level":"info","message":"[Steering] ExistingFiles: /c:/Users/Student/.kiro/regen/vite.config.ts, /c:/Users/Student/.kiro/regen/tsconfig.app.json, /c:/Users/Student/.kiro/regen/src/lib/mockData.ts, /c:/Users/Student/.kiro/regen/src/pages/TrackCircuits.tsx, /c:/Users/Student/.kiro/regen/src/pages/Dashboard.tsx, /c:/Users/Student/.kiro/regen/src/pages/FBGMonitoring.tsx, /c:/Users/Student/.kiro/regen/src/lib/dataService.ts in 00205243-fe27-4da3-bca2-e27721039ac9","conversationId":"sess_2157ab68-9c2a-49f4-a4c7-b0cbcad4c0d2","turnId":"00205243-fe27-4da3-bca2-e27721039ac9","rootTurnId":"00205243-fe27-4da3-bca2-e27721039ac9"}
{"timestamp":"2026-08-24T09:08:51.484Z","level":"info","message":"fs.appendMessages.ok {\"system\":\"fs\",\"sessionId\":\"sess_2157ab68-9c2a-49f4-a4c7-b0cbcad4c0d2\",\"messageCount\":2,\"durationMs\":4}","conversationId":"sess_2157ab68-9c2a-49f4-a4c7-b0cbcad4c0d2","turnId":"00205243-fe27-4da3-bca2-e27721039ac9","rootTurnId":"00205243-fe27-4da3-bca2-e27721039ac9"}
{"timestamp":"2026-08-24T09:08:51.628Z","level":"info","message":"[AgentIterator] Parallel invoking agent","conversationId":"sess_2157ab68-9c2a-49f4-a4c7-b0cbcad4c0d2","turnId":"00205243-fe27-4da3-bca2-e27721039ac9","rootTurnId":"00205243-fe27-4da3-bca2-e27721039ac9"}
{"timestamp":"2026-08-24T09:08:51.629Z","level":"info","message":"[Steering] Populating steering for execution 00205243-fe27-4da3-bca2-e27721039ac9","conversationId":"sess_2157ab68-9c2a-49f4-a4c7-b0cbcad4c0d2","turnId":"00205243-fe27-4da3-bca2-e27721039ac9","rootTurnId":"00205243-fe27-4da3-bca2-e27721039ac9"}
{"timestamp":"2026-08-24T09:08:51.629Z","level":"info","message":"[Steering] ExistingFiles: /c:/Users/Student/.kiro/regen/vite.config.ts, /c:/Users/Student/.kiro/regen/tsconfig.app.json, /c:/Users/Student/.kiro/regen/src/lib/mockData.ts, /c:/Users/Student/.kiro/regen/src/pages/TrackCircuits.tsx, /c:/Users/Student/.kiro/regen/src/pages/Dashboard.tsx, /c:/Users/Student/.kiro/regen/src/pages/FBGMonitoring.tsx, /c:/Users/Student/.kiro/regen/src/lib/dataService.ts in 00205243-fe27-4da3-bca2-e27721039ac9","conversationId":"sess_2157ab68-9c2a-49f4-a4c7-b0cbcad4c0d2","turnId":"00205243-fe27-4da3-bca2-e27721039ac9","rootTurnId":"00205243-fe27-4da3-bca2-e27721039ac9"}
{"timestamp":"2026-08-24T09:08:51.633Z","level":"info","message":"[q-developer-converse] Sending GenerateAssistantResponse modelId=auto agentMode=vibe origin=AI_EDITOR streaming=true conversationId=sess_2157ab68-9c2a-49f4-a4c7-b0cbcad4c0d2","conversationId":"sess_2157ab68-9c2a-49f4-a4c7-b0cbcad4c0d2","turnId":"00205243-fe27-4da3-bca2-e27721039ac9","rootTurnId":"00205243-fe27-4da3-bca2-e27721039ac9"}
{"timestamp":"2026-08-24T09:08:51.635Z","level":"info","message":"[q-developer-converse] Request payload: 573625 chars, 206 history messages, conversationId=sess_2157ab68-9c2a-49f4-a4c7-b0cbcad4c0d2","conversationId":"sess_2157ab68-9c2a-49f4-a4c7-b0cbcad4c0d2","turnId":"00205243-fe27-4da3-bca2-e27721039ac9","rootTurnId":"00205243-fe27-4da3-bca2-e27721039ac9"}
{"timestamp":"2026-08-24T09:08:51.643Z","level":"info","message":"fs.appendMessages.ok {\"system\":\"fs\",\"sessionId\":\"sess_2157ab68-9c2a-49f4-a4c7-b0cbcad4c0d2\",\"messageCount\":1,\"durationMs\":17}","conversationId":"sess_2157ab68-9c2a-49f4-a4c7-b0cbcad4c0d2","turnId":"00205243-fe27-4da3-bca2-e27721039ac9","rootTurnId":"00205243-fe27-4da3-bca2-e27721039ac9"}
{"timestamp":"2026-08-24T09:08:51.649Z","level":"info","message":"fs.appendMessages.ok {\"system\":\"fs\",\"sessionId\":\"sess_2157ab68-9c2a-49f4-a4c7-b0cbcad4c0d2\",\"messageCount\":1,\"durationMs\":6}","conversationId":"sess_2157ab68-9c2a-49f4-a4c7-b0cbcad4c0d2","turnId":"00205243-fe27-4da3-bca2-e27721039ac9","rootTurnId":"00205243-fe27-4da3-bca2-e27721039ac9"}
{"timestamp":"2026-08-24T09:08:55.842Z","level":"info","message":"[AgentIterator] Synchronizing results","conversationId":"sess_2157ab68-9c2a-49f4-a4c7-b0cbcad4c0d2","turnId":"00205243-fe27-4da3-bca2-e27721039ac9","rootTurnId":"00205243-fe27-4da3-bca2-e27721039ac9"}
{"timestamp":"2026-08-24T09:08:55.842Z","level":"info","message":"[AgentIterator] Processing intent detection result","conversationId":"sess_2157ab68-9c2a-49f4-a4c7-b0cbcad4c0d2","turnId":"00205243-fe27-4da3-bca2-e27721039ac9","rootTurnId":"00205243-fe27-4da3-bca2-e27721039ac9"}
{"timestamp":"2026-08-24T09:08:55.843Z","level":"info","message":"[ChatAgent] Processing model response stream","conversationId":"sess_2157ab68-9c2a-49f4-a4c7-b0cbcad4c0d2","turnId":"00205243-fe27-4da3-bca2-e27721039ac9","rootTurnId":"00205243-fe27-4da3-bca2-e27721039ac9"}
{"timestamp":"2026-08-24T09:08:55.843Z","level":"info","message":"[Steering] Populating steering for execution 00205243-fe27-4da3-bca2-e27721039ac9","conversationId":"sess_2157ab68-9c2a-49f4-a4c7-b0cbcad4c0d2","turnId":"00205243-fe27-4da3-bca2-e27721039ac9","rootTurnId":"00205243-fe27-4da3-bca2-e27721039ac9"}
{"timestamp":"2026-08-24T09:08:55.843Z","level":"info","message":"[Steering] ExistingFiles: /c:/Users/Student/.kiro/regen/vite.config.ts, /c:/Users/Student/.kiro/regen/tsconfig.app.json, /c:/Users/Student/.kiro/regen/src/lib/mockData.ts, /c:/Users/Student/.kiro/regen/src/pages/TrackCircuits.tsx, /c:/Users/Student/.kiro/regen/src/pages/Dashboard.tsx, /c:/Users/Student/.kiro/regen/src/pages/FBGMonitoring.tsx, /c:/Users/Student/.kiro/regen/src/lib/dataService.ts in 00205243-fe27-4da3-bca2-e27721039ac9","conversationId":"sess_2157ab68-9c2a-49f4-a4c7-b0cbcad4c0d2","turnId":"00205243-fe27-4da3-bca2-e27721039ac9","rootTurnId":"00205243-fe27-4da3-bca2-e27721039ac9"}
{"timestamp":"2026-08-24T09:08:57.128Z","level":"info","message":"[SessionPersistence] Updated metadata for session sess_2157ab68-9c2a-49f4-a4c7-b0cbcad4c0d2","conversationId":"sess_2157ab68-9c2a-49f4-a4c7-b0cbcad4c0d2","turnId":"00205243-fe27-4da3-bca2-e27721039ac9","rootTurnId":"00205243-fe27-4da3-bca2-e27721039ac9"}
{"timestamp":"2026-08-24T09:08:57.138Z","level":"info","message":"fs.appendMessages.ok {\"system\":\"fs\",\"sessionId\":\"sess_2157ab68-9c2a-49f4-a4c7-b0cbcad4c0d2\",\"messageCount\":2,\"durationMs\":13}","conversationId":"sess_2157ab68-9c2a-49f4-a4c7-b0cbcad4c0d2","turnId":"00205243-fe27-4da3-bca2-e27721039ac9","rootTurnId":"00205243-fe27-4da3-bca2-e27721039ac9"}
{"timestamp":"2026-08-24T09:08:57.444Z","level":"info","message":"[AgentIterator] Parallel invoking agent","conversationId":"sess_2157ab68-9c2a-49f4-a4c7-b0cbcad4c0d2","turnId":"00205243-fe27-4da3-bca2-e27721039ac9","rootTurnId":"00205243-fe27-4da3-bca2-e27721039ac9"}
{"timestamp":"2026-08-24T09:08:57.444Z","level":"info","message":"[Steering] Populating steering for execution 00205243-fe27-4da3-bca2-e27721039ac9","conversationId":"sess_2157ab68-9c2a-49f4-a4c7-b0cbcad4c0d2","turnId":"00205243-fe27-4da3-bca2-e27721039ac9","rootTurnId":"00205243-fe27-4da3-bca2-e27721039ac9"}
{"timestamp":"2026-08-24T09:08:57.444Z","level":"info","message":"[Steering] ExistingFiles: /c:/Users/Student/.kiro/regen/vite.config.ts, /c:/Users/Student/.kiro/regen/tsconfig.app.json, /c:/Users/Student/.kiro/regen/src/lib/mockData.ts, /c:/Users/Student/.kiro/regen/src/pages/TrackCircuits.tsx, /c:/Users/Student/.kiro/regen/src/pages/Dashboard.tsx, /c:/Users/Student/.kiro/regen/src/pages/FBGMonitoring.tsx, /c:/Users/Student/.kiro/regen/src/lib/dataService.ts in 00205243-fe27-4da3-bca2-e27721039ac9","conversationId":"sess_2157ab68-9c2a-49f4-a4c7-b0cbcad4c0d2","turnId":"00205243-fe27-4da3-bca2-e27721039ac9","rootTurnId":"00205243-fe27-4da3-bca2-e27721039ac9"}
{"timestamp":"2026-08-24T09:08:57.449Z","level":"info","message":"[q-developer-converse] Sending GenerateAssistantResponse modelId=auto agentMode=vibe origin=AI_EDITOR streaming=true conversationId=sess_2157ab68-9c2a-49f4-a4c7-b0cbcad4c0d2","conversationId":"sess_2157ab68-9c2a-49f4-a4c7-b0cbcad4c0d2","turnId":"00205243-fe27-4da3-bca2-e27721039ac9","rootTurnId":"00205243-fe27-4da3-bca2-e27721039ac9"}
{"timestamp":"2026-08-24T09:08:57.450Z","level":"info","message":"[q-developer-converse] Request payload: 574348 chars, 208 history messages, conversationId=sess_2157ab68-9c2a-49f4-a4c7-b0cbcad4c0d2","conversationId":"sess_2157ab68-9c2a-49f4-a4c7-b0cbcad4c0d2","turnId":"00205243-fe27-4da3-bca2-e27721039ac9","rootTurnId":"00205243-fe27-4da3-bca2-e27721039ac9"}
{"timestamp":"2026-08-24T09:08:57.459Z","level":"info","message":"fs.appendMessages.ok {\"system\":\"fs\",\"sessionId\":\"sess_2157ab68-9c2a-49f4-a4c7-b0cbcad4c0d2\",\"messageCount\":1,\"durationMs\":17}","conversationId":"sess_2157ab68-9c2a-49f4-a4c7-b0cbcad4c0d2","turnId":"00205243-fe27-4da3-bca2-e27721039ac9","rootTurnId":"00205243-fe27-4da3-bca2-e27721039ac9"}
{"timestamp":"2026-08-24T09:08:57.467Z","level":"info","message":"fs.appendMessages.ok {\"system\":\"fs\",\"sessionId\":\"sess_2157ab68-9c2a-49f4-a4c7-b0cbcad4c0d2\",\"messageCount\":1,\"durationMs\":9}","conversationId":"sess_2157ab68-9c2a-49f4-a4c7-b0cbcad4c0d2","turnId":"00205243-fe27-4da3-bca2-e27721039ac9","rootTurnId":"00205243-fe27-4da3-bca2-e27721039ac9"}
{"timestamp":"2026-08-24T09:09:00.115Z","level":"info","message":"q-client-retry.retry-after-hint.applied {\"clampedDelay\":300000,\"rawHintMs\":300000,\"source\":\"modeled-header\"}","conversationId":"sess_2157ab68-9c2a-49f4-a4c7-b0cbcad4c0d2","turnId":"00205243-fe27-4da3-bca2-e27721039ac9","rootTurnId":"00205243-fe27-4da3-bca2-e27721039ac9"}
{"timestamp":"2026-08-24T09:11:13.063Z","level":"info","message":"network.listAvailableModels.ok {\"system\":\"network\",\"durationMs\":1356}"}
{"timestamp":"2026-08-24T09:11:13.063Z","level":"info","message":"[ACPModelConfigProvider] Loaded 9 models"}
{"timestamp":"2026-08-24T09:14:04.105Z","level":"info","message":"[AgentIterator] Synchronizing results","conversationId":"sess_2157ab68-9c2a-49f4-a4c7-b0cbcad4c0d2","turnId":"00205243-fe27-4da3-bca2-e27721039ac9","rootTurnId":"00205243-fe27-4da3-bca2-e27721039ac9"}
{"timestamp":"2026-08-24T09:14:04.105Z","level":"info","message":"[AgentIterator] Processing intent detection result","conversationId":"sess_2157ab68-9c2a-49f4-a4c7-b0cbcad4c0d2","turnId":"00205243-fe27-4da3-bca2-e27721039ac9","rootTurnId":"00205243-fe27-4da3-bca2-e27721039ac9"}
{"timestamp":"2026-08-24T09:14:04.105Z","level":"info","message":"[ChatAgent] Processing model response stream","conversationId":"sess_2157ab68-9c2a-49f4-a4c7-b0cbcad4c0d2","turnId":"00205243-fe27-4da3-bca2-e27721039ac9","rootTurnId":"00205243-fe27-4da3-bca2-e27721039ac9"}
{"timestamp":"2026-08-24T09:14:04.105Z","level":"info","message":"[Steering] Populating steering for execution 00205243-fe27-4da3-bca2-e27721039ac9","conversationId":"sess_2157ab68-9c2a-49f4-a4c7-b0cbcad4c0d2","turnId":"00205243-fe27-4da3-bca2-e27721039ac9","rootTurnId":"00205243-fe27-4da3-bca2-e27721039ac9"}
{"timestamp":"2026-08-24T09:14:04.106Z","level":"info","message":"[Steering] ExistingFiles: /c:/Users/Student/.kiro/regen/vite.config.ts, /c:/Users/Student/.kiro/regen/tsconfig.app.json, /c:/Users/Student/.kiro/regen/src/lib/mockData.ts, /c:/Users/Student/.kiro/regen/src/pages/TrackCircuits.tsx, /c:/Users/Student/.kiro/regen/src/pages/Dashboard.tsx, /c:/Users/Student/.kiro/regen/src/pages/FBGMonitoring.tsx, /c:/Users/Student/.kiro/regen/src/lib/dataService.ts in 00205243-fe27-4da3-bca2-e27721039ac9","conversationId":"sess_2157ab68-9c2a-49f4-a4c7-b0cbcad4c0d2","turnId":"00205243-fe27-4da3-bca2-e27721039ac9","rootTurnId":"00205243-fe27-4da3-bca2-e27721039ac9"}
{"timestamp":"2026-08-24T09:14:14.104Z","level":"info","message":"[ACPEventAdapter] Execution succeeded {\"executionId\":\"00205243-fe27-4da3-bca2-e27721039ac9\"}","conversationId":"sess_2157ab68-9c2a-49f4-a4c7-b0cbcad4c0d2","turnId":"00205243-fe27-4da3-bca2-e27721039ac9","rootTurnId":"00205243-fe27-4da3-bca2-e27721039ac9"}
{"timestamp":"2026-08-24T09:14:14.109Z","level":"info","message":"fs.appendMessages.ok {\"system\":\"fs\",\"sessionId\":\"sess_2157ab68-9c2a-49f4-a4c7-b0cbcad4c0d2\",\"messageCount\":1,\"durationMs\":9}","conversationId":"sess_2157ab68-9c2a-49f4-a4c7-b0cbcad4c0d2","turnId":"00205243-fe27-4da3-bca2-e27721039ac9","rootTurnId":"00205243-fe27-4da3-bca2-e27721039ac9"}
{"timestamp":"2026-08-24T09:14:14.117Z","level":"info","message":"fs.appendMessages.ok {\"system\":\"fs\",\"sessionId\":\"sess_2157ab68-9c2a-49f4-a4c7-b0cbcad4c0d2\",\"messageCount\":1,\"durationMs\":8}","conversationId":"sess_2157ab68-9c2a-49f4-a4c7-b0cbcad4c0d2","turnId":"00205243-fe27-4da3-bca2-e27721039ac9","rootTurnId":"00205243-fe27-4da3-bca2-e27721039ac9"}
{"timestamp":"2026-08-24T09:14:14.123Z","level":"info","message":"fs.appendMessages.ok {\"system\":\"fs\",\"sessionId\":\"sess_2157ab68-9c2a-49f4-a4c7-b0cbcad4c0d2\",\"messageCount\":1,\"durationMs\":6}","conversationId":"sess_2157ab68-9c2a-49f4-a4c7-b0cbcad4c0d2","turnId":"00205243-fe27-4da3-bca2-e27721039ac9","rootTurnId":"00205243-fe27-4da3-bca2-e27721039ac9"}
{"timestamp":"2026-08-24T09:14:14.132Z","level":"info","message":"fs.appendMessages.ok {\"system\":\"fs\",\"sessionId\":\"sess_2157ab68-9c2a-49f4-a4c7-b0cbcad4c0d2\",\"messageCount\":3,\"durationMs\":9}","conversationId":"sess_2157ab68-9c2a-49f4-a4c7-b0cbcad4c0d2","turnId":"00205243-fe27-4da3-bca2-e27721039ac9","rootTurnId":"00205243-fe27-4da3-bca2-e27721039ac9"}
{"timestamp":"2026-08-24T09:14:14.133Z","level":"info","message":"[agent-controller] Progressing model queue {\"activeExecution\":false,\"queueSize\":0}","conversationId":"sess_2157ab68-9c2a-49f4-a4c7-b0cbcad4c0d2","turnId":"00205243-fe27-4da3-bca2-e27721039ac9","rootTurnId":"00205243-fe27-4da3-bca2-e27721039ac9"}
{"timestamp":"2026-08-24T09:14:14.146Z","level":"info","message":"fs.loadSession.ok {\"system\":\"fs\",\"sessionId\":\"sess_2157ab68-9c2a-49f4-a4c7-b0cbcad4c0d2\",\"durationMs\":14}","conversationId":"sess_2157ab68-9c2a-49f4-a4c7-b0cbcad4c0d2"}
{"timestamp":"2026-08-24T09:14:14.148Z","level":"info","message":"[SessionPersistence] Updated metadata for session sess_2157ab68-9c2a-49f4-a4c7-b0cbcad4c0d2","conversationId":"sess_2157ab68-9c2a-49f4-a4c7-b0cbcad4c0d2","turnId":"00205243-fe27-4da3-bca2-e27721039ac9","rootTurnId":"00205243-fe27-4da3-bca2-e27721039ac9"}
{"timestamp":"2026-08-24T09:14:14.150Z","level":"info","message":"fs.appendMessages.ok {\"system\":\"fs\",\"sessionId\":\"sess_2157ab68-9c2a-49f4-a4c7-b0cbcad4c0d2\",\"messageCount\":1,\"durationMs\":3}","conversationId":"sess_2157ab68-9c2a-49f4-a4c7-b0cbcad4c0d2"}
{"timestamp":"2026-08-24T09:14:39.465Z","level":"info","message":"checkpoint.revertFile.start {\"sessionId\":\"sess_2157ab68-9c2a-49f4-a4c7-b0cbcad4c0d2\",\"toolCallId\":\"tooluse_uK2ooCEAJV7kum2xZv6DPS\",\"filePath\":\"file:///c%3A/Users/Student/.kiro/regen/supabase/migrations/001_schema.sql\",\"hasSnapshotUri\":false}"}
{"timestamp":"2026-08-24T09:14:39.473Z","level":"info","message":"fs.loadSession.ok {\"system\":\"fs\",\"sessionId\":\"sess_2157ab68-9c2a-49f4-a4c7-b0cbcad4c0d2\",\"durationMs\":8}"}
{"timestamp":"2026-08-24T09:14:39.567Z","level":"info","message":"checkpoint.revertFile.deletedCreatedFile {\"filePath\":\"c:\\\\Users\\\\Student\\\\.kiro\\\\regen\\\\supabase\\\\migrations\\\\001_schema.sql\"}"}
{"timestamp":"2026-08-24T09:14:39.571Z","level":"info","message":"fs.appendMessages.ok {\"system\":\"fs\",\"sessionId\":\"sess_2157ab68-9c2a-49f4-a4c7-b0cbcad4c0d2\",\"messageCount\":2,\"durationMs\":3}"}
{"timestamp":"2026-08-24T09:14:39.573Z","level":"info","message":"checkpoint.revertFile.start {\"sessionId\":\"sess_2157ab68-9c2a-49f4-a4c7-b0cbcad4c0d2\",\"toolCallId\":\"tooluse_LJTlV0t7mVjQG9OX8Bxbfl\",\"filePath\":\"file:///c%3A/Users/Student/.kiro/regen/supabase/migrations/002_seed.sql\",\"hasSnapshotUri\":false}"}
{"timestamp":"2026-08-24T09:14:39.587Z","level":"info","message":"fs.loadSession.ok {\"system\":\"fs\",\"sessionId\":\"sess_2157ab68-9c2a-49f4-a4c7-b0cbcad4c0d2\",\"durationMs\":14}"}
{"timestamp":"2026-08-24T09:14:39.610Z","level":"info","message":"checkpoint.revertFile.deletedCreatedFile {\"filePath\":\"c:\\\\Users\\\\Student\\\\.kiro\\\\regen\\\\supabase\\\\migrations\\\\002_seed.sql\"}"}
{"timestamp":"2026-08-24T09:14:39.613Z","level":"info","message":"fs.appendMessages.ok {\"system\":\"fs\",\"sessionId\":\"sess_2157ab68-9c2a-49f4-a4c7-b0cbcad4c0d2\",\"messageCount\":2,\"durationMs\":3}"}
{"timestamp":"2026-08-24T09:14:39.616Z","level":"info","message":"checkpoint.revertFile.start {\"sessionId\":\"sess_2157ab68-9c2a-49f4-a4c7-b0cbcad4c0d2\",\"toolCallId\":\"tooluse_hZrYJWusJEpYi8pEGDqfOL\",\"filePath\":\"file:///c%3A/Users/Student/.kiro/regen/supabase/migrations/003_fbg_readings.sql\",\"hasSnapshotUri\":false}"}
{"timestamp":"2026-08-24T09:14:39.631Z","level":"info","message":"fs.loadSession.ok {\"system\":\"fs\",\"sessionId\":\"sess_2157ab68-9c2a-49f4-a4c7-b0cbcad4c0d2\",\"durationMs\":16}"}
{"timestamp":"2026-08-24T09:14:39.649Z","level":"info","message":"checkpoint.revertFile.deletedCreatedFile {\"filePath\":\"c:\\\\Users\\\\Student\\\\.kiro\\\\regen\\\\supabase\\\\migrations\\\\003_fbg_readings.sql\"}"}
{"timestamp":"2026-08-24T09:14:39.651Z","level":"info","message":"fs.appendMessages.ok {\"system\":\"fs\",\"sessionId\":\"sess_2157ab68-9c2a-49f4-a4c7-b0cbcad4c0d2\",\"messageCount\":2,\"durationMs\":2}"}
{"timestamp":"2026-08-24T09:14:39.653Z","level":"info","message":"checkpoint.revertFile.start {\"sessionId\":\"sess_2157ab68-9c2a-49f4-a4c7-b0cbcad4c0d2\",\"toolCallId\":\"tooluse_lOlxrChHSQJkaE8c52Xcyi\",\"filePath\":\"file:///c%3A/Users/Student/.kiro/regen/.env.example\",\"hasSnapshotUri\":false}"}
{"timestamp":"2026-08-24T09:14:39.666Z","level":"info","message":"fs.loadSession.ok {\"system\":\"fs\",\"sessionId\":\"sess_2157ab68-9c2a-49f4-a4c7-b0cbcad4c0d2\",\"durationMs\":12}"}
{"timestamp":"2026-08-24T09:14:39.691Z","level":"info","message":"checkpoint.revertFile.deletedCreatedFile {\"filePath\":\"c:\\\\Users\\\\Student\\\\.kiro\\\\regen\\\\.env.example\"}"}
{"timestamp":"2026-08-24T09:14:39.695Z","level":"info","message":"fs.appendMessages.ok {\"system\":\"fs\",\"sessionId\":\"sess_2157ab68-9c2a-49f4-a4c7-b0cbcad4c0d2\",\"messageCount\":2,\"durationMs\":3}"}
{"timestamp":"2026-08-24T09:14:39.721Z","level":"info","message":"checkpoint.revertFile.start {\"sessionId\":\"sess_2157ab68-9c2a-49f4-a4c7-b0cbcad4c0d2\",\"toolCallId\":\"tooluse_RodJzdaT823fnWnt5rYkpW\",\"filePath\":\"file:///c%3A/Users/Student/.kiro/regen/.env.local\",\"hasSnapshotUri\":false}"}
{"timestamp":"2026-08-24T09:14:39.729Z","level":"info","message":"fs.loadSession.ok {\"system\":\"fs\",\"sessionId\":\"sess_2157ab68-9c2a-49f4-a4c7-b0cbcad4c0d2\",\"durationMs\":8}"}
{"timestamp":"2026-08-24T09:14:39.756Z","level":"info","message":"checkpoint.revertFile.deletedCreatedFile {\"filePath\":\"c:\\\\Users\\\\Student\\\\.kiro\\\\regen\\\\.env.local\"}"}
{"timestamp":"2026-08-24T09:14:39.759Z","level":"info","message":"fs.appendMessages.ok {\"system\":\"fs\",\"sessionId\":\"sess_2157ab68-9c2a-49f4-a4c7-b0cbcad4c0d2\",\"messageCount\":2,\"durationMs\":2}"}
{"timestamp":"2026-08-24T09:14:39.768Z","level":"info","message":"checkpoint.revertFile.start {\"sessionId\":\"sess_2157ab68-9c2a-49f4-a4c7-b0cbcad4c0d2\",\"toolCallId\":\"tooluse_hL33qR417hEVYuh2LnW4m5\",\"filePath\":\"file:///c%3A/Users/Student/.kiro/regen/tailwind.config.js\",\"hasSnapshotUri\":true}"}
{"timestamp":"2026-08-24T09:14:39.769Z","level":"info","message":"[SessionPersistence] Read snapshot 9513d192/regen/tailwind.config.js for session sess_2157ab68-9c2a-49f4-a4c7-b0cbcad4c0d2"}
{"timestamp":"2026-08-24T09:14:39.785Z","level":"info","message":"checkpoint.revertFile.restored {\"filePath\":\"c:\\\\Users\\\\Student\\\\.kiro\\\\regen\\\\tailwind.config.js\",\"snapshotId\":\"9513d192\"}"}
{"timestamp":"2026-08-24T09:14:39.788Z","level":"info","message":"fs.appendMessages.ok {\"system\":\"fs\",\"sessionId\":\"sess_2157ab68-9c2a-49f4-a4c7-b0cbcad4c0d2\",\"messageCount\":2,\"durationMs\":3}"}
{"timestamp":"2026-08-24T09:14:39.794Z","level":"info","message":"checkpoint.revertFile.start {\"sessionId\":\"sess_2157ab68-9c2a-49f4-a4c7-b0cbcad4c0d2\",\"toolCallId\":\"tooluse_Ct7bEg6g7yaBiMuxPiUS7S\",\"filePath\":\"file:///c%3A/Users/Student/.kiro/regen/src/index.css\",\"hasSnapshotUri\":true}"}
{"timestamp":"2026-08-24T09:14:39.795Z","level":"info","message":"[SessionPersistence] Read snapshot d2cfbd3b/regen/src/index.css for session sess_2157ab68-9c2a-49f4-a4c7-b0cbcad4c0d2"}
{"timestamp":"2026-08-24T09:14:39.815Z","level":"info","message":"checkpoint.revertFile.restored {\"filePath\":\"c:\\\\Users\\\\Student\\\\.kiro\\\\regen\\\\src\\\\index.css\",\"snapshotId\":\"d2cfbd3b\"}"}
{"timestamp":"2026-08-24T09:14:39.819Z","level":"info","message":"fs.appendMessages.ok {\"system\":\"fs\",\"sessionId\":\"sess_2157ab68-9c2a-49f4-a4c7-b0cbcad4c0d2\",\"messageCount\":2,\"durationMs\":3}"}
{"timestamp":"2026-08-24T09:14:39.830Z","level":"info","message":"checkpoint.revertFile.start {\"sessionId\":\"sess_2157ab68-9c2a-49f4-a4c7-b0cbcad4c0d2\",\"toolCallId\":\"tooluse_mAnSq0kj6YJxYBSXRdPMkB\",\"filePath\":\"file:///c%3A/Users/Student/.kiro/regen/src/types/index.ts\",\"hasSnapshotUri\":false}"}
{"timestamp":"2026-08-24T09:14:39.838Z","level":"info","message":"fs.loadSession.ok {\"system\":\"fs\",\"sessionId\":\"sess_2157ab68-9c2a-49f4-a4c7-b0cbcad4c0d2\",\"durationMs\":8}"}
{"timestamp":"2026-08-24T09:14:39.873Z","level":"info","message":"checkpoint.revertFile.deletedCreatedFile {\"filePath\":\"c:\\\\Users\\\\Student\\\\.kiro\\\\regen\\\\src\\\\types\\\\index.ts\"}"}
{"timestamp":"2026-08-24T09:14:39.876Z","level":"info","message":"fs.appendMessages.ok {\"system\":\"fs\",\"sessionId\":\"sess_2157ab68-9c2a-49f4-a4c7-b0cbcad4c0d2\",\"messageCount\":2,\"durationMs\":3}"}
{"timestamp":"2026-08-24T09:14:39.883Z","level":"info","message":"checkpoint.revertFile.start {\"sessionId\":\"sess_2157ab68-9c2a-49f4-a4c7-b0cbcad4c0d2\",\"toolCallId\":\"tooluse_DKg6pnn4BsrwHiujsZeT49\",\"filePath\":\"file:///c%3A/Users/Student/.kiro/regen/src/lib/supabase.ts\",\"hasSnapshotUri\":false}"}
{"timestamp":"2026-08-24T09:14:39.891Z","level":"info","message":"fs.loadSession.ok {\"system\":\"fs\",\"sessionId\":\"sess_2157ab68-9c2a-49f4-a4c7-b0cbcad4c0d2\",\"durationMs\":8}"}
{"timestamp":"2026-08-24T09:14:39.921Z","level":"info","message":"checkpoint.revertFile.deletedCreatedFile {\"filePath\":\"c:\\\\Users\\\\Student\\\\.kiro\\\\regen\\\\src\\\\lib\\\\supabase.ts\"}"}
{"timestamp":"2026-08-24T09:14:39.924Z","level":"info","message":"fs.appendMessages.ok {\"system\":\"fs\",\"sessionId\":\"sess_2157ab68-9c2a-49f4-a4c7-b0cbcad4c0d2\",\"messageCount\":2,\"durationMs\":2}"}
{"timestamp":"2026-08-24T09:14:39.934Z","level":"info","message":"checkpoint.revertFile.start {\"sessionId\":\"sess_2157ab68-9c2a-49f4-a4c7-b0cbcad4c0d2\",\"toolCallId\":\"tooluse_gkQ5gN9phqdiZxQMvzrR86\",\"filePath\":\"file:///c%3A/Users/Student/.kiro/regen/src/lib/mockData.ts\",\"hasSnapshotUri\":true}"}
{"timestamp":"2026-08-24T09:14:39.934Z","level":"info","message":"[SessionPersistence] Read snapshot 88c8b33b/regen/src/lib/mockData.ts for session sess_2157ab68-9c2a-49f4-a4c7-b0cbcad4c0d2"}
{"timestamp":"2026-08-24T09:14:39.966Z","level":"info","message":"checkpoint.revertFile.restored {\"filePath\":\"c:\\\\Users\\\\Student\\\\.kiro\\\\regen\\\\src\\\\lib\\\\mockData.ts\",\"snapshotId\":\"88c8b33b\"}"}
{"timestamp":"2026-08-24T09:14:39.968Z","level":"info","message":"fs.appendMessages.ok {\"system\":\"fs\",\"sessionId\":\"sess_2157ab68-9c2a-49f4-a4c7-b0cbcad4c0d2\",\"messageCount\":2,\"durationMs\":2}"}
{"timestamp":"2026-08-24T09:14:39.982Z","level":"info","message":"checkpoint.revertFile.start {\"sessionId\":\"sess_2157ab68-9c2a-49f4-a4c7-b0cbcad4c0d2\",\"toolCallId\":\"tooluse_xI5sExGaVK2YyGDRIa0lPt\",\"filePath\":\"file:///c%3A/Users/Student/.kiro/regen/src/lib/dataService.ts\",\"hasSnapshotUri\":true}"}
{"timestamp":"2026-08-24T09:14:39.983Z","level":"info","message":"[SessionPersistence] Read snapshot b02ccbe6/regen/src/lib/dataService.ts for session sess_2157ab68-9c2a-49f4-a4c7-b0cbcad4c0d2"}
{"timestamp":"2026-08-24T09:14:40.005Z","level":"info","message":"checkpoint.revertFile.restored {\"filePath\":\"c:\\\\Users\\\\Student\\\\.kiro\\\\regen\\\\src\\\\lib\\\\dataService.ts\",\"snapshotId\":\"b02ccbe6\"}"}
{"timestamp":"2026-08-24T09:14:40.010Z","level":"info","message":"fs.appendMessages.ok {\"system\":\"fs\",\"sessionId\":\"sess_2157ab68-9c2a-49f4-a4c7-b0cbcad4c0d2\",\"messageCount\":2,\"durationMs\":5}"}
{"timestamp":"2026-08-24T09:14:40.023Z","level":"info","message":"checkpoint.revertFile.start {\"sessionId\":\"sess_2157ab68-9c2a-49f4-a4c7-b0cbcad4c0d2\",\"toolCallId\":\"tooluse_TWSZeXqF9OjbsTV7qHSObi\",\"filePath\":\"file:///c%3A/Users/Student/.kiro/regen/src/lib/utils.ts\",\"hasSnapshotUri\":false}"}
{"timestamp":"2026-08-24T09:14:40.028Z","level":"info","message":"fs.loadSession.ok {\"system\":\"fs\",\"sessionId\":\"sess_2157ab68-9c2a-49f4-a4c7-b0cbcad4c0d2\",\"durationMs\":6}"}
{"timestamp":"2026-08-24T09:14:40.049Z","level":"info","message":"checkpoint.revertFile.deletedCreatedFile {\"filePath\":\"c:\\\\Users\\\\Student\\\\.kiro\\\\regen\\\\src\\\\lib\\\\utils.ts\"}"}
{"timestamp":"2026-08-24T09:14:40.052Z","level":"info","message":"fs.appendMessages.ok {\"system\":\"fs\",\"sessionId\":\"sess_2157ab68-9c2a-49f4-a4c7-b0cbcad4c0d2\",\"messageCount\":2,\"durationMs\":2}"}
{"timestamp":"2026-08-24T09:14:40.056Z","level":"info","message":"checkpoint.revertFile.start {\"sessionId\":\"sess_2157ab68-9c2a-49f4-a4c7-b0cbcad4c0d2\",\"toolCallId\":\"tooluse_7SdCNw3Sm1xVXfrMJREfJF\",\"filePath\":\"file:///c%3A/Users/Student/.kiro/regen/src/components/ui/SimBadge.tsx\",\"hasSnapshotUri\":false}"}
{"timestamp":"2026-08-24T09:14:40.065Z","level":"info","message":"fs.loadSession.ok {\"system\":\"fs\",\"sessionId\":\"sess_2157ab68-9c2a-49f4-a4c7-b0cbcad4c0d2\",\"durationMs\":8}"}
{"timestamp":"2026-08-24T09:14:40.088Z","level":"info","message":"checkpoint.revertFile.deletedCreatedFile {\"filePath\":\"c:\\\\Users\\\\Student\\\\.kiro\\\\regen\\\\src\\\\components\\\\ui\\\\SimBadge.tsx\"}"}
{"timestamp":"2026-08-24T09:14:40.099Z","level":"info","message":"fs.appendMessages.ok {\"system\":\"fs\",\"sessionId\":\"sess_2157ab68-9c2a-49f4-a4c7-b0cbcad4c0d2\",\"messageCount\":2,\"durationMs\":10}"}
{"timestamp":"2026-08-24T09:14:40.109Z","level":"info","message":"checkpoint.revertFile.start {\"sessionId\":\"sess_2157ab68-9c2a-49f4-a4c7-b0cbcad4c0d2\",\"toolCallId\":\"tooluse_NkWwc00C6TUiVwMNxOqpAR\",\"filePath\":\"file:///c%3A/Users/Student/.kiro/regen/src/components/ui/StatusBadge.tsx\",\"hasSnapshotUri\":false}"}
{"timestamp":"2026-08-24T09:14:40.113Z","level":"info","message":"fs.loadSession.ok {\"system\":\"fs\",\"sessionId\":\"sess_2157ab68-9c2a-49f4-a4c7-b0cbcad4c0d2\",\"durationMs\":4}"}
{"timestamp":"2026-08-24T09:14:40.130Z","level":"info","message":"checkpoint.revertFile.deletedCreatedFile {\"filePath\":\"c:\\\\Users\\\\Student\\\\.kiro\\\\regen\\\\src\\\\components\\\\ui\\\\StatusBadge.tsx\"}"}
{"timestamp":"2026-08-24T09:14:40.132Z","level":"info","message":"fs.appendMessages.ok {\"system\":\"fs\",\"sessionId\":\"sess_2157ab68-9c2a-49f4-a4c7-b0cbcad4c0d2\",\"messageCount\":2,\"durationMs\":2}"}
{"timestamp":"2026-08-24T09:14:40.134Z","level":"info","message":"checkpoint.revertFile.start {\"sessionId\":\"sess_2157ab68-9c2a-49f4-a4c7-b0cbcad4c0d2\",\"toolCallId\":\"tooluse_U9q8byqSbE5rrCA6tEBmiY\",\"filePath\":\"file:///c%3A/Users/Student/.kiro/regen/src/components/ui/LoadingSpinner.tsx\",\"hasSnapshotUri\":false}"}
{"timestamp":"2026-08-24T09:14:40.144Z","level":"info","message":"fs.loadSession.ok {\"system\":\"fs\",\"sessionId\":\"sess_2157ab68-9c2a-49f4-a4c7-b0cbcad4c0d2\",\"durationMs\":11}"}
{"timestamp":"2026-08-24T09:14:40.164Z","level":"info","message":"checkpoint.revertFile.deletedCreatedFile {\"filePath\":\"c:\\\\Users\\\\Student\\\\.kiro\\\\regen\\\\src\\\\components\\\\ui\\\\LoadingSpinner.tsx\"}"}
{"timestamp":"2026-08-24T09:14:40.167Z","level":"info","message":"fs.appendMessages.ok {\"system\":\"fs\",\"sessionId\":\"sess_2157ab68-9c2a-49f4-a4c7-b0cbcad4c0d2\",\"messageCount\":2,\"durationMs\":3}"}
{"timestamp":"2026-08-24T09:14:40.176Z","level":"info","message":"checkpoint.revertFile.start {\"sessionId\":\"sess_2157ab68-9c2a-49f4-a4c7-b0cbcad4c0d2\",\"toolCallId\":\"tooluse_sTqaAdm0FrX2orctXDqb5z\",\"filePath\":\"file:///c%3A/Users/Student/.kiro/regen/src/components/ui/StatCard.tsx\",\"hasSnapshotUri\":false}"}
{"timestamp":"2026-08-24T09:14:40.181Z","level":"info","message":"fs.loadSession.ok {\"system\":\"fs\",\"sessionId\":\"sess_2157ab68-9c2a-49f4-a4c7-b0cbcad4c0d2\",\"durationMs\":5}"}
{"timestamp":"2026-08-24T09:14:40.198Z","level":"info","message":"checkpoint.revertFile.deletedCreatedFile {\"filePath\":\"c:\\\\Users\\\\Student\\\\.kiro\\\\regen\\\\src\\\\components\\\\ui\\\\StatCard.tsx\"}"}
{"timestamp":"2026-08-24T09:14:40.201Z","level":"info","message":"fs.appendMessages.ok {\"system\":\"fs\",\"sessionId\":\"sess_2157ab68-9c2a-49f4-a4c7-b0cbcad4c0d2\",\"messageCount\":2,\"durationMs\":2}"}
{"timestamp":"2026-08-24T09:14:40.203Z","level":"info","message":"checkpoint.revertFile.start {\"sessionId\":\"sess_2157ab68-9c2a-49f4-a4c7-b0cbcad4c0d2\",\"toolCallId\":\"tooluse_LUrTOMJVuQQhlXIJmJ26Te\",\"filePath\":\"file:///c%3A/Users/Student/.kiro/regen/src/components/layout/Sidebar.tsx\",\"hasSnapshotUri\":false}"}
{"timestamp":"2026-08-24T09:14:40.214Z","level":"info","message":"fs.loadSession.ok {\"system\":\"fs\",\"sessionId\":\"sess_2157ab68-9c2a-49f4-a4c7-b0cbcad4c0d2\",\"durationMs\":11}"}
{"timestamp":"2026-08-24T09:14:40.232Z","level":"info","message":"checkpoint.revertFile.deletedCreatedFile {\"filePath\":\"c:\\\\Users\\\\Student\\\\.kiro\\\\regen\\\\src\\\\components\\\\layout\\\\Sidebar.tsx\"}"}
{"timestamp":"2026-08-24T09:14:40.234Z","level":"info","message":"fs.appendMessages.ok {\"system\":\"fs\",\"sessionId\":\"sess_2157ab68-9c2a-49f4-a4c7-b0cbcad4c0d2\",\"messageCount\":2,\"durationMs\":2}"}
{"timestamp":"2026-08-24T09:14:40.236Z","level":"info","message":"checkpoint.revertFile.start {\"sessionId\":\"sess_2157ab68-9c2a-49f4-a4c7-b0cbcad4c0d2\",\"toolCallId\":\"tooluse_XHZbDj3zTM7bwAeDmzGJCW\",\"filePath\":\"file:///c%3A/Users/Student/.kiro/regen/src/components/layout/TopBar.tsx\",\"hasSnapshotUri\":false}"}
{"timestamp":"2026-08-24T09:14:40.246Z","level":"info","message":"fs.loadSession.ok {\"system\":\"fs\",\"sessionId\":\"sess_2157ab68-9c2a-49f4-a4c7-b0cbcad4c0d2\",\"durationMs\":10}"}
{"timestamp":"2026-08-24T09:14:40.265Z","level":"info","message":"checkpoint.revertFile.deletedCreatedFile {\"filePath\":\"c:\\\\Users\\\\Student\\\\.kiro\\\\regen\\\\src\\\\components\\\\layout\\\\TopBar.tsx\"}"}
{"timestamp":"2026-08-24T09:14:40.267Z","level":"info","message":"fs.appendMessages.ok {\"system\":\"fs\",\"sessionId\":\"sess_2157ab68-9c2a-49f4-a4c7-b0cbcad4c0d2\",\"messageCount\":2,\"durationMs\":2}"}
{"timestamp":"2026-08-24T09:14:40.277Z","level":"info","message":"checkpoint.revertFile.start {\"sessionId\":\"sess_2157ab68-9c2a-49f4-a4c7-b0cbcad4c0d2\",\"toolCallId\":\"tooluse_XGctQrVY9NlivbVO2H2mnZ\",\"filePath\":\"file:///c%3A/Users/Student/.kiro/regen/src/components/layout/AppLayout.tsx\",\"hasSnapshotUri\":false}"}
{"timestamp":"2026-08-24T09:14:40.281Z","level":"info","message":"fs.loadSession.ok {\"system\":\"fs\",\"sessionId\":\"sess_2157ab68-9c2a-49f4-a4c7-b0cbcad4c0d2\",\"durationMs\":4}"}
{"timestamp":"2026-08-24T09:14:40.297Z","level":"info","message":"checkpoint.revertFile.deletedCreatedFile {\"filePath\":\"c:\\\\Users\\\\Student\\\\.kiro\\\\regen\\\\src\\\\components\\\\layout\\\\AppLayout.tsx\"}"}
{"timestamp":"2026-08-24T09:14:40.300Z","level":"info","message":"fs.appendMessages.ok {\"system\":\"fs\",\"sessionId\":\"sess_2157ab68-9c2a-49f4-a4c7-b0cbcad4c0d2\",\"messageCount\":2,\"durationMs\":3}"}
{"timestamp":"2026-08-24T09:14:40.302Z","level":"info","message":"checkpoint.revertFile.start {\"sessionId\":\"sess_2157ab68-9c2a-49f4-a4c7-b0cbcad4c0d2\",\"toolCallId\":\"tooluse_sGnytK2zY45Vxs9qgghbRp\",\"filePath\":\"file:///c%3A/Users/Student/.kiro/regen/src/pages/Dashboard.tsx\",\"hasSnapshotUri\":true}"}
{"timestamp":"2026-08-24T09:14:40.302Z","level":"info","message":"[SessionPersistence] Read snapshot d403d227/regen/src/pages/Dashboard.tsx for session sess_2157ab68-9c2a-49f4-a4c7-b0cbcad4c0d2"}
{"timestamp":"2026-08-24T09:14:40.326Z","level":"info","message":"checkpoint.revertFile.restored {\"filePath\":\"c:\\\\Users\\\\Student\\\\.kiro\\\\regen\\\\src\\\\pages\\\\Dashboard.tsx\",\"snapshotId\":\"d403d227\"}"}
{"timestamp":"2026-08-24T09:14:40.329Z","level":"info","message":"fs.appendMessages.ok {\"system\":\"fs\",\"sessionId\":\"sess_2157ab68-9c2a-49f4-a4c7-b0cbcad4c0d2\",\"messageCount\":2,\"durationMs\":3}"}
{"timestamp":"2026-08-24T09:14:40.337Z","level":"info","message":"checkpoint.revertFile.start {\"sessionId\":\"sess_2157ab68-9c2a-49f4-a4c7-b0cbcad4c0d2\",\"toolCallId\":\"tooluse_JWoiomzmV31s5nK4dICxKt\",\"filePath\":\"file:///c%3A/Users/Student/.kiro/regen/src/pages/NetworkMap.tsx\",\"hasSnapshotUri\":false}"}
{"timestamp":"2026-08-24T09:14:40.342Z","level":"info","message":"fs.loadSession.ok {\"system\":\"fs\",\"sessionId\":\"sess_2157ab68-9c2a-49f4-a4c7-b0cbcad4c0d2\",\"durationMs\":5}"}
{"timestamp":"2026-08-24T09:14:40.361Z","level":"info","message":"checkpoint.revertFile.deletedCreatedFile {\"filePath\":\"c:\\\\Users\\\\Student\\\\.kiro\\\\regen\\\\src\\\\pages\\\\NetworkMap.tsx\"}"}
{"timestamp":"2026-08-24T09:14:40.364Z","level":"info","message":"fs.appendMessages.ok {\"system\":\"fs\",\"sessionId\":\"sess_2157ab68-9c2a-49f4-a4c7-b0cbcad4c0d2\",\"messageCount\":2,\"durationMs\":3}"}
{"timestamp":"2026-08-24T09:14:40.372Z","level":"info","message":"checkpoint.revertFile.start {\"sessionId\":\"sess_2157ab68-9c2a-49f4-a4c7-b0cbcad4c0d2\",\"toolCallId\":\"tooluse_dHAymbWmqsFXSxfo9lv4pz\",\"filePath\":\"file:///c%3A/Users/Student/.kiro/regen/src/pages/TrackCircuits.tsx\",\"hasSnapshotUri\":true}"}
{"timestamp":"2026-08-24T09:14:40.372Z","level":"info","message":"[SessionPersistence] Read snapshot 2a3b2ba3/regen/src/pages/TrackCircuits.tsx for session sess_2157ab68-9c2a-49f4-a4c7-b0cbcad4c0d2"}
{"timestamp":"2026-08-24T09:14:40.390Z","level":"info","message":"checkpoint.revertFile.restored {\"filePath\":\"c:\\\\Users\\\\Student\\\\.kiro\\\\regen\\\\src\\\\pages\\\\TrackCircuits.tsx\",\"snapshotId\":\"2a3b2ba3\"}"}
{"timestamp":"2026-08-24T09:14:40.393Z","level":"info","message":"fs.appendMessages.ok {\"system\":\"fs\",\"sessionId\":\"sess_2157ab68-9c2a-49f4-a4c7-b0cbcad4c0d2\",\"messageCount\":2,\"durationMs\":3}"}
{"timestamp":"2026-08-24T09:14:40.396Z","level":"info","message":"checkpoint.revertFile.start {\"sessionId\":\"sess_2157ab68-9c2a-49f4-a4c7-b0cbcad4c0d2\",\"toolCallId\":\"tooluse_q2jCRhGn2YRwtEw0qjbDqE\",\"filePath\":\"file:///c%3A/Users/Student/.kiro/regen/src/pages/Assets.tsx\",\"hasSnapshotUri\":true}"}
{"timestamp":"2026-08-24T09:14:40.396Z","level":"info","message":"[SessionPersistence] Read snapshot ff22f78e/regen/src/pages/Assets.tsx for session sess_2157ab68-9c2a-49f4-a4c7-b0cbcad4c0d2"}
{"timestamp":"2026-08-24T09:14:40.422Z","level":"info","message":"checkpoint.revertFile.restored {\"filePath\":\"c:\\\\Users\\\\Student\\\\.kiro\\\\regen\\\\src\\\\pages\\\\Assets.tsx\",\"snapshotId\":\"ff22f78e\"}"}
{"timestamp":"2026-08-24T09:14:40.425Z","level":"info","message":"fs.appendMessages.ok {\"system\":\"fs\",\"sessionId\":\"sess_2157ab68-9c2a-49f4-a4c7-b0cbcad4c0d2\",\"messageCount\":2,\"durationMs\":2}"}
{"timestamp":"2026-08-24T09:14:40.427Z","level":"info","message":"checkpoint.revertFile.start {\"sessionId\":\"sess_2157ab68-9c2a-49f4-a4c7-b0cbcad4c0d2\",\"toolCallId\":\"tooluse_I9kyYeMoNrRjbfJvG4slOm\",\"filePath\":\"file:///c%3A/Users/Student/.kiro/regen/src/pages/FBGMonitoring.tsx\",\"hasSnapshotUri\":true}"}
{"timestamp":"2026-08-24T09:14:40.428Z","level":"info","message":"[SessionPersistence] Read snapshot cb1acc66/regen/src/pages/FBGMonitoring.tsx for session sess_2157ab68-9c2a-49f4-a4c7-b0cbcad4c0d2"}
{"timestamp":"2026-08-24T09:14:40.449Z","level":"info","message":"checkpoint.revertFile.restored {\"filePath\":\"c:\\\\Users\\\\Student\\\\.kiro\\\\regen\\\\src\\\\pages\\\\FBGMonitoring.tsx\",\"snapshotId\":\"cb1acc66\"}"}
{"timestamp":"2026-08-24T09:14:40.451Z","level":"info","message":"fs.appendMessages.ok {\"system\":\"fs\",\"sessionId\":\"sess_2157ab68-9c2a-49f4-a4c7-b0cbcad4c0d2\",\"messageCount\":2,\"durationMs\":2}"}
{"timestamp":"2026-08-24T09:14:40.455Z","level":"info","message":"checkpoint.revertFile.start {\"sessionId\":\"sess_2157ab68-9c2a-49f4-a4c7-b0cbcad4c0d2\",\"toolCallId\":\"tooluse_nrewtTPIC9rDCJCHRuwLwB\",\"filePath\":\"file:///c%3A/Users/Student/.kiro/regen/src/pages/Alerts.tsx\",\"hasSnapshotUri\":false}"}
{"timestamp":"2026-08-24T09:14:40.463Z","level":"info","message":"fs.loadSession.ok {\"system\":\"fs\",\"sessionId\":\"sess_2157ab68-9c2a-49f4-a4c7-b0cbcad4c0d2\",\"durationMs\":7}"}
{"timestamp":"2026-08-24T09:14:40.483Z","level":"info","message":"checkpoint.revertFile.deletedCreatedFile {\"filePath\":\"c:\\\\Users\\\\Student\\\\.kiro\\\\regen\\\\src\\\\pages\\\\Alerts.tsx\"}"}
{"timestamp":"2026-08-24T09:14:40.485Z","level":"info","message":"fs.appendMessages.ok {\"system\":\"fs\",\"sessionId\":\"sess_2157ab68-9c2a-49f4-a4c7-b0cbcad4c0d2\",\"messageCount\":2,\"durationMs\":2}"}
{"timestamp":"2026-08-24T09:14:40.487Z","level":"info","message":"checkpoint.revertFile.start {\"sessionId\":\"sess_2157ab68-9c2a-49f4-a4c7-b0cbcad4c0d2\",\"toolCallId\":\"tooluse_0V8iar1q7D2hCX1TidQObM\",\"filePath\":\"file:///c%3A/Users/Student/.kiro/regen/src/pages/Inspections.tsx\",\"hasSnapshotUri\":true}"}
{"timestamp":"2026-08-24T09:14:40.487Z","level":"info","message":"[SessionPersistence] Read snapshot 4dcf5dc4/regen/src/pages/Inspections.tsx for session sess_2157ab68-9c2a-49f4-a4c7-b0cbcad4c0d2"}
{"timestamp":"2026-08-24T09:14:40.516Z","level":"info","message":"checkpoint.revertFile.restored {\"filePath\":\"c:\\\\Users\\\\Student\\\\.kiro\\\\regen\\\\src\\\\pages\\\\Inspections.tsx\",\"snapshotId\":\"4dcf5dc4\"}"}
{"timestamp":"2026-08-24T09:14:40.519Z","level":"info","message":"fs.appendMessages.ok {\"system\":\"fs\",\"sessionId\":\"sess_2157ab68-9c2a-49f4-a4c7-b0cbcad4c0d2\",\"messageCount\":2,\"durationMs\":3}"}
{"timestamp":"2026-08-24T09:14:40.524Z","level":"info","message":"checkpoint.revertFile.start {\"sessionId\":\"sess_2157ab68-9c2a-49f4-a4c7-b0cbcad4c0d2\",\"toolCallId\":\"tooluse_8A3ZEiIgzxjop4IQG5T9aE\",\"filePath\":\"file:///c%3A/Users/Student/.kiro/regen/src/pages/Maintenance.tsx\",\"hasSnapshotUri\":true}"}
{"timestamp":"2026-08-24T09:14:40.524Z","level":"info","message":"[SessionPersistence] Read snapshot 99c1bb40/regen/src/pages/Maintenance.tsx for session sess_2157ab68-9c2a-49f4-a4c7-b0cbcad4c0d2"}
{"timestamp":"2026-08-24T09:14:40.547Z","level":"info","message":"checkpoint.revertFile.restored {\"filePath\":\"c:\\\\Users\\\\Student\\\\.kiro\\\\regen\\\\src\\\\pages\\\\Maintenance.tsx\",\"snapshotId\":\"99c1bb40\"}"}
{"timestamp":"2026-08-24T09:14:40.551Z","level":"info","message":"fs.appendMessages.ok {\"system\":\"fs\",\"sessionId\":\"sess_2157ab68-9c2a-49f4-a4c7-b0cbcad4c0d2\",\"messageCount\":2,\"durationMs\":3}"}
{"timestamp":"2026-08-24T09:14:40.556Z","level":"info","message":"checkpoint.revertFile.start {\"sessionId\":\"sess_2157ab68-9c2a-49f4-a4c7-b0cbcad4c0d2\",\"toolCallId\":\"tooluse_Yplx5RUKTXhptW19XhTBCR\",\"filePath\":\"file:///c%3A/Users/Student/.kiro/regen/src/pages/Reports.tsx\",\"hasSnapshotUri\":true}"}
{"timestamp":"2026-08-24T09:14:40.556Z","level":"info","message":"[SessionPersistence] Read snapshot ad795e22/regen/src/pages/Reports.tsx for session sess_2157ab68-9c2a-49f4-a4c7-b0cbcad4c0d2"}
{"timestamp":"2026-08-24T09:14:40.581Z","level":"info","message":"checkpoint.revertFile.restored {\"filePath\":\"c:\\\\Users\\\\Student\\\\.kiro\\\\regen\\\\src\\\\pages\\\\Reports.tsx\",\"snapshotId\":\"ad795e22\"}"}
{"timestamp":"2026-08-24T09:14:40.583Z","level":"info","message":"fs.appendMessages.ok {\"system\":\"fs\",\"sessionId\":\"sess_2157ab68-9c2a-49f4-a4c7-b0cbcad4c0d2\",\"messageCount\":2,\"durationMs\":2}"}
{"timestamp":"2026-08-24T09:14:40.603Z","level":"info","message":"checkpoint.revertFile.start {\"sessionId\":\"sess_2157ab68-9c2a-49f4-a4c7-b0cbcad4c0d2\",\"toolCallId\":\"tooluse_xuV6rloisp9TgdZ6sqRyIH\",\"filePath\":\"file:///c%3A/Users/Student/.kiro/regen/src/App.tsx\",\"hasSnapshotUri\":true}"}
{"timestamp":"2026-08-24T09:14:40.604Z","level":"info","message":"[SessionPersistence] Read snapshot e11a41f8/regen/src/App.tsx for session sess_2157ab68-9c2a-49f4-a4c7-b0cbcad4c0d2"}
{"timestamp":"2026-08-24T09:14:40.650Z","level":"info","message":"checkpoint.revertFile.restored {\"filePath\":\"c:\\\\Users\\\\Student\\\\.kiro\\\\regen\\\\src\\\\App.tsx\",\"snapshotId\":\"e11a41f8\"}"}
{"timestamp":"2026-08-24T09:14:40.655Z","level":"info","message":"fs.appendMessages.ok {\"system\":\"fs\",\"sessionId\":\"sess_2157ab68-9c2a-49f4-a4c7-b0cbcad4c0d2\",\"messageCount\":2,\"durationMs\":4}"}
{"timestamp":"2026-08-24T09:14:40.669Z","level":"info","message":"checkpoint.revertFile.start {\"sessionId\":\"sess_2157ab68-9c2a-49f4-a4c7-b0cbcad4c0d2\",\"toolCallId\":\"tooluse_17Oiu02JdpZmnKyF3Q0DjN\",\"filePath\":\"file:///c%3A/Users/Student/.kiro/regen/src/main.tsx\",\"hasSnapshotUri\":true}"}
{"timestamp":"2026-08-24T09:14:40.669Z","level":"info","message":"[SessionPersistence] Read snapshot 7a7732a1/regen/src/main.tsx for session sess_2157ab68-9c2a-49f4-a4c7-b0cbcad4c0d2"}
{"timestamp":"2026-08-24T09:14:40.685Z","level":"info","message":"checkpoint.revertFile.restored {\"filePath\":\"c:\\\\Users\\\\Student\\\\.kiro\\\\regen\\\\src\\\\main.tsx\",\"snapshotId\":\"7a7732a1\"}"}
{"timestamp":"2026-08-24T09:14:40.689Z","level":"info","message":"fs.appendMessages.ok {\"system\":\"fs\",\"sessionId\":\"sess_2157ab68-9c2a-49f4-a4c7-b0cbcad4c0d2\",\"messageCount\":2,\"durationMs\":3}"}
{"timestamp":"2026-08-24T09:14:40.700Z","level":"info","message":"checkpoint.revertFile.start {\"sessionId\":\"sess_2157ab68-9c2a-49f4-a4c7-b0cbcad4c0d2\",\"toolCallId\":\"tooluse_HVzo0wAa9SIIxZcNc2EtJy\",\"filePath\":\"file:///c%3A/Users/Student/.kiro/regen/index.html\",\"hasSnapshotUri\":true}"}
{"timestamp":"2026-08-24T09:14:40.700Z","level":"info","message":"[SessionPersistence] Read snapshot 80a0b8c1/regen/index.html for session sess_2157ab68-9c2a-49f4-a4c7-b0cbcad4c0d2"}
{"timestamp":"2026-08-24T09:14:40.720Z","level":"info","message":"checkpoint.revertFile.restored {\"filePath\":\"c:\\\\Users\\\\Student\\\\.kiro\\\\regen\\\\index.html\",\"snapshotId\":\"80a0b8c1\"}"}
{"timestamp":"2026-08-24T09:14:40.725Z","level":"info","message":"fs.appendMessages.ok {\"system\":\"fs\",\"sessionId\":\"sess_2157ab68-9c2a-49f4-a4c7-b0cbcad4c0d2\",\"messageCount\":2,\"durationMs\":4}"}
{"timestamp":"2026-08-24T09:14:40.738Z","level":"info","message":"checkpoint.revertFile.start {\"sessionId\":\"sess_2157ab68-9c2a-49f4-a4c7-b0cbcad4c0d2\",\"toolCallId\":\"tooluse_5QMzdfTxkNDtrioXv1lmlU\",\"filePath\":\"file:///c%3A/Users/Student/.kiro/regen/README.md\",\"hasSnapshotUri\":true}"}
{"timestamp":"2026-08-24T09:14:40.740Z","level":"info","message":"[SessionPersistence] Read snapshot e4c39cb3/regen/README.md for session sess_2157ab68-9c2a-49f4-a4c7-b0cbcad4c0d2"}
{"timestamp":"2026-08-24T09:14:40.761Z","level":"info","message":"checkpoint.revertFile.restored {\"filePath\":\"c:\\\\Users\\\\Student\\\\.kiro\\\\regen\\\\README.md\",\"snapshotId\":\"e4c39cb3\"}"}
{"timestamp":"2026-08-24T09:14:40.764Z","level":"info","message":"fs.appendMessages.ok {\"system\":\"fs\",\"sessionId\":\"sess_2157ab68-9c2a-49f4-a4c7-b0cbcad4c0d2\",\"messageCount\":2,\"durationMs\":3}"}
{"timestamp":"2026-08-24T09:15:09.461Z","level":"info","message":"[KiroAgent] ACP session/prompt sessionId=sess_2157ab68-9c2a-49f4-a4c7-b0cbcad4c0d2"}
{"timestamp":"2026-08-24T09:15:09.463Z","level":"info","message":"fs.appendMessages.ok {\"system\":\"fs\",\"sessionId\":\"sess_2157ab68-9c2a-49f4-a4c7-b0cbcad4c0d2\",\"messageCount\":1,\"durationMs\":2}"}
{"timestamp":"2026-08-24T09:15:09.463Z","level":"info","message":"[GovernanceService] Resolved {\"enterprise\":false,\"provider\":\"Google\",\"profileArn\":\"arn:aws:codewhisperer:us-east-1:699475941385:profile/EHGA3GRVQMUK\",\"controlPlaneEndpoint\":\"(none)\",\"mcpDisabled\":false,\"mcpReason\":\"admin_disabled\",\"webToolsDisabled\":false,\"autonomousAgentsDisabled\":false,\"disabledReason\":\"(none)\",\"registryUrl\":\"(none)\",\"catalogSize\":0}"}
{"timestamp":"2026-08-24T09:15:09.465Z","level":"info","message":"agent_controller.triggered {\"agentType\":\"chat-agent\",\"autonomyMode\":\"Autopilot\",\"modelId\":\"auto\"}","conversationId":"sess_2157ab68-9c2a-49f4-a4c7-b0cbcad4c0d2"}
{"timestamp":"2026-08-24T09:15:09.465Z","level":"info","message":"[ACPEventAdapter] Execution began {\"executionId\":\"489fc7ee-7076-430c-b221-65c7f9f675ee\"}","conversationId":"sess_2157ab68-9c2a-49f4-a4c7-b0cbcad4c0d2","turnId":"489fc7ee-7076-430c-b221-65c7f9f675ee","rootTurnId":"489fc7ee-7076-430c-b221-65c7f9f675ee"}
{"timestamp":"2026-08-24T09:15:09.472Z","level":"info","message":"[KiroAgent] _kiro/mcp/toggle: enabled=true"}
{"timestamp":"2026-08-24T09:15:09.473Z","level":"info","message":"[KiroAgent] _kiro/mcp/toggle: enabled=true"}
{"timestamp":"2026-08-24T09:15:09.476Z","level":"info","message":"fs.appendMessages.ok {\"system\":\"fs\",\"sessionId\":\"sess_2157ab68-9c2a-49f4-a4c7-b0cbcad4c0d2\",\"messageCount\":1,\"durationMs\":10}","conversationId":"sess_2157ab68-9c2a-49f4-a4c7-b0cbcad4c0d2","turnId":"489fc7ee-7076-430c-b221-65c7f9f675ee","rootTurnId":"489fc7ee-7076-430c-b221-65c7f9f675ee"}
{"timestamp":"2026-08-24T09:15:09.483Z","level":"info","message":"[AgentIterator] Checking for intent overrides","conversationId":"sess_2157ab68-9c2a-49f4-a4c7-b0cbcad4c0d2","turnId":"489fc7ee-7076-430c-b221-65c7f9f675ee","rootTurnId":"489fc7ee-7076-430c-b221-65c7f9f675ee"}
{"timestamp":"2026-08-24T09:15:09.484Z","level":"info","message":"[AgentIterator] Detecting intent","conversationId":"sess_2157ab68-9c2a-49f4-a4c7-b0cbcad4c0d2","turnId":"489fc7ee-7076-430c-b221-65c7f9f675ee","rootTurnId":"489fc7ee-7076-430c-b221-65c7f9f675ee"}
{"timestamp":"2026-08-24T09:15:09.484Z","level":"info","message":"[INTENT_DETECTION] Prompt input mode, skipping intent detection","conversationId":"sess_2157ab68-9c2a-49f4-a4c7-b0cbcad4c0d2","turnId":"489fc7ee-7076-430c-b221-65c7f9f675ee","rootTurnId":"489fc7ee-7076-430c-b221-65c7f9f675ee"}
{"timestamp":"2026-08-24T09:15:09.484Z","level":"info","message":"[AgentIterator] Parallel invoking agent","conversationId":"sess_2157ab68-9c2a-49f4-a4c7-b0cbcad4c0d2","turnId":"489fc7ee-7076-430c-b221-65c7f9f675ee","rootTurnId":"489fc7ee-7076-430c-b221-65c7f9f675ee"}
{"timestamp":"2026-08-24T09:15:09.484Z","level":"info","message":"[Steering] Populating steering for execution 489fc7ee-7076-430c-b221-65c7f9f675ee","conversationId":"sess_2157ab68-9c2a-49f4-a4c7-b0cbcad4c0d2","turnId":"489fc7ee-7076-430c-b221-65c7f9f675ee","rootTurnId":"489fc7ee-7076-430c-b221-65c7f9f675ee"}
{"timestamp":"2026-08-24T09:15:09.484Z","level":"info","message":"[Steering] ExistingFiles: /c:/Users/Student/.kiro/regen/vite.config.ts, /c:/Users/Student/.kiro/regen/tsconfig.app.json, /c:/Users/Student/.kiro/regen/src/lib/mockData.ts, /c:/Users/Student/.kiro/regen/src/pages/TrackCircuits.tsx, /c:/Users/Student/.kiro/regen/src/pages/Dashboard.tsx, /c:/Users/Student/.kiro/regen/src/pages/FBGMonitoring.tsx, /c:/Users/Student/.kiro/regen/src/lib/dataService.ts in 489fc7ee-7076-430c-b221-65c7f9f675ee","conversationId":"sess_2157ab68-9c2a-49f4-a4c7-b0cbcad4c0d2","turnId":"489fc7ee-7076-430c-b221-65c7f9f675ee","rootTurnId":"489fc7ee-7076-430c-b221-65c7f9f675ee"}
{"timestamp":"2026-08-24T09:15:09.490Z","level":"info","message":"[q-developer-converse] Sending GenerateAssistantResponse modelId=auto agentMode=vibe origin=AI_EDITOR streaming=true conversationId=sess_2157ab68-9c2a-49f4-a4c7-b0cbcad4c0d2","conversationId":"sess_2157ab68-9c2a-49f4-a4c7-b0cbcad4c0d2","turnId":"489fc7ee-7076-430c-b221-65c7f9f675ee","rootTurnId":"489fc7ee-7076-430c-b221-65c7f9f675ee"}
{"timestamp":"2026-08-24T09:15:09.491Z","level":"info","message":"[q-developer-converse] Request payload: 579446 chars, 210 history messages, conversationId=sess_2157ab68-9c2a-49f4-a4c7-b0cbcad4c0d2","conversationId":"sess_2157ab68-9c2a-49f4-a4c7-b0cbcad4c0d2","turnId":"489fc7ee-7076-430c-b221-65c7f9f675ee","rootTurnId":"489fc7ee-7076-430c-b221-65c7f9f675ee"}
{"timestamp":"2026-08-24T09:15:09.499Z","level":"info","message":"[SessionPersistence] Updated metadata for session sess_2157ab68-9c2a-49f4-a4c7-b0cbcad4c0d2","conversationId":"sess_2157ab68-9c2a-49f4-a4c7-b0cbcad4c0d2","turnId":"489fc7ee-7076-430c-b221-65c7f9f675ee","rootTurnId":"489fc7ee-7076-430c-b221-65c7f9f675ee"}
{"timestamp":"2026-08-24T09:15:10.530Z","level":"info","message":"network.getFeatureConfiguration.ok {\"system\":\"network\",\"durationMs\":1065}"}
{"timestamp":"2026-08-24T09:15:10.530Z","level":"info","message":"[ExperimentConfigService] Resolved {\"origin\":\"AI_EDITOR\",\"version\":\"1.0.337\",\"keyCount\":3}"}
{"timestamp":"2026-08-24T09:15:13.453Z","level":"info","message":"[AgentIterator] Synchronizing results","conversationId":"sess_2157ab68-9c2a-49f4-a4c7-b0cbcad4c0d2","turnId":"489fc7ee-7076-430c-b221-65c7f9f675ee","rootTurnId":"489fc7ee-7076-430c-b221-65c7f9f675ee"}
{"timestamp":"2026-08-24T09:15:13.453Z","level":"info","message":"[AgentIterator] Processing intent detection result","conversationId":"sess_2157ab68-9c2a-49f4-a4c7-b0cbcad4c0d2","turnId":"489fc7ee-7076-430c-b221-65c7f9f675ee","rootTurnId":"489fc7ee-7076-430c-b221-65c7f9f675ee"}
{"timestamp":"2026-08-24T09:15:13.454Z","level":"info","message":"[ChatAgent] Processing model response stream","conversationId":"sess_2157ab68-9c2a-49f4-a4c7-b0cbcad4c0d2","turnId":"489fc7ee-7076-430c-b221-65c7f9f675ee","rootTurnId":"489fc7ee-7076-430c-b221-65c7f9f675ee"}
{"timestamp":"2026-08-24T09:15:13.454Z","level":"info","message":"[Steering] Populating steering for execution 489fc7ee-7076-430c-b221-65c7f9f675ee","conversationId":"sess_2157ab68-9c2a-49f4-a4c7-b0cbcad4c0d2","turnId":"489fc7ee-7076-430c-b221-65c7f9f675ee","rootTurnId":"489fc7ee-7076-430c-b221-65c7f9f675ee"}
{"timestamp":"2026-08-24T09:15:13.454Z","level":"info","message":"[Steering] ExistingFiles: /c:/Users/Student/.kiro/regen/vite.config.ts, /c:/Users/Student/.kiro/regen/tsconfig.app.json, /c:/Users/Student/.kiro/regen/src/lib/mockData.ts, /c:/Users/Student/.kiro/regen/src/pages/TrackCircuits.tsx, /c:/Users/Student/.kiro/regen/src/pages/Dashboard.tsx, /c:/Users/Student/.kiro/regen/src/pages/FBGMonitoring.tsx, /c:/Users/Student/.kiro/regen/src/lib/dataService.ts in 489fc7ee-7076-430c-b221-65c7f9f675ee","conversationId":"sess_2157ab68-9c2a-49f4-a4c7-b0cbcad4c0d2","turnId":"489fc7ee-7076-430c-b221-65c7f9f675ee","rootTurnId":"489fc7ee-7076-430c-b221-65c7f9f675ee"}
{"timestamp":"2026-08-24T09:15:13.985Z","level":"info","message":"fs.appendMessages.ok {\"system\":\"fs\",\"sessionId\":\"sess_2157ab68-9c2a-49f4-a4c7-b0cbcad4c0d2\",\"messageCount\":1,\"durationMs\":3}","conversationId":"sess_2157ab68-9c2a-49f4-a4c7-b0cbcad4c0d2","turnId":"489fc7ee-7076-430c-b221-65c7f9f675ee","rootTurnId":"489fc7ee-7076-430c-b221-65c7f9f675ee"}
{"timestamp":"2026-08-24T09:15:14.556Z","level":"info","message":"acp.policy-eval.complete {\"toolId\":\"list_directory\",\"effect\":\"allow\",\"capability\":\"fs_read\"}","conversationId":"sess_2157ab68-9c2a-49f4-a4c7-b0cbcad4c0d2","turnId":"489fc7ee-7076-430c-b221-65c7f9f675ee","rootTurnId":"489fc7ee-7076-430c-b221-65c7f9f675ee"}
{"timestamp":"2026-08-24T09:15:14.561Z","level":"info","message":"fs.appendMessages.ok {\"system\":\"fs\",\"sessionId\":\"sess_2157ab68-9c2a-49f4-a4c7-b0cbcad4c0d2\",\"messageCount\":2,\"durationMs\":2}","conversationId":"sess_2157ab68-9c2a-49f4-a4c7-b0cbcad4c0d2","turnId":"489fc7ee-7076-430c-b221-65c7f9f675ee","rootTurnId":"489fc7ee-7076-430c-b221-65c7f9f675ee"}
{"timestamp":"2026-08-24T09:15:14.756Z","level":"info","message":"[AgentIterator] Parallel invoking agent","conversationId":"sess_2157ab68-9c2a-49f4-a4c7-b0cbcad4c0d2","turnId":"489fc7ee-7076-430c-b221-65c7f9f675ee","rootTurnId":"489fc7ee-7076-430c-b221-65c7f9f675ee"}
{"timestamp":"2026-08-24T09:15:14.756Z","level":"info","message":"[Steering] Populating steering for execution 489fc7ee-7076-430c-b221-65c7f9f675ee","conversationId":"sess_2157ab68-9c2a-49f4-a4c7-b0cbcad4c0d2","turnId":"489fc7ee-7076-430c-b221-65c7f9f675ee","rootTurnId":"489fc7ee-7076-430c-b221-65c7f9f675ee"}
{"timestamp":"2026-08-24T09:15:14.756Z","level":"info","message":"[Steering] ExistingFiles: /c:/Users/Student/.kiro/regen/vite.config.ts, /c:/Users/Student/.kiro/regen/tsconfig.app.json, /c:/Users/Student/.kiro/regen/src/lib/mockData.ts, /c:/Users/Student/.kiro/regen/src/pages/TrackCircuits.tsx, /c:/Users/Student/.kiro/regen/src/pages/Dashboard.tsx, /c:/Users/Student/.kiro/regen/src/pages/FBGMonitoring.tsx, /c:/Users/Student/.kiro/regen/src/lib/dataService.ts in 489fc7ee-7076-430c-b221-65c7f9f675ee","conversationId":"sess_2157ab68-9c2a-49f4-a4c7-b0cbcad4c0d2","turnId":"489fc7ee-7076-430c-b221-65c7f9f675ee","rootTurnId":"489fc7ee-7076-430c-b221-65c7f9f675ee"}
{"timestamp":"2026-08-24T09:15:14.762Z","level":"info","message":"[q-developer-converse] Sending GenerateAssistantResponse modelId=auto agentMode=vibe origin=AI_EDITOR streaming=true conversationId=sess_2157ab68-9c2a-49f4-a4c7-b0cbcad4c0d2","conversationId":"sess_2157ab68-9c2a-49f4-a4c7-b0cbcad4c0d2","turnId":"489fc7ee-7076-430c-b221-65c7f9f675ee","rootTurnId":"489fc7ee-7076-430c-b221-65c7f9f675ee"}
{"timestamp":"2026-08-24T09:15:14.764Z","level":"info","message":"[q-developer-converse] Request payload: 580251 chars, 212 history messages, conversationId=sess_2157ab68-9c2a-49f4-a4c7-b0cbcad4c0d2","conversationId":"sess_2157ab68-9c2a-49f4-a4c7-b0cbcad4c0d2","turnId":"489fc7ee-7076-430c-b221-65c7f9f675ee","rootTurnId":"489fc7ee-7076-430c-b221-65c7f9f675ee"}
{"timestamp":"2026-08-24T09:15:14.774Z","level":"info","message":"fs.appendMessages.ok {\"system\":\"fs\",\"sessionId\":\"sess_2157ab68-9c2a-49f4-a4c7-b0cbcad4c0d2\",\"messageCount\":1,\"durationMs\":21}","conversationId":"sess_2157ab68-9c2a-49f4-a4c7-b0cbcad4c0d2","turnId":"489fc7ee-7076-430c-b221-65c7f9f675ee","rootTurnId":"489fc7ee-7076-430c-b221-65c7f9f675ee"}
{"timestamp":"2026-08-24T09:15:14.783Z","level":"info","message":"fs.appendMessages.ok {\"system\":\"fs\",\"sessionId\":\"sess_2157ab68-9c2a-49f4-a4c7-b0cbcad4c0d2\",\"messageCount\":1,\"durationMs\":10}","conversationId":"sess_2157ab68-9c2a-49f4-a4c7-b0cbcad4c0d2","turnId":"489fc7ee-7076-430c-b221-65c7f9f675ee","rootTurnId":"489fc7ee-7076-430c-b221-65c7f9f675ee"}
{"timestamp":"2026-08-24T09:15:19.721Z","level":"info","message":"[AgentIterator] Synchronizing results","conversationId":"sess_2157ab68-9c2a-49f4-a4c7-b0cbcad4c0d2","turnId":"489fc7ee-7076-430c-b221-65c7f9f675ee","rootTurnId":"489fc7ee-7076-430c-b221-65c7f9f675ee"}
{"timestamp":"2026-08-24T09:15:19.721Z","level":"info","message":"[AgentIterator] Processing intent detection result","conversationId":"sess_2157ab68-9c2a-49f4-a4c7-b0cbcad4c0d2","turnId":"489fc7ee-7076-430c-b221-65c7f9f675ee","rootTurnId":"489fc7ee-7076-430c-b221-65c7f9f675ee"}
{"timestamp":"2026-08-24T09:15:19.722Z","level":"info","message":"[ChatAgent] Processing model response stream","conversationId":"sess_2157ab68-9c2a-49f4-a4c7-b0cbcad4c0d2","turnId":"489fc7ee-7076-430c-b221-65c7f9f675ee","rootTurnId":"489fc7ee-7076-430c-b221-65c7f9f675ee"}
{"timestamp":"2026-08-24T09:15:19.722Z","level":"info","message":"[Steering] Populating steering for execution 489fc7ee-7076-430c-b221-65c7f9f675ee","conversationId":"sess_2157ab68-9c2a-49f4-a4c7-b0cbcad4c0d2","turnId":"489fc7ee-7076-430c-b221-65c7f9f675ee","rootTurnId":"489fc7ee-7076-430c-b221-65c7f9f675ee"}
{"timestamp":"2026-08-24T09:15:19.722Z","level":"info","message":"[Steering] ExistingFiles: /c:/Users/Student/.kiro/regen/vite.config.ts, /c:/Users/Student/.kiro/regen/tsconfig.app.json, /c:/Users/Student/.kiro/regen/src/lib/mockData.ts, /c:/Users/Student/.kiro/regen/src/pages/TrackCircuits.tsx, /c:/Users/Student/.kiro/regen/src/pages/Dashboard.tsx, /c:/Users/Student/.kiro/regen/src/pages/FBGMonitoring.tsx, /c:/Users/Student/.kiro/regen/src/lib/dataService.ts in 489fc7ee-7076-430c-b221-65c7f9f675ee","conversationId":"sess_2157ab68-9c2a-49f4-a4c7-b0cbcad4c0d2","turnId":"489fc7ee-7076-430c-b221-65c7f9f675ee","rootTurnId":"489fc7ee-7076-430c-b221-65c7f9f675ee"}
{"timestamp":"2026-08-24T09:15:20.062Z","level":"info","message":"acp.policy-eval.complete {\"toolId\":\"list_directory\",\"effect\":\"allow\",\"capability\":\"fs_read\"}","conversationId":"sess_2157ab68-9c2a-49f4-a4c7-b0cbcad4c0d2","turnId":"489fc7ee-7076-430c-b221-65c7f9f675ee","rootTurnId":"489fc7ee-7076-430c-b221-65c7f9f675ee"}
{"timestamp":"2026-08-24T09:15:20.068Z","level":"info","message":"fs.appendMessages.ok {\"system\":\"fs\",\"sessionId\":\"sess_2157ab68-9c2a-49f4-a4c7-b0cbcad4c0d2\",\"messageCount\":2,\"durationMs\":3}","conversationId":"sess_2157ab68-9c2a-49f4-a4c7-b0cbcad4c0d2","turnId":"489fc7ee-7076-430c-b221-65c7f9f675ee","rootTurnId":"489fc7ee-7076-430c-b221-65c7f9f675ee"}
{"timestamp":"2026-08-24T09:15:20.361Z","level":"info","message":"[AgentIterator] Parallel invoking agent","conversationId":"sess_2157ab68-9c2a-49f4-a4c7-b0cbcad4c0d2","turnId":"489fc7ee-7076-430c-b221-65c7f9f675ee","rootTurnId":"489fc7ee-7076-430c-b221-65c7f9f675ee"}
{"timestamp":"2026-08-24T09:15:20.361Z","level":"info","message":"[Steering] Populating steering for execution 489fc7ee-7076-430c-b221-65c7f9f675ee","conversationId":"sess_2157ab68-9c2a-49f4-a4c7-b0cbcad4c0d2","turnId":"489fc7ee-7076-430c-b221-65c7f9f675ee","rootTurnId":"489fc7ee-7076-430c-b221-65c7f9f675ee"}
{"timestamp":"2026-08-24T09:15:20.361Z","level":"info","message":"[Steering] ExistingFiles: /c:/Users/Student/.kiro/regen/vite.config.ts, /c:/Users/Student/.kiro/regen/tsconfig.app.json, /c:/Users/Student/.kiro/regen/src/lib/mockData.ts, /c:/Users/Student/.kiro/regen/src/pages/TrackCircuits.tsx, /c:/Users/Student/.kiro/regen/src/pages/Dashboard.tsx, /c:/Users/Student/.kiro/regen/src/pages/FBGMonitoring.tsx, /c:/Users/Student/.kiro/regen/src/lib/dataService.ts in 489fc7ee-7076-430c-b221-65c7f9f675ee","conversationId":"sess_2157ab68-9c2a-49f4-a4c7-b0cbcad4c0d2","turnId":"489fc7ee-7076-430c-b221-65c7f9f675ee","rootTurnId":"489fc7ee-7076-430c-b221-65c7f9f675ee"}
{"timestamp":"2026-08-24T09:15:20.367Z","level":"info","message":"[q-developer-converse] Sending GenerateAssistantResponse modelId=auto agentMode=vibe origin=AI_EDITOR streaming=true conversationId=sess_2157ab68-9c2a-49f4-a4c7-b0cbcad4c0d2","conversationId":"sess_2157ab68-9c2a-49f4-a4c7-b0cbcad4c0d2","turnId":"489fc7ee-7076-430c-b221-65c7f9f675ee","rootTurnId":"489fc7ee-7076-430c-b221-65c7f9f675ee"}
{"timestamp":"2026-08-24T09:15:20.369Z","level":"info","message":"[q-developer-converse] Request payload: 580921 chars, 214 history messages, conversationId=sess_2157ab68-9c2a-49f4-a4c7-b0cbcad4c0d2","conversationId":"sess_2157ab68-9c2a-49f4-a4c7-b0cbcad4c0d2","turnId":"489fc7ee-7076-430c-b221-65c7f9f675ee","rootTurnId":"489fc7ee-7076-430c-b221-65c7f9f675ee"}
{"timestamp":"2026-08-24T09:15:20.378Z","level":"info","message":"fs.appendMessages.ok {\"system\":\"fs\",\"sessionId\":\"sess_2157ab68-9c2a-49f4-a4c7-b0cbcad4c0d2\",\"messageCount\":1,\"durationMs\":20}","conversationId":"sess_2157ab68-9c2a-49f4-a4c7-b0cbcad4c0d2","turnId":"489fc7ee-7076-430c-b221-65c7f9f675ee","rootTurnId":"489fc7ee-7076-430c-b221-65c7f9f675ee"}
{"timestamp":"2026-08-24T09:15:20.384Z","level":"info","message":"fs.appendMessages.ok {\"system\":\"fs\",\"sessionId\":\"sess_2157ab68-9c2a-49f4-a4c7-b0cbcad4c0d2\",\"messageCount\":1,\"durationMs\":6}","conversationId":"sess_2157ab68-9c2a-49f4-a4c7-b0cbcad4c0d2","turnId":"489fc7ee-7076-430c-b221-65c7f9f675ee","rootTurnId":"489fc7ee-7076-430c-b221-65c7f9f675ee"}
{"timestamp":"2026-08-24T09:15:25.519Z","level":"info","message":"[AgentIterator] Synchronizing results","conversationId":"sess_2157ab68-9c2a-49f4-a4c7-b0cbcad4c0d2","turnId":"489fc7ee-7076-430c-b221-65c7f9f675ee","rootTurnId":"489fc7ee-7076-430c-b221-65c7f9f675ee"}
{"timestamp":"2026-08-24T09:15:25.519Z","level":"info","message":"[AgentIterator] Processing intent detection result","conversationId":"sess_2157ab68-9c2a-49f4-a4c7-b0cbcad4c0d2","turnId":"489fc7ee-7076-430c-b221-65c7f9f675ee","rootTurnId":"489fc7ee-7076-430c-b221-65c7f9f675ee"}
{"timestamp":"2026-08-24T09:15:25.519Z","level":"info","message":"[ChatAgent] Processing model response stream","conversationId":"sess_2157ab68-9c2a-49f4-a4c7-b0cbcad4c0d2","turnId":"489fc7ee-7076-430c-b221-65c7f9f675ee","rootTurnId":"489fc7ee-7076-430c-b221-65c7f9f675ee"}
{"timestamp":"2026-08-24T09:15:25.519Z","level":"info","message":"[Steering] Populating steering for execution 489fc7ee-7076-430c-b221-65c7f9f675ee","conversationId":"sess_2157ab68-9c2a-49f4-a4c7-b0cbcad4c0d2","turnId":"489fc7ee-7076-430c-b221-65c7f9f675ee","rootTurnId":"489fc7ee-7076-430c-b221-65c7f9f675ee"}
{"timestamp":"2026-08-24T09:15:25.519Z","level":"info","message":"[Steering] ExistingFiles: /c:/Users/Student/.kiro/regen/vite.config.ts, /c:/Users/Student/.kiro/regen/tsconfig.app.json, /c:/Users/Student/.kiro/regen/src/lib/mockData.ts, /c:/Users/Student/.kiro/regen/src/pages/TrackCircuits.tsx, /c:/Users/Student/.kiro/regen/src/pages/Dashboard.tsx, /c:/Users/Student/.kiro/regen/src/pages/FBGMonitoring.tsx, /c:/Users/Student/.kiro/regen/src/lib/dataService.ts in 489fc7ee-7076-430c-b221-65c7f9f675ee","conversationId":"sess_2157ab68-9c2a-49f4-a4c7-b0cbcad4c0d2","turnId":"489fc7ee-7076-430c-b221-65c7f9f675ee","rootTurnId":"489fc7ee-7076-430c-b221-65c7f9f675ee"}
{"timestamp":"2026-08-24T09:15:25.936Z","level":"info","message":"acp.policy-eval.complete {\"toolId\":\"list_directory\",\"effect\":\"allow\",\"capability\":\"fs_read\"}","conversationId":"sess_2157ab68-9c2a-49f4-a4c7-b0cbcad4c0d2","turnId":"489fc7ee-7076-430c-b221-65c7f9f675ee","rootTurnId":"489fc7ee-7076-430c-b221-65c7f9f675ee"}
{"timestamp":"2026-08-24T09:15:25.941Z","level":"info","message":"fs.appendMessages.ok {\"system\":\"fs\",\"sessionId\":\"sess_2157ab68-9c2a-49f4-a4c7-b0cbcad4c0d2\",\"messageCount\":2,\"durationMs\":2}","conversationId":"sess_2157ab68-9c2a-49f4-a4c7-b0cbcad4c0d2","turnId":"489fc7ee-7076-430c-b221-65c7f9f675ee","rootTurnId":"489fc7ee-7076-430c-b221-65c7f9f675ee"}
{"timestamp":"2026-08-24T09:15:26.375Z","level":"info","message":"acp.policy-eval.complete {\"toolId\":\"list_directory\",\"effect\":\"allow\",\"capability\":\"fs_read\"}","conversationId":"sess_2157ab68-9c2a-49f4-a4c7-b0cbcad4c0d2","turnId":"489fc7ee-7076-430c-b221-65c7f9f675ee","rootTurnId":"489fc7ee-7076-430c-b221-65c7f9f675ee"}
{"timestamp":"2026-08-24T09:15:26.380Z","level":"info","message":"fs.appendMessages.ok {\"system\":\"fs\",\"sessionId\":\"sess_2157ab68-9c2a-49f4-a4c7-b0cbcad4c0d2\",\"messageCount\":2,\"durationMs\":2}","conversationId":"sess_2157ab68-9c2a-49f4-a4c7-b0cbcad4c0d2","turnId":"489fc7ee-7076-430c-b221-65c7f9f675ee","rootTurnId":"489fc7ee-7076-430c-b221-65c7f9f675ee"}
{"timestamp":"2026-08-24T09:15:26.767Z","level":"info","message":"acp.policy-eval.complete {\"toolId\":\"list_directory\",\"effect\":\"allow\",\"capability\":\"fs_read\"}","conversationId":"sess_2157ab68-9c2a-49f4-a4c7-b0cbcad4c0d2","turnId":"489fc7ee-7076-430c-b221-65c7f9f675ee","rootTurnId":"489fc7ee-7076-430c-b221-65c7f9f675ee"}
{"timestamp":"2026-08-24T09:15:26.772Z","level":"info","message":"fs.appendMessages.ok {\"system\":\"fs\",\"sessionId\":\"sess_2157ab68-9c2a-49f4-a4c7-b0cbcad4c0d2\",\"messageCount\":2,\"durationMs\":2}","conversationId":"sess_2157ab68-9c2a-49f4-a4c7-b0cbcad4c0d2","turnId":"489fc7ee-7076-430c-b221-65c7f9f675ee","rootTurnId":"489fc7ee-7076-430c-b221-65c7f9f675ee"}
{"timestamp":"2026-08-24T09:15:27.204Z","level":"info","message":"acp.policy-eval.complete {\"toolId\":\"list_directory\",\"effect\":\"allow\",\"capability\":\"fs_read\"}","conversationId":"sess_2157ab68-9c2a-49f4-a4c7-b0cbcad4c0d2","turnId":"489fc7ee-7076-430c-b221-65c7f9f675ee","rootTurnId":"489fc7ee-7076-430c-b221-65c7f9f675ee"}
{"timestamp":"2026-08-24T09:15:27.209Z","level":"info","message":"fs.appendMessages.ok {\"system\":\"fs\",\"sessionId\":\"sess_2157ab68-9c2a-49f4-a4c7-b0cbcad4c0d2\",\"messageCount\":2,\"durationMs\":3}","conversationId":"sess_2157ab68-9c2a-49f4-a4c7-b0cbcad4c0d2","turnId":"489fc7ee-7076-430c-b221-65c7f9f675ee","rootTurnId":"489fc7ee-7076-430c-b221-65c7f9f675ee"}
{"timestamp":"2026-08-24T09:15:27.603Z","level":"info","message":"[AgentIterator] Parallel invoking agent","conversationId":"sess_2157ab68-9c2a-49f4-a4c7-b0cbcad4c0d2","turnId":"489fc7ee-7076-430c-b221-65c7f9f675ee","rootTurnId":"489fc7ee-7076-430c-b221-65c7f9f675ee"}
{"timestamp":"2026-08-24T09:15:27.603Z","level":"info","message":"[Steering] Populating steering for execution 489fc7ee-7076-430c-b221-65c7f9f675ee","conversationId":"sess_2157ab68-9c2a-49f4-a4c7-b0cbcad4c0d2","turnId":"489fc7ee-7076-430c-b221-65c7f9f675ee","rootTurnId":"489fc7ee-7076-430c-b221-65c7f9f675ee"}
{"timestamp":"2026-08-24T09:15:27.603Z","level":"info","message":"[Steering] ExistingFiles: /c:/Users/Student/.kiro/regen/vite.config.ts, /c:/Users/Student/.kiro/regen/tsconfig.app.json, /c:/Users/Student/.kiro/regen/src/lib/mockData.ts, /c:/Users/Student/.kiro/regen/src/pages/TrackCircuits.tsx, /c:/Users/Student/.kiro/regen/src/pages/Dashboard.tsx, /c:/Users/Student/.kiro/regen/src/pages/FBGMonitoring.tsx, /c:/Users/Student/.kiro/regen/src/lib/dataService.ts in 489fc7ee-7076-430c-b221-65c7f9f675ee","conversationId":"sess_2157ab68-9c2a-49f4-a4c7-b0cbcad4c0d2","turnId":"489fc7ee-7076-430c-b221-65c7f9f675ee","rootTurnId":"489fc7ee-7076-430c-b221-65c7f9f675ee"}
{"timestamp":"2026-08-24T09:15:27.609Z","level":"info","message":"[q-developer-converse] Sending GenerateAssistantResponse modelId=auto agentMode=vibe origin=AI_EDITOR streaming=true conversationId=sess_2157ab68-9c2a-49f4-a4c7-b0cbcad4c0d2","conversationId":"sess_2157ab68-9c2a-49f4-a4c7-b0cbcad4c0d2","turnId":"489fc7ee-7076-430c-b221-65c7f9f675ee","rootTurnId":"489fc7ee-7076-430c-b221-65c7f9f675ee"}
{"timestamp":"2026-08-24T09:15:27.611Z","level":"info","message":"[q-developer-converse] Request payload: 582741 chars, 216 history messages, conversationId=sess_2157ab68-9c2a-49f4-a4c7-b0cbcad4c0d2","conversationId":"sess_2157ab68-9c2a-49f4-a4c7-b0cbcad4c0d2","turnId":"489fc7ee-7076-430c-b221-65c7f9f675ee","rootTurnId":"489fc7ee-7076-430c-b221-65c7f9f675ee"}
{"timestamp":"2026-08-24T09:15:27.620Z","level":"info","message":"fs.appendMessages.ok {\"system\":\"fs\",\"sessionId\":\"sess_2157ab68-9c2a-49f4-a4c7-b0cbcad4c0d2\",\"messageCount\":1,\"durationMs\":20}","conversationId":"sess_2157ab68-9c2a-49f4-a4c7-b0cbcad4c0d2","turnId":"489fc7ee-7076-430c-b221-65c7f9f675ee","rootTurnId":"489fc7ee-7076-430c-b221-65c7f9f675ee"}
{"timestamp":"2026-08-24T09:15:27.626Z","level":"info","message":"fs.appendMessages.ok {\"system\":\"fs\",\"sessionId\":\"sess_2157ab68-9c2a-49f4-a4c7-b0cbcad4c0d2\",\"messageCount\":1,\"durationMs\":6}","conversationId":"sess_2157ab68-9c2a-49f4-a4c7-b0cbcad4c0d2","turnId":"489fc7ee-7076-430c-b221-65c7f9f675ee","rootTurnId":"489fc7ee-7076-430c-b221-65c7f9f675ee"}
{"timestamp":"2026-08-24T09:15:31.931Z","level":"info","message":"[AgentIterator] Synchronizing results","conversationId":"sess_2157ab68-9c2a-49f4-a4c7-b0cbcad4c0d2","turnId":"489fc7ee-7076-430c-b221-65c7f9f675ee","rootTurnId":"489fc7ee-7076-430c-b221-65c7f9f675ee"}
{"timestamp":"2026-08-24T09:15:31.931Z","level":"info","message":"[AgentIterator] Processing intent detection result","conversationId":"sess_2157ab68-9c2a-49f4-a4c7-b0cbcad4c0d2","turnId":"489fc7ee-7076-430c-b221-65c7f9f675ee","rootTurnId":"489fc7ee-7076-430c-b221-65c7f9f675ee"}
{"timestamp":"2026-08-24T09:15:31.931Z","level":"info","message":"[ChatAgent] Processing model response stream","conversationId":"sess_2157ab68-9c2a-49f4-a4c7-b0cbcad4c0d2","turnId":"489fc7ee-7076-430c-b221-65c7f9f675ee","rootTurnId":"489fc7ee-7076-430c-b221-65c7f9f675ee"}
{"timestamp":"2026-08-24T09:15:31.931Z","level":"info","message":"[Steering] Populating steering for execution 489fc7ee-7076-430c-b221-65c7f9f675ee","conversationId":"sess_2157ab68-9c2a-49f4-a4c7-b0cbcad4c0d2","turnId":"489fc7ee-7076-430c-b221-65c7f9f675ee","rootTurnId":"489fc7ee-7076-430c-b221-65c7f9f675ee"}
{"timestamp":"2026-08-24T09:15:31.931Z","level":"info","message":"[Steering] ExistingFiles: /c:/Users/Student/.kiro/regen/vite.config.ts, /c:/Users/Student/.kiro/regen/tsconfig.app.json, /c:/Users/Student/.kiro/regen/src/lib/mockData.ts, /c:/Users/Student/.kiro/regen/src/pages/TrackCircuits.tsx, /c:/Users/Student/.kiro/regen/src/pages/Dashboard.tsx, /c:/Users/Student/.kiro/regen/src/pages/FBGMonitoring.tsx, /c:/Users/Student/.kiro/regen/src/lib/dataService.ts in 489fc7ee-7076-430c-b221-65c7f9f675ee","conversationId":"sess_2157ab68-9c2a-49f4-a4c7-b0cbcad4c0d2","turnId":"489fc7ee-7076-430c-b221-65c7f9f675ee","rootTurnId":"489fc7ee-7076-430c-b221-65c7f9f675ee"}
{"timestamp":"2026-08-24T09:15:33.164Z","level":"info","message":"acp.policy-eval.complete {\"toolId\":\"read_files\",\"effect\":\"allow\",\"capability\":\"fs_read\"}","conversationId":"sess_2157ab68-9c2a-49f4-a4c7-b0cbcad4c0d2","turnId":"489fc7ee-7076-430c-b221-65c7f9f675ee","rootTurnId":"489fc7ee-7076-430c-b221-65c7f9f675ee"}
{"timestamp":"2026-08-24T09:15:33.173Z","level":"info","message":"fs.appendMessages.ok {\"system\":\"fs\",\"sessionId\":\"sess_2157ab68-9c2a-49f4-a4c7-b0cbcad4c0d2\",\"messageCount\":2,\"durationMs\":2}","conversationId":"sess_2157ab68-9c2a-49f4-a4c7-b0cbcad4c0d2","turnId":"489fc7ee-7076-430c-b221-65c7f9f675ee","rootTurnId":"489fc7ee-7076-430c-b221-65c7f9f675ee"}
{"timestamp":"2026-08-24T09:15:33.533Z","level":"info","message":"[AgentIterator] Parallel invoking agent","conversationId":"sess_2157ab68-9c2a-49f4-a4c7-b0cbcad4c0d2","turnId":"489fc7ee-7076-430c-b221-65c7f9f675ee","rootTurnId":"489fc7ee-7076-430c-b221-65c7f9f675ee"}
{"timestamp":"2026-08-24T09:15:33.534Z","level":"info","message":"[Steering] Populating steering for execution 489fc7ee-7076-430c-b221-65c7f9f675ee","conversationId":"sess_2157ab68-9c2a-49f4-a4c7-b0cbcad4c0d2","turnId":"489fc7ee-7076-430c-b221-65c7f9f675ee","rootTurnId":"489fc7ee-7076-430c-b221-65c7f9f675ee"}
{"timestamp":"2026-08-24T09:15:33.534Z","level":"info","message":"[Steering] ExistingFiles: /c:/Users/Student/.kiro/regen/vite.config.ts, /c:/Users/Student/.kiro/regen/tsconfig.app.json, /c:/Users/Student/.kiro/regen/src/lib/mockData.ts, /c:/Users/Student/.kiro/regen/src/pages/TrackCircuits.tsx, /c:/Users/Student/.kiro/regen/src/pages/Dashboard.tsx, /c:/Users/Student/.kiro/regen/src/pages/FBGMonitoring.tsx, /c:/Users/Student/.kiro/regen/src/lib/dataService.ts, /c:/Users/Student/.kiro/regen/src/App.tsx, /c:/Users/Student/.kiro/regen/src/main.tsx, /c:/Users/Student/.kiro/regen/src/index.css, /c:/Users/Student/.kiro/regen/index.html in 489fc7ee-7076-430c-b221-65c7f9f675ee","conversationId":"sess_2157ab68-9c2a-49f4-a4c7-b0cbcad4c0d2","turnId":"489fc7ee-7076-430c-b221-65c7f9f675ee","rootTurnId":"489fc7ee-7076-430c-b221-65c7f9f675ee"}
{"timestamp":"2026-08-24T09:15:33.537Z","level":"info","message":"[q-developer-converse] Sending GenerateAssistantResponse modelId=auto agentMode=vibe origin=AI_EDITOR streaming=true conversationId=sess_2157ab68-9c2a-49f4-a4c7-b0cbcad4c0d2","conversationId":"sess_2157ab68-9c2a-49f4-a4c7-b0cbcad4c0d2","turnId":"489fc7ee-7076-430c-b221-65c7f9f675ee","rootTurnId":"489fc7ee-7076-430c-b221-65c7f9f675ee"}
{"timestamp":"2026-08-24T09:15:33.539Z","level":"info","message":"[q-developer-converse] Request payload: 590794 chars, 218 history messages, conversationId=sess_2157ab68-9c2a-49f4-a4c7-b0cbcad4c0d2","conversationId":"sess_2157ab68-9c2a-49f4-a4c7-b0cbcad4c0d2","turnId":"489fc7ee-7076-430c-b221-65c7f9f675ee","rootTurnId":"489fc7ee-7076-430c-b221-65c7f9f675ee"}
{"timestamp":"2026-08-24T09:15:33.546Z","level":"info","message":"fs.appendMessages.ok {\"system\":\"fs\",\"sessionId\":\"sess_2157ab68-9c2a-49f4-a4c7-b0cbcad4c0d2\",\"messageCount\":1,\"durationMs\":19}","conversationId":"sess_2157ab68-9c2a-49f4-a4c7-b0cbcad4c0d2","turnId":"489fc7ee-7076-430c-b221-65c7f9f675ee","rootTurnId":"489fc7ee-7076-430c-b221-65c7f9f675ee"}
{"timestamp":"2026-08-24T09:15:33.548Z","level":"info","message":"fs.appendMessages.ok {\"system\":\"fs\",\"sessionId\":\"sess_2157ab68-9c2a-49f4-a4c7-b0cbcad4c0d2\",\"messageCount\":1,\"durationMs\":2}","conversationId":"sess_2157ab68-9c2a-49f4-a4c7-b0cbcad4c0d2","turnId":"489fc7ee-7076-430c-b221-65c7f9f675ee","rootTurnId":"489fc7ee-7076-430c-b221-65c7f9f675ee"}
{"timestamp":"2026-08-24T09:15:38.250Z","level":"info","message":"[AgentIterator] Synchronizing results","conversationId":"sess_2157ab68-9c2a-49f4-a4c7-b0cbcad4c0d2","turnId":"489fc7ee-7076-430c-b221-65c7f9f675ee","rootTurnId":"489fc7ee-7076-430c-b221-65c7f9f675ee"}
{"timestamp":"2026-08-24T09:15:38.250Z","level":"info","message":"[AgentIterator] Processing intent detection result","conversationId":"sess_2157ab68-9c2a-49f4-a4c7-b0cbcad4c0d2","turnId":"489fc7ee-7076-430c-b221-65c7f9f675ee","rootTurnId":"489fc7ee-7076-430c-b221-65c7f9f675ee"}
{"timestamp":"2026-08-24T09:15:38.250Z","level":"info","message":"[ChatAgent] Processing model response stream","conversationId":"sess_2157ab68-9c2a-49f4-a4c7-b0cbcad4c0d2","turnId":"489fc7ee-7076-430c-b221-65c7f9f675ee","rootTurnId":"489fc7ee-7076-430c-b221-65c7f9f675ee"}
{"timestamp":"2026-08-24T09:15:38.250Z","level":"info","message":"[Steering] Populating steering for execution 489fc7ee-7076-430c-b221-65c7f9f675ee","conversationId":"sess_2157ab68-9c2a-49f4-a4c7-b0cbcad4c0d2","turnId":"489fc7ee-7076-430c-b221-65c7f9f675ee","rootTurnId":"489fc7ee-7076-430c-b221-65c7f9f675ee"}
{"timestamp":"2026-08-24T09:15:38.250Z","level":"info","message":"[Steering] ExistingFiles: /c:/Users/Student/.kiro/regen/vite.config.ts, /c:/Users/Student/.kiro/regen/tsconfig.app.json, /c:/Users/Student/.kiro/regen/src/lib/mockData.ts, /c:/Users/Student/.kiro/regen/src/pages/TrackCircuits.tsx, /c:/Users/Student/.kiro/regen/src/pages/Dashboard.tsx, /c:/Users/Student/.kiro/regen/src/pages/FBGMonitoring.tsx, /c:/Users/Student/.kiro/regen/src/lib/dataService.ts, /c:/Users/Student/.kiro/regen/src/App.tsx, /c:/Users/Student/.kiro/regen/src/main.tsx, /c:/Users/Student/.kiro/regen/src/index.css, /c:/Users/Student/.kiro/regen/index.html in 489fc7ee-7076-430c-b221-65c7f9f675ee","conversationId":"sess_2157ab68-9c2a-49f4-a4c7-b0cbcad4c0d2","turnId":"489fc7ee-7076-430c-b221-65c7f9f675ee","rootTurnId":"489fc7ee-7076-430c-b221-65c7f9f675ee"}
{"timestamp":"2026-08-24T09:15:39.358Z","level":"info","message":"acp.policy-eval.complete {\"toolId\":\"read_files\",\"effect\":\"allow\",\"capability\":\"fs_read\"}","conversationId":"sess_2157ab68-9c2a-49f4-a4c7-b0cbcad4c0d2","turnId":"489fc7ee-7076-430c-b221-65c7f9f675ee","rootTurnId":"489fc7ee-7076-430c-b221-65c7f9f675ee"}
{"timestamp":"2026-08-24T09:15:39.365Z","level":"info","message":"fs.appendMessages.ok {\"system\":\"fs\",\"sessionId\":\"sess_2157ab68-9c2a-49f4-a4c7-b0cbcad4c0d2\",\"messageCount\":2,\"durationMs\":3}","conversationId":"sess_2157ab68-9c2a-49f4-a4c7-b0cbcad4c0d2","turnId":"489fc7ee-7076-430c-b221-65c7f9f675ee","rootTurnId":"489fc7ee-7076-430c-b221-65c7f9f675ee"}
{"timestamp":"2026-08-24T09:15:39.739Z","level":"info","message":"[AgentIterator] Parallel invoking agent","conversationId":"sess_2157ab68-9c2a-49f4-a4c7-b0cbcad4c0d2","turnId":"489fc7ee-7076-430c-b221-65c7f9f675ee","rootTurnId":"489fc7ee-7076-430c-b221-65c7f9f675ee"}
{"timestamp":"2026-08-24T09:15:39.739Z","level":"info","message":"[Steering] Populating steering for execution 489fc7ee-7076-430c-b221-65c7f9f675ee","conversationId":"sess_2157ab68-9c2a-49f4-a4c7-b0cbcad4c0d2","turnId":"489fc7ee-7076-430c-b221-65c7f9f675ee","rootTurnId":"489fc7ee-7076-430c-b221-65c7f9f675ee"}
{"timestamp":"2026-08-24T09:15:39.739Z","level":"info","message":"[Steering] ExistingFiles: /c:/Users/Student/.kiro/regen/vite.config.ts, /c:/Users/Student/.kiro/regen/tsconfig.app.json, /c:/Users/Student/.kiro/regen/src/lib/mockData.ts, /c:/Users/Student/.kiro/regen/src/pages/TrackCircuits.tsx, /c:/Users/Student/.kiro/regen/src/pages/Dashboard.tsx, /c:/Users/Student/.kiro/regen/src/pages/FBGMonitoring.tsx, /c:/Users/Student/.kiro/regen/src/lib/dataService.ts, /c:/Users/Student/.kiro/regen/src/App.tsx, /c:/Users/Student/.kiro/regen/src/main.tsx, /c:/Users/Student/.kiro/regen/src/index.css, /c:/Users/Student/.kiro/regen/index.html, /c:/Users/Student/.kiro/regen/src/lib/dataService.ts, /c:/Users/Student/.kiro/regen/src/lib/mockData.ts in 489fc7ee-7076-430c-b221-65c7f9f675ee","conversationId":"sess_2157ab68-9c2a-49f4-a4c7-b0cbcad4c0d2","turnId":"489fc7ee-7076-430c-b221-65c7f9f675ee","rootTurnId":"489fc7ee-7076-430c-b221-65c7f9f675ee"}
{"timestamp":"2026-08-24T09:15:39.746Z","level":"info","message":"[q-developer-converse] Sending GenerateAssistantResponse modelId=auto agentMode=vibe origin=AI_EDITOR streaming=true conversationId=sess_2157ab68-9c2a-49f4-a4c7-b0cbcad4c0d2","conversationId":"sess_2157ab68-9c2a-49f4-a4c7-b0cbcad4c0d2","turnId":"489fc7ee-7076-430c-b221-65c7f9f675ee","rootTurnId":"489fc7ee-7076-430c-b221-65c7f9f675ee"}
{"timestamp":"2026-08-24T09:15:39.748Z","level":"info","message":"[q-developer-converse] Request payload: 660319 chars, 220 history messages, conversationId=sess_2157ab68-9c2a-49f4-a4c7-b0cbcad4c0d2","conversationId":"sess_2157ab68-9c2a-49f4-a4c7-b0cbcad4c0d2","turnId":"489fc7ee-7076-430c-b221-65c7f9f675ee","rootTurnId":"489fc7ee-7076-430c-b221-65c7f9f675ee"}
{"timestamp":"2026-08-24T09:15:39.756Z","level":"info","message":"fs.appendMessages.ok {\"system\":\"fs\",\"sessionId\":\"sess_2157ab68-9c2a-49f4-a4c7-b0cbcad4c0d2\",\"messageCount\":1,\"durationMs\":23}","conversationId":"sess_2157ab68-9c2a-49f4-a4c7-b0cbcad4c0d2","turnId":"489fc7ee-7076-430c-b221-65c7f9f675ee","rootTurnId":"489fc7ee-7076-430c-b221-65c7f9f675ee"}
{"timestamp":"2026-08-24T09:15:39.760Z","level":"info","message":"fs.appendMessages.ok {\"system\":\"fs\",\"sessionId\":\"sess_2157ab68-9c2a-49f4-a4c7-b0cbcad4c0d2\",\"messageCount\":1,\"durationMs\":4}","conversationId":"sess_2157ab68-9c2a-49f4-a4c7-b0cbcad4c0d2","turnId":"489fc7ee-7076-430c-b221-65c7f9f675ee","rootTurnId":"489fc7ee-7076-430c-b221-65c7f9f675ee"}
{"timestamp":"2026-08-24T09:15:44.429Z","level":"info","message":"[AgentIterator] Synchronizing results","conversationId":"sess_2157ab68-9c2a-49f4-a4c7-b0cbcad4c0d2","turnId":"489fc7ee-7076-430c-b221-65c7f9f675ee","rootTurnId":"489fc7ee-7076-430c-b221-65c7f9f675ee"}
{"timestamp":"2026-08-24T09:15:44.429Z","level":"info","message":"[AgentIterator] Processing intent detection result","conversationId":"sess_2157ab68-9c2a-49f4-a4c7-b0cbcad4c0d2","turnId":"489fc7ee-7076-430c-b221-65c7f9f675ee","rootTurnId":"489fc7ee-7076-430c-b221-65c7f9f675ee"}
{"timestamp":"2026-08-24T09:15:44.430Z","level":"info","message":"[ChatAgent] Processing model response stream","conversationId":"sess_2157ab68-9c2a-49f4-a4c7-b0cbcad4c0d2","turnId":"489fc7ee-7076-430c-b221-65c7f9f675ee","rootTurnId":"489fc7ee-7076-430c-b221-65c7f9f675ee"}
{"timestamp":"2026-08-24T09:15:44.430Z","level":"info","message":"[Steering] Populating steering for execution 489fc7ee-7076-430c-b221-65c7f9f675ee","conversationId":"sess_2157ab68-9c2a-49f4-a4c7-b0cbcad4c0d2","turnId":"489fc7ee-7076-430c-b221-65c7f9f675ee","rootTurnId":"489fc7ee-7076-430c-b221-65c7f9f675ee"}
{"timestamp":"2026-08-24T09:15:44.430Z","level":"info","message":"[Steering] ExistingFiles: /c:/Users/Student/.kiro/regen/vite.config.ts, /c:/Users/Student/.kiro/regen/tsconfig.app.json, /c:/Users/Student/.kiro/regen/src/lib/mockData.ts, /c:/Users/Student/.kiro/regen/src/pages/TrackCircuits.tsx, /c:/Users/Student/.kiro/regen/src/pages/Dashboard.tsx, /c:/Users/Student/.kiro/regen/src/pages/FBGMonitoring.tsx, /c:/Users/Student/.kiro/regen/src/lib/dataService.ts, /c:/Users/Student/.kiro/regen/src/App.tsx, /c:/Users/Student/.kiro/regen/src/main.tsx, /c:/Users/Student/.kiro/regen/src/index.css, /c:/Users/Student/.kiro/regen/index.html, /c:/Users/Student/.kiro/regen/src/lib/dataService.ts, /c:/Users/Student/.kiro/regen/src/lib/mockData.ts in 489fc7ee-7076-430c-b221-65c7f9f675ee","conversationId":"sess_2157ab68-9c2a-49f4-a4c7-b0cbcad4c0d2","turnId":"489fc7ee-7076-430c-b221-65c7f9f675ee","rootTurnId":"489fc7ee-7076-430c-b221-65c7f9f675ee"}
{"timestamp":"2026-08-24T09:15:47.375Z","level":"info","message":"acp.policy-eval.complete {\"toolId\":\"read_files\",\"effect\":\"allow\",\"capability\":\"fs_read\"}","conversationId":"sess_2157ab68-9c2a-49f4-a4c7-b0cbcad4c0d2","turnId":"489fc7ee-7076-430c-b221-65c7f9f675ee","rootTurnId":"489fc7ee-7076-430c-b221-65c7f9f675ee"}
{"timestamp":"2026-08-24T09:15:47.384Z","level":"info","message":"fs.appendMessages.ok {\"system\":\"fs\",\"sessionId\":\"sess_2157ab68-9c2a-49f4-a4c7-b0cbcad4c0d2\",\"messageCount\":2,\"durationMs\":2}","conversationId":"sess_2157ab68-9c2a-49f4-a4c7-b0cbcad4c0d2","turnId":"489fc7ee-7076-430c-b221-65c7f9f675ee","rootTurnId":"489fc7ee-7076-430c-b221-65c7f9f675ee"}
{"timestamp":"2026-08-24T09:15:47.751Z","level":"info","message":"[AgentIterator] Parallel invoking agent","conversationId":"sess_2157ab68-9c2a-49f4-a4c7-b0cbcad4c0d2","turnId":"489fc7ee-7076-430c-b221-65c7f9f675ee","rootTurnId":"489fc7ee-7076-430c-b221-65c7f9f675ee"}
{"timestamp":"2026-08-24T09:15:47.751Z","level":"info","message":"[Steering] Populating steering for execution 489fc7ee-7076-430c-b221-65c7f9f675ee","conversationId":"sess_2157ab68-9c2a-49f4-a4c7-b0cbcad4c0d2","turnId":"489fc7ee-7076-430c-b221-65c7f9f675ee","rootTurnId":"489fc7ee-7076-430c-b221-65c7f9f675ee"}
{"timestamp":"2026-08-24T09:15:47.751Z","level":"info","message":"[Steering] ExistingFiles: /c:/Users/Student/.kiro/regen/vite.config.ts, /c:/Users/Student/.kiro/regen/tsconfig.app.json, /c:/Users/Student/.kiro/regen/src/lib/mockData.ts, /c:/Users/Student/.kiro/regen/src/pages/TrackCircuits.tsx, /c:/Users/Student/.kiro/regen/src/pages/Dashboard.tsx, /c:/Users/Student/.kiro/regen/src/pages/FBGMonitoring.tsx, /c:/Users/Student/.kiro/regen/src/lib/dataService.ts, /c:/Users/Student/.kiro/regen/src/App.tsx, /c:/Users/Student/.kiro/regen/src/main.tsx, /c:/Users/Student/.kiro/regen/src/index.css, /c:/Users/Student/.kiro/regen/index.html, /c:/Users/Student/.kiro/regen/src/lib/dataService.ts, /c:/Users/Student/.kiro/regen/src/lib/mockData.ts, /c:/Users/Student/.kiro/regen/src/pages/Dashboard.tsx, /c:/Users/Student/.kiro/regen/src/pages/Assets.tsx, /c:/Users/Student/.kiro/regen/src/pages/FBGMonitoring.tsx, /c:/Users/Student/.kiro/regen/src/pages/TrackCircuits.tsx in 489fc7ee-7076-430c-b221-65c7f9f675ee","conversationId":"sess_2157ab68-9c2a-49f4-a4c7-b0cbcad4c0d2","turnId":"489fc7ee-7076-430c-b221-65c7f9f675ee","rootTurnId":"489fc7ee-7076-430c-b221-65c7f9f675ee"}
{"timestamp":"2026-08-24T09:15:47.757Z","level":"info","message":"[q-developer-converse] Sending GenerateAssistantResponse modelId=auto agentMode=vibe origin=AI_EDITOR streaming=true conversationId=sess_2157ab68-9c2a-49f4-a4c7-b0cbcad4c0d2","conversationId":"sess_2157ab68-9c2a-49f4-a4c7-b0cbcad4c0d2","turnId":"489fc7ee-7076-430c-b221-65c7f9f675ee","rootTurnId":"489fc7ee-7076-430c-b221-65c7f9f675ee"}
{"timestamp":"2026-08-24T09:15:47.759Z","level":"info","message":"[q-developer-converse] Request payload: 662796 chars, 222 history messages, conversationId=sess_2157ab68-9c2a-49f4-a4c7-b0cbcad4c0d2","conversationId":"sess_2157ab68-9c2a-49f4-a4c7-b0cbcad4c0d2","turnId":"489fc7ee-7076-430c-b221-65c7f9f675ee","rootTurnId":"489fc7ee-7076-430c-b221-65c7f9f675ee"}
{"timestamp":"2026-08-24T09:15:47.767Z","level":"info","message":"fs.appendMessages.ok {\"system\":\"fs\",\"sessionId\":\"sess_2157ab68-9c2a-49f4-a4c7-b0cbcad4c0d2\",\"messageCount\":1,\"durationMs\":24}","conversationId":"sess_2157ab68-9c2a-49f4-a4c7-b0cbcad4c0d2","turnId":"489fc7ee-7076-430c-b221-65c7f9f675ee","rootTurnId":"489fc7ee-7076-430c-b221-65c7f9f675ee"}
{"timestamp":"2026-08-24T09:15:47.769Z","level":"info","message":"fs.appendMessages.ok {\"system\":\"fs\",\"sessionId\":\"sess_2157ab68-9c2a-49f4-a4c7-b0cbcad4c0d2\",\"messageCount\":1,\"durationMs\":2}","conversationId":"sess_2157ab68-9c2a-49f4-a4c7-b0cbcad4c0d2","turnId":"489fc7ee-7076-430c-b221-65c7f9f675ee","rootTurnId":"489fc7ee-7076-430c-b221-65c7f9f675ee"}
{"timestamp":"2026-08-24T09:15:52.119Z","level":"info","message":"[AgentIterator] Synchronizing results","conversationId":"sess_2157ab68-9c2a-49f4-a4c7-b0cbcad4c0d2","turnId":"489fc7ee-7076-430c-b221-65c7f9f675ee","rootTurnId":"489fc7ee-7076-430c-b221-65c7f9f675ee"}
{"timestamp":"2026-08-24T09:15:52.119Z","level":"info","message":"[AgentIterator] Processing intent detection result","conversationId":"sess_2157ab68-9c2a-49f4-a4c7-b0cbcad4c0d2","turnId":"489fc7ee-7076-430c-b221-65c7f9f675ee","rootTurnId":"489fc7ee-7076-430c-b221-65c7f9f675ee"}
{"timestamp":"2026-08-24T09:15:52.120Z","level":"info","message":"[ChatAgent] Processing model response stream","conversationId":"sess_2157ab68-9c2a-49f4-a4c7-b0cbcad4c0d2","turnId":"489fc7ee-7076-430c-b221-65c7f9f675ee","rootTurnId":"489fc7ee-7076-430c-b221-65c7f9f675ee"}
{"timestamp":"2026-08-24T09:15:52.120Z","level":"info","message":"[Steering] Populating steering for execution 489fc7ee-7076-430c-b221-65c7f9f675ee","conversationId":"sess_2157ab68-9c2a-49f4-a4c7-b0cbcad4c0d2","turnId":"489fc7ee-7076-430c-b221-65c7f9f675ee","rootTurnId":"489fc7ee-7076-430c-b221-65c7f9f675ee"}
{"timestamp":"2026-08-24T09:15:52.120Z","level":"info","message":"[Steering] ExistingFiles: /c:/Users/Student/.kiro/regen/vite.config.ts, /c:/Users/Student/.kiro/regen/tsconfig.app.json, /c:/Users/Student/.kiro/regen/src/lib/mockData.ts, /c:/Users/Student/.kiro/regen/src/pages/TrackCircuits.tsx, /c:/Users/Student/.kiro/regen/src/pages/Dashboard.tsx, /c:/Users/Student/.kiro/regen/src/pages/FBGMonitoring.tsx, /c:/Users/Student/.kiro/regen/src/lib/dataService.ts, /c:/Users/Student/.kiro/regen/src/App.tsx, /c:/Users/Student/.kiro/regen/src/main.tsx, /c:/Users/Student/.kiro/regen/src/index.css, /c:/Users/Student/.kiro/regen/index.html, /c:/Users/Student/.kiro/regen/src/lib/dataService.ts, /c:/Users/Student/.kiro/regen/src/lib/mockData.ts, /c:/Users/Student/.kiro/regen/src/pages/Dashboard.tsx, /c:/Users/Student/.kiro/regen/src/pages/Assets.tsx, /c:/Users/Student/.kiro/regen/src/pages/FBGMonitoring.tsx, /c:/Users/Student/.kiro/regen/src/pages/TrackCircuits.tsx in 489fc7ee-7076-430c-b221-65c7f9f675ee","conversationId":"sess_2157ab68-9c2a-49f4-a4c7-b0cbcad4c0d2","turnId":"489fc7ee-7076-430c-b221-65c7f9f675ee","rootTurnId":"489fc7ee-7076-430c-b221-65c7f9f675ee"}
{"timestamp":"2026-08-24T09:15:52.535Z","level":"info","message":"acp.policy-eval.complete {\"toolId\":\"list_directory\",\"effect\":\"allow\",\"capability\":\"fs_read\"}","conversationId":"sess_2157ab68-9c2a-49f4-a4c7-b0cbcad4c0d2","turnId":"489fc7ee-7076-430c-b221-65c7f9f675ee","rootTurnId":"489fc7ee-7076-430c-b221-65c7f9f675ee"}
{"timestamp":"2026-08-24T09:15:52.540Z","level":"info","message":"fs.appendMessages.ok {\"system\":\"fs\",\"sessionId\":\"sess_2157ab68-9c2a-49f4-a4c7-b0cbcad4c0d2\",\"messageCount\":2,\"durationMs\":3}","conversationId":"sess_2157ab68-9c2a-49f4-a4c7-b0cbcad4c0d2","turnId":"489fc7ee-7076-430c-b221-65c7f9f675ee","rootTurnId":"489fc7ee-7076-430c-b221-65c7f9f675ee"}
{"timestamp":"2026-08-24T09:15:52.928Z","level":"info","message":"[AgentIterator] Parallel invoking agent","conversationId":"sess_2157ab68-9c2a-49f4-a4c7-b0cbcad4c0d2","turnId":"489fc7ee-7076-430c-b221-65c7f9f675ee","rootTurnId":"489fc7ee-7076-430c-b221-65c7f9f675ee"}
{"timestamp":"2026-08-24T09:15:52.928Z","level":"info","message":"[Steering] Populating steering for execution 489fc7ee-7076-430c-b221-65c7f9f675ee","conversationId":"sess_2157ab68-9c2a-49f4-a4c7-b0cbcad4c0d2","turnId":"489fc7ee-7076-430c-b221-65c7f9f675ee","rootTurnId":"489fc7ee-7076-430c-b221-65c7f9f675ee"}
{"timestamp":"2026-08-24T09:15:52.928Z","level":"info","message":"[Steering] ExistingFiles: /c:/Users/Student/.kiro/regen/vite.config.ts, /c:/Users/Student/.kiro/regen/tsconfig.app.json, /c:/Users/Student/.kiro/regen/src/lib/mockData.ts, /c:/Users/Student/.kiro/regen/src/pages/TrackCircuits.tsx, /c:/Users/Student/.kiro/regen/src/pages/Dashboard.tsx, /c:/Users/Student/.kiro/regen/src/pages/FBGMonitoring.tsx, /c:/Users/Student/.kiro/regen/src/lib/dataService.ts, /c:/Users/Student/.kiro/regen/src/App.tsx, /c:/Users/Student/.kiro/regen/src/main.tsx, /c:/Users/Student/.kiro/regen/src/index.css, /c:/Users/Student/.kiro/regen/index.html, /c:/Users/Student/.kiro/regen/src/lib/dataService.ts, /c:/Users/Student/.kiro/regen/src/lib/mockData.ts, /c:/Users/Student/.kiro/regen/src/pages/Dashboard.tsx, /c:/Users/Student/.kiro/regen/src/pages/Assets.tsx, /c:/Users/Student/.kiro/regen/src/pages/FBGMonitoring.tsx, /c:/Users/Student/.kiro/regen/src/pages/TrackCircuits.tsx in 489fc7ee-7076-430c-b221-65c7f9f675ee","conversationId":"sess_2157ab68-9c2a-49f4-a4c7-b0cbcad4c0d2","turnId":"489fc7ee-7076-430c-b221-65c7f9f675ee","rootTurnId":"489fc7ee-7076-430c-b221-65c7f9f675ee"}
{"timestamp":"2026-08-24T09:15:52.933Z","level":"info","message":"[q-developer-converse] Sending GenerateAssistantResponse modelId=auto agentMode=vibe origin=AI_EDITOR streaming=true conversationId=sess_2157ab68-9c2a-49f4-a4c7-b0cbcad4c0d2","conversationId":"sess_2157ab68-9c2a-49f4-a4c7-b0cbcad4c0d2","turnId":"489fc7ee-7076-430c-b221-65c7f9f675ee","rootTurnId":"489fc7ee-7076-430c-b221-65c7f9f675ee"}
{"timestamp":"2026-08-24T09:15:52.936Z","level":"info","message":"[q-developer-converse] Request payload: 663788 chars, 224 history messages, conversationId=sess_2157ab68-9c2a-49f4-a4c7-b0cbcad4c0d2","conversationId":"sess_2157ab68-9c2a-49f4-a4c7-b0cbcad4c0d2","turnId":"489fc7ee-7076-430c-b221-65c7f9f675ee","rootTurnId":"489fc7ee-7076-430c-b221-65c7f9f675ee"}
{"timestamp":"2026-08-24T09:15:52.945Z","level":"info","message":"fs.appendMessages.ok {\"system\":\"fs\",\"sessionId\":\"sess_2157ab68-9c2a-49f4-a4c7-b0cbcad4c0d2\",\"messageCount\":1,\"durationMs\":20}","conversationId":"sess_2157ab68-9c2a-49f4-a4c7-b0cbcad4c0d2","turnId":"489fc7ee-7076-430c-b221-65c7f9f675ee","rootTurnId":"489fc7ee-7076-430c-b221-65c7f9f675ee"}
{"timestamp":"2026-08-24T09:15:52.953Z","level":"info","message":"fs.appendMessages.ok {\"system\":\"fs\",\"sessionId\":\"sess_2157ab68-9c2a-49f4-a4c7-b0cbcad4c0d2\",\"messageCount\":1,\"durationMs\":8}","conversationId":"sess_2157ab68-9c2a-49f4-a4c7-b0cbcad4c0d2","turnId":"489fc7ee-7076-430c-b221-65c7f9f675ee","rootTurnId":"489fc7ee-7076-430c-b221-65c7f9f675ee"}
{"timestamp":"2026-08-24T09:15:56.970Z","level":"info","message":"[AgentIterator] Synchronizing results","conversationId":"sess_2157ab68-9c2a-49f4-a4c7-b0cbcad4c0d2","turnId":"489fc7ee-7076-430c-b221-65c7f9f675ee","rootTurnId":"489fc7ee-7076-430c-b221-65c7f9f675ee"}
{"timestamp":"2026-08-24T09:15:56.970Z","level":"info","message":"[AgentIterator] Processing intent detection result","conversationId":"sess_2157ab68-9c2a-49f4-a4c7-b0cbcad4c0d2","turnId":"489fc7ee-7076-430c-b221-65c7f9f675ee","rootTurnId":"489fc7ee-7076-430c-b221-65c7f9f675ee"}
{"timestamp":"2026-08-24T09:15:56.971Z","level":"info","message":"[ChatAgent] Processing model response stream","conversationId":"sess_2157ab68-9c2a-49f4-a4c7-b0cbcad4c0d2","turnId":"489fc7ee-7076-430c-b221-65c7f9f675ee","rootTurnId":"489fc7ee-7076-430c-b221-65c7f9f675ee"}
{"timestamp":"2026-08-24T09:15:56.971Z","level":"info","message":"[Steering] Populating steering for execution 489fc7ee-7076-430c-b221-65c7f9f675ee","conversationId":"sess_2157ab68-9c2a-49f4-a4c7-b0cbcad4c0d2","turnId":"489fc7ee-7076-430c-b221-65c7f9f675ee","rootTurnId":"489fc7ee-7076-430c-b221-65c7f9f675ee"}
{"timestamp":"2026-08-24T09:15:56.971Z","level":"info","message":"[Steering] ExistingFiles: /c:/Users/Student/.kiro/regen/vite.config.ts, /c:/Users/Student/.kiro/regen/tsconfig.app.json, /c:/Users/Student/.kiro/regen/src/lib/mockData.ts, /c:/Users/Student/.kiro/regen/src/pages/TrackCircuits.tsx, /c:/Users/Student/.kiro/regen/src/pages/Dashboard.tsx, /c:/Users/Student/.kiro/regen/src/pages/FBGMonitoring.tsx, /c:/Users/Student/.kiro/regen/src/lib/dataService.ts, /c:/Users/Student/.kiro/regen/src/App.tsx, /c:/Users/Student/.kiro/regen/src/main.tsx, /c:/Users/Student/.kiro/regen/src/index.css, /c:/Users/Student/.kiro/regen/index.html, /c:/Users/Student/.kiro/regen/src/lib/dataService.ts, /c:/Users/Student/.kiro/regen/src/lib/mockData.ts, /c:/Users/Student/.kiro/regen/src/pages/Dashboard.tsx, /c:/Users/Student/.kiro/regen/src/pages/Assets.tsx, /c:/Users/Student/.kiro/regen/src/pages/FBGMonitoring.tsx, /c:/Users/Student/.kiro/regen/src/pages/TrackCircuits.tsx in 489fc7ee-7076-430c-b221-65c7f9f675ee","conversationId":"sess_2157ab68-9c2a-49f4-a4c7-b0cbcad4c0d2","turnId":"489fc7ee-7076-430c-b221-65c7f9f675ee","rootTurnId":"489fc7ee-7076-430c-b221-65c7f9f675ee"}
{"timestamp":"2026-08-24T09:16:00.530Z","level":"info","message":"fs.appendMessages.ok {\"system\":\"fs\",\"sessionId\":\"sess_2157ab68-9c2a-49f4-a4c7-b0cbcad4c0d2\",\"messageCount\":1,\"durationMs\":2}","conversationId":"sess_2157ab68-9c2a-49f4-a4c7-b0cbcad4c0d2","turnId":"489fc7ee-7076-430c-b221-65c7f9f675ee","rootTurnId":"489fc7ee-7076-430c-b221-65c7f9f675ee"}
{"timestamp":"2026-08-24T09:16:02.032Z","level":"info","message":"[SessionPersistence] Updated metadata for session sess_2157ab68-9c2a-49f4-a4c7-b0cbcad4c0d2","conversationId":"sess_2157ab68-9c2a-49f4-a4c7-b0cbcad4c0d2","turnId":"489fc7ee-7076-430c-b221-65c7f9f675ee","rootTurnId":"489fc7ee-7076-430c-b221-65c7f9f675ee"}
{"timestamp":"2026-08-24T09:16:02.040Z","level":"info","message":"fs.appendMessages.ok {\"system\":\"fs\",\"sessionId\":\"sess_2157ab68-9c2a-49f4-a4c7-b0cbcad4c0d2\",\"messageCount\":2,\"durationMs\":11}","conversationId":"sess_2157ab68-9c2a-49f4-a4c7-b0cbcad4c0d2","turnId":"489fc7ee-7076-430c-b221-65c7f9f675ee","rootTurnId":"489fc7ee-7076-430c-b221-65c7f9f675ee"}
{"timestamp":"2026-08-24T09:16:02.363Z","level":"info","message":"[AgentIterator] Parallel invoking agent","conversationId":"sess_2157ab68-9c2a-49f4-a4c7-b0cbcad4c0d2","turnId":"489fc7ee-7076-430c-b221-65c7f9f675ee","rootTurnId":"489fc7ee-7076-430c-b221-65c7f9f675ee"}
{"timestamp":"2026-08-24T09:16:02.363Z","level":"info","message":"[Steering] Populating steering for execution 489fc7ee-7076-430c-b221-65c7f9f675ee","conversationId":"sess_2157ab68-9c2a-49f4-a4c7-b0cbcad4c0d2","turnId":"489fc7ee-7076-430c-b221-65c7f9f675ee","rootTurnId":"489fc7ee-7076-430c-b221-65c7f9f675ee"}
{"timestamp":"2026-08-24T09:16:02.363Z","level":"info","message":"[Steering] ExistingFiles: /c:/Users/Student/.kiro/regen/vite.config.ts, /c:/Users/Student/.kiro/regen/tsconfig.app.json, /c:/Users/Student/.kiro/regen/src/lib/mockData.ts, /c:/Users/Student/.kiro/regen/src/pages/TrackCircuits.tsx, /c:/Users/Student/.kiro/regen/src/pages/Dashboard.tsx, /c:/Users/Student/.kiro/regen/src/pages/FBGMonitoring.tsx, /c:/Users/Student/.kiro/regen/src/lib/dataService.ts, /c:/Users/Student/.kiro/regen/src/App.tsx, /c:/Users/Student/.kiro/regen/src/main.tsx, /c:/Users/Student/.kiro/regen/src/index.css, /c:/Users/Student/.kiro/regen/index.html, /c:/Users/Student/.kiro/regen/src/lib/dataService.ts, /c:/Users/Student/.kiro/regen/src/lib/mockData.ts, /c:/Users/Student/.kiro/regen/src/pages/Dashboard.tsx, /c:/Users/Student/.kiro/regen/src/pages/Assets.tsx, /c:/Users/Student/.kiro/regen/src/pages/FBGMonitoring.tsx, /c:/Users/Student/.kiro/regen/src/pages/TrackCircuits.tsx in 489fc7ee-7076-430c-b221-65c7f9f675ee","conversationId":"sess_2157ab68-9c2a-49f4-a4c7-b0cbcad4c0d2","turnId":"489fc7ee-7076-430c-b221-65c7f9f675ee","rootTurnId":"489fc7ee-7076-430c-b221-65c7f9f675ee"}
{"timestamp":"2026-08-24T09:16:02.370Z","level":"info","message":"[q-developer-converse] Sending GenerateAssistantResponse modelId=auto agentMode=vibe origin=AI_EDITOR streaming=true conversationId=sess_2157ab68-9c2a-49f4-a4c7-b0cbcad4c0d2","conversationId":"sess_2157ab68-9c2a-49f4-a4c7-b0cbcad4c0d2","turnId":"489fc7ee-7076-430c-b221-65c7f9f675ee","rootTurnId":"489fc7ee-7076-430c-b221-65c7f9f675ee"}
{"timestamp":"2026-08-24T09:16:02.372Z","level":"info","message":"[q-developer-converse] Request payload: 665017 chars, 226 history messages, conversationId=sess_2157ab68-9c2a-49f4-a4c7-b0cbcad4c0d2","conversationId":"sess_2157ab68-9c2a-49f4-a4c7-b0cbcad4c0d2","turnId":"489fc7ee-7076-430c-b221-65c7f9f675ee","rootTurnId":"489fc7ee-7076-430c-b221-65c7f9f675ee"}
{"timestamp":"2026-08-24T09:16:02.381Z","level":"info","message":"fs.appendMessages.ok {\"system\":\"fs\",\"sessionId\":\"sess_2157ab68-9c2a-49f4-a4c7-b0cbcad4c0d2\",\"messageCount\":1,\"durationMs\":21}","conversationId":"sess_2157ab68-9c2a-49f4-a4c7-b0cbcad4c0d2","turnId":"489fc7ee-7076-430c-b221-65c7f9f675ee","rootTurnId":"489fc7ee-7076-430c-b221-65c7f9f675ee"}
{"timestamp":"2026-08-24T09:16:02.390Z","level":"info","message":"fs.appendMessages.ok {\"system\":\"fs\",\"sessionId\":\"sess_2157ab68-9c2a-49f4-a4c7-b0cbcad4c0d2\",\"messageCount\":1,\"durationMs\":9}","conversationId":"sess_2157ab68-9c2a-49f4-a4c7-b0cbcad4c0d2","turnId":"489fc7ee-7076-430c-b221-65c7f9f675ee","rootTurnId":"489fc7ee-7076-430c-b221-65c7f9f675ee"}
{"timestamp":"2026-08-24T09:16:07.775Z","level":"info","message":"[AgentIterator] Synchronizing results","conversationId":"sess_2157ab68-9c2a-49f4-a4c7-b0cbcad4c0d2","turnId":"489fc7ee-7076-430c-b221-65c7f9f675ee","rootTurnId":"489fc7ee-7076-430c-b221-65c7f9f675ee"}
{"timestamp":"2026-08-24T09:16:07.775Z","level":"info","message":"[AgentIterator] Processing intent detection result","conversationId":"sess_2157ab68-9c2a-49f4-a4c7-b0cbcad4c0d2","turnId":"489fc7ee-7076-430c-b221-65c7f9f675ee","rootTurnId":"489fc7ee-7076-430c-b221-65c7f9f675ee"}
{"timestamp":"2026-08-24T09:16:07.776Z","level":"info","message":"[ChatAgent] Processing model response stream","conversationId":"sess_2157ab68-9c2a-49f4-a4c7-b0cbcad4c0d2","turnId":"489fc7ee-7076-430c-b221-65c7f9f675ee","rootTurnId":"489fc7ee-7076-430c-b221-65c7f9f675ee"}
{"timestamp":"2026-08-24T09:16:07.776Z","level":"info","message":"[Steering] Populating steering for execution 489fc7ee-7076-430c-b221-65c7f9f675ee","conversationId":"sess_2157ab68-9c2a-49f4-a4c7-b0cbcad4c0d2","turnId":"489fc7ee-7076-430c-b221-65c7f9f675ee","rootTurnId":"489fc7ee-7076-430c-b221-65c7f9f675ee"}
{"timestamp":"2026-08-24T09:16:07.776Z","level":"info","message":"[Steering] ExistingFiles: /c:/Users/Student/.kiro/regen/vite.config.ts, /c:/Users/Student/.kiro/regen/tsconfig.app.json, /c:/Users/Student/.kiro/regen/src/lib/mockData.ts, /c:/Users/Student/.kiro/regen/src/pages/TrackCircuits.tsx, /c:/Users/Student/.kiro/regen/src/pages/Dashboard.tsx, /c:/Users/Student/.kiro/regen/src/pages/FBGMonitoring.tsx, /c:/Users/Student/.kiro/regen/src/lib/dataService.ts, /c:/Users/Student/.kiro/regen/src/App.tsx, /c:/Users/Student/.kiro/regen/src/main.tsx, /c:/Users/Student/.kiro/regen/src/index.css, /c:/Users/Student/.kiro/regen/index.html, /c:/Users/Student/.kiro/regen/src/lib/dataService.ts, /c:/Users/Student/.kiro/regen/src/lib/mockData.ts, /c:/Users/Student/.kiro/regen/src/pages/Dashboard.tsx, /c:/Users/Student/.kiro/regen/src/pages/Assets.tsx, /c:/Users/Student/.kiro/regen/src/pages/FBGMonitoring.tsx, /c:/Users/Student/.kiro/regen/src/pages/TrackCircuits.tsx in 489fc7ee-7076-430c-b221-65c7f9f675ee","conversationId":"sess_2157ab68-9c2a-49f4-a4c7-b0cbcad4c0d2","turnId":"489fc7ee-7076-430c-b221-65c7f9f675ee","rootTurnId":"489fc7ee-7076-430c-b221-65c7f9f675ee"}
{"timestamp":"2026-08-24T09:16:09.045Z","level":"info","message":"[ACPEventAdapter] Execution yielded {\"executionId\":\"489fc7ee-7076-430c-b221-65c7f9f675ee\"}","conversationId":"sess_2157ab68-9c2a-49f4-a4c7-b0cbcad4c0d2","turnId":"489fc7ee-7076-430c-b221-65c7f9f675ee","rootTurnId":"489fc7ee-7076-430c-b221-65c7f9f675ee"}
{"timestamp":"2026-08-24T09:16:09.047Z","level":"info","message":"acp.policy-eval.complete {\"toolId\":\"run_command\",\"effect\":\"ask\"}","conversationId":"sess_2157ab68-9c2a-49f4-a4c7-b0cbcad4c0d2","turnId":"489fc7ee-7076-430c-b221-65c7f9f675ee","rootTurnId":"489fc7ee-7076-430c-b221-65c7f9f675ee"}
{"timestamp":"2026-08-24T09:16:09.056Z","level":"info","message":"[ACP ToolApproval] Requesting permission for toolId=run_command, operationId=run_command_tooluse_YsZESOuJzSFnIMADdgbzVz, sessionId=sess_2157ab68-9c2a-49f4-a4c7-b0cbcad4c0d2","conversationId":"sess_2157ab68-9c2a-49f4-a4c7-b0cbcad4c0d2","turnId":"489fc7ee-7076-430c-b221-65c7f9f675ee","rootTurnId":"489fc7ee-7076-430c-b221-65c7f9f675ee"}
{"timestamp":"2026-08-24T09:16:09.059Z","level":"info","message":"fs.appendMessages.ok {\"system\":\"fs\",\"sessionId\":\"sess_2157ab68-9c2a-49f4-a4c7-b0cbcad4c0d2\",\"messageCount\":1,\"durationMs\":3}","conversationId":"sess_2157ab68-9c2a-49f4-a4c7-b0cbcad4c0d2","turnId":"489fc7ee-7076-430c-b221-65c7f9f675ee","rootTurnId":"489fc7ee-7076-430c-b221-65c7f9f675ee"}
{"timestamp":"2026-08-24T09:16:09.199Z","level":"info","message":"fs.appendMessages.ok {\"system\":\"fs\",\"sessionId\":\"sess_2157ab68-9c2a-49f4-a4c7-b0cbcad4c0d2\",\"messageCount\":1,\"durationMs\":4}","conversationId":"sess_2157ab68-9c2a-49f4-a4c7-b0cbcad4c0d2","turnId":"489fc7ee-7076-430c-b221-65c7f9f675ee","rootTurnId":"489fc7ee-7076-430c-b221-65c7f9f675ee"}
{"timestamp":"2026-08-24T09:16:09.207Z","level":"info","message":"fs.appendMessages.ok {\"system\":\"fs\",\"sessionId\":\"sess_2157ab68-9c2a-49f4-a4c7-b0cbcad4c0d2\",\"messageCount\":1,\"durationMs\":8}","conversationId":"sess_2157ab68-9c2a-49f4-a4c7-b0cbcad4c0d2","turnId":"489fc7ee-7076-430c-b221-65c7f9f675ee","rootTurnId":"489fc7ee-7076-430c-b221-65c7f9f675ee"}
{"timestamp":"2026-08-24T09:16:14.160Z","level":"info","message":"network.listAvailableModels.ok {\"system\":\"network\",\"durationMs\":1097}"}
{"timestamp":"2026-08-24T09:16:14.160Z","level":"info","message":"[ACPModelConfigProvider] Loaded 9 models"}
{"timestamp":"2026-08-24T09:16:56.699Z","level":"info","message":"fs.appendMessages.ok {\"system\":\"fs\",\"sessionId\":\"sess_2157ab68-9c2a-49f4-a4c7-b0cbcad4c0d2\",\"messageCount\":1,\"durationMs\":2}","conversationId":"sess_2157ab68-9c2a-49f4-a4c7-b0cbcad4c0d2","turnId":"489fc7ee-7076-430c-b221-65c7f9f675ee","rootTurnId":"489fc7ee-7076-430c-b221-65c7f9f675ee"}
{"timestamp":"2026-08-24T09:16:56.699Z","level":"info","message":"[ACP ToolApproval] Got response: {\"optionId\":\"always-accept\",\"outcome\":\"selected\"}","conversationId":"sess_2157ab68-9c2a-49f4-a4c7-b0cbcad4c0d2","turnId":"489fc7ee-7076-430c-b221-65c7f9f675ee","rootTurnId":"489fc7ee-7076-430c-b221-65c7f9f675ee"}
{"timestamp":"2026-08-24T09:16:56.914Z","level":"info","message":"[PolicySession] rebuild() complete: 18 rules parsed, engineActive=true, fatal=false","conversationId":"sess_2157ab68-9c2a-49f4-a4c7-b0cbcad4c0d2","turnId":"489fc7ee-7076-430c-b221-65c7f9f675ee","rootTurnId":"489fc7ee-7076-430c-b221-65c7f9f675ee"}
{"timestamp":"2026-08-24T09:16:56.914Z","level":"info","message":"[PolicySession] Persisted allow rule for shell matching \"cmd /c \"mkdir C:\\Users\\Student\\.kiro\\regen\\src\\components\\ui 2>nul & mkdir C:\\Users\\Student\\.kiro\\regen\\src\\components\\layout 2>nul & mkdir C:\\Users\\Student\\.kiro\\regen\\src\\types 2>nul & echo done\"\" at scope=workspace","conversationId":"sess_2157ab68-9c2a-49f4-a4c7-b0cbcad4c0d2","turnId":"489fc7ee-7076-430c-b221-65c7f9f675ee","rootTurnId":"489fc7ee-7076-430c-b221-65c7f9f675ee"}
{"timestamp":"2026-08-24T09:16:56.918Z","level":"info","message":"[ACPEventAdapter] Execution resumed {\"executionId\":\"489fc7ee-7076-430c-b221-65c7f9f675ee\"}","conversationId":"sess_2157ab68-9c2a-49f4-a4c7-b0cbcad4c0d2","turnId":"489fc7ee-7076-430c-b221-65c7f9f675ee","rootTurnId":"489fc7ee-7076-430c-b221-65c7f9f675ee"}
{"timestamp":"2026-08-24T09:16:56.996Z","level":"info","message":"[AgentIterator] Parallel invoking agent","conversationId":"sess_2157ab68-9c2a-49f4-a4c7-b0cbcad4c0d2","turnId":"489fc7ee-7076-430c-b221-65c7f9f675ee","rootTurnId":"489fc7ee-7076-430c-b221-65c7f9f675ee"}
{"timestamp":"2026-08-24T09:16:56.996Z","level":"info","message":"[Steering] Populating steering for execution 489fc7ee-7076-430c-b221-65c7f9f675ee","conversationId":"sess_2157ab68-9c2a-49f4-a4c7-b0cbcad4c0d2","turnId":"489fc7ee-7076-430c-b221-65c7f9f675ee","rootTurnId":"489fc7ee-7076-430c-b221-65c7f9f675ee"}
{"timestamp":"2026-08-24T09:16:56.997Z","level":"info","message":"[Steering] ExistingFiles: /c:/Users/Student/.kiro/regen/vite.config.ts, /c:/Users/Student/.kiro/regen/tsconfig.app.json, /c:/Users/Student/.kiro/regen/src/lib/mockData.ts, /c:/Users/Student/.kiro/regen/src/pages/TrackCircuits.tsx, /c:/Users/Student/.kiro/regen/src/pages/Dashboard.tsx, /c:/Users/Student/.kiro/regen/src/pages/FBGMonitoring.tsx, /c:/Users/Student/.kiro/regen/src/lib/dataService.ts, /c:/Users/Student/.kiro/regen/src/App.tsx, /c:/Users/Student/.kiro/regen/src/main.tsx, /c:/Users/Student/.kiro/regen/src/index.css, /c:/Users/Student/.kiro/regen/index.html, /c:/Users/Student/.kiro/regen/src/lib/dataService.ts, /c:/Users/Student/.kiro/regen/src/lib/mockData.ts, /c:/Users/Student/.kiro/regen/src/pages/Dashboard.tsx, /c:/Users/Student/.kiro/regen/src/pages/Assets.tsx, /c:/Users/Student/.kiro/regen/src/pages/FBGMonitoring.tsx, /c:/Users/Student/.kiro/regen/src/pages/TrackCircuits.tsx in 489fc7ee-7076-430c-b221-65c7f9f675ee","conversationId":"sess_2157ab68-9c2a-49f4-a4c7-b0cbcad4c0d2","turnId":"489fc7ee-7076-430c-b221-65c7f9f675ee","rootTurnId":"489fc7ee-7076-430c-b221-65c7f9f675ee"}
{"timestamp":"2026-08-24T09:16:57.001Z","level":"info","message":"[q-developer-converse] Sending GenerateAssistantResponse modelId=auto agentMode=vibe origin=AI_EDITOR streaming=true conversationId=sess_2157ab68-9c2a-49f4-a4c7-b0cbcad4c0d2","conversationId":"sess_2157ab68-9c2a-49f4-a4c7-b0cbcad4c0d2","turnId":"489fc7ee-7076-430c-b221-65c7f9f675ee","rootTurnId":"489fc7ee-7076-430c-b221-65c7f9f675ee"}
{"timestamp":"2026-08-24T09:16:57.002Z","level":"info","message":"[q-developer-converse] Request payload: 665860 chars, 228 history messages, conversationId=sess_2157ab68-9c2a-49f4-a4c7-b0cbcad4c0d2","conversationId":"sess_2157ab68-9c2a-49f4-a4c7-b0cbcad4c0d2","turnId":"489fc7ee-7076-430c-b221-65c7f9f675ee","rootTurnId":"489fc7ee-7076-430c-b221-65c7f9f675ee"}
{"timestamp":"2026-08-24T09:16:57.011Z","level":"info","message":"fs.appendMessages.ok {\"system\":\"fs\",\"sessionId\":\"sess_2157ab68-9c2a-49f4-a4c7-b0cbcad4c0d2\",\"messageCount\":2,\"durationMs\":18}","conversationId":"sess_2157ab68-9c2a-49f4-a4c7-b0cbcad4c0d2","turnId":"489fc7ee-7076-430c-b221-65c7f9f675ee","rootTurnId":"489fc7ee-7076-430c-b221-65c7f9f675ee"}
{"timestamp":"2026-08-24T09:17:00.853Z","level":"info","message":"[AgentIterator] Synchronizing results","conversationId":"sess_2157ab68-9c2a-49f4-a4c7-b0cbcad4c0d2","turnId":"489fc7ee-7076-430c-b221-65c7f9f675ee","rootTurnId":"489fc7ee-7076-430c-b221-65c7f9f675ee"}
{"timestamp":"2026-08-24T09:17:00.853Z","level":"info","message":"[AgentIterator] Processing intent detection result","conversationId":"sess_2157ab68-9c2a-49f4-a4c7-b0cbcad4c0d2","turnId":"489fc7ee-7076-430c-b221-65c7f9f675ee","rootTurnId":"489fc7ee-7076-430c-b221-65c7f9f675ee"}
{"timestamp":"2026-08-24T09:17:00.854Z","level":"info","message":"[ChatAgent] Processing model response stream","conversationId":"sess_2157ab68-9c2a-49f4-a4c7-b0cbcad4c0d2","turnId":"489fc7ee-7076-430c-b221-65c7f9f675ee","rootTurnId":"489fc7ee-7076-430c-b221-65c7f9f675ee"}
{"timestamp":"2026-08-24T09:17:00.854Z","level":"info","message":"[Steering] Populating steering for execution 489fc7ee-7076-430c-b221-65c7f9f675ee","conversationId":"sess_2157ab68-9c2a-49f4-a4c7-b0cbcad4c0d2","turnId":"489fc7ee-7076-430c-b221-65c7f9f675ee","rootTurnId":"489fc7ee-7076-430c-b221-65c7f9f675ee"}
{"timestamp":"2026-08-24T09:17:00.854Z","level":"info","message":"[Steering] ExistingFiles: /c:/Users/Student/.kiro/regen/vite.config.ts, /c:/Users/Student/.kiro/regen/tsconfig.app.json, /c:/Users/Student/.kiro/regen/src/lib/mockData.ts, /c:/Users/Student/.kiro/regen/src/pages/TrackCircuits.tsx, /c:/Users/Student/.kiro/regen/src/pages/Dashboard.tsx, /c:/Users/Student/.kiro/regen/src/pages/FBGMonitoring.tsx, /c:/Users/Student/.kiro/regen/src/lib/dataService.ts, /c:/Users/Student/.kiro/regen/src/App.tsx, /c:/Users/Student/.kiro/regen/src/main.tsx, /c:/Users/Student/.kiro/regen/src/index.css, /c:/Users/Student/.kiro/regen/index.html, /c:/Users/Student/.kiro/regen/src/lib/dataService.ts, /c:/Users/Student/.kiro/regen/src/lib/mockData.ts, /c:/Users/Student/.kiro/regen/src/pages/Dashboard.tsx, /c:/Users/Student/.kiro/regen/src/pages/Assets.tsx, /c:/Users/Student/.kiro/regen/src/pages/FBGMonitoring.tsx, /c:/Users/Student/.kiro/regen/src/pages/TrackCircuits.tsx in 489fc7ee-7076-430c-b221-65c7f9f675ee","conversationId":"sess_2157ab68-9c2a-49f4-a4c7-b0cbcad4c0d2","turnId":"489fc7ee-7076-430c-b221-65c7f9f675ee","rootTurnId":"489fc7ee-7076-430c-b221-65c7f9f675ee"}
{"timestamp":"2026-08-24T09:17:01.344Z","level":"info","message":"fs.appendMessages.ok {\"system\":\"fs\",\"sessionId\":\"sess_2157ab68-9c2a-49f4-a4c7-b0cbcad4c0d2\",\"messageCount\":1,\"durationMs\":2}","conversationId":"sess_2157ab68-9c2a-49f4-a4c7-b0cbcad4c0d2","turnId":"489fc7ee-7076-430c-b221-65c7f9f675ee","rootTurnId":"489fc7ee-7076-430c-b221-65c7f9f675ee"}
{"timestamp":"2026-08-24T09:17:02.745Z","level":"info","message":"acp.policy-eval.complete {\"toolId\":\"fs_write\",\"effect\":\"allow\",\"capability\":\"fs_write\"}","conversationId":"sess_2157ab68-9c2a-49f4-a4c7-b0cbcad4c0d2","turnId":"489fc7ee-7076-430c-b221-65c7f9f675ee","rootTurnId":"489fc7ee-7076-430c-b221-65c7f9f675ee"}
{"timestamp":"2026-08-24T09:17:02.771Z","level":"info","message":"[SessionPersistence] Snapshot deduplicated for regen/.env.local in session sess_2157ab68-9c2a-49f4-a4c7-b0cbcad4c0d2 (reused 13078d6e)","conversationId":"sess_2157ab68-9c2a-49f4-a4c7-b0cbcad4c0d2","turnId":"489fc7ee-7076-430c-b221-65c7f9f675ee","rootTurnId":"489fc7ee-7076-430c-b221-65c7f9f675ee"}
{"timestamp":"2026-08-24T09:17:02.774Z","level":"info","message":"fs.appendMessages.ok {\"system\":\"fs\",\"sessionId\":\"sess_2157ab68-9c2a-49f4-a4c7-b0cbcad4c0d2\",\"messageCount\":2,\"durationMs\":2}","conversationId":"sess_2157ab68-9c2a-49f4-a4c7-b0cbcad4c0d2","turnId":"489fc7ee-7076-430c-b221-65c7f9f675ee","rootTurnId":"489fc7ee-7076-430c-b221-65c7f9f675ee"}
{"timestamp":"2026-08-24T09:17:02.928Z","level":"info","message":"[AgentIterator] Parallel invoking agent","conversationId":"sess_2157ab68-9c2a-49f4-a4c7-b0cbcad4c0d2","turnId":"489fc7ee-7076-430c-b221-65c7f9f675ee","rootTurnId":"489fc7ee-7076-430c-b221-65c7f9f675ee"}
{"timestamp":"2026-08-24T09:17:02.928Z","level":"info","message":"[Steering] Populating steering for execution 489fc7ee-7076-430c-b221-65c7f9f675ee","conversationId":"sess_2157ab68-9c2a-49f4-a4c7-b0cbcad4c0d2","turnId":"489fc7ee-7076-430c-b221-65c7f9f675ee","rootTurnId":"489fc7ee-7076-430c-b221-65c7f9f675ee"}
{"timestamp":"2026-08-24T09:17:02.928Z","level":"info","message":"[Steering] ExistingFiles: /c:/Users/Student/.kiro/regen/vite.config.ts, /c:/Users/Student/.kiro/regen/tsconfig.app.json, /c:/Users/Student/.kiro/regen/src/lib/mockData.ts, /c:/Users/Student/.kiro/regen/src/pages/TrackCircuits.tsx, /c:/Users/Student/.kiro/regen/src/pages/Dashboard.tsx, /c:/Users/Student/.kiro/regen/src/pages/FBGMonitoring.tsx, /c:/Users/Student/.kiro/regen/src/lib/dataService.ts, /c:/Users/Student/.kiro/regen/src/App.tsx, /c:/Users/Student/.kiro/regen/src/main.tsx, /c:/Users/Student/.kiro/regen/src/index.css, /c:/Users/Student/.kiro/regen/index.html, /c:/Users/Student/.kiro/regen/src/lib/dataService.ts, /c:/Users/Student/.kiro/regen/src/lib/mockData.ts, /c:/Users/Student/.kiro/regen/src/pages/Dashboard.tsx, /c:/Users/Student/.kiro/regen/src/pages/Assets.tsx, /c:/Users/Student/.kiro/regen/src/pages/FBGMonitoring.tsx, /c:/Users/Student/.kiro/regen/src/pages/TrackCircuits.tsx in 489fc7ee-7076-430c-b221-65c7f9f675ee","conversationId":"sess_2157ab68-9c2a-49f4-a4c7-b0cbcad4c0d2","turnId":"489fc7ee-7076-430c-b221-65c7f9f675ee","rootTurnId":"489fc7ee-7076-430c-b221-65c7f9f675ee"}
{"timestamp":"2026-08-24T09:17:02.935Z","level":"info","message":"[q-developer-converse] Sending GenerateAssistantResponse modelId=auto agentMode=vibe origin=AI_EDITOR streaming=true conversationId=sess_2157ab68-9c2a-49f4-a4c7-b0cbcad4c0d2","conversationId":"sess_2157ab68-9c2a-49f4-a4c7-b0cbcad4c0d2","turnId":"489fc7ee-7076-430c-b221-65c7f9f675ee","rootTurnId":"489fc7ee-7076-430c-b221-65c7f9f675ee"}
{"timestamp":"2026-08-24T09:17:02.937Z","level":"info","message":"[q-developer-converse] Request payload: 666658 chars, 230 history messages, conversationId=sess_2157ab68-9c2a-49f4-a4c7-b0cbcad4c0d2","conversationId":"sess_2157ab68-9c2a-49f4-a4c7-b0cbcad4c0d2","turnId":"489fc7ee-7076-430c-b221-65c7f9f675ee","rootTurnId":"489fc7ee-7076-430c-b221-65c7f9f675ee"}
{"timestamp":"2026-08-24T09:17:02.945Z","level":"info","message":"fs.appendMessages.ok {\"system\":\"fs\",\"sessionId\":\"sess_2157ab68-9c2a-49f4-a4c7-b0cbcad4c0d2\",\"messageCount\":1,\"durationMs\":23}","conversationId":"sess_2157ab68-9c2a-49f4-a4c7-b0cbcad4c0d2","turnId":"489fc7ee-7076-430c-b221-65c7f9f675ee","rootTurnId":"489fc7ee-7076-430c-b221-65c7f9f675ee"}
{"timestamp":"2026-08-24T09:17:02.946Z","level":"info","message":"fs.appendMessages.ok {\"system\":\"fs\",\"sessionId\":\"sess_2157ab68-9c2a-49f4-a4c7-b0cbcad4c0d2\",\"messageCount\":1,\"durationMs\":2}","conversationId":"sess_2157ab68-9c2a-49f4-a4c7-b0cbcad4c0d2","turnId":"489fc7ee-7076-430c-b221-65c7f9f675ee","rootTurnId":"489fc7ee-7076-430c-b221-65c7f9f675ee"}
{"timestamp":"2026-08-24T09:17:07.114Z","level":"info","message":"[AgentIterator] Synchronizing results","conversationId":"sess_2157ab68-9c2a-49f4-a4c7-b0cbcad4c0d2","turnId":"489fc7ee-7076-430c-b221-65c7f9f675ee","rootTurnId":"489fc7ee-7076-430c-b221-65c7f9f675ee"}
{"timestamp":"2026-08-24T09:17:07.114Z","level":"info","message":"[AgentIterator] Processing intent detection result","conversationId":"sess_2157ab68-9c2a-49f4-a4c7-b0cbcad4c0d2","turnId":"489fc7ee-7076-430c-b221-65c7f9f675ee","rootTurnId":"489fc7ee-7076-430c-b221-65c7f9f675ee"}
{"timestamp":"2026-08-24T09:17:07.114Z","level":"info","message":"[ChatAgent] Processing model response stream","conversationId":"sess_2157ab68-9c2a-49f4-a4c7-b0cbcad4c0d2","turnId":"489fc7ee-7076-430c-b221-65c7f9f675ee","rootTurnId":"489fc7ee-7076-430c-b221-65c7f9f675ee"}
{"timestamp":"2026-08-24T09:17:07.114Z","level":"info","message":"[Steering] Populating steering for execution 489fc7ee-7076-430c-b221-65c7f9f675ee","conversationId":"sess_2157ab68-9c2a-49f4-a4c7-b0cbcad4c0d2","turnId":"489fc7ee-7076-430c-b221-65c7f9f675ee","rootTurnId":"489fc7ee-7076-430c-b221-65c7f9f675ee"}
{"timestamp":"2026-08-24T09:17:07.114Z","level":"info","message":"[Steering] ExistingFiles: /c:/Users/Student/.kiro/regen/vite.config.ts, /c:/Users/Student/.kiro/regen/tsconfig.app.json, /c:/Users/Student/.kiro/regen/src/lib/mockData.ts, /c:/Users/Student/.kiro/regen/src/pages/TrackCircuits.tsx, /c:/Users/Student/.kiro/regen/src/pages/Dashboard.tsx, /c:/Users/Student/.kiro/regen/src/pages/FBGMonitoring.tsx, /c:/Users/Student/.kiro/regen/src/lib/dataService.ts, /c:/Users/Student/.kiro/regen/src/App.tsx, /c:/Users/Student/.kiro/regen/src/main.tsx, /c:/Users/Student/.kiro/regen/src/index.css, /c:/Users/Student/.kiro/regen/index.html, /c:/Users/Student/.kiro/regen/src/lib/dataService.ts, /c:/Users/Student/.kiro/regen/src/lib/mockData.ts, /c:/Users/Student/.kiro/regen/src/pages/Dashboard.tsx, /c:/Users/Student/.kiro/regen/src/pages/Assets.tsx, /c:/Users/Student/.kiro/regen/src/pages/FBGMonitoring.tsx, /c:/Users/Student/.kiro/regen/src/pages/TrackCircuits.tsx in 489fc7ee-7076-430c-b221-65c7f9f675ee","conversationId":"sess_2157ab68-9c2a-49f4-a4c7-b0cbcad4c0d2","turnId":"489fc7ee-7076-430c-b221-65c7f9f675ee","rootTurnId":"489fc7ee-7076-430c-b221-65c7f9f675ee"}
{"timestamp":"2026-08-24T09:17:32.973Z","level":"info","message":"acp.policy-eval.complete {\"toolId\":\"fs_write\",\"effect\":\"allow\",\"capability\":\"fs_write\"}","conversationId":"sess_2157ab68-9c2a-49f4-a4c7-b0cbcad4c0d2","turnId":"489fc7ee-7076-430c-b221-65c7f9f675ee","rootTurnId":"489fc7ee-7076-430c-b221-65c7f9f675ee"}
{"timestamp":"2026-08-24T09:17:32.973Z","level":"info","message":"fs.appendMessages.ok {\"system\":\"fs\",\"sessionId\":\"sess_2157ab68-9c2a-49f4-a4c7-b0cbcad4c0d2\",\"messageCount\":1,\"durationMs\":11}","conversationId":"sess_2157ab68-9c2a-49f4-a4c7-b0cbcad4c0d2","turnId":"489fc7ee-7076-430c-b221-65c7f9f675ee","rootTurnId":"489fc7ee-7076-430c-b221-65c7f9f675ee"}
{"timestamp":"2026-08-24T09:17:32.977Z","level":"info","message":"fs.appendMessages.ok {\"system\":\"fs\",\"sessionId\":\"sess_2157ab68-9c2a-49f4-a4c7-b0cbcad4c0d2\",\"messageCount\":1,\"durationMs\":4}","conversationId":"sess_2157ab68-9c2a-49f4-a4c7-b0cbcad4c0d2","turnId":"489fc7ee-7076-430c-b221-65c7f9f675ee","rootTurnId":"489fc7ee-7076-430c-b221-65c7f9f675ee"}
{"timestamp":"2026-08-24T09:17:33.001Z","level":"info","message":"[SessionPersistence] Created snapshot 3ba7ca3b for regen/src/types/index.ts in session sess_2157ab68-9c2a-49f4-a4c7-b0cbcad4c0d2 (6345 bytes)","conversationId":"sess_2157ab68-9c2a-49f4-a4c7-b0cbcad4c0d2","turnId":"489fc7ee-7076-430c-b221-65c7f9f675ee","rootTurnId":"489fc7ee-7076-430c-b221-65c7f9f675ee"}
{"timestamp":"2026-08-24T09:17:33.006Z","level":"info","message":"[AgentIterator] Parallel invoking agent","conversationId":"sess_2157ab68-9c2a-49f4-a4c7-b0cbcad4c0d2","turnId":"489fc7ee-7076-430c-b221-65c7f9f675ee","rootTurnId":"489fc7ee-7076-430c-b221-65c7f9f675ee"}
{"timestamp":"2026-08-24T09:17:33.007Z","level":"info","message":"[Steering] Populating steering for execution 489fc7ee-7076-430c-b221-65c7f9f675ee","conversationId":"sess_2157ab68-9c2a-49f4-a4c7-b0cbcad4c0d2","turnId":"489fc7ee-7076-430c-b221-65c7f9f675ee","rootTurnId":"489fc7ee-7076-430c-b221-65c7f9f675ee"}
{"timestamp":"2026-08-24T09:17:33.007Z","level":"info","message":"[Steering] ExistingFiles: /c:/Users/Student/.kiro/regen/vite.config.ts, /c:/Users/Student/.kiro/regen/tsconfig.app.json, /c:/Users/Student/.kiro/regen/src/lib/mockData.ts, /c:/Users/Student/.kiro/regen/src/pages/TrackCircuits.tsx, /c:/Users/Student/.kiro/regen/src/pages/Dashboard.tsx, /c:/Users/Student/.kiro/regen/src/pages/FBGMonitoring.tsx, /c:/Users/Student/.kiro/regen/src/lib/dataService.ts, /c:/Users/Student/.kiro/regen/src/App.tsx, /c:/Users/Student/.kiro/regen/src/main.tsx, /c:/Users/Student/.kiro/regen/src/index.css, /c:/Users/Student/.kiro/regen/index.html, /c:/Users/Student/.kiro/regen/src/lib/dataService.ts, /c:/Users/Student/.kiro/regen/src/lib/mockData.ts, /c:/Users/Student/.kiro/regen/src/pages/Dashboard.tsx, /c:/Users/Student/.kiro/regen/src/pages/Assets.tsx, /c:/Users/Student/.kiro/regen/src/pages/FBGMonitoring.tsx, /c:/Users/Student/.kiro/regen/src/pages/TrackCircuits.tsx in 489fc7ee-7076-430c-b221-65c7f9f675ee","conversationId":"sess_2157ab68-9c2a-49f4-a4c7-b0cbcad4c0d2","turnId":"489fc7ee-7076-430c-b221-65c7f9f675ee","rootTurnId":"489fc7ee-7076-430c-b221-65c7f9f675ee"}
{"timestamp":"2026-08-24T09:17:33.011Z","level":"info","message":"[q-developer-converse] Sending GenerateAssistantResponse modelId=auto agentMode=vibe origin=AI_EDITOR streaming=true conversationId=sess_2157ab68-9c2a-49f4-a4c7-b0cbcad4c0d2","conversationId":"sess_2157ab68-9c2a-49f4-a4c7-b0cbcad4c0d2","turnId":"489fc7ee-7076-430c-b221-65c7f9f675ee","rootTurnId":"489fc7ee-7076-430c-b221-65c7f9f675ee"}
{"timestamp":"2026-08-24T09:17:33.013Z","level":"info","message":"[q-developer-converse] Request payload: 673767 chars, 232 history messages, conversationId=sess_2157ab68-9c2a-49f4-a4c7-b0cbcad4c0d2","conversationId":"sess_2157ab68-9c2a-49f4-a4c7-b0cbcad4c0d2","turnId":"489fc7ee-7076-430c-b221-65c7f9f675ee","rootTurnId":"489fc7ee-7076-430c-b221-65c7f9f675ee"}
{"timestamp":"2026-08-24T09:17:33.022Z","level":"info","message":"fs.appendMessages.ok {\"system\":\"fs\",\"sessionId\":\"sess_2157ab68-9c2a-49f4-a4c7-b0cbcad4c0d2\",\"messageCount\":2,\"durationMs\":20}","conversationId":"sess_2157ab68-9c2a-49f4-a4c7-b0cbcad4c0d2","turnId":"489fc7ee-7076-430c-b221-65c7f9f675ee","rootTurnId":"489fc7ee-7076-430c-b221-65c7f9f675ee"}
{"timestamp":"2026-08-24T09:17:37.459Z","level":"info","message":"[AgentIterator] Synchronizing results","conversationId":"sess_2157ab68-9c2a-49f4-a4c7-b0cbcad4c0d2","turnId":"489fc7ee-7076-430c-b221-65c7f9f675ee","rootTurnId":"489fc7ee-7076-430c-b221-65c7f9f675ee"}
{"timestamp":"2026-08-24T09:17:37.459Z","level":"info","message":"[AgentIterator] Processing intent detection result","conversationId":"sess_2157ab68-9c2a-49f4-a4c7-b0cbcad4c0d2","turnId":"489fc7ee-7076-430c-b221-65c7f9f675ee","rootTurnId":"489fc7ee-7076-430c-b221-65c7f9f675ee"}
{"timestamp":"2026-08-24T09:17:37.460Z","level":"info","message":"[ChatAgent] Processing model response stream","conversationId":"sess_2157ab68-9c2a-49f4-a4c7-b0cbcad4c0d2","turnId":"489fc7ee-7076-430c-b221-65c7f9f675ee","rootTurnId":"489fc7ee-7076-430c-b221-65c7f9f675ee"}
{"timestamp":"2026-08-24T09:17:37.460Z","level":"info","message":"[Steering] Populating steering for execution 489fc7ee-7076-430c-b221-65c7f9f675ee","conversationId":"sess_2157ab68-9c2a-49f4-a4c7-b0cbcad4c0d2","turnId":"489fc7ee-7076-430c-b221-65c7f9f675ee","rootTurnId":"489fc7ee-7076-430c-b221-65c7f9f675ee"}
{"timestamp":"2026-08-24T09:17:37.460Z","level":"info","message":"[Steering] ExistingFiles: /c:/Users/Student/.kiro/regen/vite.config.ts, /c:/Users/Student/.kiro/regen/tsconfig.app.json, /c:/Users/Student/.kiro/regen/src/lib/mockData.ts, /c:/Users/Student/.kiro/regen/src/pages/TrackCircuits.tsx, /c:/Users/Student/.kiro/regen/src/pages/Dashboard.tsx, /c:/Users/Student/.kiro/regen/src/pages/FBGMonitoring.tsx, /c:/Users/Student/.kiro/regen/src/lib/dataService.ts, /c:/Users/Student/.kiro/regen/src/App.tsx, /c:/Users/Student/.kiro/regen/src/main.tsx, /c:/Users/Student/.kiro/regen/src/index.css, /c:/Users/Student/.kiro/regen/index.html, /c:/Users/Student/.kiro/regen/src/lib/dataService.ts, /c:/Users/Student/.kiro/regen/src/lib/mockData.ts, /c:/Users/Student/.kiro/regen/src/pages/Dashboard.tsx, /c:/Users/Student/.kiro/regen/src/pages/Assets.tsx, /c:/Users/Student/.kiro/regen/src/pages/FBGMonitoring.tsx, /c:/Users/Student/.kiro/regen/src/pages/TrackCircuits.tsx in 489fc7ee-7076-430c-b221-65c7f9f675ee","conversationId":"sess_2157ab68-9c2a-49f4-a4c7-b0cbcad4c0d2","turnId":"489fc7ee-7076-430c-b221-65c7f9f675ee","rootTurnId":"489fc7ee-7076-430c-b221-65c7f9f675ee"}
{"timestamp":"2026-08-24T09:17:39.314Z","level":"info","message":"acp.policy-eval.complete {\"toolId\":\"fs_write\",\"effect\":\"allow\",\"capability\":\"fs_write\"}","conversationId":"sess_2157ab68-9c2a-49f4-a4c7-b0cbcad4c0d2","turnId":"489fc7ee-7076-430c-b221-65c7f9f675ee","rootTurnId":"489fc7ee-7076-430c-b221-65c7f9f675ee"}
{"timestamp":"2026-08-24T09:17:39.343Z","level":"info","message":"[SessionPersistence] Created snapshot 860fbd76 for regen/src/lib/supabase.ts in session sess_2157ab68-9c2a-49f4-a4c7-b0cbcad4c0d2 (329 bytes)","conversationId":"sess_2157ab68-9c2a-49f4-a4c7-b0cbcad4c0d2","turnId":"489fc7ee-7076-430c-b221-65c7f9f675ee","rootTurnId":"489fc7ee-7076-430c-b221-65c7f9f675ee"}
{"timestamp":"2026-08-24T09:17:39.346Z","level":"info","message":"fs.appendMessages.ok {\"system\":\"fs\",\"sessionId\":\"sess_2157ab68-9c2a-49f4-a4c7-b0cbcad4c0d2\",\"messageCount\":2,\"durationMs\":2}","conversationId":"sess_2157ab68-9c2a-49f4-a4c7-b0cbcad4c0d2","turnId":"489fc7ee-7076-430c-b221-65c7f9f675ee","rootTurnId":"489fc7ee-7076-430c-b221-65c7f9f675ee"}
{"timestamp":"2026-08-24T09:17:39.676Z","level":"info","message":"[AgentIterator] Parallel invoking agent","conversationId":"sess_2157ab68-9c2a-49f4-a4c7-b0cbcad4c0d2","turnId":"489fc7ee-7076-430c-b221-65c7f9f675ee","rootTurnId":"489fc7ee-7076-430c-b221-65c7f9f675ee"}
{"timestamp":"2026-08-24T09:17:39.676Z","level":"info","message":"[Steering] Populating steering for execution 489fc7ee-7076-430c-b221-65c7f9f675ee","conversationId":"sess_2157ab68-9c2a-49f4-a4c7-b0cbcad4c0d2","turnId":"489fc7ee-7076-430c-b221-65c7f9f675ee","rootTurnId":"489fc7ee-7076-430c-b221-65c7f9f675ee"}
{"timestamp":"2026-08-24T09:17:39.676Z","level":"info","message":"[Steering] ExistingFiles: /c:/Users/Student/.kiro/regen/vite.config.ts, /c:/Users/Student/.kiro/regen/tsconfig.app.json, /c:/Users/Student/.kiro/regen/src/lib/mockData.ts, /c:/Users/Student/.kiro/regen/src/pages/TrackCircuits.tsx, /c:/Users/Student/.kiro/regen/src/pages/Dashboard.tsx, /c:/Users/Student/.kiro/regen/src/pages/FBGMonitoring.tsx, /c:/Users/Student/.kiro/regen/src/lib/dataService.ts, /c:/Users/Student/.kiro/regen/src/App.tsx, /c:/Users/Student/.kiro/regen/src/main.tsx, /c:/Users/Student/.kiro/regen/src/index.css, /c:/Users/Student/.kiro/regen/index.html, /c:/Users/Student/.kiro/regen/src/lib/dataService.ts, /c:/Users/Student/.kiro/regen/src/lib/mockData.ts, /c:/Users/Student/.kiro/regen/src/pages/Dashboard.tsx, /c:/Users/Student/.kiro/regen/src/pages/Assets.tsx, /c:/Users/Student/.kiro/regen/src/pages/FBGMonitoring.tsx, /c:/Users/Student/.kiro/regen/src/pages/TrackCircuits.tsx in 489fc7ee-7076-430c-b221-65c7f9f675ee","conversationId":"sess_2157ab68-9c2a-49f4-a4c7-b0cbcad4c0d2","turnId":"489fc7ee-7076-430c-b221-65c7f9f675ee","rootTurnId":"489fc7ee-7076-430c-b221-65c7f9f675ee"}
{"timestamp":"2026-08-24T09:17:39.681Z","level":"info","message":"[q-developer-converse] Sending GenerateAssistantResponse modelId=auto agentMode=vibe origin=AI_EDITOR streaming=true conversationId=sess_2157ab68-9c2a-49f4-a4c7-b0cbcad4c0d2","conversationId":"sess_2157ab68-9c2a-49f4-a4c7-b0cbcad4c0d2","turnId":"489fc7ee-7076-430c-b221-65c7f9f675ee","rootTurnId":"489fc7ee-7076-430c-b221-65c7f9f675ee"}
{"timestamp":"2026-08-24T09:17:39.683Z","level":"info","message":"[q-developer-converse] Request payload: 674756 chars, 234 history messages, conversationId=sess_2157ab68-9c2a-49f4-a4c7-b0cbcad4c0d2","conversationId":"sess_2157ab68-9c2a-49f4-a4c7-b0cbcad4c0d2","turnId":"489fc7ee-7076-430c-b221-65c7f9f675ee","rootTurnId":"489fc7ee-7076-430c-b221-65c7f9f675ee"}
{"timestamp":"2026-08-24T09:17:39.691Z","level":"info","message":"fs.appendMessages.ok {\"system\":\"fs\",\"sessionId\":\"sess_2157ab68-9c2a-49f4-a4c7-b0cbcad4c0d2\",\"messageCount\":1,\"durationMs\":21}","conversationId":"sess_2157ab68-9c2a-49f4-a4c7-b0cbcad4c0d2","turnId":"489fc7ee-7076-430c-b221-65c7f9f675ee","rootTurnId":"489fc7ee-7076-430c-b221-65c7f9f675ee"}
{"timestamp":"2026-08-24T09:17:39.693Z","level":"info","message":"fs.appendMessages.ok {\"system\":\"fs\",\"sessionId\":\"sess_2157ab68-9c2a-49f4-a4c7-b0cbcad4c0d2\",\"messageCount\":1,\"durationMs\":2}","conversationId":"sess_2157ab68-9c2a-49f4-a4c7-b0cbcad4c0d2","turnId":"489fc7ee-7076-430c-b221-65c7f9f675ee","rootTurnId":"489fc7ee-7076-430c-b221-65c7f9f675ee"}
{"timestamp":"2026-08-24T09:17:43.939Z","level":"info","message":"[AgentIterator] Synchronizing results","conversationId":"sess_2157ab68-9c2a-49f4-a4c7-b0cbcad4c0d2","turnId":"489fc7ee-7076-430c-b221-65c7f9f675ee","rootTurnId":"489fc7ee-7076-430c-b221-65c7f9f675ee"}
{"timestamp":"2026-08-24T09:17:43.939Z","level":"info","message":"[AgentIterator] Processing intent detection result","conversationId":"sess_2157ab68-9c2a-49f4-a4c7-b0cbcad4c0d2","turnId":"489fc7ee-7076-430c-b221-65c7f9f675ee","rootTurnId":"489fc7ee-7076-430c-b221-65c7f9f675ee"}
{"timestamp":"2026-08-24T09:17:43.940Z","level":"info","message":"[ChatAgent] Processing model response stream","conversationId":"sess_2157ab68-9c2a-49f4-a4c7-b0cbcad4c0d2","turnId":"489fc7ee-7076-430c-b221-65c7f9f675ee","rootTurnId":"489fc7ee-7076-430c-b221-65c7f9f675ee"}
{"timestamp":"2026-08-24T09:17:43.940Z","level":"info","message":"[Steering] Populating steering for execution 489fc7ee-7076-430c-b221-65c7f9f675ee","conversationId":"sess_2157ab68-9c2a-49f4-a4c7-b0cbcad4c0d2","turnId":"489fc7ee-7076-430c-b221-65c7f9f675ee","rootTurnId":"489fc7ee-7076-430c-b221-65c7f9f675ee"}
{"timestamp":"2026-08-24T09:17:43.940Z","level":"info","message":"[Steering] ExistingFiles: /c:/Users/Student/.kiro/regen/vite.config.ts, /c:/Users/Student/.kiro/regen/tsconfig.app.json, /c:/Users/Student/.kiro/regen/src/lib/mockData.ts, /c:/Users/Student/.kiro/regen/src/pages/TrackCircuits.tsx, /c:/Users/Student/.kiro/regen/src/pages/Dashboard.tsx, /c:/Users/Student/.kiro/regen/src/pages/FBGMonitoring.tsx, /c:/Users/Student/.kiro/regen/src/lib/dataService.ts, /c:/Users/Student/.kiro/regen/src/App.tsx, /c:/Users/Student/.kiro/regen/src/main.tsx, /c:/Users/Student/.kiro/regen/src/index.css, /c:/Users/Student/.kiro/regen/index.html, /c:/Users/Student/.kiro/regen/src/lib/dataService.ts, /c:/Users/Student/.kiro/regen/src/lib/mockData.ts, /c:/Users/Student/.kiro/regen/src/pages/Dashboard.tsx, /c:/Users/Student/.kiro/regen/src/pages/Assets.tsx, /c:/Users/Student/.kiro/regen/src/pages/FBGMonitoring.tsx, /c:/Users/Student/.kiro/regen/src/pages/TrackCircuits.tsx in 489fc7ee-7076-430c-b221-65c7f9f675ee","conversationId":"sess_2157ab68-9c2a-49f4-a4c7-b0cbcad4c0d2","turnId":"489fc7ee-7076-430c-b221-65c7f9f675ee","rootTurnId":"489fc7ee-7076-430c-b221-65c7f9f675ee"}
{"timestamp":"2026-08-24T09:17:44.865Z","level":"info","message":"fs.appendMessages.ok {\"system\":\"fs\",\"sessionId\":\"sess_2157ab68-9c2a-49f4-a4c7-b0cbcad4c0d2\",\"messageCount\":1,\"durationMs\":2}","conversationId":"sess_2157ab68-9c2a-49f4-a4c7-b0cbcad4c0d2","turnId":"489fc7ee-7076-430c-b221-65c7f9f675ee","rootTurnId":"489fc7ee-7076-430c-b221-65c7f9f675ee"}
{"timestamp":"2026-08-24T09:17:46.569Z","level":"info","message":"acp.policy-eval.complete {\"toolId\":\"str_replace\",\"effect\":\"allow\",\"capability\":\"fs_write\"}","conversationId":"sess_2157ab68-9c2a-49f4-a4c7-b0cbcad4c0d2","turnId":"489fc7ee-7076-430c-b221-65c7f9f675ee","rootTurnId":"489fc7ee-7076-430c-b221-65c7f9f675ee"}
{"timestamp":"2026-08-24T09:17:46.579Z","level":"info","message":"[SessionPersistence] Snapshot deduplicated for regen/src/lib/mockData.ts in session sess_2157ab68-9c2a-49f4-a4c7-b0cbcad4c0d2 (reused 88c8b33b)","conversationId":"sess_2157ab68-9c2a-49f4-a4c7-b0cbcad4c0d2","turnId":"489fc7ee-7076-430c-b221-65c7f9f675ee","rootTurnId":"489fc7ee-7076-430c-b221-65c7f9f675ee"}
{"timestamp":"2026-08-24T09:17:46.617Z","level":"info","message":"[SessionPersistence] Snapshot deduplicated for regen/src/lib/mockData.ts in session sess_2157ab68-9c2a-49f4-a4c7-b0cbcad4c0d2 (reused 6b6e91cf)","conversationId":"sess_2157ab68-9c2a-49f4-a4c7-b0cbcad4c0d2","turnId":"489fc7ee-7076-430c-b221-65c7f9f675ee","rootTurnId":"489fc7ee-7076-430c-b221-65c7f9f675ee"}
{"timestamp":"2026-08-24T09:17:46.623Z","level":"info","message":"fs.appendMessages.ok {\"system\":\"fs\",\"sessionId\":\"sess_2157ab68-9c2a-49f4-a4c7-b0cbcad4c0d2\",\"messageCount\":2,\"durationMs\":4}","conversationId":"sess_2157ab68-9c2a-49f4-a4c7-b0cbcad4c0d2","turnId":"489fc7ee-7076-430c-b221-65c7f9f675ee","rootTurnId":"489fc7ee-7076-430c-b221-65c7f9f675ee"}
{"timestamp":"2026-08-24T09:17:46.924Z","level":"info","message":"[AgentIterator] Parallel invoking agent","conversationId":"sess_2157ab68-9c2a-49f4-a4c7-b0cbcad4c0d2","turnId":"489fc7ee-7076-430c-b221-65c7f9f675ee","rootTurnId":"489fc7ee-7076-430c-b221-65c7f9f675ee"}
{"timestamp":"2026-08-24T09:17:46.924Z","level":"info","message":"[Steering] Populating steering for execution 489fc7ee-7076-430c-b221-65c7f9f675ee","conversationId":"sess_2157ab68-9c2a-49f4-a4c7-b0cbcad4c0d2","turnId":"489fc7ee-7076-430c-b221-65c7f9f675ee","rootTurnId":"489fc7ee-7076-430c-b221-65c7f9f675ee"}
{"timestamp":"2026-08-24T09:17:46.924Z","level":"info","message":"[Steering] ExistingFiles: /c:/Users/Student/.kiro/regen/vite.config.ts, /c:/Users/Student/.kiro/regen/tsconfig.app.json, /c:/Users/Student/.kiro/regen/src/lib/mockData.ts, /c:/Users/Student/.kiro/regen/src/pages/TrackCircuits.tsx, /c:/Users/Student/.kiro/regen/src/pages/Dashboard.tsx, /c:/Users/Student/.kiro/regen/src/pages/FBGMonitoring.tsx, /c:/Users/Student/.kiro/regen/src/lib/dataService.ts, /c:/Users/Student/.kiro/regen/src/App.tsx, /c:/Users/Student/.kiro/regen/src/main.tsx, /c:/Users/Student/.kiro/regen/src/index.css, /c:/Users/Student/.kiro/regen/index.html, /c:/Users/Student/.kiro/regen/src/lib/dataService.ts, /c:/Users/Student/.kiro/regen/src/lib/mockData.ts, /c:/Users/Student/.kiro/regen/src/pages/Dashboard.tsx, /c:/Users/Student/.kiro/regen/src/pages/Assets.tsx, /c:/Users/Student/.kiro/regen/src/pages/FBGMonitoring.tsx, /c:/Users/Student/.kiro/regen/src/pages/TrackCircuits.tsx in 489fc7ee-7076-430c-b221-65c7f9f675ee","conversationId":"sess_2157ab68-9c2a-49f4-a4c7-b0cbcad4c0d2","turnId":"489fc7ee-7076-430c-b221-65c7f9f675ee","rootTurnId":"489fc7ee-7076-430c-b221-65c7f9f675ee"}
{"timestamp":"2026-08-24T09:17:46.928Z","level":"info","message":"[q-developer-converse] Sending GenerateAssistantResponse modelId=auto agentMode=vibe origin=AI_EDITOR streaming=true conversationId=sess_2157ab68-9c2a-49f4-a4c7-b0cbcad4c0d2","conversationId":"sess_2157ab68-9c2a-49f4-a4c7-b0cbcad4c0d2","turnId":"489fc7ee-7076-430c-b221-65c7f9f675ee","rootTurnId":"489fc7ee-7076-430c-b221-65c7f9f675ee"}
{"timestamp":"2026-08-24T09:17:46.930Z","level":"info","message":"[q-developer-converse] Request payload: 675900 chars, 236 history messages, conversationId=sess_2157ab68-9c2a-49f4-a4c7-b0cbcad4c0d2","conversationId":"sess_2157ab68-9c2a-49f4-a4c7-b0cbcad4c0d2","turnId":"489fc7ee-7076-430c-b221-65c7f9f675ee","rootTurnId":"489fc7ee-7076-430c-b221-65c7f9f675ee"}
{"timestamp":"2026-08-24T09:17:46.939Z","level":"info","message":"fs.appendMessages.ok {\"system\":\"fs\",\"sessionId\":\"sess_2157ab68-9c2a-49f4-a4c7-b0cbcad4c0d2\",\"messageCount\":1,\"durationMs\":21}","conversationId":"sess_2157ab68-9c2a-49f4-a4c7-b0cbcad4c0d2","turnId":"489fc7ee-7076-430c-b221-65c7f9f675ee","rootTurnId":"489fc7ee-7076-430c-b221-65c7f9f675ee"}
{"timestamp":"2026-08-24T09:17:46.942Z","level":"info","message":"fs.appendMessages.ok {\"system\":\"fs\",\"sessionId\":\"sess_2157ab68-9c2a-49f4-a4c7-b0cbcad4c0d2\",\"messageCount\":1,\"durationMs\":3}","conversationId":"sess_2157ab68-9c2a-49f4-a4c7-b0cbcad4c0d2","turnId":"489fc7ee-7076-430c-b221-65c7f9f675ee","rootTurnId":"489fc7ee-7076-430c-b221-65c7f9f675ee"}
{"timestamp":"2026-08-24T09:17:49.551Z","level":"info","message":"q-client-retry.retry-after-hint.applied {\"clampedDelay\":300000,\"rawHintMs\":300000,\"source\":\"modeled-header\"}","conversationId":"sess_2157ab68-9c2a-49f4-a4c7-b0cbcad4c0d2","turnId":"489fc7ee-7076-430c-b221-65c7f9f675ee","rootTurnId":"489fc7ee-7076-430c-b221-65c7f9f675ee"}
{"timestamp":"2026-08-24T09:21:15.800Z","level":"info","message":"network.listAvailableModels.ok {\"system\":\"network\",\"durationMs\":1635}"}
{"timestamp":"2026-08-24T09:21:15.801Z","level":"info","message":"[ACPModelConfigProvider] Loaded 9 models"}
{"timestamp":"2026-08-24T09:22:53.843Z","level":"info","message":"[AgentIterator] Synchronizing results","conversationId":"sess_2157ab68-9c2a-49f4-a4c7-b0cbcad4c0d2","turnId":"489fc7ee-7076-430c-b221-65c7f9f675ee","rootTurnId":"489fc7ee-7076-430c-b221-65c7f9f675ee"}
{"timestamp":"2026-08-24T09:22:53.843Z","level":"info","message":"[AgentIterator] Processing intent detection result","conversationId":"sess_2157ab68-9c2a-49f4-a4c7-b0cbcad4c0d2","turnId":"489fc7ee-7076-430c-b221-65c7f9f675ee","rootTurnId":"489fc7ee-7076-430c-b221-65c7f9f675ee"}
{"timestamp":"2026-08-24T09:22:53.844Z","level":"info","message":"[ChatAgent] Processing model response stream","conversationId":"sess_2157ab68-9c2a-49f4-a4c7-b0cbcad4c0d2","turnId":"489fc7ee-7076-430c-b221-65c7f9f675ee","rootTurnId":"489fc7ee-7076-430c-b221-65c7f9f675ee"}
{"timestamp":"2026-08-24T09:22:53.844Z","level":"info","message":"[Steering] Populating steering for execution 489fc7ee-7076-430c-b221-65c7f9f675ee","conversationId":"sess_2157ab68-9c2a-49f4-a4c7-b0cbcad4c0d2","turnId":"489fc7ee-7076-430c-b221-65c7f9f675ee","rootTurnId":"489fc7ee-7076-430c-b221-65c7f9f675ee"}
{"timestamp":"2026-08-24T09:22:53.844Z","level":"info","message":"[Steering] ExistingFiles: /c:/Users/Student/.kiro/regen/vite.config.ts, /c:/Users/Student/.kiro/regen/tsconfig.app.json, /c:/Users/Student/.kiro/regen/src/lib/mockData.ts, /c:/Users/Student/.kiro/regen/src/pages/TrackCircuits.tsx, /c:/Users/Student/.kiro/regen/src/pages/Dashboard.tsx, /c:/Users/Student/.kiro/regen/src/pages/FBGMonitoring.tsx, /c:/Users/Student/.kiro/regen/src/lib/dataService.ts, /c:/Users/Student/.kiro/regen/src/App.tsx, /c:/Users/Student/.kiro/regen/src/main.tsx, /c:/Users/Student/.kiro/regen/src/index.css, /c:/Users/Student/.kiro/regen/index.html, /c:/Users/Student/.kiro/regen/src/lib/dataService.ts, /c:/Users/Student/.kiro/regen/src/lib/mockData.ts, /c:/Users/Student/.kiro/regen/src/pages/Dashboard.tsx, /c:/Users/Student/.kiro/regen/src/pages/Assets.tsx, /c:/Users/Student/.kiro/regen/src/pages/FBGMonitoring.tsx, /c:/Users/Student/.kiro/regen/src/pages/TrackCircuits.tsx in 489fc7ee-7076-430c-b221-65c7f9f675ee","conversationId":"sess_2157ab68-9c2a-49f4-a4c7-b0cbcad4c0d2","turnId":"489fc7ee-7076-430c-b221-65c7f9f675ee","rootTurnId":"489fc7ee-7076-430c-b221-65c7f9f675ee"}
{"timestamp":"2026-08-24T09:23:01.502Z","level":"info","message":"acp.policy-eval.complete {\"toolId\":\"str_replace\",\"effect\":\"allow\",\"capability\":\"fs_write\"}","conversationId":"sess_2157ab68-9c2a-49f4-a4c7-b0cbcad4c0d2","turnId":"489fc7ee-7076-430c-b221-65c7f9f675ee","rootTurnId":"489fc7ee-7076-430c-b221-65c7f9f675ee"}
{"timestamp":"2026-08-24T09:23:01.522Z","level":"info","message":"[SessionPersistence] Snapshot deduplicated for regen/src/lib/mockData.ts in session sess_2157ab68-9c2a-49f4-a4c7-b0cbcad4c0d2 (reused 88c8b33b)","conversationId":"sess_2157ab68-9c2a-49f4-a4c7-b0cbcad4c0d2","turnId":"489fc7ee-7076-430c-b221-65c7f9f675ee","rootTurnId":"489fc7ee-7076-430c-b221-65c7f9f675ee"}
{"timestamp":"2026-08-24T09:23:01.571Z","level":"info","message":"[SessionPersistence] Created snapshot 2556c72f for regen/src/lib/mockData.ts in session sess_2157ab68-9c2a-49f4-a4c7-b0cbcad4c0d2 (52844 bytes)","conversationId":"sess_2157ab68-9c2a-49f4-a4c7-b0cbcad4c0d2","turnId":"489fc7ee-7076-430c-b221-65c7f9f675ee","rootTurnId":"489fc7ee-7076-430c-b221-65c7f9f675ee"}
{"timestamp":"2026-08-24T09:23:01.577Z","level":"info","message":"fs.appendMessages.ok {\"system\":\"fs\",\"sessionId\":\"sess_2157ab68-9c2a-49f4-a4c7-b0cbcad4c0d2\",\"messageCount\":2,\"durationMs\":4}","conversationId":"sess_2157ab68-9c2a-49f4-a4c7-b0cbcad4c0d2","turnId":"489fc7ee-7076-430c-b221-65c7f9f675ee","rootTurnId":"489fc7ee-7076-430c-b221-65c7f9f675ee"}
{"timestamp":"2026-08-24T09:23:01.869Z","level":"info","message":"[AgentIterator] Parallel invoking agent","conversationId":"sess_2157ab68-9c2a-49f4-a4c7-b0cbcad4c0d2","turnId":"489fc7ee-7076-430c-b221-65c7f9f675ee","rootTurnId":"489fc7ee-7076-430c-b221-65c7f9f675ee"}
{"timestamp":"2026-08-24T09:23:01.869Z","level":"info","message":"[Steering] Populating steering for execution 489fc7ee-7076-430c-b221-65c7f9f675ee","conversationId":"sess_2157ab68-9c2a-49f4-a4c7-b0cbcad4c0d2","turnId":"489fc7ee-7076-430c-b221-65c7f9f675ee","rootTurnId":"489fc7ee-7076-430c-b221-65c7f9f675ee"}
{"timestamp":"2026-08-24T09:23:01.869Z","level":"info","message":"[Steering] ExistingFiles: /c:/Users/Student/.kiro/regen/vite.config.ts, /c:/Users/Student/.kiro/regen/tsconfig.app.json, /c:/Users/Student/.kiro/regen/src/lib/mockData.ts, /c:/Users/Student/.kiro/regen/src/pages/TrackCircuits.tsx, /c:/Users/Student/.kiro/regen/src/pages/Dashboard.tsx, /c:/Users/Student/.kiro/regen/src/pages/FBGMonitoring.tsx, /c:/Users/Student/.kiro/regen/src/lib/dataService.ts, /c:/Users/Student/.kiro/regen/src/App.tsx, /c:/Users/Student/.kiro/regen/src/main.tsx, /c:/Users/Student/.kiro/regen/src/index.css, /c:/Users/Student/.kiro/regen/index.html, /c:/Users/Student/.kiro/regen/src/lib/dataService.ts, /c:/Users/Student/.kiro/regen/src/lib/mockData.ts, /c:/Users/Student/.kiro/regen/src/pages/Dashboard.tsx, /c:/Users/Student/.kiro/regen/src/pages/Assets.tsx, /c:/Users/Student/.kiro/regen/src/pages/FBGMonitoring.tsx, /c:/Users/Student/.kiro/regen/src/pages/TrackCircuits.tsx in 489fc7ee-7076-430c-b221-65c7f9f675ee","conversationId":"sess_2157ab68-9c2a-49f4-a4c7-b0cbcad4c0d2","turnId":"489fc7ee-7076-430c-b221-65c7f9f675ee","rootTurnId":"489fc7ee-7076-430c-b221-65c7f9f675ee"}
{"timestamp":"2026-08-24T09:23:01.874Z","level":"info","message":"[q-developer-converse] Sending GenerateAssistantResponse modelId=auto agentMode=vibe origin=AI_EDITOR streaming=true conversationId=sess_2157ab68-9c2a-49f4-a4c7-b0cbcad4c0d2","conversationId":"sess_2157ab68-9c2a-49f4-a4c7-b0cbcad4c0d2","turnId":"489fc7ee-7076-430c-b221-65c7f9f675ee","rootTurnId":"489fc7ee-7076-430c-b221-65c7f9f675ee"}
{"timestamp":"2026-08-24T09:23:01.876Z","level":"info","message":"[q-developer-converse] Request payload: 678429 chars, 238 history messages, conversationId=sess_2157ab68-9c2a-49f4-a4c7-b0cbcad4c0d2","conversationId":"sess_2157ab68-9c2a-49f4-a4c7-b0cbcad4c0d2","turnId":"489fc7ee-7076-430c-b221-65c7f9f675ee","rootTurnId":"489fc7ee-7076-430c-b221-65c7f9f675ee"}
{"timestamp":"2026-08-24T09:23:01.883Z","level":"info","message":"fs.appendMessages.ok {\"system\":\"fs\",\"sessionId\":\"sess_2157ab68-9c2a-49f4-a4c7-b0cbcad4c0d2\",\"messageCount\":1,\"durationMs\":21}","conversationId":"sess_2157ab68-9c2a-49f4-a4c7-b0cbcad4c0d2","turnId":"489fc7ee-7076-430c-b221-65c7f9f675ee","rootTurnId":"489fc7ee-7076-430c-b221-65c7f9f675ee"}
{"timestamp":"2026-08-24T09:23:01.886Z","level":"info","message":"fs.appendMessages.ok {\"system\":\"fs\",\"sessionId\":\"sess_2157ab68-9c2a-49f4-a4c7-b0cbcad4c0d2\",\"messageCount\":1,\"durationMs\":2}","conversationId":"sess_2157ab68-9c2a-49f4-a4c7-b0cbcad4c0d2","turnId":"489fc7ee-7076-430c-b221-65c7f9f675ee","rootTurnId":"489fc7ee-7076-430c-b221-65c7f9f675ee"}
{"timestamp":"2026-08-24T09:23:05.889Z","level":"info","message":"[AgentIterator] Synchronizing results","conversationId":"sess_2157ab68-9c2a-49f4-a4c7-b0cbcad4c0d2","turnId":"489fc7ee-7076-430c-b221-65c7f9f675ee","rootTurnId":"489fc7ee-7076-430c-b221-65c7f9f675ee"}
{"timestamp":"2026-08-24T09:23:05.889Z","level":"info","message":"[AgentIterator] Processing intent detection result","conversationId":"sess_2157ab68-9c2a-49f4-a4c7-b0cbcad4c0d2","turnId":"489fc7ee-7076-430c-b221-65c7f9f675ee","rootTurnId":"489fc7ee-7076-430c-b221-65c7f9f675ee"}
{"timestamp":"2026-08-24T09:23:05.890Z","level":"info","message":"[ChatAgent] Processing model response stream","conversationId":"sess_2157ab68-9c2a-49f4-a4c7-b0cbcad4c0d2","turnId":"489fc7ee-7076-430c-b221-65c7f9f675ee","rootTurnId":"489fc7ee-7076-430c-b221-65c7f9f675ee"}
{"timestamp":"2026-08-24T09:23:05.890Z","level":"info","message":"[Steering] Populating steering for execution 489fc7ee-7076-430c-b221-65c7f9f675ee","conversationId":"sess_2157ab68-9c2a-49f4-a4c7-b0cbcad4c0d2","turnId":"489fc7ee-7076-430c-b221-65c7f9f675ee","rootTurnId":"489fc7ee-7076-430c-b221-65c7f9f675ee"}
{"timestamp":"2026-08-24T09:23:05.890Z","level":"info","message":"[Steering] ExistingFiles: /c:/Users/Student/.kiro/regen/vite.config.ts, /c:/Users/Student/.kiro/regen/tsconfig.app.json, /c:/Users/Student/.kiro/regen/src/lib/mockData.ts, /c:/Users/Student/.kiro/regen/src/pages/TrackCircuits.tsx, /c:/Users/Student/.kiro/regen/src/pages/Dashboard.tsx, /c:/Users/Student/.kiro/regen/src/pages/FBGMonitoring.tsx, /c:/Users/Student/.kiro/regen/src/lib/dataService.ts, /c:/Users/Student/.kiro/regen/src/App.tsx, /c:/Users/Student/.kiro/regen/src/main.tsx, /c:/Users/Student/.kiro/regen/src/index.css, /c:/Users/Student/.kiro/regen/index.html, /c:/Users/Student/.kiro/regen/src/lib/dataService.ts, /c:/Users/Student/.kiro/regen/src/lib/mockData.ts, /c:/Users/Student/.kiro/regen/src/pages/Dashboard.tsx, /c:/Users/Student/.kiro/regen/src/pages/Assets.tsx, /c:/Users/Student/.kiro/regen/src/pages/FBGMonitoring.tsx, /c:/Users/Student/.kiro/regen/src/pages/TrackCircuits.tsx in 489fc7ee-7076-430c-b221-65c7f9f675ee","conversationId":"sess_2157ab68-9c2a-49f4-a4c7-b0cbcad4c0d2","turnId":"489fc7ee-7076-430c-b221-65c7f9f675ee","rootTurnId":"489fc7ee-7076-430c-b221-65c7f9f675ee"}
{"timestamp":"2026-08-24T09:23:07.736Z","level":"info","message":"acp.policy-eval.complete {\"toolId\":\"str_replace\",\"effect\":\"allow\",\"capability\":\"fs_write\"}","conversationId":"sess_2157ab68-9c2a-49f4-a4c7-b0cbcad4c0d2","turnId":"489fc7ee-7076-430c-b221-65c7f9f675ee","rootTurnId":"489fc7ee-7076-430c-b221-65c7f9f675ee"}
{"timestamp":"2026-08-24T09:23:07.741Z","level":"info","message":"[SessionPersistence] Snapshot deduplicated for regen/src/lib/mockData.ts in session sess_2157ab68-9c2a-49f4-a4c7-b0cbcad4c0d2 (reused 2556c72f)","conversationId":"sess_2157ab68-9c2a-49f4-a4c7-b0cbcad4c0d2","turnId":"489fc7ee-7076-430c-b221-65c7f9f675ee","rootTurnId":"489fc7ee-7076-430c-b221-65c7f9f675ee"}
{"timestamp":"2026-08-24T09:23:07.796Z","level":"info","message":"[SessionPersistence] Created snapshot b69a7f26 for regen/src/lib/mockData.ts in session sess_2157ab68-9c2a-49f4-a4c7-b0cbcad4c0d2 (52854 bytes)","conversationId":"sess_2157ab68-9c2a-49f4-a4c7-b0cbcad4c0d2","turnId":"489fc7ee-7076-430c-b221-65c7f9f675ee","rootTurnId":"489fc7ee-7076-430c-b221-65c7f9f675ee"}
{"timestamp":"2026-08-24T09:23:07.805Z","level":"info","message":"fs.appendMessages.ok {\"system\":\"fs\",\"sessionId\":\"sess_2157ab68-9c2a-49f4-a4c7-b0cbcad4c0d2\",\"messageCount\":2,\"durationMs\":7}","conversationId":"sess_2157ab68-9c2a-49f4-a4c7-b0cbcad4c0d2","turnId":"489fc7ee-7076-430c-b221-65c7f9f675ee","rootTurnId":"489fc7ee-7076-430c-b221-65c7f9f675ee"}
{"timestamp":"2026-08-24T09:23:08.098Z","level":"info","message":"[AgentIterator] Parallel invoking agent","conversationId":"sess_2157ab68-9c2a-49f4-a4c7-b0cbcad4c0d2","turnId":"489fc7ee-7076-430c-b221-65c7f9f675ee","rootTurnId":"489fc7ee-7076-430c-b221-65c7f9f675ee"}
{"timestamp":"2026-08-24T09:23:08.098Z","level":"info","message":"[Steering] Populating steering for execution 489fc7ee-7076-430c-b221-65c7f9f675ee","conversationId":"sess_2157ab68-9c2a-49f4-a4c7-b0cbcad4c0d2","turnId":"489fc7ee-7076-430c-b221-65c7f9f675ee","rootTurnId":"489fc7ee-7076-430c-b221-65c7f9f675ee"}
{"timestamp":"2026-08-24T09:23:08.098Z","level":"info","message":"[Steering] ExistingFiles: /c:/Users/Student/.kiro/regen/vite.config.ts, /c:/Users/Student/.kiro/regen/tsconfig.app.json, /c:/Users/Student/.kiro/regen/src/lib/mockData.ts, /c:/Users/Student/.kiro/regen/src/pages/TrackCircuits.tsx, /c:/Users/Student/.kiro/regen/src/pages/Dashboard.tsx, /c:/Users/Student/.kiro/regen/src/pages/FBGMonitoring.tsx, /c:/Users/Student/.kiro/regen/src/lib/dataService.ts, /c:/Users/Student/.kiro/regen/src/App.tsx, /c:/Users/Student/.kiro/regen/src/main.tsx, /c:/Users/Student/.kiro/regen/src/index.css, /c:/Users/Student/.kiro/regen/index.html, /c:/Users/Student/.kiro/regen/src/lib/dataService.ts, /c:/Users/Student/.kiro/regen/src/lib/mockData.ts, /c:/Users/Student/.kiro/regen/src/pages/Dashboard.tsx, /c:/Users/Student/.kiro/regen/src/pages/Assets.tsx, /c:/Users/Student/.kiro/regen/src/pages/FBGMonitoring.tsx, /c:/Users/Student/.kiro/regen/src/pages/TrackCircuits.tsx in 489fc7ee-7076-430c-b221-65c7f9f675ee","conversationId":"sess_2157ab68-9c2a-49f4-a4c7-b0cbcad4c0d2","turnId":"489fc7ee-7076-430c-b221-65c7f9f675ee","rootTurnId":"489fc7ee-7076-430c-b221-65c7f9f675ee"}
{"timestamp":"2026-08-24T09:23:08.102Z","level":"info","message":"[q-developer-converse] Sending GenerateAssistantResponse modelId=auto agentMode=vibe origin=AI_EDITOR streaming=true conversationId=sess_2157ab68-9c2a-49f4-a4c7-b0cbcad4c0d2","conversationId":"sess_2157ab68-9c2a-49f4-a4c7-b0cbcad4c0d2","turnId":"489fc7ee-7076-430c-b221-65c7f9f675ee","rootTurnId":"489fc7ee-7076-430c-b221-65c7f9f675ee"}
{"timestamp":"2026-08-24T09:23:08.104Z","level":"info","message":"[q-developer-converse] Request payload: 679404 chars, 240 history messages, conversationId=sess_2157ab68-9c2a-49f4-a4c7-b0cbcad4c0d2","conversationId":"sess_2157ab68-9c2a-49f4-a4c7-b0cbcad4c0d2","turnId":"489fc7ee-7076-430c-b221-65c7f9f675ee","rootTurnId":"489fc7ee-7076-430c-b221-65c7f9f675ee"}
{"timestamp":"2026-08-24T09:23:08.113Z","level":"info","message":"fs.appendMessages.ok {\"system\":\"fs\",\"sessionId\":\"sess_2157ab68-9c2a-49f4-a4c7-b0cbcad4c0d2\",\"messageCount\":1,\"durationMs\":22}","conversationId":"sess_2157ab68-9c2a-49f4-a4c7-b0cbcad4c0d2","turnId":"489fc7ee-7076-430c-b221-65c7f9f675ee","rootTurnId":"489fc7ee-7076-430c-b221-65c7f9f675ee"}
{"timestamp":"2026-08-24T09:23:08.115Z","level":"info","message":"fs.appendMessages.ok {\"system\":\"fs\",\"sessionId\":\"sess_2157ab68-9c2a-49f4-a4c7-b0cbcad4c0d2\",\"messageCount\":1,\"durationMs\":2}","conversationId":"sess_2157ab68-9c2a-49f4-a4c7-b0cbcad4c0d2","turnId":"489fc7ee-7076-430c-b221-65c7f9f675ee","rootTurnId":"489fc7ee-7076-430c-b221-65c7f9f675ee"}
{"timestamp":"2026-08-24T09:23:13.613Z","level":"info","message":"[AgentIterator] Synchronizing results","conversationId":"sess_2157ab68-9c2a-49f4-a4c7-b0cbcad4c0d2","turnId":"489fc7ee-7076-430c-b221-65c7f9f675ee","rootTurnId":"489fc7ee-7076-430c-b221-65c7f9f675ee"}
{"timestamp":"2026-08-24T09:23:13.613Z","level":"info","message":"[AgentIterator] Processing intent detection result","conversationId":"sess_2157ab68-9c2a-49f4-a4c7-b0cbcad4c0d2","turnId":"489fc7ee-7076-430c-b221-65c7f9f675ee","rootTurnId":"489fc7ee-7076-430c-b221-65c7f9f675ee"}
{"timestamp":"2026-08-24T09:23:13.613Z","level":"info","message":"[ChatAgent] Processing model response stream","conversationId":"sess_2157ab68-9c2a-49f4-a4c7-b0cbcad4c0d2","turnId":"489fc7ee-7076-430c-b221-65c7f9f675ee","rootTurnId":"489fc7ee-7076-430c-b221-65c7f9f675ee"}
{"timestamp":"2026-08-24T09:23:13.613Z","level":"info","message":"[Steering] Populating steering for execution 489fc7ee-7076-430c-b221-65c7f9f675ee","conversationId":"sess_2157ab68-9c2a-49f4-a4c7-b0cbcad4c0d2","turnId":"489fc7ee-7076-430c-b221-65c7f9f675ee","rootTurnId":"489fc7ee-7076-430c-b221-65c7f9f675ee"}
{"timestamp":"2026-08-24T09:23:13.613Z","level":"info","message":"[Steering] ExistingFiles: /c:/Users/Student/.kiro/regen/vite.config.ts, /c:/Users/Student/.kiro/regen/tsconfig.app.json, /c:/Users/Student/.kiro/regen/src/lib/mockData.ts, /c:/Users/Student/.kiro/regen/src/pages/TrackCircuits.tsx, /c:/Users/Student/.kiro/regen/src/pages/Dashboard.tsx, /c:/Users/Student/.kiro/regen/src/pages/FBGMonitoring.tsx, /c:/Users/Student/.kiro/regen/src/lib/dataService.ts, /c:/Users/Student/.kiro/regen/src/App.tsx, /c:/Users/Student/.kiro/regen/src/main.tsx, /c:/Users/Student/.kiro/regen/src/index.css, /c:/Users/Student/.kiro/regen/index.html, /c:/Users/Student/.kiro/regen/src/lib/dataService.ts, /c:/Users/Student/.kiro/regen/src/lib/mockData.ts, /c:/Users/Student/.kiro/regen/src/pages/Dashboard.tsx, /c:/Users/Student/.kiro/regen/src/pages/Assets.tsx, /c:/Users/Student/.kiro/regen/src/pages/FBGMonitoring.tsx, /c:/Users/Student/.kiro/regen/src/pages/TrackCircuits.tsx in 489fc7ee-7076-430c-b221-65c7f9f675ee","conversationId":"sess_2157ab68-9c2a-49f4-a4c7-b0cbcad4c0d2","turnId":"489fc7ee-7076-430c-b221-65c7f9f675ee","rootTurnId":"489fc7ee-7076-430c-b221-65c7f9f675ee"}
{"timestamp":"2026-08-24T09:23:14.401Z","level":"info","message":"fs.appendMessages.ok {\"system\":\"fs\",\"sessionId\":\"sess_2157ab68-9c2a-49f4-a4c7-b0cbcad4c0d2\",\"messageCount\":1,\"durationMs\":2}","conversationId":"sess_2157ab68-9c2a-49f4-a4c7-b0cbcad4c0d2","turnId":"489fc7ee-7076-430c-b221-65c7f9f675ee","rootTurnId":"489fc7ee-7076-430c-b221-65c7f9f675ee"}
{"timestamp":"2026-08-24T09:23:46.780Z","level":"info","message":"acp.policy-eval.complete {\"toolId\":\"fs_write\",\"effect\":\"allow\",\"capability\":\"fs_write\"}","conversationId":"sess_2157ab68-9c2a-49f4-a4c7-b0cbcad4c0d2","turnId":"489fc7ee-7076-430c-b221-65c7f9f675ee","rootTurnId":"489fc7ee-7076-430c-b221-65c7f9f675ee"}
{"timestamp":"2026-08-24T09:23:46.781Z","level":"info","message":"fs.appendMessages.ok {\"system\":\"fs\",\"sessionId\":\"sess_2157ab68-9c2a-49f4-a4c7-b0cbcad4c0d2\",\"messageCount\":1,\"durationMs\":12}","conversationId":"sess_2157ab68-9c2a-49f4-a4c7-b0cbcad4c0d2","turnId":"489fc7ee-7076-430c-b221-65c7f9f675ee","rootTurnId":"489fc7ee-7076-430c-b221-65c7f9f675ee"}
{"timestamp":"2026-08-24T09:23:46.784Z","level":"info","message":"fs.appendMessages.ok {\"system\":\"fs\",\"sessionId\":\"sess_2157ab68-9c2a-49f4-a4c7-b0cbcad4c0d2\",\"messageCount\":1,\"durationMs\":4}","conversationId":"sess_2157ab68-9c2a-49f4-a4c7-b0cbcad4c0d2","turnId":"489fc7ee-7076-430c-b221-65c7f9f675ee","rootTurnId":"489fc7ee-7076-430c-b221-65c7f9f675ee"}
{"timestamp":"2026-08-24T09:23:46.789Z","level":"info","message":"[SessionPersistence] Snapshot deduplicated for regen/src/lib/dataService.ts in session sess_2157ab68-9c2a-49f4-a4c7-b0cbcad4c0d2 (reused b02ccbe6)","conversationId":"sess_2157ab68-9c2a-49f4-a4c7-b0cbcad4c0d2","turnId":"489fc7ee-7076-430c-b221-65c7f9f675ee","rootTurnId":"489fc7ee-7076-430c-b221-65c7f9f675ee"}
{"timestamp":"2026-08-24T09:23:46.826Z","level":"info","message":"[SessionPersistence] Created snapshot e2bc6000 for regen/src/lib/dataService.ts in session sess_2157ab68-9c2a-49f4-a4c7-b0cbcad4c0d2 (11632 bytes)","conversationId":"sess_2157ab68-9c2a-49f4-a4c7-b0cbcad4c0d2","turnId":"489fc7ee-7076-430c-b221-65c7f9f675ee","rootTurnId":"489fc7ee-7076-430c-b221-65c7f9f675ee"}
{"timestamp":"2026-08-24T09:23:46.832Z","level":"info","message":"[AgentIterator] Parallel invoking agent","conversationId":"sess_2157ab68-9c2a-49f4-a4c7-b0cbcad4c0d2","turnId":"489fc7ee-7076-430c-b221-65c7f9f675ee","rootTurnId":"489fc7ee-7076-430c-b221-65c7f9f675ee"}
{"timestamp":"2026-08-24T09:23:46.833Z","level":"info","message":"[Steering] Populating steering for execution 489fc7ee-7076-430c-b221-65c7f9f675ee","conversationId":"sess_2157ab68-9c2a-49f4-a4c7-b0cbcad4c0d2","turnId":"489fc7ee-7076-430c-b221-65c7f9f675ee","rootTurnId":"489fc7ee-7076-430c-b221-65c7f9f675ee"}
{"timestamp":"2026-08-24T09:23:46.833Z","level":"info","message":"[Steering] ExistingFiles: /c:/Users/Student/.kiro/regen/vite.config.ts, /c:/Users/Student/.kiro/regen/tsconfig.app.json, /c:/Users/Student/.kiro/regen/src/lib/mockData.ts, /c:/Users/Student/.kiro/regen/src/pages/TrackCircuits.tsx, /c:/Users/Student/.kiro/regen/src/pages/Dashboard.tsx, /c:/Users/Student/.kiro/regen/src/pages/FBGMonitoring.tsx, /c:/Users/Student/.kiro/regen/src/lib/dataService.ts, /c:/Users/Student/.kiro/regen/src/App.tsx, /c:/Users/Student/.kiro/regen/src/main.tsx, /c:/Users/Student/.kiro/regen/src/index.css, /c:/Users/Student/.kiro/regen/index.html, /c:/Users/Student/.kiro/regen/src/lib/dataService.ts, /c:/Users/Student/.kiro/regen/src/lib/mockData.ts, /c:/Users/Student/.kiro/regen/src/pages/Dashboard.tsx, /c:/Users/Student/.kiro/regen/src/pages/Assets.tsx, /c:/Users/Student/.kiro/regen/src/pages/FBGMonitoring.tsx, /c:/Users/Student/.kiro/regen/src/pages/TrackCircuits.tsx in 489fc7ee-7076-430c-b221-65c7f9f675ee","conversationId":"sess_2157ab68-9c2a-49f4-a4c7-b0cbcad4c0d2","turnId":"489fc7ee-7076-430c-b221-65c7f9f675ee","rootTurnId":"489fc7ee-7076-430c-b221-65c7f9f675ee"}
{"timestamp":"2026-08-24T09:23:46.836Z","level":"info","message":"[q-developer-converse] Sending GenerateAssistantResponse modelId=auto agentMode=vibe origin=AI_EDITOR streaming=true conversationId=sess_2157ab68-9c2a-49f4-a4c7-b0cbcad4c0d2","conversationId":"sess_2157ab68-9c2a-49f4-a4c7-b0cbcad4c0d2","turnId":"489fc7ee-7076-430c-b221-65c7f9f675ee","rootTurnId":"489fc7ee-7076-430c-b221-65c7f9f675ee"}
{"timestamp":"2026-08-24T09:23:46.838Z","level":"info","message":"[q-developer-converse] Request payload: 691982 chars, 242 history messages, conversationId=sess_2157ab68-9c2a-49f4-a4c7-b0cbcad4c0d2","conversationId":"sess_2157ab68-9c2a-49f4-a4c7-b0cbcad4c0d2","turnId":"489fc7ee-7076-430c-b221-65c7f9f675ee","rootTurnId":"489fc7ee-7076-430c-b221-65c7f9f675ee"}
{"timestamp":"2026-08-24T09:23:46.846Z","level":"info","message":"fs.appendMessages.ok {\"system\":\"fs\",\"sessionId\":\"sess_2157ab68-9c2a-49f4-a4c7-b0cbcad4c0d2\",\"messageCount\":2,\"durationMs\":19}","conversationId":"sess_2157ab68-9c2a-49f4-a4c7-b0cbcad4c0d2","turnId":"489fc7ee-7076-430c-b221-65c7f9f675ee","rootTurnId":"489fc7ee-7076-430c-b221-65c7f9f675ee"}
{"timestamp":"2026-08-24T09:23:51.311Z","level":"info","message":"[AgentIterator] Synchronizing results","conversationId":"sess_2157ab68-9c2a-49f4-a4c7-b0cbcad4c0d2","turnId":"489fc7ee-7076-430c-b221-65c7f9f675ee","rootTurnId":"489fc7ee-7076-430c-b221-65c7f9f675ee"}
{"timestamp":"2026-08-24T09:23:51.311Z","level":"info","message":"[AgentIterator] Processing intent detection result","conversationId":"sess_2157ab68-9c2a-49f4-a4c7-b0cbcad4c0d2","turnId":"489fc7ee-7076-430c-b221-65c7f9f675ee","rootTurnId":"489fc7ee-7076-430c-b221-65c7f9f675ee"}
{"timestamp":"2026-08-24T09:23:51.312Z","level":"info","message":"[ChatAgent] Processing model response stream","conversationId":"sess_2157ab68-9c2a-49f4-a4c7-b0cbcad4c0d2","turnId":"489fc7ee-7076-430c-b221-65c7f9f675ee","rootTurnId":"489fc7ee-7076-430c-b221-65c7f9f675ee"}
{"timestamp":"2026-08-24T09:23:51.312Z","level":"info","message":"[Steering] Populating steering for execution 489fc7ee-7076-430c-b221-65c7f9f675ee","conversationId":"sess_2157ab68-9c2a-49f4-a4c7-b0cbcad4c0d2","turnId":"489fc7ee-7076-430c-b221-65c7f9f675ee","rootTurnId":"489fc7ee-7076-430c-b221-65c7f9f675ee"}
{"timestamp":"2026-08-24T09:23:51.312Z","level":"info","message":"[Steering] ExistingFiles: /c:/Users/Student/.kiro/regen/vite.config.ts, /c:/Users/Student/.kiro/regen/tsconfig.app.json, /c:/Users/Student/.kiro/regen/src/lib/mockData.ts, /c:/Users/Student/.kiro/regen/src/pages/TrackCircuits.tsx, /c:/Users/Student/.kiro/regen/src/pages/Dashboard.tsx, /c:/Users/Student/.kiro/regen/src/pages/FBGMonitoring.tsx, /c:/Users/Student/.kiro/regen/src/lib/dataService.ts, /c:/Users/Student/.kiro/regen/src/App.tsx, /c:/Users/Student/.kiro/regen/src/main.tsx, /c:/Users/Student/.kiro/regen/src/index.css, /c:/Users/Student/.kiro/regen/index.html, /c:/Users/Student/.kiro/regen/src/lib/dataService.ts, /c:/Users/Student/.kiro/regen/src/lib/mockData.ts, /c:/Users/Student/.kiro/regen/src/pages/Dashboard.tsx, /c:/Users/Student/.kiro/regen/src/pages/Assets.tsx, /c:/Users/Student/.kiro/regen/src/pages/FBGMonitoring.tsx, /c:/Users/Student/.kiro/regen/src/pages/TrackCircuits.tsx in 489fc7ee-7076-430c-b221-65c7f9f675ee","conversationId":"sess_2157ab68-9c2a-49f4-a4c7-b0cbcad4c0d2","turnId":"489fc7ee-7076-430c-b221-65c7f9f675ee","rootTurnId":"489fc7ee-7076-430c-b221-65c7f9f675ee"}
{"timestamp":"2026-08-24T09:24:06.832Z","level":"info","message":"acp.policy-eval.complete {\"toolId\":\"fs_write\",\"effect\":\"allow\",\"capability\":\"fs_write\"}","conversationId":"sess_2157ab68-9c2a-49f4-a4c7-b0cbcad4c0d2","turnId":"489fc7ee-7076-430c-b221-65c7f9f675ee","rootTurnId":"489fc7ee-7076-430c-b221-65c7f9f675ee"}
{"timestamp":"2026-08-24T09:24:06.863Z","level":"info","message":"[SessionPersistence] Created snapshot f11f721b for regen/src/lib/utils.ts in session sess_2157ab68-9c2a-49f4-a4c7-b0cbcad4c0d2 (3684 bytes)","conversationId":"sess_2157ab68-9c2a-49f4-a4c7-b0cbcad4c0d2","turnId":"489fc7ee-7076-430c-b221-65c7f9f675ee","rootTurnId":"489fc7ee-7076-430c-b221-65c7f9f675ee"}
{"timestamp":"2026-08-24T09:24:06.866Z","level":"info","message":"fs.appendMessages.ok {\"system\":\"fs\",\"sessionId\":\"sess_2157ab68-9c2a-49f4-a4c7-b0cbcad4c0d2\",\"messageCount\":2,\"durationMs\":2}","conversationId":"sess_2157ab68-9c2a-49f4-a4c7-b0cbcad4c0d2","turnId":"489fc7ee-7076-430c-b221-65c7f9f675ee","rootTurnId":"489fc7ee-7076-430c-b221-65c7f9f675ee"}
{"timestamp":"2026-08-24T09:24:06.912Z","level":"info","message":"[AgentIterator] Parallel invoking agent","conversationId":"sess_2157ab68-9c2a-49f4-a4c7-b0cbcad4c0d2","turnId":"489fc7ee-7076-430c-b221-65c7f9f675ee","rootTurnId":"489fc7ee-7076-430c-b221-65c7f9f675ee"}
{"timestamp":"2026-08-24T09:24:06.912Z","level":"info","message":"[Steering] Populating steering for execution 489fc7ee-7076-430c-b221-65c7f9f675ee","conversationId":"sess_2157ab68-9c2a-49f4-a4c7-b0cbcad4c0d2","turnId":"489fc7ee-7076-430c-b221-65c7f9f675ee","rootTurnId":"489fc7ee-7076-430c-b221-65c7f9f675ee"}
{"timestamp":"2026-08-24T09:24:06.912Z","level":"info","message":"[Steering] ExistingFiles: /c:/Users/Student/.kiro/regen/vite.config.ts, /c:/Users/Student/.kiro/regen/tsconfig.app.json, /c:/Users/Student/.kiro/regen/src/lib/mockData.ts, /c:/Users/Student/.kiro/regen/src/pages/TrackCircuits.tsx, /c:/Users/Student/.kiro/regen/src/pages/Dashboard.tsx, /c:/Users/Student/.kiro/regen/src/pages/FBGMonitoring.tsx, /c:/Users/Student/.kiro/regen/src/lib/dataService.ts, /c:/Users/Student/.kiro/regen/src/App.tsx, /c:/Users/Student/.kiro/regen/src/main.tsx, /c:/Users/Student/.kiro/regen/src/index.css, /c:/Users/Student/.kiro/regen/index.html, /c:/Users/Student/.kiro/regen/src/lib/dataService.ts, /c:/Users/Student/.kiro/regen/src/lib/mockData.ts, /c:/Users/Student/.kiro/regen/src/pages/Dashboard.tsx, /c:/Users/Student/.kiro/regen/src/pages/Assets.tsx, /c:/Users/Student/.kiro/regen/src/pages/FBGMonitoring.tsx, /c:/Users/Student/.kiro/regen/src/pages/TrackCircuits.tsx in 489fc7ee-7076-430c-b221-65c7f9f675ee","conversationId":"sess_2157ab68-9c2a-49f4-a4c7-b0cbcad4c0d2","turnId":"489fc7ee-7076-430c-b221-65c7f9f675ee","rootTurnId":"489fc7ee-7076-430c-b221-65c7f9f675ee"}
{"timestamp":"2026-08-24T09:24:06.916Z","level":"info","message":"[q-developer-converse] Sending GenerateAssistantResponse modelId=auto agentMode=vibe origin=AI_EDITOR streaming=true conversationId=sess_2157ab68-9c2a-49f4-a4c7-b0cbcad4c0d2","conversationId":"sess_2157ab68-9c2a-49f4-a4c7-b0cbcad4c0d2","turnId":"489fc7ee-7076-430c-b221-65c7f9f675ee","rootTurnId":"489fc7ee-7076-430c-b221-65c7f9f675ee"}
{"timestamp":"2026-08-24T09:24:06.918Z","level":"info","message":"[q-developer-converse] Request payload: 696355 chars, 244 history messages, conversationId=sess_2157ab68-9c2a-49f4-a4c7-b0cbcad4c0d2","conversationId":"sess_2157ab68-9c2a-49f4-a4c7-b0cbcad4c0d2","turnId":"489fc7ee-7076-430c-b221-65c7f9f675ee","rootTurnId":"489fc7ee-7076-430c-b221-65c7f9f675ee"}
{"timestamp":"2026-08-24T09:24:06.926Z","level":"info","message":"fs.appendMessages.ok {\"system\":\"fs\",\"sessionId\":\"sess_2157ab68-9c2a-49f4-a4c7-b0cbcad4c0d2\",\"messageCount\":1,\"durationMs\":20}","conversationId":"sess_2157ab68-9c2a-49f4-a4c7-b0cbcad4c0d2","turnId":"489fc7ee-7076-430c-b221-65c7f9f675ee","rootTurnId":"489fc7ee-7076-430c-b221-65c7f9f675ee"}
{"timestamp":"2026-08-24T09:24:06.928Z","level":"info","message":"fs.appendMessages.ok {\"system\":\"fs\",\"sessionId\":\"sess_2157ab68-9c2a-49f4-a4c7-b0cbcad4c0d2\",\"messageCount\":1,\"durationMs\":2}","conversationId":"sess_2157ab68-9c2a-49f4-a4c7-b0cbcad4c0d2","turnId":"489fc7ee-7076-430c-b221-65c7f9f675ee","rootTurnId":"489fc7ee-7076-430c-b221-65c7f9f675ee"}
{"timestamp":"2026-08-24T09:24:11.312Z","level":"info","message":"[AgentIterator] Synchronizing results","conversationId":"sess_2157ab68-9c2a-49f4-a4c7-b0cbcad4c0d2","turnId":"489fc7ee-7076-430c-b221-65c7f9f675ee","rootTurnId":"489fc7ee-7076-430c-b221-65c7f9f675ee"}
{"timestamp":"2026-08-24T09:24:11.312Z","level":"info","message":"[AgentIterator] Processing intent detection result","conversationId":"sess_2157ab68-9c2a-49f4-a4c7-b0cbcad4c0d2","turnId":"489fc7ee-7076-430c-b221-65c7f9f675ee","rootTurnId":"489fc7ee-7076-430c-b221-65c7f9f675ee"}
{"timestamp":"2026-08-24T09:24:11.313Z","level":"info","message":"[ChatAgent] Processing model response stream","conversationId":"sess_2157ab68-9c2a-49f4-a4c7-b0cbcad4c0d2","turnId":"489fc7ee-7076-430c-b221-65c7f9f675ee","rootTurnId":"489fc7ee-7076-430c-b221-65c7f9f675ee"}
{"timestamp":"2026-08-24T09:24:11.313Z","level":"info","message":"[Steering] Populating steering for execution 489fc7ee-7076-430c-b221-65c7f9f675ee","conversationId":"sess_2157ab68-9c2a-49f4-a4c7-b0cbcad4c0d2","turnId":"489fc7ee-7076-430c-b221-65c7f9f675ee","rootTurnId":"489fc7ee-7076-430c-b221-65c7f9f675ee"}
{"timestamp":"2026-08-24T09:24:11.313Z","level":"info","message":"[Steering] ExistingFiles: /c:/Users/Student/.kiro/regen/vite.config.ts, /c:/Users/Student/.kiro/regen/tsconfig.app.json, /c:/Users/Student/.kiro/regen/src/lib/mockData.ts, /c:/Users/Student/.kiro/regen/src/pages/TrackCircuits.tsx, /c:/Users/Student/.kiro/regen/src/pages/Dashboard.tsx, /c:/Users/Student/.kiro/regen/src/pages/FBGMonitoring.tsx, /c:/Users/Student/.kiro/regen/src/lib/dataService.ts, /c:/Users/Student/.kiro/regen/src/App.tsx, /c:/Users/Student/.kiro/regen/src/main.tsx, /c:/Users/Student/.kiro/regen/src/index.css, /c:/Users/Student/.kiro/regen/index.html, /c:/Users/Student/.kiro/regen/src/lib/dataService.ts, /c:/Users/Student/.kiro/regen/src/lib/mockData.ts, /c:/Users/Student/.kiro/regen/src/pages/Dashboard.tsx, /c:/Users/Student/.kiro/regen/src/pages/Assets.tsx, /c:/Users/Student/.kiro/regen/src/pages/FBGMonitoring.tsx, /c:/Users/Student/.kiro/regen/src/pages/TrackCircuits.tsx in 489fc7ee-7076-430c-b221-65c7f9f675ee","conversationId":"sess_2157ab68-9c2a-49f4-a4c7-b0cbcad4c0d2","turnId":"489fc7ee-7076-430c-b221-65c7f9f675ee","rootTurnId":"489fc7ee-7076-430c-b221-65c7f9f675ee"}
{"timestamp":"2026-08-24T09:24:11.560Z","level":"info","message":"fs.appendMessages.ok {\"system\":\"fs\",\"sessionId\":\"sess_2157ab68-9c2a-49f4-a4c7-b0cbcad4c0d2\",\"messageCount\":1,\"durationMs\":3}","conversationId":"sess_2157ab68-9c2a-49f4-a4c7-b0cbcad4c0d2","turnId":"489fc7ee-7076-430c-b221-65c7f9f675ee","rootTurnId":"489fc7ee-7076-430c-b221-65c7f9f675ee"}
{"timestamp":"2026-08-24T09:24:13.799Z","level":"info","message":"[KiroAgent] _kiro/mcp/toggle: enabled=true"}
{"timestamp":"2026-08-24T09:24:14.934Z","level":"info","message":"acp.policy-eval.complete {\"toolId\":\"fs_write\",\"effect\":\"allow\",\"capability\":\"fs_write\"}","conversationId":"sess_2157ab68-9c2a-49f4-a4c7-b0cbcad4c0d2","turnId":"489fc7ee-7076-430c-b221-65c7f9f675ee","rootTurnId":"489fc7ee-7076-430c-b221-65c7f9f675ee"}
{"timestamp":"2026-08-24T09:24:14.958Z","level":"info","message":"[SessionPersistence] Created snapshot 69408b9d for regen/src/components/ui/SimBadge.tsx in session sess_2157ab68-9c2a-49f4-a4c7-b0cbcad4c0d2 (453 bytes)","conversationId":"sess_2157ab68-9c2a-49f4-a4c7-b0cbcad4c0d2","turnId":"489fc7ee-7076-430c-b221-65c7f9f675ee","rootTurnId":"489fc7ee-7076-430c-b221-65c7f9f675ee"}
{"timestamp":"2026-08-24T09:24:14.961Z","level":"info","message":"fs.appendMessages.ok {\"system\":\"fs\",\"sessionId\":\"sess_2157ab68-9c2a-49f4-a4c7-b0cbcad4c0d2\",\"messageCount\":2,\"durationMs\":3}","conversationId":"sess_2157ab68-9c2a-49f4-a4c7-b0cbcad4c0d2","turnId":"489fc7ee-7076-430c-b221-65c7f9f675ee","rootTurnId":"489fc7ee-7076-430c-b221-65c7f9f675ee"}
{"timestamp":"2026-08-24T09:24:15.070Z","level":"info","message":"[AgentIterator] Parallel invoking agent","conversationId":"sess_2157ab68-9c2a-49f4-a4c7-b0cbcad4c0d2","turnId":"489fc7ee-7076-430c-b221-65c7f9f675ee","rootTurnId":"489fc7ee-7076-430c-b221-65c7f9f675ee"}
{"timestamp":"2026-08-24T09:24:15.070Z","level":"info","message":"[Steering] Populating steering for execution 489fc7ee-7076-430c-b221-65c7f9f675ee","conversationId":"sess_2157ab68-9c2a-49f4-a4c7-b0cbcad4c0d2","turnId":"489fc7ee-7076-430c-b221-65c7f9f675ee","rootTurnId":"489fc7ee-7076-430c-b221-65c7f9f675ee"}
{"timestamp":"2026-08-24T09:24:15.070Z","level":"info","message":"[Steering] ExistingFiles: /c:/Users/Student/.kiro/regen/vite.config.ts, /c:/Users/Student/.kiro/regen/tsconfig.app.json, /c:/Users/Student/.kiro/regen/src/lib/mockData.ts, /c:/Users/Student/.kiro/regen/src/pages/TrackCircuits.tsx, /c:/Users/Student/.kiro/regen/src/pages/Dashboard.tsx, /c:/Users/Student/.kiro/regen/src/pages/FBGMonitoring.tsx, /c:/Users/Student/.kiro/regen/src/lib/dataService.ts, /c:/Users/Student/.kiro/regen/src/App.tsx, /c:/Users/Student/.kiro/regen/src/main.tsx, /c:/Users/Student/.kiro/regen/src/index.css, /c:/Users/Student/.kiro/regen/index.html, /c:/Users/Student/.kiro/regen/src/lib/dataService.ts, /c:/Users/Student/.kiro/regen/src/lib/mockData.ts, /c:/Users/Student/.kiro/regen/src/pages/Dashboard.tsx, /c:/Users/Student/.kiro/regen/src/pages/Assets.tsx, /c:/Users/Student/.kiro/regen/src/pages/FBGMonitoring.tsx, /c:/Users/Student/.kiro/regen/src/pages/TrackCircuits.tsx in 489fc7ee-7076-430c-b221-65c7f9f675ee","conversationId":"sess_2157ab68-9c2a-49f4-a4c7-b0cbcad4c0d2","turnId":"489fc7ee-7076-430c-b221-65c7f9f675ee","rootTurnId":"489fc7ee-7076-430c-b221-65c7f9f675ee"}
{"timestamp":"2026-08-24T09:24:15.074Z","level":"info","message":"[q-developer-converse] Sending GenerateAssistantResponse modelId=auto agentMode=vibe origin=AI_EDITOR streaming=true conversationId=sess_2157ab68-9c2a-49f4-a4c7-b0cbcad4c0d2","conversationId":"sess_2157ab68-9c2a-49f4-a4c7-b0cbcad4c0d2","turnId":"489fc7ee-7076-430c-b221-65c7f9f675ee","rootTurnId":"489fc7ee-7076-430c-b221-65c7f9f675ee"}
{"timestamp":"2026-08-24T09:24:15.076Z","level":"info","message":"[q-developer-converse] Request payload: 697533 chars, 246 history messages, conversationId=sess_2157ab68-9c2a-49f4-a4c7-b0cbcad4c0d2","conversationId":"sess_2157ab68-9c2a-49f4-a4c7-b0cbcad4c0d2","turnId":"489fc7ee-7076-430c-b221-65c7f9f675ee","rootTurnId":"489fc7ee-7076-430c-b221-65c7f9f675ee"}
{"timestamp":"2026-08-24T09:24:15.083Z","level":"info","message":"fs.appendMessages.ok {\"system\":\"fs\",\"sessionId\":\"sess_2157ab68-9c2a-49f4-a4c7-b0cbcad4c0d2\",\"messageCount\":1,\"durationMs\":19}","conversationId":"sess_2157ab68-9c2a-49f4-a4c7-b0cbcad4c0d2","turnId":"489fc7ee-7076-430c-b221-65c7f9f675ee","rootTurnId":"489fc7ee-7076-430c-b221-65c7f9f675ee"}
{"timestamp":"2026-08-24T09:24:15.085Z","level":"info","message":"fs.appendMessages.ok {\"system\":\"fs\",\"sessionId\":\"sess_2157ab68-9c2a-49f4-a4c7-b0cbcad4c0d2\",\"messageCount\":1,\"durationMs\":2}","conversationId":"sess_2157ab68-9c2a-49f4-a4c7-b0cbcad4c0d2","turnId":"489fc7ee-7076-430c-b221-65c7f9f675ee","rootTurnId":"489fc7ee-7076-430c-b221-65c7f9f675ee"}
{"timestamp":"2026-08-24T09:24:20.135Z","level":"info","message":"[AgentIterator] Synchronizing results","conversationId":"sess_2157ab68-9c2a-49f4-a4c7-b0cbcad4c0d2","turnId":"489fc7ee-7076-430c-b221-65c7f9f675ee","rootTurnId":"489fc7ee-7076-430c-b221-65c7f9f675ee"}
{"timestamp":"2026-08-24T09:24:20.135Z","level":"info","message":"[AgentIterator] Processing intent detection result","conversationId":"sess_2157ab68-9c2a-49f4-a4c7-b0cbcad4c0d2","turnId":"489fc7ee-7076-430c-b221-65c7f9f675ee","rootTurnId":"489fc7ee-7076-430c-b221-65c7f9f675ee"}
{"timestamp":"2026-08-24T09:24:20.135Z","level":"info","message":"[ChatAgent] Processing model response stream","conversationId":"sess_2157ab68-9c2a-49f4-a4c7-b0cbcad4c0d2","turnId":"489fc7ee-7076-430c-b221-65c7f9f675ee","rootTurnId":"489fc7ee-7076-430c-b221-65c7f9f675ee"}
{"timestamp":"2026-08-24T09:24:20.135Z","level":"info","message":"[Steering] Populating steering for execution 489fc7ee-7076-430c-b221-65c7f9f675ee","conversationId":"sess_2157ab68-9c2a-49f4-a4c7-b0cbcad4c0d2","turnId":"489fc7ee-7076-430c-b221-65c7f9f675ee","rootTurnId":"489fc7ee-7076-430c-b221-65c7f9f675ee"}
{"timestamp":"2026-08-24T09:24:20.135Z","level":"info","message":"[Steering] ExistingFiles: /c:/Users/Student/.kiro/regen/vite.config.ts, /c:/Users/Student/.kiro/regen/tsconfig.app.json, /c:/Users/Student/.kiro/regen/src/lib/mockData.ts, /c:/Users/Student/.kiro/regen/src/pages/TrackCircuits.tsx, /c:/Users/Student/.kiro/regen/src/pages/Dashboard.tsx, /c:/Users/Student/.kiro/regen/src/pages/FBGMonitoring.tsx, /c:/Users/Student/.kiro/regen/src/lib/dataService.ts, /c:/Users/Student/.kiro/regen/src/App.tsx, /c:/Users/Student/.kiro/regen/src/main.tsx, /c:/Users/Student/.kiro/regen/src/index.css, /c:/Users/Student/.kiro/regen/index.html, /c:/Users/Student/.kiro/regen/src/lib/dataService.ts, /c:/Users/Student/.kiro/regen/src/lib/mockData.ts, /c:/Users/Student/.kiro/regen/src/pages/Dashboard.tsx, /c:/Users/Student/.kiro/regen/src/pages/Assets.tsx, /c:/Users/Student/.kiro/regen/src/pages/FBGMonitoring.tsx, /c:/Users/Student/.kiro/regen/src/pages/TrackCircuits.tsx in 489fc7ee-7076-430c-b221-65c7f9f675ee","conversationId":"sess_2157ab68-9c2a-49f4-a4c7-b0cbcad4c0d2","turnId":"489fc7ee-7076-430c-b221-65c7f9f675ee","rootTurnId":"489fc7ee-7076-430c-b221-65c7f9f675ee"}
{"timestamp":"2026-08-24T09:24:22.701Z","level":"info","message":"acp.policy-eval.complete {\"toolId\":\"fs_write\",\"effect\":\"allow\",\"capability\":\"fs_write\"}","conversationId":"sess_2157ab68-9c2a-49f4-a4c7-b0cbcad4c0d2","turnId":"489fc7ee-7076-430c-b221-65c7f9f675ee","rootTurnId":"489fc7ee-7076-430c-b221-65c7f9f675ee"}
{"timestamp":"2026-08-24T09:24:22.727Z","level":"info","message":"[SessionPersistence] Created snapshot a9cf7fc9 for regen/src/components/ui/LoadingSpinner.tsx in session sess_2157ab68-9c2a-49f4-a4c7-b0cbcad4c0d2 (430 bytes)","conversationId":"sess_2157ab68-9c2a-49f4-a4c7-b0cbcad4c0d2","turnId":"489fc7ee-7076-430c-b221-65c7f9f675ee","rootTurnId":"489fc7ee-7076-430c-b221-65c7f9f675ee"}
{"timestamp":"2026-08-24T09:24:22.731Z","level":"info","message":"fs.appendMessages.ok {\"system\":\"fs\",\"sessionId\":\"sess_2157ab68-9c2a-49f4-a4c7-b0cbcad4c0d2\",\"messageCount\":2,\"durationMs\":3}","conversationId":"sess_2157ab68-9c2a-49f4-a4c7-b0cbcad4c0d2","turnId":"489fc7ee-7076-430c-b221-65c7f9f675ee","rootTurnId":"489fc7ee-7076-430c-b221-65c7f9f675ee"}
{"timestamp":"2026-08-24T09:24:22.824Z","level":"info","message":"[AgentIterator] Parallel invoking agent","conversationId":"sess_2157ab68-9c2a-49f4-a4c7-b0cbcad4c0d2","turnId":"489fc7ee-7076-430c-b221-65c7f9f675ee","rootTurnId":"489fc7ee-7076-430c-b221-65c7f9f675ee"}
{"timestamp":"2026-08-24T09:24:22.824Z","level":"info","message":"[Steering] Populating steering for execution 489fc7ee-7076-430c-b221-65c7f9f675ee","conversationId":"sess_2157ab68-9c2a-49f4-a4c7-b0cbcad4c0d2","turnId":"489fc7ee-7076-430c-b221-65c7f9f675ee","rootTurnId":"489fc7ee-7076-430c-b221-65c7f9f675ee"}
{"timestamp":"2026-08-24T09:24:22.824Z","level":"info","message":"[Steering] ExistingFiles: /c:/Users/Student/.kiro/regen/vite.config.ts, /c:/Users/Student/.kiro/regen/tsconfig.app.json, /c:/Users/Student/.kiro/regen/src/lib/mockData.ts, /c:/Users/Student/.kiro/regen/src/pages/TrackCircuits.tsx, /c:/Users/Student/.kiro/regen/src/pages/Dashboard.tsx, /c:/Users/Student/.kiro/regen/src/pages/FBGMonitoring.tsx, /c:/Users/Student/.kiro/regen/src/lib/dataService.ts, /c:/Users/Student/.kiro/regen/src/App.tsx, /c:/Users/Student/.kiro/regen/src/main.tsx, /c:/Users/Student/.kiro/regen/src/index.css, /c:/Users/Student/.kiro/regen/index.html, /c:/Users/Student/.kiro/regen/src/lib/dataService.ts, /c:/Users/Student/.kiro/regen/src/lib/mockData.ts, /c:/Users/Student/.kiro/regen/src/pages/Dashboard.tsx, /c:/Users/Student/.kiro/regen/src/pages/Assets.tsx, /c:/Users/Student/.kiro/regen/src/pages/FBGMonitoring.tsx, /c:/Users/Student/.kiro/regen/src/pages/TrackCircuits.tsx in 489fc7ee-7076-430c-b221-65c7f9f675ee","conversationId":"sess_2157ab68-9c2a-49f4-a4c7-b0cbcad4c0d2","turnId":"489fc7ee-7076-430c-b221-65c7f9f675ee","rootTurnId":"489fc7ee-7076-430c-b221-65c7f9f675ee"}
{"timestamp":"2026-08-24T09:24:22.828Z","level":"info","message":"[q-developer-converse] Sending GenerateAssistantResponse modelId=auto agentMode=vibe origin=AI_EDITOR streaming=true conversationId=sess_2157ab68-9c2a-49f4-a4c7-b0cbcad4c0d2","conversationId":"sess_2157ab68-9c2a-49f4-a4c7-b0cbcad4c0d2","turnId":"489fc7ee-7076-430c-b221-65c7f9f675ee","rootTurnId":"489fc7ee-7076-430c-b221-65c7f9f675ee"}
{"timestamp":"2026-08-24T09:24:22.830Z","level":"info","message":"[q-developer-converse] Request payload: 698667 chars, 248 history messages, conversationId=sess_2157ab68-9c2a-49f4-a4c7-b0cbcad4c0d2","conversationId":"sess_2157ab68-9c2a-49f4-a4c7-b0cbcad4c0d2","turnId":"489fc7ee-7076-430c-b221-65c7f9f675ee","rootTurnId":"489fc7ee-7076-430c-b221-65c7f9f675ee"}
{"timestamp":"2026-08-24T09:24:22.837Z","level":"info","message":"fs.appendMessages.ok {\"system\":\"fs\",\"sessionId\":\"sess_2157ab68-9c2a-49f4-a4c7-b0cbcad4c0d2\",\"messageCount\":1,\"durationMs\":19}","conversationId":"sess_2157ab68-9c2a-49f4-a4c7-b0cbcad4c0d2","turnId":"489fc7ee-7076-430c-b221-65c7f9f675ee","rootTurnId":"489fc7ee-7076-430c-b221-65c7f9f675ee"}
{"timestamp":"2026-08-24T09:24:22.839Z","level":"info","message":"fs.appendMessages.ok {\"system\":\"fs\",\"sessionId\":\"sess_2157ab68-9c2a-49f4-a4c7-b0cbcad4c0d2\",\"messageCount\":1,\"durationMs\":2}","conversationId":"sess_2157ab68-9c2a-49f4-a4c7-b0cbcad4c0d2","turnId":"489fc7ee-7076-430c-b221-65c7f9f675ee","rootTurnId":"489fc7ee-7076-430c-b221-65c7f9f675ee"}
{"timestamp":"2026-08-24T09:24:27.254Z","level":"info","message":"[AgentIterator] Synchronizing results","conversationId":"sess_2157ab68-9c2a-49f4-a4c7-b0cbcad4c0d2","turnId":"489fc7ee-7076-430c-b221-65c7f9f675ee","rootTurnId":"489fc7ee-7076-430c-b221-65c7f9f675ee"}
{"timestamp":"2026-08-24T09:24:27.254Z","level":"info","message":"[AgentIterator] Processing intent detection result","conversationId":"sess_2157ab68-9c2a-49f4-a4c7-b0cbcad4c0d2","turnId":"489fc7ee-7076-430c-b221-65c7f9f675ee","rootTurnId":"489fc7ee-7076-430c-b221-65c7f9f675ee"}
{"timestamp":"2026-08-24T09:24:27.255Z","level":"info","message":"[ChatAgent] Processing model response stream","conversationId":"sess_2157ab68-9c2a-49f4-a4c7-b0cbcad4c0d2","turnId":"489fc7ee-7076-430c-b221-65c7f9f675ee","rootTurnId":"489fc7ee-7076-430c-b221-65c7f9f675ee"}
{"timestamp":"2026-08-24T09:24:27.255Z","level":"info","message":"[Steering] Populating steering for execution 489fc7ee-7076-430c-b221-65c7f9f675ee","conversationId":"sess_2157ab68-9c2a-49f4-a4c7-b0cbcad4c0d2","turnId":"489fc7ee-7076-430c-b221-65c7f9f675ee","rootTurnId":"489fc7ee-7076-430c-b221-65c7f9f675ee"}
{"timestamp":"2026-08-24T09:24:27.255Z","level":"info","message":"[Steering] ExistingFiles: /c:/Users/Student/.kiro/regen/vite.config.ts, /c:/Users/Student/.kiro/regen/tsconfig.app.json, /c:/Users/Student/.kiro/regen/src/lib/mockData.ts, /c:/Users/Student/.kiro/regen/src/pages/TrackCircuits.tsx, /c:/Users/Student/.kiro/regen/src/pages/Dashboard.tsx, /c:/Users/Student/.kiro/regen/src/pages/FBGMonitoring.tsx, /c:/Users/Student/.kiro/regen/src/lib/dataService.ts, /c:/Users/Student/.kiro/regen/src/App.tsx, /c:/Users/Student/.kiro/regen/src/main.tsx, /c:/Users/Student/.kiro/regen/src/index.css, /c:/Users/Student/.kiro/regen/index.html, /c:/Users/Student/.kiro/regen/src/lib/dataService.ts, /c:/Users/Student/.kiro/regen/src/lib/mockData.ts, /c:/Users/Student/.kiro/regen/src/pages/Dashboard.tsx, /c:/Users/Student/.kiro/regen/src/pages/Assets.tsx, /c:/Users/Student/.kiro/regen/src/pages/FBGMonitoring.tsx, /c:/Users/Student/.kiro/regen/src/pages/TrackCircuits.tsx in 489fc7ee-7076-430c-b221-65c7f9f675ee","conversationId":"sess_2157ab68-9c2a-49f4-a4c7-b0cbcad4c0d2","turnId":"489fc7ee-7076-430c-b221-65c7f9f675ee","rootTurnId":"489fc7ee-7076-430c-b221-65c7f9f675ee"}
{"timestamp":"2026-08-24T09:24:32.091Z","level":"info","message":"acp.policy-eval.complete {\"toolId\":\"fs_write\",\"effect\":\"allow\",\"capability\":\"fs_write\"}","conversationId":"sess_2157ab68-9c2a-49f4-a4c7-b0cbcad4c0d2","turnId":"489fc7ee-7076-430c-b221-65c7f9f675ee","rootTurnId":"489fc7ee-7076-430c-b221-65c7f9f675ee"}
{"timestamp":"2026-08-24T09:24:32.115Z","level":"info","message":"[SessionPersistence] Created snapshot 8efa3816 for regen/src/components/ui/StatCard.tsx in session sess_2157ab68-9c2a-49f4-a4c7-b0cbcad4c0d2 (932 bytes)","conversationId":"sess_2157ab68-9c2a-49f4-a4c7-b0cbcad4c0d2","turnId":"489fc7ee-7076-430c-b221-65c7f9f675ee","rootTurnId":"489fc7ee-7076-430c-b221-65c7f9f675ee"}
{"timestamp":"2026-08-24T09:24:32.118Z","level":"info","message":"fs.appendMessages.ok {\"system\":\"fs\",\"sessionId\":\"sess_2157ab68-9c2a-49f4-a4c7-b0cbcad4c0d2\",\"messageCount\":2,\"durationMs\":3}","conversationId":"sess_2157ab68-9c2a-49f4-a4c7-b0cbcad4c0d2","turnId":"489fc7ee-7076-430c-b221-65c7f9f675ee","rootTurnId":"489fc7ee-7076-430c-b221-65c7f9f675ee"}
{"timestamp":"2026-08-24T09:24:32.207Z","level":"info","message":"[AgentIterator] Parallel invoking agent","conversationId":"sess_2157ab68-9c2a-49f4-a4c7-b0cbcad4c0d2","turnId":"489fc7ee-7076-430c-b221-65c7f9f675ee","rootTurnId":"489fc7ee-7076-430c-b221-65c7f9f675ee"}
{"timestamp":"2026-08-24T09:24:32.207Z","level":"info","message":"[Steering] Populating steering for execution 489fc7ee-7076-430c-b221-65c7f9f675ee","conversationId":"sess_2157ab68-9c2a-49f4-a4c7-b0cbcad4c0d2","turnId":"489fc7ee-7076-430c-b221-65c7f9f675ee","rootTurnId":"489fc7ee-7076-430c-b221-65c7f9f675ee"}
{"timestamp":"2026-08-24T09:24:32.207Z","level":"info","message":"[Steering] ExistingFiles: /c:/Users/Student/.kiro/regen/vite.config.ts, /c:/Users/Student/.kiro/regen/tsconfig.app.json, /c:/Users/Student/.kiro/regen/src/lib/mockData.ts, /c:/Users/Student/.kiro/regen/src/pages/TrackCircuits.tsx, /c:/Users/Student/.kiro/regen/src/pages/Dashboard.tsx, /c:/Users/Student/.kiro/regen/src/pages/FBGMonitoring.tsx, /c:/Users/Student/.kiro/regen/src/lib/dataService.ts, /c:/Users/Student/.kiro/regen/src/App.tsx, /c:/Users/Student/.kiro/regen/src/main.tsx, /c:/Users/Student/.kiro/regen/src/index.css, /c:/Users/Student/.kiro/regen/index.html, /c:/Users/Student/.kiro/regen/src/lib/dataService.ts, /c:/Users/Student/.kiro/regen/src/lib/mockData.ts, /c:/Users/Student/.kiro/regen/src/pages/Dashboard.tsx, /c:/Users/Student/.kiro/regen/src/pages/Assets.tsx, /c:/Users/Student/.kiro/regen/src/pages/FBGMonitoring.tsx, /c:/Users/Student/.kiro/regen/src/pages/TrackCircuits.tsx in 489fc7ee-7076-430c-b221-65c7f9f675ee","conversationId":"sess_2157ab68-9c2a-49f4-a4c7-b0cbcad4c0d2","turnId":"489fc7ee-7076-430c-b221-65c7f9f675ee","rootTurnId":"489fc7ee-7076-430c-b221-65c7f9f675ee"}
{"timestamp":"2026-08-24T09:24:32.211Z","level":"info","message":"[q-developer-converse] Sending GenerateAssistantResponse modelId=auto agentMode=vibe origin=AI_EDITOR streaming=true conversationId=sess_2157ab68-9c2a-49f4-a4c7-b0cbcad4c0d2","conversationId":"sess_2157ab68-9c2a-49f4-a4c7-b0cbcad4c0d2","turnId":"489fc7ee-7076-430c-b221-65c7f9f675ee","rootTurnId":"489fc7ee-7076-430c-b221-65c7f9f675ee"}
{"timestamp":"2026-08-24T09:24:32.213Z","level":"info","message":"[q-developer-converse] Request payload: 700304 chars, 250 history messages, conversationId=sess_2157ab68-9c2a-49f4-a4c7-b0cbcad4c0d2","conversationId":"sess_2157ab68-9c2a-49f4-a4c7-b0cbcad4c0d2","turnId":"489fc7ee-7076-430c-b221-65c7f9f675ee","rootTurnId":"489fc7ee-7076-430c-b221-65c7f9f675ee"}
{"timestamp":"2026-08-24T09:24:32.221Z","level":"info","message":"fs.appendMessages.ok {\"system\":\"fs\",\"sessionId\":\"sess_2157ab68-9c2a-49f4-a4c7-b0cbcad4c0d2\",\"messageCount\":1,\"durationMs\":20}","conversationId":"sess_2157ab68-9c2a-49f4-a4c7-b0cbcad4c0d2","turnId":"489fc7ee-7076-430c-b221-65c7f9f675ee","rootTurnId":"489fc7ee-7076-430c-b221-65c7f9f675ee"}
{"timestamp":"2026-08-24T09:24:32.223Z","level":"info","message":"fs.appendMessages.ok {\"system\":\"fs\",\"sessionId\":\"sess_2157ab68-9c2a-49f4-a4c7-b0cbcad4c0d2\",\"messageCount\":1,\"durationMs\":2}","conversationId":"sess_2157ab68-9c2a-49f4-a4c7-b0cbcad4c0d2","turnId":"489fc7ee-7076-430c-b221-65c7f9f675ee","rootTurnId":"489fc7ee-7076-430c-b221-65c7f9f675ee"}
{"timestamp":"2026-08-24T09:24:36.271Z","level":"info","message":"[AgentIterator] Synchronizing results","conversationId":"sess_2157ab68-9c2a-49f4-a4c7-b0cbcad4c0d2","turnId":"489fc7ee-7076-430c-b221-65c7f9f675ee","rootTurnId":"489fc7ee-7076-430c-b221-65c7f9f675ee"}
{"timestamp":"2026-08-24T09:24:36.271Z","level":"info","message":"[AgentIterator] Processing intent detection result","conversationId":"sess_2157ab68-9c2a-49f4-a4c7-b0cbcad4c0d2","turnId":"489fc7ee-7076-430c-b221-65c7f9f675ee","rootTurnId":"489fc7ee-7076-430c-b221-65c7f9f675ee"}
{"timestamp":"2026-08-24T09:24:36.272Z","level":"info","message":"[ChatAgent] Processing model response stream","conversationId":"sess_2157ab68-9c2a-49f4-a4c7-b0cbcad4c0d2","turnId":"489fc7ee-7076-430c-b221-65c7f9f675ee","rootTurnId":"489fc7ee-7076-430c-b221-65c7f9f675ee"}
{"timestamp":"2026-08-24T09:24:36.272Z","level":"info","message":"[Steering] Populating steering for execution 489fc7ee-7076-430c-b221-65c7f9f675ee","conversationId":"sess_2157ab68-9c2a-49f4-a4c7-b0cbcad4c0d2","turnId":"489fc7ee-7076-430c-b221-65c7f9f675ee","rootTurnId":"489fc7ee-7076-430c-b221-65c7f9f675ee"}
{"timestamp":"2026-08-24T09:24:36.272Z","level":"info","message":"[Steering] ExistingFiles: /c:/Users/Student/.kiro/regen/vite.config.ts, /c:/Users/Student/.kiro/regen/tsconfig.app.json, /c:/Users/Student/.kiro/regen/src/lib/mockData.ts, /c:/Users/Student/.kiro/regen/src/pages/TrackCircuits.tsx, /c:/Users/Student/.kiro/regen/src/pages/Dashboard.tsx, /c:/Users/Student/.kiro/regen/src/pages/FBGMonitoring.tsx, /c:/Users/Student/.kiro/regen/src/lib/dataService.ts, /c:/Users/Student/.kiro/regen/src/App.tsx, /c:/Users/Student/.kiro/regen/src/main.tsx, /c:/Users/Student/.kiro/regen/src/index.css, /c:/Users/Student/.kiro/regen/index.html, /c:/Users/Student/.kiro/regen/src/lib/dataService.ts, /c:/Users/Student/.kiro/regen/src/lib/mockData.ts, /c:/Users/Student/.kiro/regen/src/pages/Dashboard.tsx, /c:/Users/Student/.kiro/regen/src/pages/Assets.tsx, /c:/Users/Student/.kiro/regen/src/pages/FBGMonitoring.tsx, /c:/Users/Student/.kiro/regen/src/pages/TrackCircuits.tsx in 489fc7ee-7076-430c-b221-65c7f9f675ee","conversationId":"sess_2157ab68-9c2a-49f4-a4c7-b0cbcad4c0d2","turnId":"489fc7ee-7076-430c-b221-65c7f9f675ee","rootTurnId":"489fc7ee-7076-430c-b221-65c7f9f675ee"}
{"timestamp":"2026-08-24T09:24:36.480Z","level":"info","message":"fs.appendMessages.ok {\"system\":\"fs\",\"sessionId\":\"sess_2157ab68-9c2a-49f4-a4c7-b0cbcad4c0d2\",\"messageCount\":1,\"durationMs\":2}","conversationId":"sess_2157ab68-9c2a-49f4-a4c7-b0cbcad4c0d2","turnId":"489fc7ee-7076-430c-b221-65c7f9f675ee","rootTurnId":"489fc7ee-7076-430c-b221-65c7f9f675ee"}
{"timestamp":"2026-08-24T09:24:50.567Z","level":"info","message":"acp.policy-eval.complete {\"toolId\":\"fs_write\",\"effect\":\"allow\",\"capability\":\"fs_write\"}","conversationId":"sess_2157ab68-9c2a-49f4-a4c7-b0cbcad4c0d2","turnId":"489fc7ee-7076-430c-b221-65c7f9f675ee","rootTurnId":"489fc7ee-7076-430c-b221-65c7f9f675ee"}
{"timestamp":"2026-08-24T09:24:50.569Z","level":"info","message":"fs.appendMessages.ok {\"system\":\"fs\",\"sessionId\":\"sess_2157ab68-9c2a-49f4-a4c7-b0cbcad4c0d2\",\"messageCount\":1,\"durationMs\":10}","conversationId":"sess_2157ab68-9c2a-49f4-a4c7-b0cbcad4c0d2","turnId":"489fc7ee-7076-430c-b221-65c7f9f675ee","rootTurnId":"489fc7ee-7076-430c-b221-65c7f9f675ee"}
{"timestamp":"2026-08-24T09:24:50.577Z","level":"info","message":"fs.appendMessages.ok {\"system\":\"fs\",\"sessionId\":\"sess_2157ab68-9c2a-49f4-a4c7-b0cbcad4c0d2\",\"messageCount\":1,\"durationMs\":8}","conversationId":"sess_2157ab68-9c2a-49f4-a4c7-b0cbcad4c0d2","turnId":"489fc7ee-7076-430c-b221-65c7f9f675ee","rootTurnId":"489fc7ee-7076-430c-b221-65c7f9f675ee"}
{"timestamp":"2026-08-24T09:24:50.594Z","level":"info","message":"[SessionPersistence] Created snapshot df38ae33 for regen/src/components/layout/Sidebar.tsx in session sess_2157ab68-9c2a-49f4-a4c7-b0cbcad4c0d2 (2894 bytes)","conversationId":"sess_2157ab68-9c2a-49f4-a4c7-b0cbcad4c0d2","turnId":"489fc7ee-7076-430c-b221-65c7f9f675ee","rootTurnId":"489fc7ee-7076-430c-b221-65c7f9f675ee"}
{"timestamp":"2026-08-24T09:24:50.600Z","level":"info","message":"[AgentIterator] Parallel invoking agent","conversationId":"sess_2157ab68-9c2a-49f4-a4c7-b0cbcad4c0d2","turnId":"489fc7ee-7076-430c-b221-65c7f9f675ee","rootTurnId":"489fc7ee-7076-430c-b221-65c7f9f675ee"}
{"timestamp":"2026-08-24T09:24:50.600Z","level":"info","message":"[Steering] Populating steering for execution 489fc7ee-7076-430c-b221-65c7f9f675ee","conversationId":"sess_2157ab68-9c2a-49f4-a4c7-b0cbcad4c0d2","turnId":"489fc7ee-7076-430c-b221-65c7f9f675ee","rootTurnId":"489fc7ee-7076-430c-b221-65c7f9f675ee"}
{"timestamp":"2026-08-24T09:24:50.600Z","level":"info","message":"[Steering] ExistingFiles: /c:/Users/Student/.kiro/regen/vite.config.ts, /c:/Users/Student/.kiro/regen/tsconfig.app.json, /c:/Users/Student/.kiro/regen/src/lib/mockData.ts, /c:/Users/Student/.kiro/regen/src/pages/TrackCircuits.tsx, /c:/Users/Student/.kiro/regen/src/pages/Dashboard.tsx, /c:/Users/Student/.kiro/regen/src/pages/FBGMonitoring.tsx, /c:/Users/Student/.kiro/regen/src/lib/dataService.ts, /c:/Users/Student/.kiro/regen/src/App.tsx, /c:/Users/Student/.kiro/regen/src/main.tsx, /c:/Users/Student/.kiro/regen/src/index.css, /c:/Users/Student/.kiro/regen/index.html, /c:/Users/Student/.kiro/regen/src/lib/dataService.ts, /c:/Users/Student/.kiro/regen/src/lib/mockData.ts, /c:/Users/Student/.kiro/regen/src/pages/Dashboard.tsx, /c:/Users/Student/.kiro/regen/src/pages/Assets.tsx, /c:/Users/Student/.kiro/regen/src/pages/FBGMonitoring.tsx, /c:/Users/Student/.kiro/regen/src/pages/TrackCircuits.tsx in 489fc7ee-7076-430c-b221-65c7f9f675ee","conversationId":"sess_2157ab68-9c2a-49f4-a4c7-b0cbcad4c0d2","turnId":"489fc7ee-7076-430c-b221-65c7f9f675ee","rootTurnId":"489fc7ee-7076-430c-b221-65c7f9f675ee"}
{"timestamp":"2026-08-24T09:24:50.601Z","level":"info","message":"fs.appendMessages.ok {\"system\":\"fs\",\"sessionId\":\"sess_2157ab68-9c2a-49f4-a4c7-b0cbcad4c0d2\",\"messageCount\":2,\"durationMs\":7}","conversationId":"sess_2157ab68-9c2a-49f4-a4c7-b0cbcad4c0d2","turnId":"489fc7ee-7076-430c-b221-65c7f9f675ee","rootTurnId":"489fc7ee-7076-430c-b221-65c7f9f675ee"}
{"timestamp":"2026-08-24T09:24:50.604Z","level":"info","message":"[q-developer-converse] Sending GenerateAssistantResponse modelId=auto agentMode=vibe origin=AI_EDITOR streaming=true conversationId=sess_2157ab68-9c2a-49f4-a4c7-b0cbcad4c0d2","conversationId":"sess_2157ab68-9c2a-49f4-a4c7-b0cbcad4c0d2","turnId":"489fc7ee-7076-430c-b221-65c7f9f675ee","rootTurnId":"489fc7ee-7076-430c-b221-65c7f9f675ee"}
{"timestamp":"2026-08-24T09:24:50.606Z","level":"info","message":"[q-developer-converse] Request payload: 703976 chars, 252 history messages, conversationId=sess_2157ab68-9c2a-49f4-a4c7-b0cbcad4c0d2","conversationId":"sess_2157ab68-9c2a-49f4-a4c7-b0cbcad4c0d2","turnId":"489fc7ee-7076-430c-b221-65c7f9f675ee","rootTurnId":"489fc7ee-7076-430c-b221-65c7f9f675ee"}
{"timestamp":"2026-08-24T09:24:54.594Z","level":"info","message":"[AgentIterator] Synchronizing results","conversationId":"sess_2157ab68-9c2a-49f4-a4c7-b0cbcad4c0d2","turnId":"489fc7ee-7076-430c-b221-65c7f9f675ee","rootTurnId":"489fc7ee-7076-430c-b221-65c7f9f675ee"}
{"timestamp":"2026-08-24T09:24:54.594Z","level":"info","message":"[AgentIterator] Processing intent detection result","conversationId":"sess_2157ab68-9c2a-49f4-a4c7-b0cbcad4c0d2","turnId":"489fc7ee-7076-430c-b221-65c7f9f675ee","rootTurnId":"489fc7ee-7076-430c-b221-65c7f9f675ee"}
{"timestamp":"2026-08-24T09:24:54.595Z","level":"info","message":"[ChatAgent] Processing model response stream","conversationId":"sess_2157ab68-9c2a-49f4-a4c7-b0cbcad4c0d2","turnId":"489fc7ee-7076-430c-b221-65c7f9f675ee","rootTurnId":"489fc7ee-7076-430c-b221-65c7f9f675ee"}
{"timestamp":"2026-08-24T09:24:54.595Z","level":"info","message":"[Steering] Populating steering for execution 489fc7ee-7076-430c-b221-65c7f9f675ee","conversationId":"sess_2157ab68-9c2a-49f4-a4c7-b0cbcad4c0d2","turnId":"489fc7ee-7076-430c-b221-65c7f9f675ee","rootTurnId":"489fc7ee-7076-430c-b221-65c7f9f675ee"}
{"timestamp":"2026-08-24T09:24:54.595Z","level":"info","message":"[Steering] ExistingFiles: /c:/Users/Student/.kiro/regen/vite.config.ts, /c:/Users/Student/.kiro/regen/tsconfig.app.json, /c:/Users/Student/.kiro/regen/src/lib/mockData.ts, /c:/Users/Student/.kiro/regen/src/pages/TrackCircuits.tsx, /c:/Users/Student/.kiro/regen/src/pages/Dashboard.tsx, /c:/Users/Student/.kiro/regen/src/pages/FBGMonitoring.tsx, /c:/Users/Student/.kiro/regen/src/lib/dataService.ts, /c:/Users/Student/.kiro/regen/src/App.tsx, /c:/Users/Student/.kiro/regen/src/main.tsx, /c:/Users/Student/.kiro/regen/src/index.css, /c:/Users/Student/.kiro/regen/index.html, /c:/Users/Student/.kiro/regen/src/lib/dataService.ts, /c:/Users/Student/.kiro/regen/src/lib/mockData.ts, /c:/Users/Student/.kiro/regen/src/pages/Dashboard.tsx, /c:/Users/Student/.kiro/regen/src/pages/Assets.tsx, /c:/Users/Student/.kiro/regen/src/pages/FBGMonitoring.tsx, /c:/Users/Student/.kiro/regen/src/pages/TrackCircuits.tsx in 489fc7ee-7076-430c-b221-65c7f9f675ee","conversationId":"sess_2157ab68-9c2a-49f4-a4c7-b0cbcad4c0d2","turnId":"489fc7ee-7076-430c-b221-65c7f9f675ee","rootTurnId":"489fc7ee-7076-430c-b221-65c7f9f675ee"}
{"timestamp":"2026-08-24T09:25:02.901Z","level":"info","message":"acp.policy-eval.complete {\"toolId\":\"fs_write\",\"effect\":\"allow\",\"capability\":\"fs_write\"}","conversationId":"sess_2157ab68-9c2a-49f4-a4c7-b0cbcad4c0d2","turnId":"489fc7ee-7076-430c-b221-65c7f9f675ee","rootTurnId":"489fc7ee-7076-430c-b221-65c7f9f675ee"}
{"timestamp":"2026-08-24T09:25:02.929Z","level":"info","message":"[SessionPersistence] Created snapshot f8e23f7f for regen/src/components/layout/TopBar.tsx in session sess_2157ab68-9c2a-49f4-a4c7-b0cbcad4c0d2 (1813 bytes)","conversationId":"sess_2157ab68-9c2a-49f4-a4c7-b0cbcad4c0d2","turnId":"489fc7ee-7076-430c-b221-65c7f9f675ee","rootTurnId":"489fc7ee-7076-430c-b221-65c7f9f675ee"}
{"timestamp":"2026-08-24T09:25:02.932Z","level":"info","message":"fs.appendMessages.ok {\"system\":\"fs\",\"sessionId\":\"sess_2157ab68-9c2a-49f4-a4c7-b0cbcad4c0d2\",\"messageCount\":2,\"durationMs\":3}","conversationId":"sess_2157ab68-9c2a-49f4-a4c7-b0cbcad4c0d2","turnId":"489fc7ee-7076-430c-b221-65c7f9f675ee","rootTurnId":"489fc7ee-7076-430c-b221-65c7f9f675ee"}
{"timestamp":"2026-08-24T09:25:03.061Z","level":"info","message":"[AgentIterator] Parallel invoking agent","conversationId":"sess_2157ab68-9c2a-49f4-a4c7-b0cbcad4c0d2","turnId":"489fc7ee-7076-430c-b221-65c7f9f675ee","rootTurnId":"489fc7ee-7076-430c-b221-65c7f9f675ee"}
{"timestamp":"2026-08-24T09:25:03.061Z","level":"info","message":"[Steering] Populating steering for execution 489fc7ee-7076-430c-b221-65c7f9f675ee","conversationId":"sess_2157ab68-9c2a-49f4-a4c7-b0cbcad4c0d2","turnId":"489fc7ee-7076-430c-b221-65c7f9f675ee","rootTurnId":"489fc7ee-7076-430c-b221-65c7f9f675ee"}
{"timestamp":"2026-08-24T09:25:03.061Z","level":"info","message":"[Steering] ExistingFiles: /c:/Users/Student/.kiro/regen/vite.config.ts, /c:/Users/Student/.kiro/regen/tsconfig.app.json, /c:/Users/Student/.kiro/regen/src/lib/mockData.ts, /c:/Users/Student/.kiro/regen/src/pages/TrackCircuits.tsx, /c:/Users/Student/.kiro/regen/src/pages/Dashboard.tsx, /c:/Users/Student/.kiro/regen/src/pages/FBGMonitoring.tsx, /c:/Users/Student/.kiro/regen/src/lib/dataService.ts, /c:/Users/Student/.kiro/regen/src/App.tsx, /c:/Users/Student/.kiro/regen/src/main.tsx, /c:/Users/Student/.kiro/regen/src/index.css, /c:/Users/Student/.kiro/regen/index.html, /c:/Users/Student/.kiro/regen/src/lib/dataService.ts, /c:/Users/Student/.kiro/regen/src/lib/mockData.ts, /c:/Users/Student/.kiro/regen/src/pages/Dashboard.tsx, /c:/Users/Student/.kiro/regen/src/pages/Assets.tsx, /c:/Users/Student/.kiro/regen/src/pages/FBGMonitoring.tsx, /c:/Users/Student/.kiro/regen/src/pages/TrackCircuits.tsx in 489fc7ee-7076-430c-b221-65c7f9f675ee","conversationId":"sess_2157ab68-9c2a-49f4-a4c7-b0cbcad4c0d2","turnId":"489fc7ee-7076-430c-b221-65c7f9f675ee","rootTurnId":"489fc7ee-7076-430c-b221-65c7f9f675ee"}
{"timestamp":"2026-08-24T09:25:03.067Z","level":"info","message":"[q-developer-converse] Sending GenerateAssistantResponse modelId=auto agentMode=vibe origin=AI_EDITOR streaming=true conversationId=sess_2157ab68-9c2a-49f4-a4c7-b0cbcad4c0d2","conversationId":"sess_2157ab68-9c2a-49f4-a4c7-b0cbcad4c0d2","turnId":"489fc7ee-7076-430c-b221-65c7f9f675ee","rootTurnId":"489fc7ee-7076-430c-b221-65c7f9f675ee"}
{"timestamp":"2026-08-24T09:25:03.069Z","level":"info","message":"[q-developer-converse] Request payload: 706531 chars, 254 history messages, conversationId=sess_2157ab68-9c2a-49f4-a4c7-b0cbcad4c0d2","conversationId":"sess_2157ab68-9c2a-49f4-a4c7-b0cbcad4c0d2","turnId":"489fc7ee-7076-430c-b221-65c7f9f675ee","rootTurnId":"489fc7ee-7076-430c-b221-65c7f9f675ee"}
{"timestamp":"2026-08-24T09:25:03.077Z","level":"info","message":"fs.appendMessages.ok {\"system\":\"fs\",\"sessionId\":\"sess_2157ab68-9c2a-49f4-a4c7-b0cbcad4c0d2\",\"messageCount\":1,\"durationMs\":20}","conversationId":"sess_2157ab68-9c2a-49f4-a4c7-b0cbcad4c0d2","turnId":"489fc7ee-7076-430c-b221-65c7f9f675ee","rootTurnId":"489fc7ee-7076-430c-b221-65c7f9f675ee"}
{"timestamp":"2026-08-24T09:25:03.083Z","level":"info","message":"fs.appendMessages.ok {\"system\":\"fs\",\"sessionId\":\"sess_2157ab68-9c2a-49f4-a4c7-b0cbcad4c0d2\",\"messageCount\":1,\"durationMs\":6}","conversationId":"sess_2157ab68-9c2a-49f4-a4c7-b0cbcad4c0d2","turnId":"489fc7ee-7076-430c-b221-65c7f9f675ee","rootTurnId":"489fc7ee-7076-430c-b221-65c7f9f675ee"}
{"timestamp":"2026-08-24T09:25:07.265Z","level":"info","message":"[AgentIterator] Synchronizing results","conversationId":"sess_2157ab68-9c2a-49f4-a4c7-b0cbcad4c0d2","turnId":"489fc7ee-7076-430c-b221-65c7f9f675ee","rootTurnId":"489fc7ee-7076-430c-b221-65c7f9f675ee"}
{"timestamp":"2026-08-24T09:25:07.266Z","level":"info","message":"[AgentIterator] Processing intent detection result","conversationId":"sess_2157ab68-9c2a-49f4-a4c7-b0cbcad4c0d2","turnId":"489fc7ee-7076-430c-b221-65c7f9f675ee","rootTurnId":"489fc7ee-7076-430c-b221-65c7f9f675ee"}
{"timestamp":"2026-08-24T09:25:07.266Z","level":"info","message":"[ChatAgent] Processing model response stream","conversationId":"sess_2157ab68-9c2a-49f4-a4c7-b0cbcad4c0d2","turnId":"489fc7ee-7076-430c-b221-65c7f9f675ee","rootTurnId":"489fc7ee-7076-430c-b221-65c7f9f675ee"}
{"timestamp":"2026-08-24T09:25:07.266Z","level":"info","message":"[Steering] Populating steering for execution 489fc7ee-7076-430c-b221-65c7f9f675ee","conversationId":"sess_2157ab68-9c2a-49f4-a4c7-b0cbcad4c0d2","turnId":"489fc7ee-7076-430c-b221-65c7f9f675ee","rootTurnId":"489fc7ee-7076-430c-b221-65c7f9f675ee"}
{"timestamp":"2026-08-24T09:25:07.266Z","level":"info","message":"[Steering] ExistingFiles: /c:/Users/Student/.kiro/regen/vite.config.ts, /c:/Users/Student/.kiro/regen/tsconfig.app.json, /c:/Users/Student/.kiro/regen/src/lib/mockData.ts, /c:/Users/Student/.kiro/regen/src/pages/TrackCircuits.tsx, /c:/Users/Student/.kiro/regen/src/pages/Dashboard.tsx, /c:/Users/Student/.kiro/regen/src/pages/FBGMonitoring.tsx, /c:/Users/Student/.kiro/regen/src/lib/dataService.ts, /c:/Users/Student/.kiro/regen/src/App.tsx, /c:/Users/Student/.kiro/regen/src/main.tsx, /c:/Users/Student/.kiro/regen/src/index.css, /c:/Users/Student/.kiro/regen/index.html, /c:/Users/Student/.kiro/regen/src/lib/dataService.ts, /c:/Users/Student/.kiro/regen/src/lib/mockData.ts, /c:/Users/Student/.kiro/regen/src/pages/Dashboard.tsx, /c:/Users/Student/.kiro/regen/src/pages/Assets.tsx, /c:/Users/Student/.kiro/regen/src/pages/FBGMonitoring.tsx, /c:/Users/Student/.kiro/regen/src/pages/TrackCircuits.tsx in 489fc7ee-7076-430c-b221-65c7f9f675ee","conversationId":"sess_2157ab68-9c2a-49f4-a4c7-b0cbcad4c0d2","turnId":"489fc7ee-7076-430c-b221-65c7f9f675ee","rootTurnId":"489fc7ee-7076-430c-b221-65c7f9f675ee"}
{"timestamp":"2026-08-24T09:25:14.462Z","level":"info","message":"acp.policy-eval.complete {\"toolId\":\"fs_write\",\"effect\":\"allow\",\"capability\":\"fs_write\"}","conversationId":"sess_2157ab68-9c2a-49f4-a4c7-b0cbcad4c0d2","turnId":"489fc7ee-7076-430c-b221-65c7f9f675ee","rootTurnId":"489fc7ee-7076-430c-b221-65c7f9f675ee"}
{"timestamp":"2026-08-24T09:25:14.489Z","level":"info","message":"[SessionPersistence] Created snapshot 4b5151d6 for regen/src/components/layout/AppLayout.tsx in session sess_2157ab68-9c2a-49f4-a4c7-b0cbcad4c0d2 (1919 bytes)","conversationId":"sess_2157ab68-9c2a-49f4-a4c7-b0cbcad4c0d2","turnId":"489fc7ee-7076-430c-b221-65c7f9f675ee","rootTurnId":"489fc7ee-7076-430c-b221-65c7f9f675ee"}
{"timestamp":"2026-08-24T09:25:14.492Z","level":"info","message":"fs.appendMessages.ok {\"system\":\"fs\",\"sessionId\":\"sess_2157ab68-9c2a-49f4-a4c7-b0cbcad4c0d2\",\"messageCount\":2,\"durationMs\":2}","conversationId":"sess_2157ab68-9c2a-49f4-a4c7-b0cbcad4c0d2","turnId":"489fc7ee-7076-430c-b221-65c7f9f675ee","rootTurnId":"489fc7ee-7076-430c-b221-65c7f9f675ee"}
{"timestamp":"2026-08-24T09:25:14.617Z","level":"info","message":"[AgentIterator] Parallel invoking agent","conversationId":"sess_2157ab68-9c2a-49f4-a4c7-b0cbcad4c0d2","turnId":"489fc7ee-7076-430c-b221-65c7f9f675ee","rootTurnId":"489fc7ee-7076-430c-b221-65c7f9f675ee"}
{"timestamp":"2026-08-24T09:25:14.617Z","level":"info","message":"[Steering] Populating steering for execution 489fc7ee-7076-430c-b221-65c7f9f675ee","conversationId":"sess_2157ab68-9c2a-49f4-a4c7-b0cbcad4c0d2","turnId":"489fc7ee-7076-430c-b221-65c7f9f675ee","rootTurnId":"489fc7ee-7076-430c-b221-65c7f9f675ee"}
{"timestamp":"2026-08-24T09:25:14.618Z","level":"info","message":"[Steering] ExistingFiles: /c:/Users/Student/.kiro/regen/vite.config.ts, /c:/Users/Student/.kiro/regen/tsconfig.app.json, /c:/Users/Student/.kiro/regen/src/lib/mockData.ts, /c:/Users/Student/.kiro/regen/src/pages/TrackCircuits.tsx, /c:/Users/Student/.kiro/regen/src/pages/Dashboard.tsx, /c:/Users/Student/.kiro/regen/src/pages/FBGMonitoring.tsx, /c:/Users/Student/.kiro/regen/src/lib/dataService.ts, /c:/Users/Student/.kiro/regen/src/App.tsx, /c:/Users/Student/.kiro/regen/src/main.tsx, /c:/Users/Student/.kiro/regen/src/index.css, /c:/Users/Student/.kiro/regen/index.html, /c:/Users/Student/.kiro/regen/src/lib/dataService.ts, /c:/Users/Student/.kiro/regen/src/lib/mockData.ts, /c:/Users/Student/.kiro/regen/src/pages/Dashboard.tsx, /c:/Users/Student/.kiro/regen/src/pages/Assets.tsx, /c:/Users/Student/.kiro/regen/src/pages/FBGMonitoring.tsx, /c:/Users/Student/.kiro/regen/src/pages/TrackCircuits.tsx in 489fc7ee-7076-430c-b221-65c7f9f675ee","conversationId":"sess_2157ab68-9c2a-49f4-a4c7-b0cbcad4c0d2","turnId":"489fc7ee-7076-430c-b221-65c7f9f675ee","rootTurnId":"489fc7ee-7076-430c-b221-65c7f9f675ee"}
{"timestamp":"2026-08-24T09:25:14.624Z","level":"info","message":"[q-developer-converse] Sending GenerateAssistantResponse modelId=auto agentMode=vibe origin=AI_EDITOR streaming=true conversationId=sess_2157ab68-9c2a-49f4-a4c7-b0cbcad4c0d2","conversationId":"sess_2157ab68-9c2a-49f4-a4c7-b0cbcad4c0d2","turnId":"489fc7ee-7076-430c-b221-65c7f9f675ee","rootTurnId":"489fc7ee-7076-430c-b221-65c7f9f675ee"}
{"timestamp":"2026-08-24T09:25:14.626Z","level":"info","message":"[q-developer-converse] Request payload: 709175 chars, 256 history messages, conversationId=sess_2157ab68-9c2a-49f4-a4c7-b0cbcad4c0d2","conversationId":"sess_2157ab68-9c2a-49f4-a4c7-b0cbcad4c0d2","turnId":"489fc7ee-7076-430c-b221-65c7f9f675ee","rootTurnId":"489fc7ee-7076-430c-b221-65c7f9f675ee"}
{"timestamp":"2026-08-24T09:25:14.634Z","level":"info","message":"fs.appendMessages.ok {\"system\":\"fs\",\"sessionId\":\"sess_2157ab68-9c2a-49f4-a4c7-b0cbcad4c0d2\",\"messageCount\":1,\"durationMs\":22}","conversationId":"sess_2157ab68-9c2a-49f4-a4c7-b0cbcad4c0d2","turnId":"489fc7ee-7076-430c-b221-65c7f9f675ee","rootTurnId":"489fc7ee-7076-430c-b221-65c7f9f675ee"}
{"timestamp":"2026-08-24T09:25:14.636Z","level":"info","message":"fs.appendMessages.ok {\"system\":\"fs\",\"sessionId\":\"sess_2157ab68-9c2a-49f4-a4c7-b0cbcad4c0d2\",\"messageCount\":1,\"durationMs\":2}","conversationId":"sess_2157ab68-9c2a-49f4-a4c7-b0cbcad4c0d2","turnId":"489fc7ee-7076-430c-b221-65c7f9f675ee","rootTurnId":"489fc7ee-7076-430c-b221-65c7f9f675ee"}
{"timestamp":"2026-08-24T09:25:18.884Z","level":"info","message":"[AgentIterator] Synchronizing results","conversationId":"sess_2157ab68-9c2a-49f4-a4c7-b0cbcad4c0d2","turnId":"489fc7ee-7076-430c-b221-65c7f9f675ee","rootTurnId":"489fc7ee-7076-430c-b221-65c7f9f675ee"}
{"timestamp":"2026-08-24T09:25:18.884Z","level":"info","message":"[AgentIterator] Processing intent detection result","conversationId":"sess_2157ab68-9c2a-49f4-a4c7-b0cbcad4c0d2","turnId":"489fc7ee-7076-430c-b221-65c7f9f675ee","rootTurnId":"489fc7ee-7076-430c-b221-65c7f9f675ee"}
{"timestamp":"2026-08-24T09:25:18.885Z","level":"info","message":"[ChatAgent] Processing model response stream","conversationId":"sess_2157ab68-9c2a-49f4-a4c7-b0cbcad4c0d2","turnId":"489fc7ee-7076-430c-b221-65c7f9f675ee","rootTurnId":"489fc7ee-7076-430c-b221-65c7f9f675ee"}
{"timestamp":"2026-08-24T09:25:18.885Z","level":"info","message":"[Steering] Populating steering for execution 489fc7ee-7076-430c-b221-65c7f9f675ee","conversationId":"sess_2157ab68-9c2a-49f4-a4c7-b0cbcad4c0d2","turnId":"489fc7ee-7076-430c-b221-65c7f9f675ee","rootTurnId":"489fc7ee-7076-430c-b221-65c7f9f675ee"}
{"timestamp":"2026-08-24T09:25:18.885Z","level":"info","message":"[Steering] ExistingFiles: /c:/Users/Student/.kiro/regen/vite.config.ts, /c:/Users/Student/.kiro/regen/tsconfig.app.json, /c:/Users/Student/.kiro/regen/src/lib/mockData.ts, /c:/Users/Student/.kiro/regen/src/pages/TrackCircuits.tsx, /c:/Users/Student/.kiro/regen/src/pages/Dashboard.tsx, /c:/Users/Student/.kiro/regen/src/pages/FBGMonitoring.tsx, /c:/Users/Student/.kiro/regen/src/lib/dataService.ts, /c:/Users/Student/.kiro/regen/src/App.tsx, /c:/Users/Student/.kiro/regen/src/main.tsx, /c:/Users/Student/.kiro/regen/src/index.css, /c:/Users/Student/.kiro/regen/index.html, /c:/Users/Student/.kiro/regen/src/lib/dataService.ts, /c:/Users/Student/.kiro/regen/src/lib/mockData.ts, /c:/Users/Student/.kiro/regen/src/pages/Dashboard.tsx, /c:/Users/Student/.kiro/regen/src/pages/Assets.tsx, /c:/Users/Student/.kiro/regen/src/pages/FBGMonitoring.tsx, /c:/Users/Student/.kiro/regen/src/pages/TrackCircuits.tsx in 489fc7ee-7076-430c-b221-65c7f9f675ee","conversationId":"sess_2157ab68-9c2a-49f4-a4c7-b0cbcad4c0d2","turnId":"489fc7ee-7076-430c-b221-65c7f9f675ee","rootTurnId":"489fc7ee-7076-430c-b221-65c7f9f675ee"}
{"timestamp":"2026-08-24T09:25:19.365Z","level":"info","message":"fs.appendMessages.ok {\"system\":\"fs\",\"sessionId\":\"sess_2157ab68-9c2a-49f4-a4c7-b0cbcad4c0d2\",\"messageCount\":1,\"durationMs\":3}","conversationId":"sess_2157ab68-9c2a-49f4-a4c7-b0cbcad4c0d2","turnId":"489fc7ee-7076-430c-b221-65c7f9f675ee","rootTurnId":"489fc7ee-7076-430c-b221-65c7f9f675ee"}
{"timestamp":"2026-08-24T09:25:31.320Z","level":"info","message":"acp.policy-eval.complete {\"toolId\":\"fs_write\",\"effect\":\"allow\",\"capability\":\"fs_write\"}","conversationId":"sess_2157ab68-9c2a-49f4-a4c7-b0cbcad4c0d2","turnId":"489fc7ee-7076-430c-b221-65c7f9f675ee","rootTurnId":"489fc7ee-7076-430c-b221-65c7f9f675ee"}
{"timestamp":"2026-08-24T09:25:31.331Z","level":"info","message":"[SessionPersistence] Created snapshot 43e0e472 for regen/src/index.css in session sess_2157ab68-9c2a-49f4-a4c7-b0cbcad4c0d2 (2172 bytes)","conversationId":"sess_2157ab68-9c2a-49f4-a4c7-b0cbcad4c0d2","turnId":"489fc7ee-7076-430c-b221-65c7f9f675ee","rootTurnId":"489fc7ee-7076-430c-b221-65c7f9f675ee"}
{"timestamp":"2026-08-24T09:25:31.372Z","level":"info","message":"[SessionPersistence] Created snapshot df1f64d1 for regen/src/index.css in session sess_2157ab68-9c2a-49f4-a4c7-b0cbcad4c0d2 (2900 bytes)","conversationId":"sess_2157ab68-9c2a-49f4-a4c7-b0cbcad4c0d2","turnId":"489fc7ee-7076-430c-b221-65c7f9f675ee","rootTurnId":"489fc7ee-7076-430c-b221-65c7f9f675ee"}
{"timestamp":"2026-08-24T09:25:31.379Z","level":"info","message":"[AgentIterator] Parallel invoking agent","conversationId":"sess_2157ab68-9c2a-49f4-a4c7-b0cbcad4c0d2","turnId":"489fc7ee-7076-430c-b221-65c7f9f675ee","rootTurnId":"489fc7ee-7076-430c-b221-65c7f9f675ee"}
{"timestamp":"2026-08-24T09:25:31.379Z","level":"info","message":"[Steering] Populating steering for execution 489fc7ee-7076-430c-b221-65c7f9f675ee","conversationId":"sess_2157ab68-9c2a-49f4-a4c7-b0cbcad4c0d2","turnId":"489fc7ee-7076-430c-b221-65c7f9f675ee","rootTurnId":"489fc7ee-7076-430c-b221-65c7f9f675ee"}
{"timestamp":"2026-08-24T09:25:31.379Z","level":"info","message":"[Steering] ExistingFiles: /c:/Users/Student/.kiro/regen/vite.config.ts, /c:/Users/Student/.kiro/regen/tsconfig.app.json, /c:/Users/Student/.kiro/regen/src/lib/mockData.ts, /c:/Users/Student/.kiro/regen/src/pages/TrackCircuits.tsx, /c:/Users/Student/.kiro/regen/src/pages/Dashboard.tsx, /c:/Users/Student/.kiro/regen/src/pages/FBGMonitoring.tsx, /c:/Users/Student/.kiro/regen/src/lib/dataService.ts, /c:/Users/Student/.kiro/regen/src/App.tsx, /c:/Users/Student/.kiro/regen/src/main.tsx, /c:/Users/Student/.kiro/regen/src/index.css, /c:/Users/Student/.kiro/regen/index.html, /c:/Users/Student/.kiro/regen/src/lib/dataService.ts, /c:/Users/Student/.kiro/regen/src/lib/mockData.ts, /c:/Users/Student/.kiro/regen/src/pages/Dashboard.tsx, /c:/Users/Student/.kiro/regen/src/pages/Assets.tsx, /c:/Users/Student/.kiro/regen/src/pages/FBGMonitoring.tsx, /c:/Users/Student/.kiro/regen/src/pages/TrackCircuits.tsx in 489fc7ee-7076-430c-b221-65c7f9f675ee","conversationId":"sess_2157ab68-9c2a-49f4-a4c7-b0cbcad4c0d2","turnId":"489fc7ee-7076-430c-b221-65c7f9f675ee","rootTurnId":"489fc7ee-7076-430c-b221-65c7f9f675ee"}
{"timestamp":"2026-08-24T09:25:31.383Z","level":"info","message":"[q-developer-converse] Sending GenerateAssistantResponse modelId=auto agentMode=vibe origin=AI_EDITOR streaming=true conversationId=sess_2157ab68-9c2a-49f4-a4c7-b0cbcad4c0d2","conversationId":"sess_2157ab68-9c2a-49f4-a4c7-b0cbcad4c0d2","turnId":"489fc7ee-7076-430c-b221-65c7f9f675ee","rootTurnId":"489fc7ee-7076-430c-b221-65c7f9f675ee"}
{"timestamp":"2026-08-24T09:25:31.386Z","level":"info","message":"[q-developer-converse] Request payload: 712655 chars, 258 history messages, conversationId=sess_2157ab68-9c2a-49f4-a4c7-b0cbcad4c0d2","conversationId":"sess_2157ab68-9c2a-49f4-a4c7-b0cbcad4c0d2","turnId":"489fc7ee-7076-430c-b221-65c7f9f675ee","rootTurnId":"489fc7ee-7076-430c-b221-65c7f9f675ee"}
{"timestamp":"2026-08-24T09:25:31.394Z","level":"info","message":"fs.appendMessages.ok {\"system\":\"fs\",\"sessionId\":\"sess_2157ab68-9c2a-49f4-a4c7-b0cbcad4c0d2\",\"messageCount\":1,\"durationMs\":23}","conversationId":"sess_2157ab68-9c2a-49f4-a4c7-b0cbcad4c0d2","turnId":"489fc7ee-7076-430c-b221-65c7f9f675ee","rootTurnId":"489fc7ee-7076-430c-b221-65c7f9f675ee"}
{"timestamp":"2026-08-24T09:25:31.396Z","level":"info","message":"fs.appendMessages.ok {\"system\":\"fs\",\"sessionId\":\"sess_2157ab68-9c2a-49f4-a4c7-b0cbcad4c0d2\",\"messageCount\":1,\"durationMs\":2}","conversationId":"sess_2157ab68-9c2a-49f4-a4c7-b0cbcad4c0d2","turnId":"489fc7ee-7076-430c-b221-65c7f9f675ee","rootTurnId":"489fc7ee-7076-430c-b221-65c7f9f675ee"}
{"timestamp":"2026-08-24T09:25:31.402Z","level":"info","message":"fs.appendMessages.ok {\"system\":\"fs\",\"sessionId\":\"sess_2157ab68-9c2a-49f4-a4c7-b0cbcad4c0d2\",\"messageCount\":2,\"durationMs\":6}","conversationId":"sess_2157ab68-9c2a-49f4-a4c7-b0cbcad4c0d2","turnId":"489fc7ee-7076-430c-b221-65c7f9f675ee","rootTurnId":"489fc7ee-7076-430c-b221-65c7f9f675ee"}
{"timestamp":"2026-08-24T09:25:35.500Z","level":"info","message":"[AgentIterator] Synchronizing results","conversationId":"sess_2157ab68-9c2a-49f4-a4c7-b0cbcad4c0d2","turnId":"489fc7ee-7076-430c-b221-65c7f9f675ee","rootTurnId":"489fc7ee-7076-430c-b221-65c7f9f675ee"}
{"timestamp":"2026-08-24T09:25:35.500Z","level":"info","message":"[AgentIterator] Processing intent detection result","conversationId":"sess_2157ab68-9c2a-49f4-a4c7-b0cbcad4c0d2","turnId":"489fc7ee-7076-430c-b221-65c7f9f675ee","rootTurnId":"489fc7ee-7076-430c-b221-65c7f9f675ee"}
{"timestamp":"2026-08-24T09:25:35.501Z","level":"info","message":"[ChatAgent] Processing model response stream","conversationId":"sess_2157ab68-9c2a-49f4-a4c7-b0cbcad4c0d2","turnId":"489fc7ee-7076-430c-b221-65c7f9f675ee","rootTurnId":"489fc7ee-7076-430c-b221-65c7f9f675ee"}
{"timestamp":"2026-08-24T09:25:35.501Z","level":"info","message":"[Steering] Populating steering for execution 489fc7ee-7076-430c-b221-65c7f9f675ee","conversationId":"sess_2157ab68-9c2a-49f4-a4c7-b0cbcad4c0d2","turnId":"489fc7ee-7076-430c-b221-65c7f9f675ee","rootTurnId":"489fc7ee-7076-430c-b221-65c7f9f675ee"}
{"timestamp":"2026-08-24T09:25:35.501Z","level":"info","message":"[Steering] ExistingFiles: /c:/Users/Student/.kiro/regen/vite.config.ts, /c:/Users/Student/.kiro/regen/tsconfig.app.json, /c:/Users/Student/.kiro/regen/src/lib/mockData.ts, /c:/Users/Student/.kiro/regen/src/pages/TrackCircuits.tsx, /c:/Users/Student/.kiro/regen/src/pages/Dashboard.tsx, /c:/Users/Student/.kiro/regen/src/pages/FBGMonitoring.tsx, /c:/Users/Student/.kiro/regen/src/lib/dataService.ts, /c:/Users/Student/.kiro/regen/src/App.tsx, /c:/Users/Student/.kiro/regen/src/main.tsx, /c:/Users/Student/.kiro/regen/src/index.css, /c:/Users/Student/.kiro/regen/index.html, /c:/Users/Student/.kiro/regen/src/lib/dataService.ts, /c:/Users/Student/.kiro/regen/src/lib/mockData.ts, /c:/Users/Student/.kiro/regen/src/pages/Dashboard.tsx, /c:/Users/Student/.kiro/regen/src/pages/Assets.tsx, /c:/Users/Student/.kiro/regen/src/pages/FBGMonitoring.tsx, /c:/Users/Student/.kiro/regen/src/pages/TrackCircuits.tsx in 489fc7ee-7076-430c-b221-65c7f9f675ee","conversationId":"sess_2157ab68-9c2a-49f4-a4c7-b0cbcad4c0d2","turnId":"489fc7ee-7076-430c-b221-65c7f9f675ee","rootTurnId":"489fc7ee-7076-430c-b221-65c7f9f675ee"}
{"timestamp":"2026-08-24T09:25:36.876Z","level":"info","message":"acp.policy-eval.complete {\"toolId\":\"fs_write\",\"effect\":\"allow\",\"capability\":\"fs_write\"}","conversationId":"sess_2157ab68-9c2a-49f4-a4c7-b0cbcad4c0d2","turnId":"489fc7ee-7076-430c-b221-65c7f9f675ee","rootTurnId":"489fc7ee-7076-430c-b221-65c7f9f675ee"}
{"timestamp":"2026-08-24T09:25:36.881Z","level":"info","message":"[SessionPersistence] Snapshot deduplicated for regen/src/main.tsx in session sess_2157ab68-9c2a-49f4-a4c7-b0cbcad4c0d2 (reused 7a7732a1)","conversationId":"sess_2157ab68-9c2a-49f4-a4c7-b0cbcad4c0d2","turnId":"489fc7ee-7076-430c-b221-65c7f9f675ee","rootTurnId":"489fc7ee-7076-430c-b221-65c7f9f675ee"}
{"timestamp":"2026-08-24T09:25:36.901Z","level":"info","message":"[SessionPersistence] Snapshot deduplicated for regen/src/main.tsx in session sess_2157ab68-9c2a-49f4-a4c7-b0cbcad4c0d2 (reused 7a7732a1)","conversationId":"sess_2157ab68-9c2a-49f4-a4c7-b0cbcad4c0d2","turnId":"489fc7ee-7076-430c-b221-65c7f9f675ee","rootTurnId":"489fc7ee-7076-430c-b221-65c7f9f675ee"}
{"timestamp":"2026-08-24T09:25:36.904Z","level":"info","message":"fs.appendMessages.ok {\"system\":\"fs\",\"sessionId\":\"sess_2157ab68-9c2a-49f4-a4c7-b0cbcad4c0d2\",\"messageCount\":2,\"durationMs\":2}","conversationId":"sess_2157ab68-9c2a-49f4-a4c7-b0cbcad4c0d2","turnId":"489fc7ee-7076-430c-b221-65c7f9f675ee","rootTurnId":"489fc7ee-7076-430c-b221-65c7f9f675ee"}
{"timestamp":"2026-08-24T09:25:36.995Z","level":"info","message":"[AgentIterator] Parallel invoking agent","conversationId":"sess_2157ab68-9c2a-49f4-a4c7-b0cbcad4c0d2","turnId":"489fc7ee-7076-430c-b221-65c7f9f675ee","rootTurnId":"489fc7ee-7076-430c-b221-65c7f9f675ee"}
{"timestamp":"2026-08-24T09:25:36.995Z","level":"info","message":"[Steering] Populating steering for execution 489fc7ee-7076-430c-b221-65c7f9f675ee","conversationId":"sess_2157ab68-9c2a-49f4-a4c7-b0cbcad4c0d2","turnId":"489fc7ee-7076-430c-b221-65c7f9f675ee","rootTurnId":"489fc7ee-7076-430c-b221-65c7f9f675ee"}
{"timestamp":"2026-08-24T09:25:36.995Z","level":"info","message":"[Steering] ExistingFiles: /c:/Users/Student/.kiro/regen/vite.config.ts, /c:/Users/Student/.kiro/regen/tsconfig.app.json, /c:/Users/Student/.kiro/regen/src/lib/mockData.ts, /c:/Users/Student/.kiro/regen/src/pages/TrackCircuits.tsx, /c:/Users/Student/.kiro/regen/src/pages/Dashboard.tsx, /c:/Users/Student/.kiro/regen/src/pages/FBGMonitoring.tsx, /c:/Users/Student/.kiro/regen/src/lib/dataService.ts, /c:/Users/Student/.kiro/regen/src/App.tsx, /c:/Users/Student/.kiro/regen/src/main.tsx, /c:/Users/Student/.kiro/regen/src/index.css, /c:/Users/Student/.kiro/regen/index.html, /c:/Users/Student/.kiro/regen/src/lib/dataService.ts, /c:/Users/Student/.kiro/regen/src/lib/mockData.ts, /c:/Users/Student/.kiro/regen/src/pages/Dashboard.tsx, /c:/Users/Student/.kiro/regen/src/pages/Assets.tsx, /c:/Users/Student/.kiro/regen/src/pages/FBGMonitoring.tsx, /c:/Users/Student/.kiro/regen/src/pages/TrackCircuits.tsx in 489fc7ee-7076-430c-b221-65c7f9f675ee","conversationId":"sess_2157ab68-9c2a-49f4-a4c7-b0cbcad4c0d2","turnId":"489fc7ee-7076-430c-b221-65c7f9f675ee","rootTurnId":"489fc7ee-7076-430c-b221-65c7f9f675ee"}
{"timestamp":"2026-08-24T09:25:36.999Z","level":"info","message":"[q-developer-converse] Sending GenerateAssistantResponse modelId=auto agentMode=vibe origin=AI_EDITOR streaming=true conversationId=sess_2157ab68-9c2a-49f4-a4c7-b0cbcad4c0d2","conversationId":"sess_2157ab68-9c2a-49f4-a4c7-b0cbcad4c0d2","turnId":"489fc7ee-7076-430c-b221-65c7f9f675ee","rootTurnId":"489fc7ee-7076-430c-b221-65c7f9f675ee"}
{"timestamp":"2026-08-24T09:25:37.001Z","level":"info","message":"[q-developer-converse] Request payload: 713532 chars, 260 history messages, conversationId=sess_2157ab68-9c2a-49f4-a4c7-b0cbcad4c0d2","conversationId":"sess_2157ab68-9c2a-49f4-a4c7-b0cbcad4c0d2","turnId":"489fc7ee-7076-430c-b221-65c7f9f675ee","rootTurnId":"489fc7ee-7076-430c-b221-65c7f9f675ee"}
{"timestamp":"2026-08-24T09:25:37.008Z","level":"info","message":"fs.appendMessages.ok {\"system\":\"fs\",\"sessionId\":\"sess_2157ab68-9c2a-49f4-a4c7-b0cbcad4c0d2\",\"messageCount\":1,\"durationMs\":19}","conversationId":"sess_2157ab68-9c2a-49f4-a4c7-b0cbcad4c0d2","turnId":"489fc7ee-7076-430c-b221-65c7f9f675ee","rootTurnId":"489fc7ee-7076-430c-b221-65c7f9f675ee"}
{"timestamp":"2026-08-24T09:25:37.010Z","level":"info","message":"fs.appendMessages.ok {\"system\":\"fs\",\"sessionId\":\"sess_2157ab68-9c2a-49f4-a4c7-b0cbcad4c0d2\",\"messageCount\":1,\"durationMs\":2}","conversationId":"sess_2157ab68-9c2a-49f4-a4c7-b0cbcad4c0d2","turnId":"489fc7ee-7076-430c-b221-65c7f9f675ee","rootTurnId":"489fc7ee-7076-430c-b221-65c7f9f675ee"}
{"timestamp":"2026-08-24T09:25:41.520Z","level":"info","message":"[AgentIterator] Synchronizing results","conversationId":"sess_2157ab68-9c2a-49f4-a4c7-b0cbcad4c0d2","turnId":"489fc7ee-7076-430c-b221-65c7f9f675ee","rootTurnId":"489fc7ee-7076-430c-b221-65c7f9f675ee"}
{"timestamp":"2026-08-24T09:25:41.520Z","level":"info","message":"[AgentIterator] Processing intent detection result","conversationId":"sess_2157ab68-9c2a-49f4-a4c7-b0cbcad4c0d2","turnId":"489fc7ee-7076-430c-b221-65c7f9f675ee","rootTurnId":"489fc7ee-7076-430c-b221-65c7f9f675ee"}
{"timestamp":"2026-08-24T09:25:41.521Z","level":"info","message":"[ChatAgent] Processing model response stream","conversationId":"sess_2157ab68-9c2a-49f4-a4c7-b0cbcad4c0d2","turnId":"489fc7ee-7076-430c-b221-65c7f9f675ee","rootTurnId":"489fc7ee-7076-430c-b221-65c7f9f675ee"}
{"timestamp":"2026-08-24T09:25:41.521Z","level":"info","message":"[Steering] Populating steering for execution 489fc7ee-7076-430c-b221-65c7f9f675ee","conversationId":"sess_2157ab68-9c2a-49f4-a4c7-b0cbcad4c0d2","turnId":"489fc7ee-7076-430c-b221-65c7f9f675ee","rootTurnId":"489fc7ee-7076-430c-b221-65c7f9f675ee"}
{"timestamp":"2026-08-24T09:25:41.521Z","level":"info","message":"[Steering] ExistingFiles: /c:/Users/Student/.kiro/regen/vite.config.ts, /c:/Users/Student/.kiro/regen/tsconfig.app.json, /c:/Users/Student/.kiro/regen/src/lib/mockData.ts, /c:/Users/Student/.kiro/regen/src/pages/TrackCircuits.tsx, /c:/Users/Student/.kiro/regen/src/pages/Dashboard.tsx, /c:/Users/Student/.kiro/regen/src/pages/FBGMonitoring.tsx, /c:/Users/Student/.kiro/regen/src/lib/dataService.ts, /c:/Users/Student/.kiro/regen/src/App.tsx, /c:/Users/Student/.kiro/regen/src/main.tsx, /c:/Users/Student/.kiro/regen/src/index.css, /c:/Users/Student/.kiro/regen/index.html, /c:/Users/Student/.kiro/regen/src/lib/dataService.ts, /c:/Users/Student/.kiro/regen/src/lib/mockData.ts, /c:/Users/Student/.kiro/regen/src/pages/Dashboard.tsx, /c:/Users/Student/.kiro/regen/src/pages/Assets.tsx, /c:/Users/Student/.kiro/regen/src/pages/FBGMonitoring.tsx, /c:/Users/Student/.kiro/regen/src/pages/TrackCircuits.tsx in 489fc7ee-7076-430c-b221-65c7f9f675ee","conversationId":"sess_2157ab68-9c2a-49f4-a4c7-b0cbcad4c0d2","turnId":"489fc7ee-7076-430c-b221-65c7f9f675ee","rootTurnId":"489fc7ee-7076-430c-b221-65c7f9f675ee"}
{"timestamp":"2026-08-24T09:25:43.921Z","level":"info","message":"acp.policy-eval.complete {\"toolId\":\"fs_write\",\"effect\":\"allow\",\"capability\":\"fs_write\"}","conversationId":"sess_2157ab68-9c2a-49f4-a4c7-b0cbcad4c0d2","turnId":"489fc7ee-7076-430c-b221-65c7f9f675ee","rootTurnId":"489fc7ee-7076-430c-b221-65c7f9f675ee"}
{"timestamp":"2026-08-24T09:25:43.922Z","level":"info","message":"fs.appendMessages.ok {\"system\":\"fs\",\"sessionId\":\"sess_2157ab68-9c2a-49f4-a4c7-b0cbcad4c0d2\",\"messageCount\":1,\"durationMs\":11}","conversationId":"sess_2157ab68-9c2a-49f4-a4c7-b0cbcad4c0d2","turnId":"489fc7ee-7076-430c-b221-65c7f9f675ee","rootTurnId":"489fc7ee-7076-430c-b221-65c7f9f675ee"}
{"timestamp":"2026-08-24T09:25:43.927Z","level":"info","message":"fs.appendMessages.ok {\"system\":\"fs\",\"sessionId\":\"sess_2157ab68-9c2a-49f4-a4c7-b0cbcad4c0d2\",\"messageCount\":1,\"durationMs\":5}","conversationId":"sess_2157ab68-9c2a-49f4-a4c7-b0cbcad4c0d2","turnId":"489fc7ee-7076-430c-b221-65c7f9f675ee","rootTurnId":"489fc7ee-7076-430c-b221-65c7f9f675ee"}
{"timestamp":"2026-08-24T09:25:43.933Z","level":"info","message":"[SessionPersistence] Created snapshot a7f451dd for regen/index.html in session sess_2157ab68-9c2a-49f4-a4c7-b0cbcad4c0d2 (339 bytes)","conversationId":"sess_2157ab68-9c2a-49f4-a4c7-b0cbcad4c0d2","turnId":"489fc7ee-7076-430c-b221-65c7f9f675ee","rootTurnId":"489fc7ee-7076-430c-b221-65c7f9f675ee"}
{"timestamp":"2026-08-24T09:25:43.977Z","level":"info","message":"[SessionPersistence] Created snapshot 8bd70b97 for regen/index.html in session sess_2157ab68-9c2a-49f4-a4c7-b0cbcad4c0d2 (449 bytes)","conversationId":"sess_2157ab68-9c2a-49f4-a4c7-b0cbcad4c0d2","turnId":"489fc7ee-7076-430c-b221-65c7f9f675ee","rootTurnId":"489fc7ee-7076-430c-b221-65c7f9f675ee"}
{"timestamp":"2026-08-24T09:25:43.985Z","level":"info","message":"[AgentIterator] Parallel invoking agent","conversationId":"sess_2157ab68-9c2a-49f4-a4c7-b0cbcad4c0d2","turnId":"489fc7ee-7076-430c-b221-65c7f9f675ee","rootTurnId":"489fc7ee-7076-430c-b221-65c7f9f675ee"}
{"timestamp":"2026-08-24T09:25:43.985Z","level":"info","message":"[Steering] Populating steering for execution 489fc7ee-7076-430c-b221-65c7f9f675ee","conversationId":"sess_2157ab68-9c2a-49f4-a4c7-b0cbcad4c0d2","turnId":"489fc7ee-7076-430c-b221-65c7f9f675ee","rootTurnId":"489fc7ee-7076-430c-b221-65c7f9f675ee"}
{"timestamp":"2026-08-24T09:25:43.985Z","level":"info","message":"[Steering] ExistingFiles: /c:/Users/Student/.kiro/regen/vite.config.ts, /c:/Users/Student/.kiro/regen/tsconfig.app.json, /c:/Users/Student/.kiro/regen/src/lib/mockData.ts, /c:/Users/Student/.kiro/regen/src/pages/TrackCircuits.tsx, /c:/Users/Student/.kiro/regen/src/pages/Dashboard.tsx, /c:/Users/Student/.kiro/regen/src/pages/FBGMonitoring.tsx, /c:/Users/Student/.kiro/regen/src/lib/dataService.ts, /c:/Users/Student/.kiro/regen/src/App.tsx, /c:/Users/Student/.kiro/regen/src/main.tsx, /c:/Users/Student/.kiro/regen/src/index.css, /c:/Users/Student/.kiro/regen/index.html, /c:/Users/Student/.kiro/regen/src/lib/dataService.ts, /c:/Users/Student/.kiro/regen/src/lib/mockData.ts, /c:/Users/Student/.kiro/regen/src/pages/Dashboard.tsx, /c:/Users/Student/.kiro/regen/src/pages/Assets.tsx, /c:/Users/Student/.kiro/regen/src/pages/FBGMonitoring.tsx, /c:/Users/Student/.kiro/regen/src/pages/TrackCircuits.tsx in 489fc7ee-7076-430c-b221-65c7f9f675ee","conversationId":"sess_2157ab68-9c2a-49f4-a4c7-b0cbcad4c0d2","turnId":"489fc7ee-7076-430c-b221-65c7f9f675ee","rootTurnId":"489fc7ee-7076-430c-b221-65c7f9f675ee"}
{"timestamp":"2026-08-24T09:25:43.989Z","level":"info","message":"[q-developer-converse] Sending GenerateAssistantResponse modelId=auto agentMode=vibe origin=AI_EDITOR streaming=true conversationId=sess_2157ab68-9c2a-49f4-a4c7-b0cbcad4c0d2","conversationId":"sess_2157ab68-9c2a-49f4-a4c7-b0cbcad4c0d2","turnId":"489fc7ee-7076-430c-b221-65c7f9f675ee","rootTurnId":"489fc7ee-7076-430c-b221-65c7f9f675ee"}
{"timestamp":"2026-08-24T09:25:43.991Z","level":"info","message":"[q-developer-converse] Request payload: 714653 chars, 262 history messages, conversationId=sess_2157ab68-9c2a-49f4-a4c7-b0cbcad4c0d2","conversationId":"sess_2157ab68-9c2a-49f4-a4c7-b0cbcad4c0d2","turnId":"489fc7ee-7076-430c-b221-65c7f9f675ee","rootTurnId":"489fc7ee-7076-430c-b221-65c7f9f675ee"}
{"timestamp":"2026-08-24T09:25:43.999Z","level":"info","message":"fs.appendMessages.ok {\"system\":\"fs\",\"sessionId\":\"sess_2157ab68-9c2a-49f4-a4c7-b0cbcad4c0d2\",\"messageCount\":2,\"durationMs\":22}","conversationId":"sess_2157ab68-9c2a-49f4-a4c7-b0cbcad4c0d2","turnId":"489fc7ee-7076-430c-b221-65c7f9f675ee","rootTurnId":"489fc7ee-7076-430c-b221-65c7f9f675ee"}
{"timestamp":"2026-08-24T09:25:48.134Z","level":"info","message":"[AgentIterator] Synchronizing results","conversationId":"sess_2157ab68-9c2a-49f4-a4c7-b0cbcad4c0d2","turnId":"489fc7ee-7076-430c-b221-65c7f9f675ee","rootTurnId":"489fc7ee-7076-430c-b221-65c7f9f675ee"}
{"timestamp":"2026-08-24T09:25:48.134Z","level":"info","message":"[AgentIterator] Processing intent detection result","conversationId":"sess_2157ab68-9c2a-49f4-a4c7-b0cbcad4c0d2","turnId":"489fc7ee-7076-430c-b221-65c7f9f675ee","rootTurnId":"489fc7ee-7076-430c-b221-65c7f9f675ee"}
{"timestamp":"2026-08-24T09:25:48.135Z","level":"info","message":"[ChatAgent] Processing model response stream","conversationId":"sess_2157ab68-9c2a-49f4-a4c7-b0cbcad4c0d2","turnId":"489fc7ee-7076-430c-b221-65c7f9f675ee","rootTurnId":"489fc7ee-7076-430c-b221-65c7f9f675ee"}
{"timestamp":"2026-08-24T09:25:48.135Z","level":"info","message":"[Steering] Populating steering for execution 489fc7ee-7076-430c-b221-65c7f9f675ee","conversationId":"sess_2157ab68-9c2a-49f4-a4c7-b0cbcad4c0d2","turnId":"489fc7ee-7076-430c-b221-65c7f9f675ee","rootTurnId":"489fc7ee-7076-430c-b221-65c7f9f675ee"}
{"timestamp":"2026-08-24T09:25:48.135Z","level":"info","message":"[Steering] ExistingFiles: /c:/Users/Student/.kiro/regen/vite.config.ts, /c:/Users/Student/.kiro/regen/tsconfig.app.json, /c:/Users/Student/.kiro/regen/src/lib/mockData.ts, /c:/Users/Student/.kiro/regen/src/pages/TrackCircuits.tsx, /c:/Users/Student/.kiro/regen/src/pages/Dashboard.tsx, /c:/Users/Student/.kiro/regen/src/pages/FBGMonitoring.tsx, /c:/Users/Student/.kiro/regen/src/lib/dataService.ts, /c:/Users/Student/.kiro/regen/src/App.tsx, /c:/Users/Student/.kiro/regen/src/main.tsx, /c:/Users/Student/.kiro/regen/src/index.css, /c:/Users/Student/.kiro/regen/index.html, /c:/Users/Student/.kiro/regen/src/lib/dataService.ts, /c:/Users/Student/.kiro/regen/src/lib/mockData.ts, /c:/Users/Student/.kiro/regen/src/pages/Dashboard.tsx, /c:/Users/Student/.kiro/regen/src/pages/Assets.tsx, /c:/Users/Student/.kiro/regen/src/pages/FBGMonitoring.tsx, /c:/Users/Student/.kiro/regen/src/pages/TrackCircuits.tsx in 489fc7ee-7076-430c-b221-65c7f9f675ee","conversationId":"sess_2157ab68-9c2a-49f4-a4c7-b0cbcad4c0d2","turnId":"489fc7ee-7076-430c-b221-65c7f9f675ee","rootTurnId":"489fc7ee-7076-430c-b221-65c7f9f675ee"}
{"timestamp":"2026-08-24T09:25:53.060Z","level":"info","message":"acp.policy-eval.complete {\"toolId\":\"fs_write\",\"effect\":\"allow\",\"capability\":\"fs_write\"}","conversationId":"sess_2157ab68-9c2a-49f4-a4c7-b0cbcad4c0d2","turnId":"489fc7ee-7076-430c-b221-65c7f9f675ee","rootTurnId":"489fc7ee-7076-430c-b221-65c7f9f675ee"}
{"timestamp":"2026-08-24T09:25:53.069Z","level":"info","message":"[SessionPersistence] Snapshot deduplicated for regen/src/App.tsx in session sess_2157ab68-9c2a-49f4-a4c7-b0cbcad4c0d2 (reused e11a41f8)","conversationId":"sess_2157ab68-9c2a-49f4-a4c7-b0cbcad4c0d2","turnId":"489fc7ee-7076-430c-b221-65c7f9f675ee","rootTurnId":"489fc7ee-7076-430c-b221-65c7f9f675ee"}
{"timestamp":"2026-08-24T09:25:53.089Z","level":"info","message":"[SessionPersistence] Snapshot deduplicated for regen/src/App.tsx in session sess_2157ab68-9c2a-49f4-a4c7-b0cbcad4c0d2 (reused 100fd3d2)","conversationId":"sess_2157ab68-9c2a-49f4-a4c7-b0cbcad4c0d2","turnId":"489fc7ee-7076-430c-b221-65c7f9f675ee","rootTurnId":"489fc7ee-7076-430c-b221-65c7f9f675ee"}
{"timestamp":"2026-08-24T09:25:53.092Z","level":"info","message":"fs.appendMessages.ok {\"system\":\"fs\",\"sessionId\":\"sess_2157ab68-9c2a-49f4-a4c7-b0cbcad4c0d2\",\"messageCount\":2,\"durationMs\":3}","conversationId":"sess_2157ab68-9c2a-49f4-a4c7-b0cbcad4c0d2","turnId":"489fc7ee-7076-430c-b221-65c7f9f675ee","rootTurnId":"489fc7ee-7076-430c-b221-65c7f9f675ee"}
{"timestamp":"2026-08-24T09:25:53.266Z","level":"info","message":"[AgentIterator] Parallel invoking agent","conversationId":"sess_2157ab68-9c2a-49f4-a4c7-b0cbcad4c0d2","turnId":"489fc7ee-7076-430c-b221-65c7f9f675ee","rootTurnId":"489fc7ee-7076-430c-b221-65c7f9f675ee"}
{"timestamp":"2026-08-24T09:25:53.266Z","level":"info","message":"[Steering] Populating steering for execution 489fc7ee-7076-430c-b221-65c7f9f675ee","conversationId":"sess_2157ab68-9c2a-49f4-a4c7-b0cbcad4c0d2","turnId":"489fc7ee-7076-430c-b221-65c7f9f675ee","rootTurnId":"489fc7ee-7076-430c-b221-65c7f9f675ee"}
{"timestamp":"2026-08-24T09:25:53.266Z","level":"info","message":"[Steering] ExistingFiles: /c:/Users/Student/.kiro/regen/vite.config.ts, /c:/Users/Student/.kiro/regen/tsconfig.app.json, /c:/Users/Student/.kiro/regen/src/lib/mockData.ts, /c:/Users/Student/.kiro/regen/src/pages/TrackCircuits.tsx, /c:/Users/Student/.kiro/regen/src/pages/Dashboard.tsx, /c:/Users/Student/.kiro/regen/src/pages/FBGMonitoring.tsx, /c:/Users/Student/.kiro/regen/src/lib/dataService.ts, /c:/Users/Student/.kiro/regen/src/App.tsx, /c:/Users/Student/.kiro/regen/src/main.tsx, /c:/Users/Student/.kiro/regen/src/index.css, /c:/Users/Student/.kiro/regen/index.html, /c:/Users/Student/.kiro/regen/src/lib/dataService.ts, /c:/Users/Student/.kiro/regen/src/lib/mockData.ts, /c:/Users/Student/.kiro/regen/src/pages/Dashboard.tsx, /c:/Users/Student/.kiro/regen/src/pages/Assets.tsx, /c:/Users/Student/.kiro/regen/src/pages/FBGMonitoring.tsx, /c:/Users/Student/.kiro/regen/src/pages/TrackCircuits.tsx in 489fc7ee-7076-430c-b221-65c7f9f675ee","conversationId":"sess_2157ab68-9c2a-49f4-a4c7-b0cbcad4c0d2","turnId":"489fc7ee-7076-430c-b221-65c7f9f675ee","rootTurnId":"489fc7ee-7076-430c-b221-65c7f9f675ee"}
{"timestamp":"2026-08-24T09:25:53.270Z","level":"info","message":"[q-developer-converse] Sending GenerateAssistantResponse modelId=auto agentMode=vibe origin=AI_EDITOR streaming=true conversationId=sess_2157ab68-9c2a-49f4-a4c7-b0cbcad4c0d2","conversationId":"sess_2157ab68-9c2a-49f4-a4c7-b0cbcad4c0d2","turnId":"489fc7ee-7076-430c-b221-65c7f9f675ee","rootTurnId":"489fc7ee-7076-430c-b221-65c7f9f675ee"}
{"timestamp":"2026-08-24T09:25:53.272Z","level":"info","message":"[q-developer-converse] Request payload: 717101 chars, 264 history messages, conversationId=sess_2157ab68-9c2a-49f4-a4c7-b0cbcad4c0d2","conversationId":"sess_2157ab68-9c2a-49f4-a4c7-b0cbcad4c0d2","turnId":"489fc7ee-7076-430c-b221-65c7f9f675ee","rootTurnId":"489fc7ee-7076-430c-b221-65c7f9f675ee"}
{"timestamp":"2026-08-24T09:25:53.280Z","level":"info","message":"fs.appendMessages.ok {\"system\":\"fs\",\"sessionId\":\"sess_2157ab68-9c2a-49f4-a4c7-b0cbcad4c0d2\",\"messageCount\":1,\"durationMs\":21}","conversationId":"sess_2157ab68-9c2a-49f4-a4c7-b0cbcad4c0d2","turnId":"489fc7ee-7076-430c-b221-65c7f9f675ee","rootTurnId":"489fc7ee-7076-430c-b221-65c7f9f675ee"}
{"timestamp":"2026-08-24T09:25:53.282Z","level":"info","message":"fs.appendMessages.ok {\"system\":\"fs\",\"sessionId\":\"sess_2157ab68-9c2a-49f4-a4c7-b0cbcad4c0d2\",\"messageCount\":1,\"durationMs\":2}","conversationId":"sess_2157ab68-9c2a-49f4-a4c7-b0cbcad4c0d2","turnId":"489fc7ee-7076-430c-b221-65c7f9f675ee","rootTurnId":"489fc7ee-7076-430c-b221-65c7f9f675ee"}
{"timestamp":"2026-08-24T09:25:57.663Z","level":"info","message":"[AgentIterator] Synchronizing results","conversationId":"sess_2157ab68-9c2a-49f4-a4c7-b0cbcad4c0d2","turnId":"489fc7ee-7076-430c-b221-65c7f9f675ee","rootTurnId":"489fc7ee-7076-430c-b221-65c7f9f675ee"}
{"timestamp":"2026-08-24T09:25:57.663Z","level":"info","message":"[AgentIterator] Processing intent detection result","conversationId":"sess_2157ab68-9c2a-49f4-a4c7-b0cbcad4c0d2","turnId":"489fc7ee-7076-430c-b221-65c7f9f675ee","rootTurnId":"489fc7ee-7076-430c-b221-65c7f9f675ee"}
{"timestamp":"2026-08-24T09:25:57.664Z","level":"info","message":"[ChatAgent] Processing model response stream","conversationId":"sess_2157ab68-9c2a-49f4-a4c7-b0cbcad4c0d2","turnId":"489fc7ee-7076-430c-b221-65c7f9f675ee","rootTurnId":"489fc7ee-7076-430c-b221-65c7f9f675ee"}
{"timestamp":"2026-08-24T09:25:57.664Z","level":"info","message":"[Steering] Populating steering for execution 489fc7ee-7076-430c-b221-65c7f9f675ee","conversationId":"sess_2157ab68-9c2a-49f4-a4c7-b0cbcad4c0d2","turnId":"489fc7ee-7076-430c-b221-65c7f9f675ee","rootTurnId":"489fc7ee-7076-430c-b221-65c7f9f675ee"}
{"timestamp":"2026-08-24T09:25:57.664Z","level":"info","message":"[Steering] ExistingFiles: /c:/Users/Student/.kiro/regen/vite.config.ts, /c:/Users/Student/.kiro/regen/tsconfig.app.json, /c:/Users/Student/.kiro/regen/src/lib/mockData.ts, /c:/Users/Student/.kiro/regen/src/pages/TrackCircuits.tsx, /c:/Users/Student/.kiro/regen/src/pages/Dashboard.tsx, /c:/Users/Student/.kiro/regen/src/pages/FBGMonitoring.tsx, /c:/Users/Student/.kiro/regen/src/lib/dataService.ts, /c:/Users/Student/.kiro/regen/src/App.tsx, /c:/Users/Student/.kiro/regen/src/main.tsx, /c:/Users/Student/.kiro/regen/src/index.css, /c:/Users/Student/.kiro/regen/index.html, /c:/Users/Student/.kiro/regen/src/lib/dataService.ts, /c:/Users/Student/.kiro/regen/src/lib/mockData.ts, /c:/Users/Student/.kiro/regen/src/pages/Dashboard.tsx, /c:/Users/Student/.kiro/regen/src/pages/Assets.tsx, /c:/Users/Student/.kiro/regen/src/pages/FBGMonitoring.tsx, /c:/Users/Student/.kiro/regen/src/pages/TrackCircuits.tsx in 489fc7ee-7076-430c-b221-65c7f9f675ee","conversationId":"sess_2157ab68-9c2a-49f4-a4c7-b0cbcad4c0d2","turnId":"489fc7ee-7076-430c-b221-65c7f9f675ee","rootTurnId":"489fc7ee-7076-430c-b221-65c7f9f675ee"}
{"timestamp":"2026-08-24T09:25:58.603Z","level":"info","message":"fs.appendMessages.ok {\"system\":\"fs\",\"sessionId\":\"sess_2157ab68-9c2a-49f4-a4c7-b0cbcad4c0d2\",\"messageCount\":1,\"durationMs\":3}","conversationId":"sess_2157ab68-9c2a-49f4-a4c7-b0cbcad4c0d2","turnId":"489fc7ee-7076-430c-b221-65c7f9f675ee","rootTurnId":"489fc7ee-7076-430c-b221-65c7f9f675ee"}
{"timestamp":"2026-08-24T09:26:01.187Z","level":"info","message":"acp.policy-eval.complete {\"toolId\":\"read_files\",\"effect\":\"allow\",\"capability\":\"fs_read\"}","conversationId":"sess_2157ab68-9c2a-49f4-a4c7-b0cbcad4c0d2","turnId":"489fc7ee-7076-430c-b221-65c7f9f675ee","rootTurnId":"489fc7ee-7076-430c-b221-65c7f9f675ee"}
{"timestamp":"2026-08-24T09:26:01.194Z","level":"error","message":"[read_files] Failed to read file 'c:\\Users\\Student\\.kiro\\regen\\src\\pages\\Alerts.tsx': Path does not exist: c:\\Users\\Student\\.kiro\\regen\\src\\pages\\Alerts.tsx","conversationId":"sess_2157ab68-9c2a-49f4-a4c7-b0cbcad4c0d2","turnId":"489fc7ee-7076-430c-b221-65c7f9f675ee","rootTurnId":"489fc7ee-7076-430c-b221-65c7f9f675ee"}
{"timestamp":"2026-08-24T09:26:01.198Z","level":"warn","message":"[read_files] Partial success: 5/6 files read successfully, 1 failed","conversationId":"sess_2157ab68-9c2a-49f4-a4c7-b0cbcad4c0d2","turnId":"489fc7ee-7076-430c-b221-65c7f9f675ee","rootTurnId":"489fc7ee-7076-430c-b221-65c7f9f675ee"}
{"timestamp":"2026-08-24T09:26:01.200Z","level":"info","message":"fs.appendMessages.ok {\"system\":\"fs\",\"sessionId\":\"sess_2157ab68-9c2a-49f4-a4c7-b0cbcad4c0d2\",\"messageCount\":2,\"durationMs\":2}","conversationId":"sess_2157ab68-9c2a-49f4-a4c7-b0cbcad4c0d2","turnId":"489fc7ee-7076-430c-b221-65c7f9f675ee","rootTurnId":"489fc7ee-7076-430c-b221-65c7f9f675ee"}
{"timestamp":"2026-08-24T09:26:01.469Z","level":"info","message":"[AgentIterator] Parallel invoking agent","conversationId":"sess_2157ab68-9c2a-49f4-a4c7-b0cbcad4c0d2","turnId":"489fc7ee-7076-430c-b221-65c7f9f675ee","rootTurnId":"489fc7ee-7076-430c-b221-65c7f9f675ee"}
{"timestamp":"2026-08-24T09:26:01.469Z","level":"info","message":"[Steering] Populating steering for execution 489fc7ee-7076-430c-b221-65c7f9f675ee","conversationId":"sess_2157ab68-9c2a-49f4-a4c7-b0cbcad4c0d2","turnId":"489fc7ee-7076-430c-b221-65c7f9f675ee","rootTurnId":"489fc7ee-7076-430c-b221-65c7f9f675ee"}
{"timestamp":"2026-08-24T09:26:01.469Z","level":"info","message":"[Steering] ExistingFiles: /c:/Users/Student/.kiro/regen/vite.config.ts, /c:/Users/Student/.kiro/regen/tsconfig.app.json, /c:/Users/Student/.kiro/regen/src/lib/mockData.ts, /c:/Users/Student/.kiro/regen/src/pages/TrackCircuits.tsx, /c:/Users/Student/.kiro/regen/src/pages/Dashboard.tsx, /c:/Users/Student/.kiro/regen/src/pages/FBGMonitoring.tsx, /c:/Users/Student/.kiro/regen/src/lib/dataService.ts, /c:/Users/Student/.kiro/regen/src/App.tsx, /c:/Users/Student/.kiro/regen/src/main.tsx, /c:/Users/Student/.kiro/regen/src/index.css, /c:/Users/Student/.kiro/regen/index.html, /c:/Users/Student/.kiro/regen/src/lib/dataService.ts, /c:/Users/Student/.kiro/regen/src/lib/mockData.ts, /c:/Users/Student/.kiro/regen/src/pages/Dashboard.tsx, /c:/Users/Student/.kiro/regen/src/pages/Assets.tsx, /c:/Users/Student/.kiro/regen/src/pages/FBGMonitoring.tsx, /c:/Users/Student/.kiro/regen/src/pages/TrackCircuits.tsx, /c:/Users/Student/.kiro/regen/src/pages/Dashboard.tsx, /c:/Users/Student/.kiro/regen/src/pages/TrackCircuits.tsx, /c:/Users/Student/.kiro/regen/src/pages/Alerts.tsx, /c:/Users/Student/.kiro/regen/src/pages/Inspections.tsx, /c:/Users/Student/.kiro/regen/src/pages/Maintenance.tsx, /c:/Users/Student/.kiro/regen/src/pages/Reports.tsx in 489fc7ee-7076-430c-b221-65c7f9f675ee","conversationId":"sess_2157ab68-9c2a-49f4-a4c7-b0cbcad4c0d2","turnId":"489fc7ee-7076-430c-b221-65c7f9f675ee","rootTurnId":"489fc7ee-7076-430c-b221-65c7f9f675ee"}
{"timestamp":"2026-08-24T09:26:01.474Z","level":"info","message":"[q-developer-converse] Sending GenerateAssistantResponse modelId=auto agentMode=vibe origin=AI_EDITOR streaming=true conversationId=sess_2157ab68-9c2a-49f4-a4c7-b0cbcad4c0d2","conversationId":"sess_2157ab68-9c2a-49f4-a4c7-b0cbcad4c0d2","turnId":"489fc7ee-7076-430c-b221-65c7f9f675ee","rootTurnId":"489fc7ee-7076-430c-b221-65c7f9f675ee"}
{"timestamp":"2026-08-24T09:26:01.476Z","level":"info","message":"[q-developer-converse] Request payload: 721475 chars, 266 history messages, conversationId=sess_2157ab68-9c2a-49f4-a4c7-b0cbcad4c0d2","conversationId":"sess_2157ab68-9c2a-49f4-a4c7-b0cbcad4c0d2","turnId":"489fc7ee-7076-430c-b221-65c7f9f675ee","rootTurnId":"489fc7ee-7076-430c-b221-65c7f9f675ee"}
{"timestamp":"2026-08-24T09:26:01.484Z","level":"info","message":"fs.appendMessages.ok {\"system\":\"fs\",\"sessionId\":\"sess_2157ab68-9c2a-49f4-a4c7-b0cbcad4c0d2\",\"messageCount\":1,\"durationMs\":20}","conversationId":"sess_2157ab68-9c2a-49f4-a4c7-b0cbcad4c0d2","turnId":"489fc7ee-7076-430c-b221-65c7f9f675ee","rootTurnId":"489fc7ee-7076-430c-b221-65c7f9f675ee"}
{"timestamp":"2026-08-24T09:26:01.486Z","level":"info","message":"fs.appendMessages.ok {\"system\":\"fs\",\"sessionId\":\"sess_2157ab68-9c2a-49f4-a4c7-b0cbcad4c0d2\",\"messageCount\":1,\"durationMs\":2}","conversationId":"sess_2157ab68-9c2a-49f4-a4c7-b0cbcad4c0d2","turnId":"489fc7ee-7076-430c-b221-65c7f9f675ee","rootTurnId":"489fc7ee-7076-430c-b221-65c7f9f675ee"}
{"timestamp":"2026-08-24T09:26:05.509Z","level":"info","message":"[AgentIterator] Synchronizing results","conversationId":"sess_2157ab68-9c2a-49f4-a4c7-b0cbcad4c0d2","turnId":"489fc7ee-7076-430c-b221-65c7f9f675ee","rootTurnId":"489fc7ee-7076-430c-b221-65c7f9f675ee"}
{"timestamp":"2026-08-24T09:26:05.509Z","level":"info","message":"[AgentIterator] Processing intent detection result","conversationId":"sess_2157ab68-9c2a-49f4-a4c7-b0cbcad4c0d2","turnId":"489fc7ee-7076-430c-b221-65c7f9f675ee","rootTurnId":"489fc7ee-7076-430c-b221-65c7f9f675ee"}
{"timestamp":"2026-08-24T09:26:05.509Z","level":"info","message":"[ChatAgent] Processing model response stream","conversationId":"sess_2157ab68-9c2a-49f4-a4c7-b0cbcad4c0d2","turnId":"489fc7ee-7076-430c-b221-65c7f9f675ee","rootTurnId":"489fc7ee-7076-430c-b221-65c7f9f675ee"}
{"timestamp":"2026-08-24T09:26:05.509Z","level":"info","message":"[Steering] Populating steering for execution 489fc7ee-7076-430c-b221-65c7f9f675ee","conversationId":"sess_2157ab68-9c2a-49f4-a4c7-b0cbcad4c0d2","turnId":"489fc7ee-7076-430c-b221-65c7f9f675ee","rootTurnId":"489fc7ee-7076-430c-b221-65c7f9f675ee"}
{"timestamp":"2026-08-24T09:26:05.510Z","level":"info","message":"[Steering] ExistingFiles: /c:/Users/Student/.kiro/regen/vite.config.ts, /c:/Users/Student/.kiro/regen/tsconfig.app.json, /c:/Users/Student/.kiro/regen/src/lib/mockData.ts, /c:/Users/Student/.kiro/regen/src/pages/TrackCircuits.tsx, /c:/Users/Student/.kiro/regen/src/pages/Dashboard.tsx, /c:/Users/Student/.kiro/regen/src/pages/FBGMonitoring.tsx, /c:/Users/Student/.kiro/regen/src/lib/dataService.ts, /c:/Users/Student/.kiro/regen/src/App.tsx, /c:/Users/Student/.kiro/regen/src/main.tsx, /c:/Users/Student/.kiro/regen/src/index.css, /c:/Users/Student/.kiro/regen/index.html, /c:/Users/Student/.kiro/regen/src/lib/dataService.ts, /c:/Users/Student/.kiro/regen/src/lib/mockData.ts, /c:/Users/Student/.kiro/regen/src/pages/Dashboard.tsx, /c:/Users/Student/.kiro/regen/src/pages/Assets.tsx, /c:/Users/Student/.kiro/regen/src/pages/FBGMonitoring.tsx, /c:/Users/Student/.kiro/regen/src/pages/TrackCircuits.tsx, /c:/Users/Student/.kiro/regen/src/pages/Dashboard.tsx, /c:/Users/Student/.kiro/regen/src/pages/TrackCircuits.tsx, /c:/Users/Student/.kiro/regen/src/pages/Alerts.tsx, /c:/Users/Student/.kiro/regen/src/pages/Inspections.tsx, /c:/Users/Student/.kiro/regen/src/pages/Maintenance.tsx, /c:/Users/Student/.kiro/regen/src/pages/Reports.tsx in 489fc7ee-7076-430c-b221-65c7f9f675ee","conversationId":"sess_2157ab68-9c2a-49f4-a4c7-b0cbcad4c0d2","turnId":"489fc7ee-7076-430c-b221-65c7f9f675ee","rootTurnId":"489fc7ee-7076-430c-b221-65c7f9f675ee"}
{"timestamp":"2026-08-24T09:26:06.786Z","level":"info","message":"fs.appendMessages.ok {\"system\":\"fs\",\"sessionId\":\"sess_2157ab68-9c2a-49f4-a4c7-b0cbcad4c0d2\",\"messageCount\":1,\"durationMs\":2}","conversationId":"sess_2157ab68-9c2a-49f4-a4c7-b0cbcad4c0d2","turnId":"489fc7ee-7076-430c-b221-65c7f9f675ee","rootTurnId":"489fc7ee-7076-430c-b221-65c7f9f675ee"}
{"timestamp":"2026-08-24T09:26:17.028Z","level":"info","message":"network.listAvailableModels.ok {\"system\":\"network\",\"durationMs\":1211}"}
{"timestamp":"2026-08-24T09:26:17.028Z","level":"info","message":"[ACPModelConfigProvider] Loaded 9 models"}
{"timestamp":"2026-08-24T09:26:46.463Z","level":"info","message":"acp.policy-eval.complete {\"toolId\":\"fs_write\",\"effect\":\"allow\",\"capability\":\"fs_write\"}","conversationId":"sess_2157ab68-9c2a-49f4-a4c7-b0cbcad4c0d2","turnId":"489fc7ee-7076-430c-b221-65c7f9f675ee","rootTurnId":"489fc7ee-7076-430c-b221-65c7f9f675ee"}
{"timestamp":"2026-08-24T09:26:46.463Z","level":"info","message":"fs.appendMessages.ok {\"system\":\"fs\",\"sessionId\":\"sess_2157ab68-9c2a-49f4-a4c7-b0cbcad4c0d2\",\"messageCount\":1,\"durationMs\":11}","conversationId":"sess_2157ab68-9c2a-49f4-a4c7-b0cbcad4c0d2","turnId":"489fc7ee-7076-430c-b221-65c7f9f675ee","rootTurnId":"489fc7ee-7076-430c-b221-65c7f9f675ee"}
{"timestamp":"2026-08-24T09:26:46.470Z","level":"info","message":"fs.appendMessages.ok {\"system\":\"fs\",\"sessionId\":\"sess_2157ab68-9c2a-49f4-a4c7-b0cbcad4c0d2\",\"messageCount\":1,\"durationMs\":7}","conversationId":"sess_2157ab68-9c2a-49f4-a4c7-b0cbcad4c0d2","turnId":"489fc7ee-7076-430c-b221-65c7f9f675ee","rootTurnId":"489fc7ee-7076-430c-b221-65c7f9f675ee"}
{"timestamp":"2026-08-24T09:26:46.474Z","level":"info","message":"[SessionPersistence] Snapshot deduplicated for regen/src/pages/Dashboard.tsx in session sess_2157ab68-9c2a-49f4-a4c7-b0cbcad4c0d2 (reused d403d227)","conversationId":"sess_2157ab68-9c2a-49f4-a4c7-b0cbcad4c0d2","turnId":"489fc7ee-7076-430c-b221-65c7f9f675ee","rootTurnId":"489fc7ee-7076-430c-b221-65c7f9f675ee"}
{"timestamp":"2026-08-24T09:26:46.526Z","level":"info","message":"[SessionPersistence] Created snapshot 0d60313f for regen/src/pages/Dashboard.tsx in session sess_2157ab68-9c2a-49f4-a4c7-b0cbcad4c0d2 (10330 bytes)","conversationId":"sess_2157ab68-9c2a-49f4-a4c7-b0cbcad4c0d2","turnId":"489fc7ee-7076-430c-b221-65c7f9f675ee","rootTurnId":"489fc7ee-7076-430c-b221-65c7f9f675ee"}
{"timestamp":"2026-08-24T09:26:46.537Z","level":"info","message":"[AgentIterator] Parallel invoking agent","conversationId":"sess_2157ab68-9c2a-49f4-a4c7-b0cbcad4c0d2","turnId":"489fc7ee-7076-430c-b221-65c7f9f675ee","rootTurnId":"489fc7ee-7076-430c-b221-65c7f9f675ee"}
{"timestamp":"2026-08-24T09:26:46.537Z","level":"info","message":"[Steering] Populating steering for execution 489fc7ee-7076-430c-b221-65c7f9f675ee","conversationId":"sess_2157ab68-9c2a-49f4-a4c7-b0cbcad4c0d2","turnId":"489fc7ee-7076-430c-b221-65c7f9f675ee","rootTurnId":"489fc7ee-7076-430c-b221-65c7f9f675ee"}
{"timestamp":"2026-08-24T09:26:46.537Z","level":"info","message":"[Steering] ExistingFiles: /c:/Users/Student/.kiro/regen/vite.config.ts, /c:/Users/Student/.kiro/regen/tsconfig.app.json, /c:/Users/Student/.kiro/regen/src/lib/mockData.ts, /c:/Users/Student/.kiro/regen/src/pages/TrackCircuits.tsx, /c:/Users/Student/.kiro/regen/src/pages/Dashboard.tsx, /c:/Users/Student/.kiro/regen/src/pages/FBGMonitoring.tsx, /c:/Users/Student/.kiro/regen/src/lib/dataService.ts, /c:/Users/Student/.kiro/regen/src/App.tsx, /c:/Users/Student/.kiro/regen/src/main.tsx, /c:/Users/Student/.kiro/regen/src/index.css, /c:/Users/Student/.kiro/regen/index.html, /c:/Users/Student/.kiro/regen/src/lib/dataService.ts, /c:/Users/Student/.kiro/regen/src/lib/mockData.ts, /c:/Users/Student/.kiro/regen/src/pages/Dashboard.tsx, /c:/Users/Student/.kiro/regen/src/pages/Assets.tsx, /c:/Users/Student/.kiro/regen/src/pages/FBGMonitoring.tsx, /c:/Users/Student/.kiro/regen/src/pages/TrackCircuits.tsx, /c:/Users/Student/.kiro/regen/src/pages/Dashboard.tsx, /c:/Users/Student/.kiro/regen/src/pages/TrackCircuits.tsx, /c:/Users/Student/.kiro/regen/src/pages/Alerts.tsx, /c:/Users/Student/.kiro/regen/src/pages/Inspections.tsx, /c:/Users/Student/.kiro/regen/src/pages/Maintenance.tsx, /c:/Users/Student/.kiro/regen/src/pages/Reports.tsx in 489fc7ee-7076-430c-b221-65c7f9f675ee","conversationId":"sess_2157ab68-9c2a-49f4-a4c7-b0cbcad4c0d2","turnId":"489fc7ee-7076-430c-b221-65c7f9f675ee","rootTurnId":"489fc7ee-7076-430c-b221-65c7f9f675ee"}
{"timestamp":"2026-08-24T09:26:46.543Z","level":"info","message":"[q-developer-converse] Sending GenerateAssistantResponse modelId=auto agentMode=vibe origin=AI_EDITOR streaming=true conversationId=sess_2157ab68-9c2a-49f4-a4c7-b0cbcad4c0d2","conversationId":"sess_2157ab68-9c2a-49f4-a4c7-b0cbcad4c0d2","turnId":"489fc7ee-7076-430c-b221-65c7f9f675ee","rootTurnId":"489fc7ee-7076-430c-b221-65c7f9f675ee"}
{"timestamp":"2026-08-24T09:26:46.545Z","level":"info","message":"[q-developer-converse] Request payload: 732838 chars, 268 history messages, conversationId=sess_2157ab68-9c2a-49f4-a4c7-b0cbcad4c0d2","conversationId":"sess_2157ab68-9c2a-49f4-a4c7-b0cbcad4c0d2","turnId":"489fc7ee-7076-430c-b221-65c7f9f675ee","rootTurnId":"489fc7ee-7076-430c-b221-65c7f9f675ee"}
{"timestamp":"2026-08-24T09:26:46.555Z","level":"info","message":"fs.appendMessages.ok {\"system\":\"fs\",\"sessionId\":\"sess_2157ab68-9c2a-49f4-a4c7-b0cbcad4c0d2\",\"messageCount\":2,\"durationMs\":27}","conversationId":"sess_2157ab68-9c2a-49f4-a4c7-b0cbcad4c0d2","turnId":"489fc7ee-7076-430c-b221-65c7f9f675ee","rootTurnId":"489fc7ee-7076-430c-b221-65c7f9f675ee"}
{"timestamp":"2026-08-24T09:26:50.822Z","level":"info","message":"[AgentIterator] Synchronizing results","conversationId":"sess_2157ab68-9c2a-49f4-a4c7-b0cbcad4c0d2","turnId":"489fc7ee-7076-430c-b221-65c7f9f675ee","rootTurnId":"489fc7ee-7076-430c-b221-65c7f9f675ee"}
{"timestamp":"2026-08-24T09:26:50.822Z","level":"info","message":"[AgentIterator] Processing intent detection result","conversationId":"sess_2157ab68-9c2a-49f4-a4c7-b0cbcad4c0d2","turnId":"489fc7ee-7076-430c-b221-65c7f9f675ee","rootTurnId":"489fc7ee-7076-430c-b221-65c7f9f675ee"}
{"timestamp":"2026-08-24T09:26:50.823Z","level":"info","message":"[ChatAgent] Processing model response stream","conversationId":"sess_2157ab68-9c2a-49f4-a4c7-b0cbcad4c0d2","turnId":"489fc7ee-7076-430c-b221-65c7f9f675ee","rootTurnId":"489fc7ee-7076-430c-b221-65c7f9f675ee"}
{"timestamp":"2026-08-24T09:26:50.823Z","level":"info","message":"[Steering] Populating steering for execution 489fc7ee-7076-430c-b221-65c7f9f675ee","conversationId":"sess_2157ab68-9c2a-49f4-a4c7-b0cbcad4c0d2","turnId":"489fc7ee-7076-430c-b221-65c7f9f675ee","rootTurnId":"489fc7ee-7076-430c-b221-65c7f9f675ee"}
{"timestamp":"2026-08-24T09:26:50.823Z","level":"info","message":"[Steering] ExistingFiles: /c:/Users/Student/.kiro/regen/vite.config.ts, /c:/Users/Student/.kiro/regen/tsconfig.app.json, /c:/Users/Student/.kiro/regen/src/lib/mockData.ts, /c:/Users/Student/.kiro/regen/src/pages/TrackCircuits.tsx, /c:/Users/Student/.kiro/regen/src/pages/Dashboard.tsx, /c:/Users/Student/.kiro/regen/src/pages/FBGMonitoring.tsx, /c:/Users/Student/.kiro/regen/src/lib/dataService.ts, /c:/Users/Student/.kiro/regen/src/App.tsx, /c:/Users/Student/.kiro/regen/src/main.tsx, /c:/Users/Student/.kiro/regen/src/index.css, /c:/Users/Student/.kiro/regen/index.html, /c:/Users/Student/.kiro/regen/src/lib/dataService.ts, /c:/Users/Student/.kiro/regen/src/lib/mockData.ts, /c:/Users/Student/.kiro/regen/src/pages/Dashboard.tsx, /c:/Users/Student/.kiro/regen/src/pages/Assets.tsx, /c:/Users/Student/.kiro/regen/src/pages/FBGMonitoring.tsx, /c:/Users/Student/.kiro/regen/src/pages/TrackCircuits.tsx, /c:/Users/Student/.kiro/regen/src/pages/Dashboard.tsx, /c:/Users/Student/.kiro/regen/src/pages/TrackCircuits.tsx, /c:/Users/Student/.kiro/regen/src/pages/Alerts.tsx, /c:/Users/Student/.kiro/regen/src/pages/Inspections.tsx, /c:/Users/Student/.kiro/regen/src/pages/Maintenance.tsx, /c:/Users/Student/.kiro/regen/src/pages/Reports.tsx in 489fc7ee-7076-430c-b221-65c7f9f675ee","conversationId":"sess_2157ab68-9c2a-49f4-a4c7-b0cbcad4c0d2","turnId":"489fc7ee-7076-430c-b221-65c7f9f675ee","rootTurnId":"489fc7ee-7076-430c-b221-65c7f9f675ee"}
{"timestamp":"2026-08-24T09:27:22.712Z","level":"info","message":"acp.policy-eval.complete {\"toolId\":\"fs_write\",\"effect\":\"allow\",\"capability\":\"fs_write\"}","conversationId":"sess_2157ab68-9c2a-49f4-a4c7-b0cbcad4c0d2","turnId":"489fc7ee-7076-430c-b221-65c7f9f675ee","rootTurnId":"489fc7ee-7076-430c-b221-65c7f9f675ee"}
{"timestamp":"2026-08-24T09:27:22.714Z","level":"info","message":"fs.appendMessages.ok {\"system\":\"fs\",\"sessionId\":\"sess_2157ab68-9c2a-49f4-a4c7-b0cbcad4c0d2\",\"messageCount\":1,\"durationMs\":12}","conversationId":"sess_2157ab68-9c2a-49f4-a4c7-b0cbcad4c0d2","turnId":"489fc7ee-7076-430c-b221-65c7f9f675ee","rootTurnId":"489fc7ee-7076-430c-b221-65c7f9f675ee"}
{"timestamp":"2026-08-24T09:27:22.722Z","level":"info","message":"fs.appendMessages.ok {\"system\":\"fs\",\"sessionId\":\"sess_2157ab68-9c2a-49f4-a4c7-b0cbcad4c0d2\",\"messageCount\":1,\"durationMs\":8}","conversationId":"sess_2157ab68-9c2a-49f4-a4c7-b0cbcad4c0d2","turnId":"489fc7ee-7076-430c-b221-65c7f9f675ee","rootTurnId":"489fc7ee-7076-430c-b221-65c7f9f675ee"}
{"timestamp":"2026-08-24T09:27:22.743Z","level":"info","message":"[SessionPersistence] Created snapshot 43495512 for regen/src/pages/NetworkMap.tsx in session sess_2157ab68-9c2a-49f4-a4c7-b0cbcad4c0d2 (10104 bytes)","conversationId":"sess_2157ab68-9c2a-49f4-a4c7-b0cbcad4c0d2","turnId":"489fc7ee-7076-430c-b221-65c7f9f675ee","rootTurnId":"489fc7ee-7076-430c-b221-65c7f9f675ee"}
{"timestamp":"2026-08-24T09:27:22.749Z","level":"info","message":"[AgentIterator] Parallel invoking agent","conversationId":"sess_2157ab68-9c2a-49f4-a4c7-b0cbcad4c0d2","turnId":"489fc7ee-7076-430c-b221-65c7f9f675ee","rootTurnId":"489fc7ee-7076-430c-b221-65c7f9f675ee"}
{"timestamp":"2026-08-24T09:27:22.749Z","level":"info","message":"[Steering] Populating steering for execution 489fc7ee-7076-430c-b221-65c7f9f675ee","conversationId":"sess_2157ab68-9c2a-49f4-a4c7-b0cbcad4c0d2","turnId":"489fc7ee-7076-430c-b221-65c7f9f675ee","rootTurnId":"489fc7ee-7076-430c-b221-65c7f9f675ee"}
{"timestamp":"2026-08-24T09:27:22.749Z","level":"info","message":"[Steering] ExistingFiles: /c:/Users/Student/.kiro/regen/vite.config.ts, /c:/Users/Student/.kiro/regen/tsconfig.app.json, /c:/Users/Student/.kiro/regen/src/lib/mockData.ts, /c:/Users/Student/.kiro/regen/src/pages/TrackCircuits.tsx, /c:/Users/Student/.kiro/regen/src/pages/Dashboard.tsx, /c:/Users/Student/.kiro/regen/src/pages/FBGMonitoring.tsx, /c:/Users/Student/.kiro/regen/src/lib/dataService.ts, /c:/Users/Student/.kiro/regen/src/App.tsx, /c:/Users/Student/.kiro/regen/src/main.tsx, /c:/Users/Student/.kiro/regen/src/index.css, /c:/Users/Student/.kiro/regen/index.html, /c:/Users/Student/.kiro/regen/src/lib/dataService.ts, /c:/Users/Student/.kiro/regen/src/lib/mockData.ts, /c:/Users/Student/.kiro/regen/src/pages/Dashboard.tsx, /c:/Users/Student/.kiro/regen/src/pages/Assets.tsx, /c:/Users/Student/.kiro/regen/src/pages/FBGMonitoring.tsx, /c:/Users/Student/.kiro/regen/src/pages/TrackCircuits.tsx, /c:/Users/Student/.kiro/regen/src/pages/Dashboard.tsx, /c:/Users/Student/.kiro/regen/src/pages/TrackCircuits.tsx, /c:/Users/Student/.kiro/regen/src/pages/Alerts.tsx, /c:/Users/Student/.kiro/regen/src/pages/Inspections.tsx, /c:/Users/Student/.kiro/regen/src/pages/Maintenance.tsx, /c:/Users/Student/.kiro/regen/src/pages/Reports.tsx in 489fc7ee-7076-430c-b221-65c7f9f675ee","conversationId":"sess_2157ab68-9c2a-49f4-a4c7-b0cbcad4c0d2","turnId":"489fc7ee-7076-430c-b221-65c7f9f675ee","rootTurnId":"489fc7ee-7076-430c-b221-65c7f9f675ee"}
{"timestamp":"2026-08-24T09:27:22.754Z","level":"info","message":"[q-developer-converse] Sending GenerateAssistantResponse modelId=auto agentMode=vibe origin=AI_EDITOR streaming=true conversationId=sess_2157ab68-9c2a-49f4-a4c7-b0cbcad4c0d2","conversationId":"sess_2157ab68-9c2a-49f4-a4c7-b0cbcad4c0d2","turnId":"489fc7ee-7076-430c-b221-65c7f9f675ee","rootTurnId":"489fc7ee-7076-430c-b221-65c7f9f675ee"}
{"timestamp":"2026-08-24T09:27:22.756Z","level":"info","message":"[q-developer-converse] Request payload: 743848 chars, 270 history messages, conversationId=sess_2157ab68-9c2a-49f4-a4c7-b0cbcad4c0d2","conversationId":"sess_2157ab68-9c2a-49f4-a4c7-b0cbcad4c0d2","turnId":"489fc7ee-7076-430c-b221-65c7f9f675ee","rootTurnId":"489fc7ee-7076-430c-b221-65c7f9f675ee"}
{"timestamp":"2026-08-24T09:27:22.764Z","level":"info","message":"fs.appendMessages.ok {\"system\":\"fs\",\"sessionId\":\"sess_2157ab68-9c2a-49f4-a4c7-b0cbcad4c0d2\",\"messageCount\":2,\"durationMs\":21}","conversationId":"sess_2157ab68-9c2a-49f4-a4c7-b0cbcad4c0d2","turnId":"489fc7ee-7076-430c-b221-65c7f9f675ee","rootTurnId":"489fc7ee-7076-430c-b221-65c7f9f675ee"}
{"timestamp":"2026-08-24T09:27:27.095Z","level":"info","message":"[AgentIterator] Synchronizing results","conversationId":"sess_2157ab68-9c2a-49f4-a4c7-b0cbcad4c0d2","turnId":"489fc7ee-7076-430c-b221-65c7f9f675ee","rootTurnId":"489fc7ee-7076-430c-b221-65c7f9f675ee"}
{"timestamp":"2026-08-24T09:27:27.095Z","level":"info","message":"[AgentIterator] Processing intent detection result","conversationId":"sess_2157ab68-9c2a-49f4-a4c7-b0cbcad4c0d2","turnId":"489fc7ee-7076-430c-b221-65c7f9f675ee","rootTurnId":"489fc7ee-7076-430c-b221-65c7f9f675ee"}
{"timestamp":"2026-08-24T09:27:27.095Z","level":"info","message":"[ChatAgent] Processing model response stream","conversationId":"sess_2157ab68-9c2a-49f4-a4c7-b0cbcad4c0d2","turnId":"489fc7ee-7076-430c-b221-65c7f9f675ee","rootTurnId":"489fc7ee-7076-430c-b221-65c7f9f675ee"}
{"timestamp":"2026-08-24T09:27:27.096Z","level":"info","message":"[Steering] Populating steering for execution 489fc7ee-7076-430c-b221-65c7f9f675ee","conversationId":"sess_2157ab68-9c2a-49f4-a4c7-b0cbcad4c0d2","turnId":"489fc7ee-7076-430c-b221-65c7f9f675ee","rootTurnId":"489fc7ee-7076-430c-b221-65c7f9f675ee"}
{"timestamp":"2026-08-24T09:27:27.096Z","level":"info","message":"[Steering] ExistingFiles: /c:/Users/Student/.kiro/regen/vite.config.ts, /c:/Users/Student/.kiro/regen/tsconfig.app.json, /c:/Users/Student/.kiro/regen/src/lib/mockData.ts, /c:/Users/Student/.kiro/regen/src/pages/TrackCircuits.tsx, /c:/Users/Student/.kiro/regen/src/pages/Dashboard.tsx, /c:/Users/Student/.kiro/regen/src/pages/FBGMonitoring.tsx, /c:/Users/Student/.kiro/regen/src/lib/dataService.ts, /c:/Users/Student/.kiro/regen/src/App.tsx, /c:/Users/Student/.kiro/regen/src/main.tsx, /c:/Users/Student/.kiro/regen/src/index.css, /c:/Users/Student/.kiro/regen/index.html, /c:/Users/Student/.kiro/regen/src/lib/dataService.ts, /c:/Users/Student/.kiro/regen/src/lib/mockData.ts, /c:/Users/Student/.kiro/regen/src/pages/Dashboard.tsx, /c:/Users/Student/.kiro/regen/src/pages/Assets.tsx, /c:/Users/Student/.kiro/regen/src/pages/FBGMonitoring.tsx, /c:/Users/Student/.kiro/regen/src/pages/TrackCircuits.tsx, /c:/Users/Student/.kiro/regen/src/pages/Dashboard.tsx, /c:/Users/Student/.kiro/regen/src/pages/TrackCircuits.tsx, /c:/Users/Student/.kiro/regen/src/pages/Alerts.tsx, /c:/Users/Student/.kiro/regen/src/pages/Inspections.tsx, /c:/Users/Student/.kiro/regen/src/pages/Maintenance.tsx, /c:/Users/Student/.kiro/regen/src/pages/Reports.tsx in 489fc7ee-7076-430c-b221-65c7f9f675ee","conversationId":"sess_2157ab68-9c2a-49f4-a4c7-b0cbcad4c0d2","turnId":"489fc7ee-7076-430c-b221-65c7f9f675ee","rootTurnId":"489fc7ee-7076-430c-b221-65c7f9f675ee"}
{"timestamp":"2026-08-24T09:28:14.488Z","level":"info","message":"acp.policy-eval.complete {\"toolId\":\"fs_write\",\"effect\":\"allow\",\"capability\":\"fs_write\"}","conversationId":"sess_2157ab68-9c2a-49f4-a4c7-b0cbcad4c0d2","turnId":"489fc7ee-7076-430c-b221-65c7f9f675ee","rootTurnId":"489fc7ee-7076-430c-b221-65c7f9f675ee"}
{"timestamp":"2026-08-24T09:28:14.501Z","level":"info","message":"[SessionPersistence] Created snapshot 46fd36e3 for regen/src/pages/TrackCircuits.tsx in session sess_2157ab68-9c2a-49f4-a4c7-b0cbcad4c0d2 (17511 bytes)","conversationId":"sess_2157ab68-9c2a-49f4-a4c7-b0cbcad4c0d2","turnId":"489fc7ee-7076-430c-b221-65c7f9f675ee","rootTurnId":"489fc7ee-7076-430c-b221-65c7f9f675ee"}
{"timestamp":"2026-08-24T09:28:14.560Z","level":"info","message":"[SessionPersistence] Created snapshot a79b4f99 for regen/src/pages/TrackCircuits.tsx in session sess_2157ab68-9c2a-49f4-a4c7-b0cbcad4c0d2 (11754 bytes)","conversationId":"sess_2157ab68-9c2a-49f4-a4c7-b0cbcad4c0d2","turnId":"489fc7ee-7076-430c-b221-65c7f9f675ee","rootTurnId":"489fc7ee-7076-430c-b221-65c7f9f675ee"}
{"timestamp":"2026-08-24T09:28:14.568Z","level":"info","message":"fs.appendMessages.ok {\"system\":\"fs\",\"sessionId\":\"sess_2157ab68-9c2a-49f4-a4c7-b0cbcad4c0d2\",\"messageCount\":2,\"durationMs\":6}","conversationId":"sess_2157ab68-9c2a-49f4-a4c7-b0cbcad4c0d2","turnId":"489fc7ee-7076-430c-b221-65c7f9f675ee","rootTurnId":"489fc7ee-7076-430c-b221-65c7f9f675ee"}
{"timestamp":"2026-08-24T09:28:14.595Z","level":"info","message":"[AgentIterator] Parallel invoking agent","conversationId":"sess_2157ab68-9c2a-49f4-a4c7-b0cbcad4c0d2","turnId":"489fc7ee-7076-430c-b221-65c7f9f675ee","rootTurnId":"489fc7ee-7076-430c-b221-65c7f9f675ee"}
{"timestamp":"2026-08-24T09:28:14.595Z","level":"info","message":"[Steering] Populating steering for execution 489fc7ee-7076-430c-b221-65c7f9f675ee","conversationId":"sess_2157ab68-9c2a-49f4-a4c7-b0cbcad4c0d2","turnId":"489fc7ee-7076-430c-b221-65c7f9f675ee","rootTurnId":"489fc7ee-7076-430c-b221-65c7f9f675ee"}
{"timestamp":"2026-08-24T09:28:14.595Z","level":"info","message":"[Steering] ExistingFiles: /c:/Users/Student/.kiro/regen/vite.config.ts, /c:/Users/Student/.kiro/regen/tsconfig.app.json, /c:/Users/Student/.kiro/regen/src/lib/mockData.ts, /c:/Users/Student/.kiro/regen/src/pages/TrackCircuits.tsx, /c:/Users/Student/.kiro/regen/src/pages/Dashboard.tsx, /c:/Users/Student/.kiro/regen/src/pages/FBGMonitoring.tsx, /c:/Users/Student/.kiro/regen/src/lib/dataService.ts, /c:/Users/Student/.kiro/regen/src/App.tsx, /c:/Users/Student/.kiro/regen/src/main.tsx, /c:/Users/Student/.kiro/regen/src/index.css, /c:/Users/Student/.kiro/regen/index.html, /c:/Users/Student/.kiro/regen/src/lib/dataService.ts, /c:/Users/Student/.kiro/regen/src/lib/mockData.ts, /c:/Users/Student/.kiro/regen/src/pages/Dashboard.tsx, /c:/Users/Student/.kiro/regen/src/pages/Assets.tsx, /c:/Users/Student/.kiro/regen/src/pages/FBGMonitoring.tsx, /c:/Users/Student/.kiro/regen/src/pages/TrackCircuits.tsx, /c:/Users/Student/.kiro/regen/src/pages/Dashboard.tsx, /c:/Users/Student/.kiro/regen/src/pages/TrackCircuits.tsx, /c:/Users/Student/.kiro/regen/src/pages/Alerts.tsx, /c:/Users/Student/.kiro/regen/src/pages/Inspections.tsx, /c:/Users/Student/.kiro/regen/src/pages/Maintenance.tsx, /c:/Users/Student/.kiro/regen/src/pages/Reports.tsx in 489fc7ee-7076-430c-b221-65c7f9f675ee","conversationId":"sess_2157ab68-9c2a-49f4-a4c7-b0cbcad4c0d2","turnId":"489fc7ee-7076-430c-b221-65c7f9f675ee","rootTurnId":"489fc7ee-7076-430c-b221-65c7f9f675ee"}
{"timestamp":"2026-08-24T09:28:14.601Z","level":"info","message":"[q-developer-converse] Sending GenerateAssistantResponse modelId=auto agentMode=vibe origin=AI_EDITOR streaming=true conversationId=sess_2157ab68-9c2a-49f4-a4c7-b0cbcad4c0d2","conversationId":"sess_2157ab68-9c2a-49f4-a4c7-b0cbcad4c0d2","turnId":"489fc7ee-7076-430c-b221-65c7f9f675ee","rootTurnId":"489fc7ee-7076-430c-b221-65c7f9f675ee"}
{"timestamp":"2026-08-24T09:28:14.603Z","level":"info","message":"[q-developer-converse] Request payload: 756506 chars, 272 history messages, conversationId=sess_2157ab68-9c2a-49f4-a4c7-b0cbcad4c0d2","conversationId":"sess_2157ab68-9c2a-49f4-a4c7-b0cbcad4c0d2","turnId":"489fc7ee-7076-430c-b221-65c7f9f675ee","rootTurnId":"489fc7ee-7076-430c-b221-65c7f9f675ee"}
{"timestamp":"2026-08-24T09:28:14.612Z","level":"info","message":"fs.appendMessages.ok {\"system\":\"fs\",\"sessionId\":\"sess_2157ab68-9c2a-49f4-a4c7-b0cbcad4c0d2\",\"messageCount\":1,\"durationMs\":25}","conversationId":"sess_2157ab68-9c2a-49f4-a4c7-b0cbcad4c0d2","turnId":"489fc7ee-7076-430c-b221-65c7f9f675ee","rootTurnId":"489fc7ee-7076-430c-b221-65c7f9f675ee"}
{"timestamp":"2026-08-24T09:28:14.614Z","level":"info","message":"fs.appendMessages.ok {\"system\":\"fs\",\"sessionId\":\"sess_2157ab68-9c2a-49f4-a4c7-b0cbcad4c0d2\",\"messageCount\":1,\"durationMs\":2}","conversationId":"sess_2157ab68-9c2a-49f4-a4c7-b0cbcad4c0d2","turnId":"489fc7ee-7076-430c-b221-65c7f9f675ee","rootTurnId":"489fc7ee-7076-430c-b221-65c7f9f675ee"}
{"timestamp":"2026-08-24T09:28:17.010Z","level":"error","message":"Failed to stream response chunks (inputSize=756506, historyMessages=272) {\"$metadata\":{\"httpStatusCode\":400,\"requestId\":\"ba93e4ec-5fd9-46e0-89e3-f6dafaf8911a\",\"attempts\":1,\"totalRetryDelay\":0},\"$fault\":\"client\",\"$response\":{\"statusCode\":400,\"headers\":{}},\"name\":\"ServiceQuotaExceededException\",\"reason\":\"MONTHLY_REQUEST_COUNT\"}","conversationId":"sess_2157ab68-9c2a-49f4-a4c7-b0cbcad4c0d2","turnId":"489fc7ee-7076-430c-b221-65c7f9f675ee","rootTurnId":"489fc7ee-7076-430c-b221-65c7f9f675ee"}
{"timestamp":"2026-08-24T09:28:17.011Z","level":"error","message":"UsageLimitReachedError: Usage limit reached","conversationId":"sess_2157ab68-9c2a-49f4-a4c7-b0cbcad4c0d2","turnId":"489fc7ee-7076-430c-b221-65c7f9f675ee","rootTurnId":"489fc7ee-7076-430c-b221-65c7f9f675ee"}
{"timestamp":"2026-08-24T09:28:17.012Z","level":"info","message":"[Execution] Completed with error {\"requestId\":\"ba93e4ec-5fd9-46e0-89e3-f6dafaf8911a\",\"streamPosition\":\"BeforeResponse\",\"emissions\":{\"text\":false,\"reasoning\":false,\"tool\":false,\"metering\":false,\"references\":false,\"contextUsage\":false,\"tokenMetadata\":false,\"stopReason\":false},\"name\":\"UsageLimitReachedError\",\"userMessage\":\"You've reached your monthly usage limit. Please return next month to continue building.\",\"cause\":{\"$metadata\":{\"httpStatusCode\":400,\"requestId\":\"ba93e4ec-5fd9-46e0-89e3-f6dafaf8911a\",\"attempts\":1,\"totalRetryDelay\":0},\"$fault\":\"client\",\"$response\":{\"statusCode\":400,\"headers\":{}},\"name\":\"ServiceQuotaExceededException\",\"reason\":\"MONTHLY_REQUEST_COUNT\"},\"pregelTaskId\":\"1e5595f9-ed15-5312-ba06-6c2329501646\",\"userFacingSessionErrorMessage\":\"You've reached your monthly usage limit. Please return next month to continue building. (Request ID: ba93e4ec-5fd9-46e0-89e3-f6dafaf8911a)\"}","conversationId":"sess_2157ab68-9c2a-49f4-a4c7-b0cbcad4c0d2","turnId":"489fc7ee-7076-430c-b221-65c7f9f675ee","rootTurnId":"489fc7ee-7076-430c-b221-65c7f9f675ee"}
{"timestamp":"2026-08-24T09:28:17.012Z","level":"info","message":"[ACPEventAdapter] Execution failed {\"executionId\":\"489fc7ee-7076-430c-b221-65c7f9f675ee\"}","conversationId":"sess_2157ab68-9c2a-49f4-a4c7-b0cbcad4c0d2","turnId":"489fc7ee-7076-430c-b221-65c7f9f675ee","rootTurnId":"489fc7ee-7076-430c-b221-65c7f9f675ee"}
{"timestamp":"2026-08-24T09:28:17.015Z","level":"info","message":"fs.appendMessages.ok {\"system\":\"fs\",\"sessionId\":\"sess_2157ab68-9c2a-49f4-a4c7-b0cbcad4c0d2\",\"messageCount\":1,\"durationMs\":3}","conversationId":"sess_2157ab68-9c2a-49f4-a4c7-b0cbcad4c0d2","turnId":"489fc7ee-7076-430c-b221-65c7f9f675ee","rootTurnId":"489fc7ee-7076-430c-b221-65c7f9f675ee"}
{"timestamp":"2026-08-24T09:28:17.022Z","level":"info","message":"fs.appendMessages.ok {\"system\":\"fs\",\"sessionId\":\"sess_2157ab68-9c2a-49f4-a4c7-b0cbcad4c0d2\",\"messageCount\":3,\"durationMs\":7}","conversationId":"sess_2157ab68-9c2a-49f4-a4c7-b0cbcad4c0d2","turnId":"489fc7ee-7076-430c-b221-65c7f9f675ee","rootTurnId":"489fc7ee-7076-430c-b221-65c7f9f675ee"}
{"timestamp":"2026-08-24T09:28:17.022Z","level":"info","message":"[agent-controller] Progressing model queue {\"activeExecution\":false,\"queueSize\":0}","conversationId":"sess_2157ab68-9c2a-49f4-a4c7-b0cbcad4c0d2","turnId":"489fc7ee-7076-430c-b221-65c7f9f675ee","rootTurnId":"489fc7ee-7076-430c-b221-65c7f9f675ee"}
{"timestamp":"2026-08-24T09:28:17.023Z","level":"error","message":"[KiroAgent] Error processing prompt: {\"requestId\":\"ba93e4ec-5fd9-46e0-89e3-f6dafaf8911a\",\"streamPosition\":\"BeforeResponse\",\"emissions\":{\"text\":false,\"reasoning\":false,\"tool\":false,\"metering\":false,\"references\":false,\"contextUsage\":false,\"tokenMetadata\":false,\"stopReason\":false},\"name\":\"UsageLimitReachedError\",\"userMessage\":\"You've reached your monthly usage limit. Please return next month to continue building.\",\"cause\":{\"$metadata\":{\"httpStatusCode\":400,\"requestId\":\"ba93e4ec-5fd9-46e0-89e3-f6dafaf8911a\",\"attempts\":1,\"totalRetryDelay\":0},\"$fault\":\"client\",\"$response\":{\"statusCode\":400,\"headers\":{}},\"name\":\"ServiceQuotaExceededException\",\"reason\":\"MONTHLY_REQUEST_COUNT\"},\"pregelTaskId\":\"1e5595f9-ed15-5312-ba06-6c2329501646\",\"userFacingSessionErrorMessage\":\"You've reached your monthly usage limit. Please return next month to continue building. (Request ID: ba93e4ec-5fd9-46e0-89e3-f6dafaf8911a)\"}","conversationId":"sess_2157ab68-9c2a-49f4-a4c7-b0cbcad4c0d2"}
{"timestamp":"2026-08-24T09:28:17.029Z","level":"info","message":"[SessionPersistence] Updated metadata for session sess_2157ab68-9c2a-49f4-a4c7-b0cbcad4c0d2","conversationId":"sess_2157ab68-9c2a-49f4-a4c7-b0cbcad4c0d2","turnId":"489fc7ee-7076-430c-b221-65c7f9f675ee","rootTurnId":"489fc7ee-7076-430c-b221-65c7f9f675ee"}
{"timestamp":"2026-08-24T09:29:18.226Z","level":"info","message":"[KiroAgent] _kiro/mcp/toggle: enabled=true"}
{"timestamp":"2026-08-24T09:29:39.803Z","level":"info","message":"[KiroAgent] _kiro/mcp/toggle: enabled=true"}
