{"timestamp":"2026-08-24T09:30:12.595Z","level":"info","message":"File logging initialized at C:\\Users\\Student\\.kiro\\logs\\20260824T093012521"}
{"timestamp":"2026-08-24T09:30:12.595Z","level":"info","message":"Initializing persistence at C:\\Users\\Student\\.kiro\\sessions"}
{"timestamp":"2026-08-24T09:30:12.606Z","level":"info","message":"[SessionPersistence] Initialized persistence at C:\\Users\\Student\\.kiro\\sessions"}
{"timestamp":"2026-08-24T09:30:12.606Z","level":"info","message":"Persistence initialized"}
{"timestamp":"2026-08-24T09:30:12.608Z","level":"info","message":"[AgentTelemetry] Initialized {\"endpoint\":\"https://prod.us-east-1.telemetry.desktop.kiro.dev\",\"serviceName\":\"kiroAgent\"}"}
{"timestamp":"2026-08-24T09:30:12.608Z","level":"info","message":"[KiroAgent] Remote MCP client initialized"}
{"timestamp":"2026-08-24T09:30:12.608Z","level":"info","message":"[KiroAgent] remote-tools-discovery.create {\"client\":\"kiro-ide\"}"}
{"timestamp":"2026-08-24T09:30:12.609Z","level":"info","message":"[KiroAgent] Cleared stale task execution statuses"}
{"timestamp":"2026-08-24T09:30:12.609Z","level":"info","message":"[KiroAgent] Platform initialized"}
{"timestamp":"2026-08-24T09:30:12.609Z","level":"info","message":"[KiroAgent] Resolved capabilities: {\"fsReadTextFile\":true,\"fsWriteTextFile\":true,\"kiroFsReadFile\":true,\"kiroFsWriteFile\":true,\"kiroFsStat\":true,\"kiroFsReadDirectory\":true,\"kiroFsDelete\":true,\"terminal\":true,\"secretStorage\":true,\"openExternalUrl\":true,\"knowledge\":false,\"infrastructureSafety\":true,\"c2sViews\":true,\"textSearch\":true,\"findFiles\":true}"}
{"timestamp":"2026-08-24T09:30:12.609Z","level":"info","message":"[RemoteToolsDiscovery] Fetching available Remote tools"}
{"timestamp":"2026-08-24T09:30:12.609Z","level":"info","message":"[KiroAgent] Client supports ACP secret storage"}
{"timestamp":"2026-08-24T09:30:12.609Z","level":"info","message":"[KiroAgent] Client supports ACP openExternalUrl"}
{"timestamp":"2026-08-24T09:30:12.609Z","level":"info","message":"[KiroAgent] Stored clientInfo.name {\"reportedClientName\":\"kiro-ide\",\"clientAttribution\":\"kiro-ide\",\"client\":\"kiro-ide\"}"}
{"timestamp":"2026-08-24T09:30:12.610Z","level":"info","message":"[KiroAgent] Active experiments changed {\"activeExperiments\":\"\"}"}
{"timestamp":"2026-08-24T09:30:12.621Z","level":"info","message":"sessionIndex.migration.start {\"buckets\":1}"}
{"timestamp":"2026-08-24T09:30:12.639Z","level":"info","message":"sessionIndex.migration.complete {\"buckets\":1,\"skippedBuckets\":0,\"indexed\":1,\"durationMs\":167}"}
{"timestamp":"2026-08-24T09:30:12.641Z","level":"info","message":"sessionIndex.migration.complete {\"buckets\":1,\"skippedBuckets\":0,\"indexed\":1,\"durationMs\":169}"}
{"timestamp":"2026-08-24T09:30:12.641Z","level":"info","message":"sessionIndex.migration.complete {\"buckets\":1,\"skippedBuckets\":0,\"indexed\":1,\"durationMs\":32}"}
{"timestamp":"2026-08-24T09:30:13.607Z","level":"info","message":"[RemoteToolsDiscovery] Fetching available Remote tools"}
{"timestamp":"2026-08-24T09:30:13.696Z","level":"info","message":"[RemoteToolsDiscovery] Discovered 5 Remote tools"}
{"timestamp":"2026-08-24T09:30:13.714Z","level":"info","message":"network.getFeatureConfiguration.ok {\"system\":\"network\",\"durationMs\":1103}"}
{"timestamp":"2026-08-24T09:30:13.714Z","level":"info","message":"[ExperimentConfigService] Resolved {\"origin\":\"AI_EDITOR\",\"version\":\"1.0.337\",\"keyCount\":3}"}
{"timestamp":"2026-08-24T09:30:13.714Z","level":"info","message":"[KiroAgent] Active experiments changed {\"activeExperiments\":\"cloud_config=true\",\"previous\":\"\"}"}
{"timestamp":"2026-08-24T09:30:13.714Z","level":"info","message":"[KiroAgent] v2 hooks cache initialized (hooks load at session start)"}
{"timestamp":"2026-08-24T09:30:13.714Z","level":"info","message":"Handshake: returning logging config with 3 channels at C:\\Users\\Student\\.kiro\\logs\\20260824T093012521"}
{"timestamp":"2026-08-24T09:30:13.719Z","level":"info","message":"[KiroAgent] v2 hooks loaded 0 standalone hooks from .kiro/hooks/"}
{"timestamp":"2026-08-24T09:30:13.719Z","level":"info","message":"fs.hooksReload.ok {\"system\":\"fs\",\"durationMs\":1}"}
{"timestamp":"2026-08-24T09:30:13.721Z","level":"info","message":"[KiroAgent] _kiro/mcp/toggle: enabled=true"}
{"timestamp":"2026-08-24T09:30:13.722Z","level":"info","message":"[KiroAgent] ACP session/new sessionId=sess_0e234331-0804-49b2-b1a6-4ad458d727e5 modeId=vibe idempotent=false"}
{"timestamp":"2026-08-24T09:30:13.729Z","level":"info","message":"fs.loadSession.ok {\"system\":\"fs\",\"sessionId\":\"sess_0e234331-0804-49b2-b1a6-4ad458d727e5\",\"durationMs\":7}"}
{"timestamp":"2026-08-24T09:30:13.729Z","level":"info","message":"fs.loadSession.ok {\"system\":\"fs\",\"sessionId\":\"sess_0e234331-0804-49b2-b1a6-4ad458d727e5\",\"durationMs\":1}"}
{"timestamp":"2026-08-24T09:30:13.730Z","level":"info","message":"[GovernanceService] Resolved {\"enterprise\":false,\"provider\":\"Google\",\"profileArn\":\"arn:aws:codewhisperer:us-east-1:699475941385:profile/EHGA3GRVQMUK\",\"controlPlaneEndpoint\":\"(none)\",\"mcpDisabled\":false,\"mcpReason\":\"admin_disabled\",\"webToolsDisabled\":false,\"autonomousAgentsDisabled\":false,\"disabledReason\":\"(none)\",\"registryUrl\":\"(none)\",\"catalogSize\":0}"}
{"timestamp":"2026-08-24T09:30:13.730Z","level":"info","message":"cloudConfig.entitlement.decided {\"verdict\":\"granted\"}"}
{"timestamp":"2026-08-24T09:30:13.732Z","level":"info","message":"[KiroAgent] _kiro/mcp/toggle: enabled=true"}
{"timestamp":"2026-08-24T09:30:13.732Z","level":"info","message":"[KiroAgent] v2 hooks loaded 0 standalone hooks from .kiro/hooks/"}
{"timestamp":"2026-08-24T09:30:13.732Z","level":"info","message":"fs.hooksReload.ok {\"system\":\"fs\",\"durationMs\":1}"}
{"timestamp":"2026-08-24T09:30:13.738Z","level":"info","message":"fs.loadAgentProfiles.ok {\"system\":\"fs\",\"scope\":\"user\",\"durationMs\":1}"}
{"timestamp":"2026-08-24T09:30:13.739Z","level":"info","message":"fs.loadAgentProfiles.ok {\"system\":\"fs\",\"scope\":\"workspace\",\"durationMs\":0}"}
{"timestamp":"2026-08-24T09:30:13.974Z","level":"info","message":"policy.session.presets_seeded {\"sessionId\":\"sess_0e234331-0804-49b2-b1a6-4ad458d727e5\",\"presets\":[\"edit-workspace\"]}"}
{"timestamp":"2026-08-24T09:30:13.977Z","level":"info","message":"[AdapterFactory] read=ACP, write=ACP, stat=ACP, readDir=ACP, delete=ACP, terminal=ACP"}
{"timestamp":"2026-08-24T09:30:13.977Z","level":"info","message":"acp.workspace.client_tools_resolved {\"clientToolCount\":3,\"hasClientIOTools\":false,\"injectedFileSystem\":false,\"injectedTerminalManager\":false}"}
{"timestamp":"2026-08-24T09:30:13.979Z","level":"info","message":"[ActivityLogPublisher] Publishing to https://runtime.us-east-1.kiro.dev"}
{"timestamp":"2026-08-24T09:30:13.979Z","level":"info","message":"[KiroAgent] Skipping global context fetch (remoteMCPClient=true, executionEnvironment=local)"}
{"timestamp":"2026-08-24T09:30:13.980Z","level":"info","message":"[KiroAgent] Saving session sess_0e234331-0804-49b2-b1a6-4ad458d727e5 to C:\\Users\\Student\\.kiro\\sessions"}
{"timestamp":"2026-08-24T09:30:13.988Z","level":"info","message":"[KiroAgent] _kiro/mcp/toggle: enabled=true"}
{"timestamp":"2026-08-24T09:30:13.992Z","level":"info","message":"fs.powers.scan.ok {\"system\":\"fs\",\"baseCount\":2,\"trigger\":\"warm\",\"durationMs\":12}"}
{"timestamp":"2026-08-24T09:30:13.998Z","level":"info","message":"fs.scanNestedAgentsMd.ok {\"system\":\"fs\",\"durationMs\":16}"}
{"timestamp":"2026-08-24T09:30:13.999Z","level":"info","message":"fs.saveSession.ok {\"system\":\"fs\",\"sessionId\":\"sess_0e234331-0804-49b2-b1a6-4ad458d727e5\",\"messageCount\":0,\"durationMs\":19}"}
{"timestamp":"2026-08-24T09:30:13.999Z","level":"info","message":"[KiroAgent] Session sess_0e234331-0804-49b2-b1a6-4ad458d727e5 saved successfully"}
{"timestamp":"2026-08-24T09:30:14.004Z","level":"info","message":"session.new.total {\"sessionId\":\"sess_0e234331-0804-49b2-b1a6-4ad458d727e5\",\"outcome\":\"resolved\",\"durationMs\":282}"}
{"timestamp":"2026-08-24T09:30:14.138Z","level":"info","message":"[KiroAgent] ACP session/load sessionId=sess_0e234331-0804-49b2-b1a6-4ad458d727e5"}
{"timestamp":"2026-08-24T09:30:14.139Z","level":"info","message":"fs.loadSession.ok {\"system\":\"fs\",\"sessionId\":\"sess_0e234331-0804-49b2-b1a6-4ad458d727e5\",\"durationMs\":1}"}
{"timestamp":"2026-08-24T09:30:14.141Z","level":"info","message":"[KiroAgent] ACP session/load complete sessionId=sess_0e234331-0804-49b2-b1a6-4ad458d727e5 messages=0 at=2026-08-24T09:30:14.141Z"}
{"timestamp":"2026-08-24T09:30:15.025Z","level":"info","message":"[RemoteToolsDiscovery] Discovered 1 Remote tools"}
{"timestamp":"2026-08-24T09:30:15.086Z","level":"info","message":"network.listAvailableModels.ok {\"system\":\"network\",\"durationMs\":1364}"}
{"timestamp":"2026-08-24T09:30:15.086Z","level":"info","message":"[ACPModelConfigProvider] Loaded 9 models"}
{"timestamp":"2026-08-24T09:31:07.912Z","level":"info","message":"[KiroAgent] ACP session/prompt sessionId=sess_0e234331-0804-49b2-b1a6-4ad458d727e5"}
{"timestamp":"2026-08-24T09:31:07.915Z","level":"info","message":"fs.appendMessages.ok {\"system\":\"fs\",\"sessionId\":\"sess_0e234331-0804-49b2-b1a6-4ad458d727e5\",\"messageCount\":1,\"durationMs\":2}"}
{"timestamp":"2026-08-24T09:31:07.916Z","level":"info","message":"session.model.pinned {\"sessionId\":\"sess_0e234331-0804-49b2-b1a6-4ad458d727e5\",\"modelId\":\"auto\"}"}
{"timestamp":"2026-08-24T09:31:07.917Z","level":"info","message":"agent_controller.triggered {\"agentType\":\"chat-agent\",\"autonomyMode\":\"Autopilot\",\"modelId\":\"auto\"}","conversationId":"sess_0e234331-0804-49b2-b1a6-4ad458d727e5"}
{"timestamp":"2026-08-24T09:31:07.918Z","level":"info","message":"[ACPEventAdapter] Execution began {\"executionId\":\"5d3536ae-8688-41e8-bcb9-68df979eec52\"}","conversationId":"sess_0e234331-0804-49b2-b1a6-4ad458d727e5","turnId":"5d3536ae-8688-41e8-bcb9-68df979eec52","rootTurnId":"5d3536ae-8688-41e8-bcb9-68df979eec52"}
{"timestamp":"2026-08-24T09:31:07.924Z","level":"info","message":"[SessionPersistence] Updated metadata for session sess_0e234331-0804-49b2-b1a6-4ad458d727e5"}
{"timestamp":"2026-08-24T09:31:07.931Z","level":"info","message":"[SessionPersistence] Updated metadata for session sess_0e234331-0804-49b2-b1a6-4ad458d727e5"}
{"timestamp":"2026-08-24T09:31:07.940Z","level":"info","message":"fs.appendMessages.ok {\"system\":\"fs\",\"sessionId\":\"sess_0e234331-0804-49b2-b1a6-4ad458d727e5\",\"messageCount\":1,\"durationMs\":21}","conversationId":"sess_0e234331-0804-49b2-b1a6-4ad458d727e5","turnId":"5d3536ae-8688-41e8-bcb9-68df979eec52","rootTurnId":"5d3536ae-8688-41e8-bcb9-68df979eec52"}
{"timestamp":"2026-08-24T09:31:07.955Z","level":"info","message":"[AgentIterator] Checking for intent overrides","conversationId":"sess_0e234331-0804-49b2-b1a6-4ad458d727e5","turnId":"5d3536ae-8688-41e8-bcb9-68df979eec52","rootTurnId":"5d3536ae-8688-41e8-bcb9-68df979eec52"}
{"timestamp":"2026-08-24T09:31:07.956Z","level":"info","message":"[AgentIterator] Detecting intent","conversationId":"sess_0e234331-0804-49b2-b1a6-4ad458d727e5","turnId":"5d3536ae-8688-41e8-bcb9-68df979eec52","rootTurnId":"5d3536ae-8688-41e8-bcb9-68df979eec52"}
{"timestamp":"2026-08-24T09:31:07.957Z","level":"info","message":"[INTENT_DETECTION] Prompt input mode, skipping intent detection","conversationId":"sess_0e234331-0804-49b2-b1a6-4ad458d727e5","turnId":"5d3536ae-8688-41e8-bcb9-68df979eec52","rootTurnId":"5d3536ae-8688-41e8-bcb9-68df979eec52"}
{"timestamp":"2026-08-24T09:31:07.957Z","level":"info","message":"[AgentIterator] Parallel invoking agent","conversationId":"sess_0e234331-0804-49b2-b1a6-4ad458d727e5","turnId":"5d3536ae-8688-41e8-bcb9-68df979eec52","rootTurnId":"5d3536ae-8688-41e8-bcb9-68df979eec52"}
{"timestamp":"2026-08-24T09:31:07.957Z","level":"info","message":"[Steering] Populating steering for execution 5d3536ae-8688-41e8-bcb9-68df979eec52","conversationId":"sess_0e234331-0804-49b2-b1a6-4ad458d727e5","turnId":"5d3536ae-8688-41e8-bcb9-68df979eec52","rootTurnId":"5d3536ae-8688-41e8-bcb9-68df979eec52"}
{"timestamp":"2026-08-24T09:31:07.957Z","level":"info","message":"[Steering] ExistingFiles:  in 5d3536ae-8688-41e8-bcb9-68df979eec52","conversationId":"sess_0e234331-0804-49b2-b1a6-4ad458d727e5","turnId":"5d3536ae-8688-41e8-bcb9-68df979eec52","rootTurnId":"5d3536ae-8688-41e8-bcb9-68df979eec52"}
{"timestamp":"2026-08-24T09:31:07.964Z","level":"info","message":"[q-developer-converse] Sending GenerateAssistantResponse modelId=auto agentMode=vibe origin=AI_EDITOR streaming=true conversationId=sess_0e234331-0804-49b2-b1a6-4ad458d727e5","conversationId":"sess_0e234331-0804-49b2-b1a6-4ad458d727e5","turnId":"5d3536ae-8688-41e8-bcb9-68df979eec52","rootTurnId":"5d3536ae-8688-41e8-bcb9-68df979eec52"}
{"timestamp":"2026-08-24T09:31:07.964Z","level":"info","message":"[q-developer-converse] Request payload: 87622 chars, 2 history messages, conversationId=sess_0e234331-0804-49b2-b1a6-4ad458d727e5","conversationId":"sess_0e234331-0804-49b2-b1a6-4ad458d727e5","turnId":"5d3536ae-8688-41e8-bcb9-68df979eec52","rootTurnId":"5d3536ae-8688-41e8-bcb9-68df979eec52"}
{"timestamp":"2026-08-24T09:31:07.973Z","level":"info","message":"[SessionPersistence] Updated metadata for session sess_0e234331-0804-49b2-b1a6-4ad458d727e5","conversationId":"sess_0e234331-0804-49b2-b1a6-4ad458d727e5","turnId":"5d3536ae-8688-41e8-bcb9-68df979eec52","rootTurnId":"5d3536ae-8688-41e8-bcb9-68df979eec52"}
{"timestamp":"2026-08-24T09:31:11.347Z","level":"info","message":"[AgentIterator] Synchronizing results","conversationId":"sess_0e234331-0804-49b2-b1a6-4ad458d727e5","turnId":"5d3536ae-8688-41e8-bcb9-68df979eec52","rootTurnId":"5d3536ae-8688-41e8-bcb9-68df979eec52"}
{"timestamp":"2026-08-24T09:31:11.347Z","level":"info","message":"[AgentIterator] Processing intent detection result","conversationId":"sess_0e234331-0804-49b2-b1a6-4ad458d727e5","turnId":"5d3536ae-8688-41e8-bcb9-68df979eec52","rootTurnId":"5d3536ae-8688-41e8-bcb9-68df979eec52"}
{"timestamp":"2026-08-24T09:31:11.348Z","level":"info","message":"[ChatAgent] Processing model response stream","conversationId":"sess_0e234331-0804-49b2-b1a6-4ad458d727e5","turnId":"5d3536ae-8688-41e8-bcb9-68df979eec52","rootTurnId":"5d3536ae-8688-41e8-bcb9-68df979eec52"}
{"timestamp":"2026-08-24T09:31:11.348Z","level":"info","message":"[Steering] Populating steering for execution 5d3536ae-8688-41e8-bcb9-68df979eec52","conversationId":"sess_0e234331-0804-49b2-b1a6-4ad458d727e5","turnId":"5d3536ae-8688-41e8-bcb9-68df979eec52","rootTurnId":"5d3536ae-8688-41e8-bcb9-68df979eec52"}
{"timestamp":"2026-08-24T09:31:11.348Z","level":"info","message":"[Steering] ExistingFiles:  in 5d3536ae-8688-41e8-bcb9-68df979eec52","conversationId":"sess_0e234331-0804-49b2-b1a6-4ad458d727e5","turnId":"5d3536ae-8688-41e8-bcb9-68df979eec52","rootTurnId":"5d3536ae-8688-41e8-bcb9-68df979eec52"}
{"timestamp":"2026-08-24T09:31:12.812Z","level":"warn","message":"[PersistenceClassification] Unknown action type \"update_session_information\" — defaulting to \"tool\". Add it to KnownActionType in persistence-classification.ts.","conversationId":"sess_0e234331-0804-49b2-b1a6-4ad458d727e5","turnId":"5d3536ae-8688-41e8-bcb9-68df979eec52","rootTurnId":"5d3536ae-8688-41e8-bcb9-68df979eec52"}
{"timestamp":"2026-08-24T09:31:12.812Z","level":"warn","message":"[ACPEventAdapter] Action type has no dedicated handler and is being routed as a tool call. If this is a new non-tool action, add it to DispatchedActionType. {\"actionType\":\"update_session_information\"}","conversationId":"sess_0e234331-0804-49b2-b1a6-4ad458d727e5","turnId":"5d3536ae-8688-41e8-bcb9-68df979eec52","rootTurnId":"5d3536ae-8688-41e8-bcb9-68df979eec52"}
{"timestamp":"2026-08-24T09:31:12.817Z","level":"info","message":"[SessionPersistence] Updated metadata for session sess_0e234331-0804-49b2-b1a6-4ad458d727e5","conversationId":"sess_0e234331-0804-49b2-b1a6-4ad458d727e5","turnId":"5d3536ae-8688-41e8-bcb9-68df979eec52","rootTurnId":"5d3536ae-8688-41e8-bcb9-68df979eec52"}
{"timestamp":"2026-08-24T09:31:12.825Z","level":"info","message":"fs.appendMessages.ok {\"system\":\"fs\",\"sessionId\":\"sess_0e234331-0804-49b2-b1a6-4ad458d727e5\",\"messageCount\":2,\"durationMs\":12}","conversationId":"sess_0e234331-0804-49b2-b1a6-4ad458d727e5","turnId":"5d3536ae-8688-41e8-bcb9-68df979eec52","rootTurnId":"5d3536ae-8688-41e8-bcb9-68df979eec52"}
{"timestamp":"2026-08-24T09:31:13.063Z","level":"info","message":"[AgentIterator] Parallel invoking agent","conversationId":"sess_0e234331-0804-49b2-b1a6-4ad458d727e5","turnId":"5d3536ae-8688-41e8-bcb9-68df979eec52","rootTurnId":"5d3536ae-8688-41e8-bcb9-68df979eec52"}
{"timestamp":"2026-08-24T09:31:13.063Z","level":"info","message":"[Steering] Populating steering for execution 5d3536ae-8688-41e8-bcb9-68df979eec52","conversationId":"sess_0e234331-0804-49b2-b1a6-4ad458d727e5","turnId":"5d3536ae-8688-41e8-bcb9-68df979eec52","rootTurnId":"5d3536ae-8688-41e8-bcb9-68df979eec52"}
{"timestamp":"2026-08-24T09:31:13.063Z","level":"info","message":"[Steering] ExistingFiles:  in 5d3536ae-8688-41e8-bcb9-68df979eec52","conversationId":"sess_0e234331-0804-49b2-b1a6-4ad458d727e5","turnId":"5d3536ae-8688-41e8-bcb9-68df979eec52","rootTurnId":"5d3536ae-8688-41e8-bcb9-68df979eec52"}
{"timestamp":"2026-08-24T09:31:13.066Z","level":"info","message":"[q-developer-converse] Sending GenerateAssistantResponse modelId=auto agentMode=vibe origin=AI_EDITOR streaming=true conversationId=sess_0e234331-0804-49b2-b1a6-4ad458d727e5","conversationId":"sess_0e234331-0804-49b2-b1a6-4ad458d727e5","turnId":"5d3536ae-8688-41e8-bcb9-68df979eec52","rootTurnId":"5d3536ae-8688-41e8-bcb9-68df979eec52"}
{"timestamp":"2026-08-24T09:31:13.066Z","level":"info","message":"[q-developer-converse] Request payload: 88375 chars, 4 history messages, conversationId=sess_0e234331-0804-49b2-b1a6-4ad458d727e5","conversationId":"sess_0e234331-0804-49b2-b1a6-4ad458d727e5","turnId":"5d3536ae-8688-41e8-bcb9-68df979eec52","rootTurnId":"5d3536ae-8688-41e8-bcb9-68df979eec52"}
{"timestamp":"2026-08-24T09:31:13.075Z","level":"info","message":"fs.appendMessages.ok {\"system\":\"fs\",\"sessionId\":\"sess_0e234331-0804-49b2-b1a6-4ad458d727e5\",\"messageCount\":1,\"durationMs\":17}","conversationId":"sess_0e234331-0804-49b2-b1a6-4ad458d727e5","turnId":"5d3536ae-8688-41e8-bcb9-68df979eec52","rootTurnId":"5d3536ae-8688-41e8-bcb9-68df979eec52"}
{"timestamp":"2026-08-24T09:31:13.083Z","level":"info","message":"fs.appendMessages.ok {\"system\":\"fs\",\"sessionId\":\"sess_0e234331-0804-49b2-b1a6-4ad458d727e5\",\"messageCount\":1,\"durationMs\":8}","conversationId":"sess_0e234331-0804-49b2-b1a6-4ad458d727e5","turnId":"5d3536ae-8688-41e8-bcb9-68df979eec52","rootTurnId":"5d3536ae-8688-41e8-bcb9-68df979eec52"}
{"timestamp":"2026-08-24T09:31:16.309Z","level":"info","message":"[AgentIterator] Synchronizing results","conversationId":"sess_0e234331-0804-49b2-b1a6-4ad458d727e5","turnId":"5d3536ae-8688-41e8-bcb9-68df979eec52","rootTurnId":"5d3536ae-8688-41e8-bcb9-68df979eec52"}
{"timestamp":"2026-08-24T09:31:16.309Z","level":"info","message":"[AgentIterator] Processing intent detection result","conversationId":"sess_0e234331-0804-49b2-b1a6-4ad458d727e5","turnId":"5d3536ae-8688-41e8-bcb9-68df979eec52","rootTurnId":"5d3536ae-8688-41e8-bcb9-68df979eec52"}
{"timestamp":"2026-08-24T09:31:16.310Z","level":"info","message":"[ChatAgent] Processing model response stream","conversationId":"sess_0e234331-0804-49b2-b1a6-4ad458d727e5","turnId":"5d3536ae-8688-41e8-bcb9-68df979eec52","rootTurnId":"5d3536ae-8688-41e8-bcb9-68df979eec52"}
{"timestamp":"2026-08-24T09:31:16.310Z","level":"info","message":"[Steering] Populating steering for execution 5d3536ae-8688-41e8-bcb9-68df979eec52","conversationId":"sess_0e234331-0804-49b2-b1a6-4ad458d727e5","turnId":"5d3536ae-8688-41e8-bcb9-68df979eec52","rootTurnId":"5d3536ae-8688-41e8-bcb9-68df979eec52"}
{"timestamp":"2026-08-24T09:31:16.310Z","level":"info","message":"[Steering] ExistingFiles:  in 5d3536ae-8688-41e8-bcb9-68df979eec52","conversationId":"sess_0e234331-0804-49b2-b1a6-4ad458d727e5","turnId":"5d3536ae-8688-41e8-bcb9-68df979eec52","rootTurnId":"5d3536ae-8688-41e8-bcb9-68df979eec52"}
{"timestamp":"2026-08-24T09:31:22.923Z","level":"warn","message":"[ACPEventAdapter] Action type has no dedicated handler and is being routed as a tool call. If this is a new non-tool action, add it to DispatchedActionType. {\"actionType\":\"todo_list\"}","conversationId":"sess_0e234331-0804-49b2-b1a6-4ad458d727e5","turnId":"5d3536ae-8688-41e8-bcb9-68df979eec52","rootTurnId":"5d3536ae-8688-41e8-bcb9-68df979eec52"}
{"timestamp":"2026-08-24T09:31:22.929Z","level":"info","message":"[AgentIterator] Parallel invoking agent","conversationId":"sess_0e234331-0804-49b2-b1a6-4ad458d727e5","turnId":"5d3536ae-8688-41e8-bcb9-68df979eec52","rootTurnId":"5d3536ae-8688-41e8-bcb9-68df979eec52"}
{"timestamp":"2026-08-24T09:31:22.929Z","level":"info","message":"[Steering] Populating steering for execution 5d3536ae-8688-41e8-bcb9-68df979eec52","conversationId":"sess_0e234331-0804-49b2-b1a6-4ad458d727e5","turnId":"5d3536ae-8688-41e8-bcb9-68df979eec52","rootTurnId":"5d3536ae-8688-41e8-bcb9-68df979eec52"}
{"timestamp":"2026-08-24T09:31:22.929Z","level":"info","message":"[Steering] ExistingFiles:  in 5d3536ae-8688-41e8-bcb9-68df979eec52","conversationId":"sess_0e234331-0804-49b2-b1a6-4ad458d727e5","turnId":"5d3536ae-8688-41e8-bcb9-68df979eec52","rootTurnId":"5d3536ae-8688-41e8-bcb9-68df979eec52"}
{"timestamp":"2026-08-24T09:31:22.929Z","level":"info","message":"Injecting todo list context into conversation","conversationId":"sess_0e234331-0804-49b2-b1a6-4ad458d727e5","turnId":"5d3536ae-8688-41e8-bcb9-68df979eec52","rootTurnId":"5d3536ae-8688-41e8-bcb9-68df979eec52"}
{"timestamp":"2026-08-24T09:31:22.931Z","level":"info","message":"[q-developer-converse] Sending GenerateAssistantResponse modelId=auto agentMode=vibe origin=AI_EDITOR streaming=true conversationId=sess_0e234331-0804-49b2-b1a6-4ad458d727e5","conversationId":"sess_0e234331-0804-49b2-b1a6-4ad458d727e5","turnId":"5d3536ae-8688-41e8-bcb9-68df979eec52","rootTurnId":"5d3536ae-8688-41e8-bcb9-68df979eec52"}
{"timestamp":"2026-08-24T09:31:22.931Z","level":"info","message":"[q-developer-converse] Request payload: 93692 chars, 8 history messages, conversationId=sess_0e234331-0804-49b2-b1a6-4ad458d727e5","conversationId":"sess_0e234331-0804-49b2-b1a6-4ad458d727e5","turnId":"5d3536ae-8688-41e8-bcb9-68df979eec52","rootTurnId":"5d3536ae-8688-41e8-bcb9-68df979eec52"}
{"timestamp":"2026-08-24T09:31:22.941Z","level":"info","message":"fs.appendMessages.ok {\"system\":\"fs\",\"sessionId\":\"sess_0e234331-0804-49b2-b1a6-4ad458d727e5\",\"messageCount\":2,\"durationMs\":17}","conversationId":"sess_0e234331-0804-49b2-b1a6-4ad458d727e5","turnId":"5d3536ae-8688-41e8-bcb9-68df979eec52","rootTurnId":"5d3536ae-8688-41e8-bcb9-68df979eec52"}
{"timestamp":"2026-08-24T09:31:22.952Z","level":"info","message":"fs.appendMessages.ok {\"system\":\"fs\",\"sessionId\":\"sess_0e234331-0804-49b2-b1a6-4ad458d727e5\",\"messageCount\":1,\"durationMs\":10}","conversationId":"sess_0e234331-0804-49b2-b1a6-4ad458d727e5","turnId":"5d3536ae-8688-41e8-bcb9-68df979eec52","rootTurnId":"5d3536ae-8688-41e8-bcb9-68df979eec52"}
{"timestamp":"2026-08-24T09:31:22.966Z","level":"info","message":"fs.appendMessages.ok {\"system\":\"fs\",\"sessionId\":\"sess_0e234331-0804-49b2-b1a6-4ad458d727e5\",\"messageCount\":1,\"durationMs\":14}","conversationId":"sess_0e234331-0804-49b2-b1a6-4ad458d727e5","turnId":"5d3536ae-8688-41e8-bcb9-68df979eec52","rootTurnId":"5d3536ae-8688-41e8-bcb9-68df979eec52"}
{"timestamp":"2026-08-24T09:31:26.945Z","level":"info","message":"[AgentIterator] Synchronizing results","conversationId":"sess_0e234331-0804-49b2-b1a6-4ad458d727e5","turnId":"5d3536ae-8688-41e8-bcb9-68df979eec52","rootTurnId":"5d3536ae-8688-41e8-bcb9-68df979eec52"}
{"timestamp":"2026-08-24T09:31:26.945Z","level":"info","message":"[AgentIterator] Processing intent detection result","conversationId":"sess_0e234331-0804-49b2-b1a6-4ad458d727e5","turnId":"5d3536ae-8688-41e8-bcb9-68df979eec52","rootTurnId":"5d3536ae-8688-41e8-bcb9-68df979eec52"}
{"timestamp":"2026-08-24T09:31:26.945Z","level":"info","message":"[ChatAgent] Processing model response stream","conversationId":"sess_0e234331-0804-49b2-b1a6-4ad458d727e5","turnId":"5d3536ae-8688-41e8-bcb9-68df979eec52","rootTurnId":"5d3536ae-8688-41e8-bcb9-68df979eec52"}
{"timestamp":"2026-08-24T09:31:26.945Z","level":"info","message":"[Steering] Populating steering for execution 5d3536ae-8688-41e8-bcb9-68df979eec52","conversationId":"sess_0e234331-0804-49b2-b1a6-4ad458d727e5","turnId":"5d3536ae-8688-41e8-bcb9-68df979eec52","rootTurnId":"5d3536ae-8688-41e8-bcb9-68df979eec52"}
{"timestamp":"2026-08-24T09:31:26.945Z","level":"info","message":"[Steering] ExistingFiles:  in 5d3536ae-8688-41e8-bcb9-68df979eec52","conversationId":"sess_0e234331-0804-49b2-b1a6-4ad458d727e5","turnId":"5d3536ae-8688-41e8-bcb9-68df979eec52","rootTurnId":"5d3536ae-8688-41e8-bcb9-68df979eec52"}
{"timestamp":"2026-08-24T09:31:27.543Z","level":"info","message":"fs.appendMessages.ok {\"system\":\"fs\",\"sessionId\":\"sess_0e234331-0804-49b2-b1a6-4ad458d727e5\",\"messageCount\":1,\"durationMs\":2}","conversationId":"sess_0e234331-0804-49b2-b1a6-4ad458d727e5","turnId":"5d3536ae-8688-41e8-bcb9-68df979eec52","rootTurnId":"5d3536ae-8688-41e8-bcb9-68df979eec52"}
{"timestamp":"2026-08-24T09:31:28.397Z","level":"warn","message":"[ACPEventAdapter] Action type has no dedicated handler and is being routed as a tool call. If this is a new non-tool action, add it to DispatchedActionType. {\"actionType\":\"search\"}","conversationId":"sess_0e234331-0804-49b2-b1a6-4ad458d727e5","turnId":"5d3536ae-8688-41e8-bcb9-68df979eec52","rootTurnId":"5d3536ae-8688-41e8-bcb9-68df979eec52"}
{"timestamp":"2026-08-24T09:31:28.400Z","level":"info","message":"acp.policy-eval.complete {\"toolId\":\"list_directory\",\"effect\":\"allow\",\"capability\":\"fs_read\"}","conversationId":"sess_0e234331-0804-49b2-b1a6-4ad458d727e5","turnId":"5d3536ae-8688-41e8-bcb9-68df979eec52","rootTurnId":"5d3536ae-8688-41e8-bcb9-68df979eec52"}
{"timestamp":"2026-08-24T09:31:28.406Z","level":"info","message":"fs.appendMessages.ok {\"system\":\"fs\",\"sessionId\":\"sess_0e234331-0804-49b2-b1a6-4ad458d727e5\",\"messageCount\":2,\"durationMs\":3}","conversationId":"sess_0e234331-0804-49b2-b1a6-4ad458d727e5","turnId":"5d3536ae-8688-41e8-bcb9-68df979eec52","rootTurnId":"5d3536ae-8688-41e8-bcb9-68df979eec52"}
{"timestamp":"2026-08-24T09:31:28.764Z","level":"info","message":"[AgentIterator] Parallel invoking agent","conversationId":"sess_0e234331-0804-49b2-b1a6-4ad458d727e5","turnId":"5d3536ae-8688-41e8-bcb9-68df979eec52","rootTurnId":"5d3536ae-8688-41e8-bcb9-68df979eec52"}
{"timestamp":"2026-08-24T09:31:28.764Z","level":"info","message":"[Steering] Populating steering for execution 5d3536ae-8688-41e8-bcb9-68df979eec52","conversationId":"sess_0e234331-0804-49b2-b1a6-4ad458d727e5","turnId":"5d3536ae-8688-41e8-bcb9-68df979eec52","rootTurnId":"5d3536ae-8688-41e8-bcb9-68df979eec52"}
{"timestamp":"2026-08-24T09:31:28.764Z","level":"info","message":"[Steering] ExistingFiles:  in 5d3536ae-8688-41e8-bcb9-68df979eec52","conversationId":"sess_0e234331-0804-49b2-b1a6-4ad458d727e5","turnId":"5d3536ae-8688-41e8-bcb9-68df979eec52","rootTurnId":"5d3536ae-8688-41e8-bcb9-68df979eec52"}
{"timestamp":"2026-08-24T09:31:28.766Z","level":"info","message":"[q-developer-converse] Sending GenerateAssistantResponse modelId=auto agentMode=vibe origin=AI_EDITOR streaming=true conversationId=sess_0e234331-0804-49b2-b1a6-4ad458d727e5","conversationId":"sess_0e234331-0804-49b2-b1a6-4ad458d727e5","turnId":"5d3536ae-8688-41e8-bcb9-68df979eec52","rootTurnId":"5d3536ae-8688-41e8-bcb9-68df979eec52"}
{"timestamp":"2026-08-24T09:31:28.766Z","level":"info","message":"[q-developer-converse] Request payload: 94450 chars, 10 history messages, conversationId=sess_0e234331-0804-49b2-b1a6-4ad458d727e5","conversationId":"sess_0e234331-0804-49b2-b1a6-4ad458d727e5","turnId":"5d3536ae-8688-41e8-bcb9-68df979eec52","rootTurnId":"5d3536ae-8688-41e8-bcb9-68df979eec52"}
{"timestamp":"2026-08-24T09:31:28.775Z","level":"info","message":"fs.appendMessages.ok {\"system\":\"fs\",\"sessionId\":\"sess_0e234331-0804-49b2-b1a6-4ad458d727e5\",\"messageCount\":1,\"durationMs\":15}","conversationId":"sess_0e234331-0804-49b2-b1a6-4ad458d727e5","turnId":"5d3536ae-8688-41e8-bcb9-68df979eec52","rootTurnId":"5d3536ae-8688-41e8-bcb9-68df979eec52"}
{"timestamp":"2026-08-24T09:31:28.784Z","level":"info","message":"fs.appendMessages.ok {\"system\":\"fs\",\"sessionId\":\"sess_0e234331-0804-49b2-b1a6-4ad458d727e5\",\"messageCount\":1,\"durationMs\":9}","conversationId":"sess_0e234331-0804-49b2-b1a6-4ad458d727e5","turnId":"5d3536ae-8688-41e8-bcb9-68df979eec52","rootTurnId":"5d3536ae-8688-41e8-bcb9-68df979eec52"}
{"timestamp":"2026-08-24T09:31:33.351Z","level":"info","message":"[AgentIterator] Synchronizing results","conversationId":"sess_0e234331-0804-49b2-b1a6-4ad458d727e5","turnId":"5d3536ae-8688-41e8-bcb9-68df979eec52","rootTurnId":"5d3536ae-8688-41e8-bcb9-68df979eec52"}
{"timestamp":"2026-08-24T09:31:33.351Z","level":"info","message":"[AgentIterator] Processing intent detection result","conversationId":"sess_0e234331-0804-49b2-b1a6-4ad458d727e5","turnId":"5d3536ae-8688-41e8-bcb9-68df979eec52","rootTurnId":"5d3536ae-8688-41e8-bcb9-68df979eec52"}
{"timestamp":"2026-08-24T09:31:33.351Z","level":"info","message":"[ChatAgent] Processing model response stream","conversationId":"sess_0e234331-0804-49b2-b1a6-4ad458d727e5","turnId":"5d3536ae-8688-41e8-bcb9-68df979eec52","rootTurnId":"5d3536ae-8688-41e8-bcb9-68df979eec52"}
{"timestamp":"2026-08-24T09:31:33.351Z","level":"info","message":"[Steering] Populating steering for execution 5d3536ae-8688-41e8-bcb9-68df979eec52","conversationId":"sess_0e234331-0804-49b2-b1a6-4ad458d727e5","turnId":"5d3536ae-8688-41e8-bcb9-68df979eec52","rootTurnId":"5d3536ae-8688-41e8-bcb9-68df979eec52"}
{"timestamp":"2026-08-24T09:31:33.351Z","level":"info","message":"[Steering] ExistingFiles:  in 5d3536ae-8688-41e8-bcb9-68df979eec52","conversationId":"sess_0e234331-0804-49b2-b1a6-4ad458d727e5","turnId":"5d3536ae-8688-41e8-bcb9-68df979eec52","rootTurnId":"5d3536ae-8688-41e8-bcb9-68df979eec52"}
{"timestamp":"2026-08-24T09:31:34.048Z","level":"info","message":"[ACPEventAdapter] Execution yielded {\"executionId\":\"5d3536ae-8688-41e8-bcb9-68df979eec52\"}","conversationId":"sess_0e234331-0804-49b2-b1a6-4ad458d727e5","turnId":"5d3536ae-8688-41e8-bcb9-68df979eec52","rootTurnId":"5d3536ae-8688-41e8-bcb9-68df979eec52"}
{"timestamp":"2026-08-24T09:31:34.048Z","level":"warn","message":"[ACPEventAdapter] Action type has no dedicated handler and is being routed as a tool call. If this is a new non-tool action, add it to DispatchedActionType. {\"actionType\":\"run_command\"}","conversationId":"sess_0e234331-0804-49b2-b1a6-4ad458d727e5","turnId":"5d3536ae-8688-41e8-bcb9-68df979eec52","rootTurnId":"5d3536ae-8688-41e8-bcb9-68df979eec52"}
{"timestamp":"2026-08-24T09:31:34.100Z","level":"info","message":"acp.policy-eval.complete {\"toolId\":\"run_command\",\"effect\":\"ask\"}","conversationId":"sess_0e234331-0804-49b2-b1a6-4ad458d727e5","turnId":"5d3536ae-8688-41e8-bcb9-68df979eec52","rootTurnId":"5d3536ae-8688-41e8-bcb9-68df979eec52"}
{"timestamp":"2026-08-24T09:31:34.114Z","level":"info","message":"[ACP ToolApproval] Requesting permission for toolId=run_command, operationId=run_command_tooluse_64cyJusYtmQzyeUaZBANF0, sessionId=sess_0e234331-0804-49b2-b1a6-4ad458d727e5","conversationId":"sess_0e234331-0804-49b2-b1a6-4ad458d727e5","turnId":"5d3536ae-8688-41e8-bcb9-68df979eec52","rootTurnId":"5d3536ae-8688-41e8-bcb9-68df979eec52"}
{"timestamp":"2026-08-24T09:31:34.119Z","level":"info","message":"fs.appendMessages.ok {\"system\":\"fs\",\"sessionId\":\"sess_0e234331-0804-49b2-b1a6-4ad458d727e5\",\"messageCount\":1,\"durationMs\":6}","conversationId":"sess_0e234331-0804-49b2-b1a6-4ad458d727e5","turnId":"5d3536ae-8688-41e8-bcb9-68df979eec52","rootTurnId":"5d3536ae-8688-41e8-bcb9-68df979eec52"}
{"timestamp":"2026-08-24T09:31:34.128Z","level":"info","message":"fs.appendMessages.ok {\"system\":\"fs\",\"sessionId\":\"sess_0e234331-0804-49b2-b1a6-4ad458d727e5\",\"messageCount\":1,\"durationMs\":8}","conversationId":"sess_0e234331-0804-49b2-b1a6-4ad458d727e5","turnId":"5d3536ae-8688-41e8-bcb9-68df979eec52","rootTurnId":"5d3536ae-8688-41e8-bcb9-68df979eec52"}
{"timestamp":"2026-08-24T09:31:34.136Z","level":"info","message":"fs.appendMessages.ok {\"system\":\"fs\",\"sessionId\":\"sess_0e234331-0804-49b2-b1a6-4ad458d727e5\",\"messageCount\":1,\"durationMs\":8}","conversationId":"sess_0e234331-0804-49b2-b1a6-4ad458d727e5","turnId":"5d3536ae-8688-41e8-bcb9-68df979eec52","rootTurnId":"5d3536ae-8688-41e8-bcb9-68df979eec52"}
{"timestamp":"2026-08-24T09:31:43.026Z","level":"info","message":"fs.appendMessages.ok {\"system\":\"fs\",\"sessionId\":\"sess_0e234331-0804-49b2-b1a6-4ad458d727e5\",\"messageCount\":1,\"durationMs\":2}","conversationId":"sess_0e234331-0804-49b2-b1a6-4ad458d727e5","turnId":"5d3536ae-8688-41e8-bcb9-68df979eec52","rootTurnId":"5d3536ae-8688-41e8-bcb9-68df979eec52"}
{"timestamp":"2026-08-24T09:31:43.027Z","level":"info","message":"[ACP ToolApproval] Got response: {\"optionId\":\"always-accept\",\"outcome\":\"selected\"}","conversationId":"sess_0e234331-0804-49b2-b1a6-4ad458d727e5","turnId":"5d3536ae-8688-41e8-bcb9-68df979eec52","rootTurnId":"5d3536ae-8688-41e8-bcb9-68df979eec52"}
{"timestamp":"2026-08-24T09:31:43.197Z","level":"info","message":"[PolicySession] rebuild() complete: 17 rules parsed, engineActive=true, fatal=false","conversationId":"sess_0e234331-0804-49b2-b1a6-4ad458d727e5","turnId":"5d3536ae-8688-41e8-bcb9-68df979eec52","rootTurnId":"5d3536ae-8688-41e8-bcb9-68df979eec52"}
{"timestamp":"2026-08-24T09:31:43.197Z","level":"info","message":"[PolicySession] Persisted allow rule for shell matching \"npm create vite@latest regen-railway -- --template react-ts\" at scope=user","conversationId":"sess_0e234331-0804-49b2-b1a6-4ad458d727e5","turnId":"5d3536ae-8688-41e8-bcb9-68df979eec52","rootTurnId":"5d3536ae-8688-41e8-bcb9-68df979eec52"}
{"timestamp":"2026-08-24T09:31:43.201Z","level":"info","message":"[ACPEventAdapter] Execution resumed {\"executionId\":\"5d3536ae-8688-41e8-bcb9-68df979eec52\"}","conversationId":"sess_0e234331-0804-49b2-b1a6-4ad458d727e5","turnId":"5d3536ae-8688-41e8-bcb9-68df979eec52","rootTurnId":"5d3536ae-8688-41e8-bcb9-68df979eec52"}
{"timestamp":"2026-08-24T09:31:43.202Z","level":"info","message":"acp.policy-eval.complete {\"toolId\":\"list_directory\",\"effect\":\"allow\",\"capability\":\"fs_read\"}","conversationId":"sess_0e234331-0804-49b2-b1a6-4ad458d727e5","turnId":"5d3536ae-8688-41e8-bcb9-68df979eec52","rootTurnId":"5d3536ae-8688-41e8-bcb9-68df979eec52"}
{"timestamp":"2026-08-24T09:33:43.593Z","level":"info","message":"[AgentIterator] Parallel invoking agent","conversationId":"sess_0e234331-0804-49b2-b1a6-4ad458d727e5","turnId":"5d3536ae-8688-41e8-bcb9-68df979eec52","rootTurnId":"5d3536ae-8688-41e8-bcb9-68df979eec52"}
{"timestamp":"2026-08-24T09:33:43.593Z","level":"info","message":"[Steering] Populating steering for execution 5d3536ae-8688-41e8-bcb9-68df979eec52","conversationId":"sess_0e234331-0804-49b2-b1a6-4ad458d727e5","turnId":"5d3536ae-8688-41e8-bcb9-68df979eec52","rootTurnId":"5d3536ae-8688-41e8-bcb9-68df979eec52"}
{"timestamp":"2026-08-24T09:33:43.593Z","level":"info","message":"[Steering] ExistingFiles:  in 5d3536ae-8688-41e8-bcb9-68df979eec52","conversationId":"sess_0e234331-0804-49b2-b1a6-4ad458d727e5","turnId":"5d3536ae-8688-41e8-bcb9-68df979eec52","rootTurnId":"5d3536ae-8688-41e8-bcb9-68df979eec52"}
{"timestamp":"2026-08-24T09:33:43.595Z","level":"info","message":"[q-developer-converse] Sending GenerateAssistantResponse modelId=auto agentMode=vibe origin=AI_EDITOR streaming=true conversationId=sess_0e234331-0804-49b2-b1a6-4ad458d727e5","conversationId":"sess_0e234331-0804-49b2-b1a6-4ad458d727e5","turnId":"5d3536ae-8688-41e8-bcb9-68df979eec52","rootTurnId":"5d3536ae-8688-41e8-bcb9-68df979eec52"}
{"timestamp":"2026-08-24T09:33:43.596Z","level":"info","message":"[q-developer-converse] Request payload: 96244 chars, 12 history messages, conversationId=sess_0e234331-0804-49b2-b1a6-4ad458d727e5","conversationId":"sess_0e234331-0804-49b2-b1a6-4ad458d727e5","turnId":"5d3536ae-8688-41e8-bcb9-68df979eec52","rootTurnId":"5d3536ae-8688-41e8-bcb9-68df979eec52"}
{"timestamp":"2026-08-24T09:33:43.604Z","level":"info","message":"fs.appendMessages.ok {\"system\":\"fs\",\"sessionId\":\"sess_0e234331-0804-49b2-b1a6-4ad458d727e5\",\"messageCount\":2,\"durationMs\":15}","conversationId":"sess_0e234331-0804-49b2-b1a6-4ad458d727e5","turnId":"5d3536ae-8688-41e8-bcb9-68df979eec52","rootTurnId":"5d3536ae-8688-41e8-bcb9-68df979eec52"}
{"timestamp":"2026-08-24T09:33:46.630Z","level":"info","message":"[AgentIterator] Synchronizing results","conversationId":"sess_0e234331-0804-49b2-b1a6-4ad458d727e5","turnId":"5d3536ae-8688-41e8-bcb9-68df979eec52","rootTurnId":"5d3536ae-8688-41e8-bcb9-68df979eec52"}
{"timestamp":"2026-08-24T09:33:46.630Z","level":"info","message":"[AgentIterator] Processing intent detection result","conversationId":"sess_0e234331-0804-49b2-b1a6-4ad458d727e5","turnId":"5d3536ae-8688-41e8-bcb9-68df979eec52","rootTurnId":"5d3536ae-8688-41e8-bcb9-68df979eec52"}
{"timestamp":"2026-08-24T09:33:46.631Z","level":"info","message":"[ChatAgent] Processing model response stream","conversationId":"sess_0e234331-0804-49b2-b1a6-4ad458d727e5","turnId":"5d3536ae-8688-41e8-bcb9-68df979eec52","rootTurnId":"5d3536ae-8688-41e8-bcb9-68df979eec52"}
{"timestamp":"2026-08-24T09:33:46.631Z","level":"info","message":"[Steering] Populating steering for execution 5d3536ae-8688-41e8-bcb9-68df979eec52","conversationId":"sess_0e234331-0804-49b2-b1a6-4ad458d727e5","turnId":"5d3536ae-8688-41e8-bcb9-68df979eec52","rootTurnId":"5d3536ae-8688-41e8-bcb9-68df979eec52"}
{"timestamp":"2026-08-24T09:33:46.631Z","level":"info","message":"[Steering] ExistingFiles:  in 5d3536ae-8688-41e8-bcb9-68df979eec52","conversationId":"sess_0e234331-0804-49b2-b1a6-4ad458d727e5","turnId":"5d3536ae-8688-41e8-bcb9-68df979eec52","rootTurnId":"5d3536ae-8688-41e8-bcb9-68df979eec52"}
{"timestamp":"2026-08-24T09:33:47.459Z","level":"info","message":"fs.appendMessages.ok {\"system\":\"fs\",\"sessionId\":\"sess_0e234331-0804-49b2-b1a6-4ad458d727e5\",\"messageCount\":1,\"durationMs\":4}","conversationId":"sess_0e234331-0804-49b2-b1a6-4ad458d727e5","turnId":"5d3536ae-8688-41e8-bcb9-68df979eec52","rootTurnId":"5d3536ae-8688-41e8-bcb9-68df979eec52"}
{"timestamp":"2026-08-24T09:33:48.709Z","level":"info","message":"[ACPEventAdapter] Execution yielded {\"executionId\":\"5d3536ae-8688-41e8-bcb9-68df979eec52\"}","conversationId":"sess_0e234331-0804-49b2-b1a6-4ad458d727e5","turnId":"5d3536ae-8688-41e8-bcb9-68df979eec52","rootTurnId":"5d3536ae-8688-41e8-bcb9-68df979eec52"}
{"timestamp":"2026-08-24T09:33:48.713Z","level":"warn","message":"[PolicyEngine] evaluateShell: tree-sitter parse errors for \"npm install\" (len=125, explicit command omitted for security reasons): [\"Parse error at position 12: @supabase/supabase\",\"Parse error at position 102: @types/react\"]","conversationId":"sess_0e234331-0804-49b2-b1a6-4ad458d727e5","turnId":"5d3536ae-8688-41e8-bcb9-68df979eec52","rootTurnId":"5d3536ae-8688-41e8-bcb9-68df979eec52"}
{"timestamp":"2026-08-24T09:33:48.713Z","level":"info","message":"acp.policy-eval.complete {\"toolId\":\"run_command\",\"effect\":\"ask\"}","conversationId":"sess_0e234331-0804-49b2-b1a6-4ad458d727e5","turnId":"5d3536ae-8688-41e8-bcb9-68df979eec52","rootTurnId":"5d3536ae-8688-41e8-bcb9-68df979eec52"}
{"timestamp":"2026-08-24T09:33:48.714Z","level":"warn","message":"[PolicyEngine] evaluateShell: tree-sitter parse errors for \"npm install\" (len=125, explicit command omitted for security reasons): [\"Parse error at position 12: @supabase/supabase\",\"Parse error at position 102: @types/react\"]","conversationId":"sess_0e234331-0804-49b2-b1a6-4ad458d727e5","turnId":"5d3536ae-8688-41e8-bcb9-68df979eec52","rootTurnId":"5d3536ae-8688-41e8-bcb9-68df979eec52"}
{"timestamp":"2026-08-24T09:33:48.714Z","level":"info","message":"[ACP ToolApproval] Requesting permission for toolId=run_command, operationId=run_command_tooluse_9mmSzYHMdwvJkOAqwu4OM0, sessionId=sess_0e234331-0804-49b2-b1a6-4ad458d727e5","conversationId":"sess_0e234331-0804-49b2-b1a6-4ad458d727e5","turnId":"5d3536ae-8688-41e8-bcb9-68df979eec52","rootTurnId":"5d3536ae-8688-41e8-bcb9-68df979eec52"}
{"timestamp":"2026-08-24T09:33:48.719Z","level":"info","message":"fs.appendMessages.ok {\"system\":\"fs\",\"sessionId\":\"sess_0e234331-0804-49b2-b1a6-4ad458d727e5\",\"messageCount\":1,\"durationMs\":4}","conversationId":"sess_0e234331-0804-49b2-b1a6-4ad458d727e5","turnId":"5d3536ae-8688-41e8-bcb9-68df979eec52","rootTurnId":"5d3536ae-8688-41e8-bcb9-68df979eec52"}
{"timestamp":"2026-08-24T09:33:49.087Z","level":"info","message":"fs.appendMessages.ok {\"system\":\"fs\",\"sessionId\":\"sess_0e234331-0804-49b2-b1a6-4ad458d727e5\",\"messageCount\":1,\"durationMs\":9}","conversationId":"sess_0e234331-0804-49b2-b1a6-4ad458d727e5","turnId":"5d3536ae-8688-41e8-bcb9-68df979eec52","rootTurnId":"5d3536ae-8688-41e8-bcb9-68df979eec52"}
{"timestamp":"2026-08-24T09:33:49.095Z","level":"info","message":"fs.appendMessages.ok {\"system\":\"fs\",\"sessionId\":\"sess_0e234331-0804-49b2-b1a6-4ad458d727e5\",\"messageCount\":1,\"durationMs\":8}","conversationId":"sess_0e234331-0804-49b2-b1a6-4ad458d727e5","turnId":"5d3536ae-8688-41e8-bcb9-68df979eec52","rootTurnId":"5d3536ae-8688-41e8-bcb9-68df979eec52"}
{"timestamp":"2026-08-24T09:34:03.578Z","level":"info","message":"fs.appendMessages.ok {\"system\":\"fs\",\"sessionId\":\"sess_0e234331-0804-49b2-b1a6-4ad458d727e5\",\"messageCount\":1,\"durationMs\":2}","conversationId":"sess_0e234331-0804-49b2-b1a6-4ad458d727e5","turnId":"5d3536ae-8688-41e8-bcb9-68df979eec52","rootTurnId":"5d3536ae-8688-41e8-bcb9-68df979eec52"}
{"timestamp":"2026-08-24T09:34:03.579Z","level":"info","message":"[ACP ToolApproval] Got response: {\"optionId\":\"accept\",\"outcome\":\"selected\"}","conversationId":"sess_0e234331-0804-49b2-b1a6-4ad458d727e5","turnId":"5d3536ae-8688-41e8-bcb9-68df979eec52","rootTurnId":"5d3536ae-8688-41e8-bcb9-68df979eec52"}
{"timestamp":"2026-08-24T09:34:03.579Z","level":"info","message":"[ACPEventAdapter] Execution resumed {\"executionId\":\"5d3536ae-8688-41e8-bcb9-68df979eec52\"}","conversationId":"sess_0e234331-0804-49b2-b1a6-4ad458d727e5","turnId":"5d3536ae-8688-41e8-bcb9-68df979eec52","rootTurnId":"5d3536ae-8688-41e8-bcb9-68df979eec52"}
{"timestamp":"2026-08-24T09:34:03.580Z","level":"info","message":"acp.policy-eval.complete {\"toolId\":\"list_directory\",\"effect\":\"allow\",\"capability\":\"fs_read\"}","conversationId":"sess_0e234331-0804-49b2-b1a6-4ad458d727e5","turnId":"5d3536ae-8688-41e8-bcb9-68df979eec52","rootTurnId":"5d3536ae-8688-41e8-bcb9-68df979eec52"}
{"timestamp":"2026-08-24T09:34:16.780Z","level":"info","message":"[AgentIterator] Parallel invoking agent","conversationId":"sess_0e234331-0804-49b2-b1a6-4ad458d727e5","turnId":"5d3536ae-8688-41e8-bcb9-68df979eec52","rootTurnId":"5d3536ae-8688-41e8-bcb9-68df979eec52"}
{"timestamp":"2026-08-24T09:34:16.780Z","level":"info","message":"[Steering] Populating steering for execution 5d3536ae-8688-41e8-bcb9-68df979eec52","conversationId":"sess_0e234331-0804-49b2-b1a6-4ad458d727e5","turnId":"5d3536ae-8688-41e8-bcb9-68df979eec52","rootTurnId":"5d3536ae-8688-41e8-bcb9-68df979eec52"}
{"timestamp":"2026-08-24T09:34:16.780Z","level":"info","message":"[Steering] ExistingFiles:  in 5d3536ae-8688-41e8-bcb9-68df979eec52","conversationId":"sess_0e234331-0804-49b2-b1a6-4ad458d727e5","turnId":"5d3536ae-8688-41e8-bcb9-68df979eec52","rootTurnId":"5d3536ae-8688-41e8-bcb9-68df979eec52"}
{"timestamp":"2026-08-24T09:34:16.782Z","level":"info","message":"[q-developer-converse] Sending GenerateAssistantResponse modelId=auto agentMode=vibe origin=AI_EDITOR streaming=true conversationId=sess_0e234331-0804-49b2-b1a6-4ad458d727e5","conversationId":"sess_0e234331-0804-49b2-b1a6-4ad458d727e5","turnId":"5d3536ae-8688-41e8-bcb9-68df979eec52","rootTurnId":"5d3536ae-8688-41e8-bcb9-68df979eec52"}
{"timestamp":"2026-08-24T09:34:16.782Z","level":"info","message":"[q-developer-converse] Request payload: 97588 chars, 14 history messages, conversationId=sess_0e234331-0804-49b2-b1a6-4ad458d727e5","conversationId":"sess_0e234331-0804-49b2-b1a6-4ad458d727e5","turnId":"5d3536ae-8688-41e8-bcb9-68df979eec52","rootTurnId":"5d3536ae-8688-41e8-bcb9-68df979eec52"}
{"timestamp":"2026-08-24T09:34:16.791Z","level":"info","message":"fs.appendMessages.ok {\"system\":\"fs\",\"sessionId\":\"sess_0e234331-0804-49b2-b1a6-4ad458d727e5\",\"messageCount\":2,\"durationMs\":14}","conversationId":"sess_0e234331-0804-49b2-b1a6-4ad458d727e5","turnId":"5d3536ae-8688-41e8-bcb9-68df979eec52","rootTurnId":"5d3536ae-8688-41e8-bcb9-68df979eec52"}
{"timestamp":"2026-08-24T09:34:19.811Z","level":"info","message":"[AgentIterator] Synchronizing results","conversationId":"sess_0e234331-0804-49b2-b1a6-4ad458d727e5","turnId":"5d3536ae-8688-41e8-bcb9-68df979eec52","rootTurnId":"5d3536ae-8688-41e8-bcb9-68df979eec52"}
{"timestamp":"2026-08-24T09:34:19.811Z","level":"info","message":"[AgentIterator] Processing intent detection result","conversationId":"sess_0e234331-0804-49b2-b1a6-4ad458d727e5","turnId":"5d3536ae-8688-41e8-bcb9-68df979eec52","rootTurnId":"5d3536ae-8688-41e8-bcb9-68df979eec52"}
{"timestamp":"2026-08-24T09:34:19.812Z","level":"info","message":"[ChatAgent] Processing model response stream","conversationId":"sess_0e234331-0804-49b2-b1a6-4ad458d727e5","turnId":"5d3536ae-8688-41e8-bcb9-68df979eec52","rootTurnId":"5d3536ae-8688-41e8-bcb9-68df979eec52"}
{"timestamp":"2026-08-24T09:34:19.812Z","level":"info","message":"[Steering] Populating steering for execution 5d3536ae-8688-41e8-bcb9-68df979eec52","conversationId":"sess_0e234331-0804-49b2-b1a6-4ad458d727e5","turnId":"5d3536ae-8688-41e8-bcb9-68df979eec52","rootTurnId":"5d3536ae-8688-41e8-bcb9-68df979eec52"}
{"timestamp":"2026-08-24T09:34:19.812Z","level":"info","message":"[Steering] ExistingFiles:  in 5d3536ae-8688-41e8-bcb9-68df979eec52","conversationId":"sess_0e234331-0804-49b2-b1a6-4ad458d727e5","turnId":"5d3536ae-8688-41e8-bcb9-68df979eec52","rootTurnId":"5d3536ae-8688-41e8-bcb9-68df979eec52"}
{"timestamp":"2026-08-24T09:34:20.492Z","level":"info","message":"[ACPEventAdapter] Execution yielded {\"executionId\":\"5d3536ae-8688-41e8-bcb9-68df979eec52\"}","conversationId":"sess_0e234331-0804-49b2-b1a6-4ad458d727e5","turnId":"5d3536ae-8688-41e8-bcb9-68df979eec52","rootTurnId":"5d3536ae-8688-41e8-bcb9-68df979eec52"}
{"timestamp":"2026-08-24T09:34:20.493Z","level":"warn","message":"[PolicyEngine] evaluateShell: tree-sitter parse errors for \"npm install\" (len=65, explicit command omitted for security reasons): [\"Parse error at position 0: npm install -D tailwindcss @tailwindcss/vite autoprefixer postcss\"]","conversationId":"sess_0e234331-0804-49b2-b1a6-4ad458d727e5","turnId":"5d3536ae-8688-41e8-bcb9-68df979eec52","rootTurnId":"5d3536ae-8688-41e8-bcb9-68df979eec52"}
{"timestamp":"2026-08-24T09:34:20.493Z","level":"info","message":"acp.policy-eval.complete {\"toolId\":\"run_command\",\"effect\":\"ask\"}","conversationId":"sess_0e234331-0804-49b2-b1a6-4ad458d727e5","turnId":"5d3536ae-8688-41e8-bcb9-68df979eec52","rootTurnId":"5d3536ae-8688-41e8-bcb9-68df979eec52"}
{"timestamp":"2026-08-24T09:34:20.494Z","level":"warn","message":"[PolicyEngine] evaluateShell: tree-sitter parse errors for \"npm install\" (len=65, explicit command omitted for security reasons): [\"Parse error at position 0: npm install -D tailwindcss @tailwindcss/vite autoprefixer postcss\"]","conversationId":"sess_0e234331-0804-49b2-b1a6-4ad458d727e5","turnId":"5d3536ae-8688-41e8-bcb9-68df979eec52","rootTurnId":"5d3536ae-8688-41e8-bcb9-68df979eec52"}
{"timestamp":"2026-08-24T09:34:20.494Z","level":"info","message":"[ACP ToolApproval] Requesting permission for toolId=run_command, operationId=run_command_tooluse_3GN4InzlTeqKnkGVrzhkNW, sessionId=sess_0e234331-0804-49b2-b1a6-4ad458d727e5","conversationId":"sess_0e234331-0804-49b2-b1a6-4ad458d727e5","turnId":"5d3536ae-8688-41e8-bcb9-68df979eec52","rootTurnId":"5d3536ae-8688-41e8-bcb9-68df979eec52"}
{"timestamp":"2026-08-24T09:34:20.496Z","level":"info","message":"fs.appendMessages.ok {\"system\":\"fs\",\"sessionId\":\"sess_0e234331-0804-49b2-b1a6-4ad458d727e5\",\"messageCount\":1,\"durationMs\":3}","conversationId":"sess_0e234331-0804-49b2-b1a6-4ad458d727e5","turnId":"5d3536ae-8688-41e8-bcb9-68df979eec52","rootTurnId":"5d3536ae-8688-41e8-bcb9-68df979eec52"}
{"timestamp":"2026-08-24T09:34:20.707Z","level":"info","message":"fs.appendMessages.ok {\"system\":\"fs\",\"sessionId\":\"sess_0e234331-0804-49b2-b1a6-4ad458d727e5\",\"messageCount\":1,\"durationMs\":3}","conversationId":"sess_0e234331-0804-49b2-b1a6-4ad458d727e5","turnId":"5d3536ae-8688-41e8-bcb9-68df979eec52","rootTurnId":"5d3536ae-8688-41e8-bcb9-68df979eec52"}
{"timestamp":"2026-08-24T09:34:20.713Z","level":"info","message":"fs.appendMessages.ok {\"system\":\"fs\",\"sessionId\":\"sess_0e234331-0804-49b2-b1a6-4ad458d727e5\",\"messageCount\":1,\"durationMs\":7}","conversationId":"sess_0e234331-0804-49b2-b1a6-4ad458d727e5","turnId":"5d3536ae-8688-41e8-bcb9-68df979eec52","rootTurnId":"5d3536ae-8688-41e8-bcb9-68df979eec52"}
{"timestamp":"2026-08-24T09:34:24.434Z","level":"info","message":"fs.appendMessages.ok {\"system\":\"fs\",\"sessionId\":\"sess_0e234331-0804-49b2-b1a6-4ad458d727e5\",\"messageCount\":1,\"durationMs\":2}","conversationId":"sess_0e234331-0804-49b2-b1a6-4ad458d727e5","turnId":"5d3536ae-8688-41e8-bcb9-68df979eec52","rootTurnId":"5d3536ae-8688-41e8-bcb9-68df979eec52"}
{"timestamp":"2026-08-24T09:34:24.434Z","level":"info","message":"[ACP ToolApproval] Got response: {\"optionId\":\"accept\",\"outcome\":\"selected\"}","conversationId":"sess_0e234331-0804-49b2-b1a6-4ad458d727e5","turnId":"5d3536ae-8688-41e8-bcb9-68df979eec52","rootTurnId":"5d3536ae-8688-41e8-bcb9-68df979eec52"}
{"timestamp":"2026-08-24T09:34:24.434Z","level":"info","message":"[ACPEventAdapter] Execution resumed {\"executionId\":\"5d3536ae-8688-41e8-bcb9-68df979eec52\"}","conversationId":"sess_0e234331-0804-49b2-b1a6-4ad458d727e5","turnId":"5d3536ae-8688-41e8-bcb9-68df979eec52","rootTurnId":"5d3536ae-8688-41e8-bcb9-68df979eec52"}
{"timestamp":"2026-08-24T09:34:24.435Z","level":"info","message":"acp.policy-eval.complete {\"toolId\":\"list_directory\",\"effect\":\"allow\",\"capability\":\"fs_read\"}","conversationId":"sess_0e234331-0804-49b2-b1a6-4ad458d727e5","turnId":"5d3536ae-8688-41e8-bcb9-68df979eec52","rootTurnId":"5d3536ae-8688-41e8-bcb9-68df979eec52"}
{"timestamp":"2026-08-24T09:34:27.718Z","level":"info","message":"[AgentIterator] Parallel invoking agent","conversationId":"sess_0e234331-0804-49b2-b1a6-4ad458d727e5","turnId":"5d3536ae-8688-41e8-bcb9-68df979eec52","rootTurnId":"5d3536ae-8688-41e8-bcb9-68df979eec52"}
{"timestamp":"2026-08-24T09:34:27.718Z","level":"info","message":"[Steering] Populating steering for execution 5d3536ae-8688-41e8-bcb9-68df979eec52","conversationId":"sess_0e234331-0804-49b2-b1a6-4ad458d727e5","turnId":"5d3536ae-8688-41e8-bcb9-68df979eec52","rootTurnId":"5d3536ae-8688-41e8-bcb9-68df979eec52"}
{"timestamp":"2026-08-24T09:34:27.718Z","level":"info","message":"[Steering] ExistingFiles:  in 5d3536ae-8688-41e8-bcb9-68df979eec52","conversationId":"sess_0e234331-0804-49b2-b1a6-4ad458d727e5","turnId":"5d3536ae-8688-41e8-bcb9-68df979eec52","rootTurnId":"5d3536ae-8688-41e8-bcb9-68df979eec52"}
{"timestamp":"2026-08-24T09:34:27.719Z","level":"info","message":"[q-developer-converse] Sending GenerateAssistantResponse modelId=auto agentMode=vibe origin=AI_EDITOR streaming=true conversationId=sess_0e234331-0804-49b2-b1a6-4ad458d727e5","conversationId":"sess_0e234331-0804-49b2-b1a6-4ad458d727e5","turnId":"5d3536ae-8688-41e8-bcb9-68df979eec52","rootTurnId":"5d3536ae-8688-41e8-bcb9-68df979eec52"}
{"timestamp":"2026-08-24T09:34:27.720Z","level":"info","message":"[q-developer-converse] Request payload: 98604 chars, 16 history messages, conversationId=sess_0e234331-0804-49b2-b1a6-4ad458d727e5","conversationId":"sess_0e234331-0804-49b2-b1a6-4ad458d727e5","turnId":"5d3536ae-8688-41e8-bcb9-68df979eec52","rootTurnId":"5d3536ae-8688-41e8-bcb9-68df979eec52"}
{"timestamp":"2026-08-24T09:34:27.728Z","level":"info","message":"fs.appendMessages.ok {\"system\":\"fs\",\"sessionId\":\"sess_0e234331-0804-49b2-b1a6-4ad458d727e5\",\"messageCount\":2,\"durationMs\":14}","conversationId":"sess_0e234331-0804-49b2-b1a6-4ad458d727e5","turnId":"5d3536ae-8688-41e8-bcb9-68df979eec52","rootTurnId":"5d3536ae-8688-41e8-bcb9-68df979eec52"}
{"timestamp":"2026-08-24T09:34:31.898Z","level":"info","message":"[AgentIterator] Synchronizing results","conversationId":"sess_0e234331-0804-49b2-b1a6-4ad458d727e5","turnId":"5d3536ae-8688-41e8-bcb9-68df979eec52","rootTurnId":"5d3536ae-8688-41e8-bcb9-68df979eec52"}
{"timestamp":"2026-08-24T09:34:31.898Z","level":"info","message":"[AgentIterator] Processing intent detection result","conversationId":"sess_0e234331-0804-49b2-b1a6-4ad458d727e5","turnId":"5d3536ae-8688-41e8-bcb9-68df979eec52","rootTurnId":"5d3536ae-8688-41e8-bcb9-68df979eec52"}
{"timestamp":"2026-08-24T09:34:31.898Z","level":"info","message":"[ChatAgent] Processing model response stream","conversationId":"sess_0e234331-0804-49b2-b1a6-4ad458d727e5","turnId":"5d3536ae-8688-41e8-bcb9-68df979eec52","rootTurnId":"5d3536ae-8688-41e8-bcb9-68df979eec52"}
{"timestamp":"2026-08-24T09:34:31.898Z","level":"info","message":"[Steering] Populating steering for execution 5d3536ae-8688-41e8-bcb9-68df979eec52","conversationId":"sess_0e234331-0804-49b2-b1a6-4ad458d727e5","turnId":"5d3536ae-8688-41e8-bcb9-68df979eec52","rootTurnId":"5d3536ae-8688-41e8-bcb9-68df979eec52"}
{"timestamp":"2026-08-24T09:34:31.898Z","level":"info","message":"[Steering] ExistingFiles:  in 5d3536ae-8688-41e8-bcb9-68df979eec52","conversationId":"sess_0e234331-0804-49b2-b1a6-4ad458d727e5","turnId":"5d3536ae-8688-41e8-bcb9-68df979eec52","rootTurnId":"5d3536ae-8688-41e8-bcb9-68df979eec52"}
{"timestamp":"2026-08-24T09:34:34.058Z","level":"info","message":"fs.appendMessages.ok {\"system\":\"fs\",\"sessionId\":\"sess_0e234331-0804-49b2-b1a6-4ad458d727e5\",\"messageCount\":2,\"durationMs\":3}","conversationId":"sess_0e234331-0804-49b2-b1a6-4ad458d727e5","turnId":"5d3536ae-8688-41e8-bcb9-68df979eec52","rootTurnId":"5d3536ae-8688-41e8-bcb9-68df979eec52"}
{"timestamp":"2026-08-24T09:34:34.212Z","level":"info","message":"[AgentIterator] Parallel invoking agent","conversationId":"sess_0e234331-0804-49b2-b1a6-4ad458d727e5","turnId":"5d3536ae-8688-41e8-bcb9-68df979eec52","rootTurnId":"5d3536ae-8688-41e8-bcb9-68df979eec52"}
{"timestamp":"2026-08-24T09:34:34.212Z","level":"info","message":"[Steering] Populating steering for execution 5d3536ae-8688-41e8-bcb9-68df979eec52","conversationId":"sess_0e234331-0804-49b2-b1a6-4ad458d727e5","turnId":"5d3536ae-8688-41e8-bcb9-68df979eec52","rootTurnId":"5d3536ae-8688-41e8-bcb9-68df979eec52"}
{"timestamp":"2026-08-24T09:34:34.212Z","level":"info","message":"[Steering] ExistingFiles:  in 5d3536ae-8688-41e8-bcb9-68df979eec52","conversationId":"sess_0e234331-0804-49b2-b1a6-4ad458d727e5","turnId":"5d3536ae-8688-41e8-bcb9-68df979eec52","rootTurnId":"5d3536ae-8688-41e8-bcb9-68df979eec52"}
{"timestamp":"2026-08-24T09:34:34.212Z","level":"info","message":"Injecting todo list context into conversation","conversationId":"sess_0e234331-0804-49b2-b1a6-4ad458d727e5","turnId":"5d3536ae-8688-41e8-bcb9-68df979eec52","rootTurnId":"5d3536ae-8688-41e8-bcb9-68df979eec52"}
{"timestamp":"2026-08-24T09:34:34.213Z","level":"info","message":"[q-developer-converse] Sending GenerateAssistantResponse modelId=auto agentMode=vibe origin=AI_EDITOR streaming=true conversationId=sess_0e234331-0804-49b2-b1a6-4ad458d727e5","conversationId":"sess_0e234331-0804-49b2-b1a6-4ad458d727e5","turnId":"5d3536ae-8688-41e8-bcb9-68df979eec52","rootTurnId":"5d3536ae-8688-41e8-bcb9-68df979eec52"}
{"timestamp":"2026-08-24T09:34:34.214Z","level":"info","message":"[q-developer-converse] Request payload: 103408 chars, 20 history messages, conversationId=sess_0e234331-0804-49b2-b1a6-4ad458d727e5","conversationId":"sess_0e234331-0804-49b2-b1a6-4ad458d727e5","turnId":"5d3536ae-8688-41e8-bcb9-68df979eec52","rootTurnId":"5d3536ae-8688-41e8-bcb9-68df979eec52"}
{"timestamp":"2026-08-24T09:34:34.222Z","level":"info","message":"fs.appendMessages.ok {\"system\":\"fs\",\"sessionId\":\"sess_0e234331-0804-49b2-b1a6-4ad458d727e5\",\"messageCount\":1,\"durationMs\":15}","conversationId":"sess_0e234331-0804-49b2-b1a6-4ad458d727e5","turnId":"5d3536ae-8688-41e8-bcb9-68df979eec52","rootTurnId":"5d3536ae-8688-41e8-bcb9-68df979eec52"}
{"timestamp":"2026-08-24T09:34:34.229Z","level":"info","message":"fs.appendMessages.ok {\"system\":\"fs\",\"sessionId\":\"sess_0e234331-0804-49b2-b1a6-4ad458d727e5\",\"messageCount\":1,\"durationMs\":6}","conversationId":"sess_0e234331-0804-49b2-b1a6-4ad458d727e5","turnId":"5d3536ae-8688-41e8-bcb9-68df979eec52","rootTurnId":"5d3536ae-8688-41e8-bcb9-68df979eec52"}
{"timestamp":"2026-08-24T09:34:37.361Z","level":"info","message":"[AgentIterator] Synchronizing results","conversationId":"sess_0e234331-0804-49b2-b1a6-4ad458d727e5","turnId":"5d3536ae-8688-41e8-bcb9-68df979eec52","rootTurnId":"5d3536ae-8688-41e8-bcb9-68df979eec52"}
{"timestamp":"2026-08-24T09:34:37.361Z","level":"info","message":"[AgentIterator] Processing intent detection result","conversationId":"sess_0e234331-0804-49b2-b1a6-4ad458d727e5","turnId":"5d3536ae-8688-41e8-bcb9-68df979eec52","rootTurnId":"5d3536ae-8688-41e8-bcb9-68df979eec52"}
{"timestamp":"2026-08-24T09:34:37.361Z","level":"info","message":"[ChatAgent] Processing model response stream","conversationId":"sess_0e234331-0804-49b2-b1a6-4ad458d727e5","turnId":"5d3536ae-8688-41e8-bcb9-68df979eec52","rootTurnId":"5d3536ae-8688-41e8-bcb9-68df979eec52"}
{"timestamp":"2026-08-24T09:34:37.361Z","level":"info","message":"[Steering] Populating steering for execution 5d3536ae-8688-41e8-bcb9-68df979eec52","conversationId":"sess_0e234331-0804-49b2-b1a6-4ad458d727e5","turnId":"5d3536ae-8688-41e8-bcb9-68df979eec52","rootTurnId":"5d3536ae-8688-41e8-bcb9-68df979eec52"}
{"timestamp":"2026-08-24T09:34:37.361Z","level":"info","message":"[Steering] ExistingFiles:  in 5d3536ae-8688-41e8-bcb9-68df979eec52","conversationId":"sess_0e234331-0804-49b2-b1a6-4ad458d727e5","turnId":"5d3536ae-8688-41e8-bcb9-68df979eec52","rootTurnId":"5d3536ae-8688-41e8-bcb9-68df979eec52"}
{"timestamp":"2026-08-24T09:34:38.109Z","level":"info","message":"fs.appendMessages.ok {\"system\":\"fs\",\"sessionId\":\"sess_0e234331-0804-49b2-b1a6-4ad458d727e5\",\"messageCount\":1,\"durationMs\":2}","conversationId":"sess_0e234331-0804-49b2-b1a6-4ad458d727e5","turnId":"5d3536ae-8688-41e8-bcb9-68df979eec52","rootTurnId":"5d3536ae-8688-41e8-bcb9-68df979eec52"}
{"timestamp":"2026-08-24T09:34:38.648Z","level":"warn","message":"[ACPEventAdapter] Action type has no dedicated handler and is being routed as a tool call. If this is a new non-tool action, add it to DispatchedActionType. {\"actionType\":\"read_files\"}","conversationId":"sess_0e234331-0804-49b2-b1a6-4ad458d727e5","turnId":"5d3536ae-8688-41e8-bcb9-68df979eec52","rootTurnId":"5d3536ae-8688-41e8-bcb9-68df979eec52"}
{"timestamp":"2026-08-24T09:34:38.648Z","level":"info","message":"acp.policy-eval.complete {\"toolId\":\"read_file\",\"effect\":\"allow\",\"capability\":\"fs_read\"}","conversationId":"sess_0e234331-0804-49b2-b1a6-4ad458d727e5","turnId":"5d3536ae-8688-41e8-bcb9-68df979eec52","rootTurnId":"5d3536ae-8688-41e8-bcb9-68df979eec52"}
{"timestamp":"2026-08-24T09:34:38.655Z","level":"info","message":"fs.appendMessages.ok {\"system\":\"fs\",\"sessionId\":\"sess_0e234331-0804-49b2-b1a6-4ad458d727e5\",\"messageCount\":2,\"durationMs\":3}","conversationId":"sess_0e234331-0804-49b2-b1a6-4ad458d727e5","turnId":"5d3536ae-8688-41e8-bcb9-68df979eec52","rootTurnId":"5d3536ae-8688-41e8-bcb9-68df979eec52"}
{"timestamp":"2026-08-24T09:34:38.764Z","level":"info","message":"[AgentIterator] Parallel invoking agent","conversationId":"sess_0e234331-0804-49b2-b1a6-4ad458d727e5","turnId":"5d3536ae-8688-41e8-bcb9-68df979eec52","rootTurnId":"5d3536ae-8688-41e8-bcb9-68df979eec52"}
{"timestamp":"2026-08-24T09:34:38.764Z","level":"info","message":"[Steering] Populating steering for execution 5d3536ae-8688-41e8-bcb9-68df979eec52","conversationId":"sess_0e234331-0804-49b2-b1a6-4ad458d727e5","turnId":"5d3536ae-8688-41e8-bcb9-68df979eec52","rootTurnId":"5d3536ae-8688-41e8-bcb9-68df979eec52"}
{"timestamp":"2026-08-24T09:34:38.765Z","level":"info","message":"[Steering] ExistingFiles: /c:/Users/Student/.kiro/workspace-roots/regen-railway/vite.config.ts in 5d3536ae-8688-41e8-bcb9-68df979eec52","conversationId":"sess_0e234331-0804-49b2-b1a6-4ad458d727e5","turnId":"5d3536ae-8688-41e8-bcb9-68df979eec52","rootTurnId":"5d3536ae-8688-41e8-bcb9-68df979eec52"}
{"timestamp":"2026-08-24T09:34:38.767Z","level":"info","message":"[q-developer-converse] Sending GenerateAssistantResponse modelId=auto agentMode=vibe origin=AI_EDITOR streaming=true conversationId=sess_0e234331-0804-49b2-b1a6-4ad458d727e5","conversationId":"sess_0e234331-0804-49b2-b1a6-4ad458d727e5","turnId":"5d3536ae-8688-41e8-bcb9-68df979eec52","rootTurnId":"5d3536ae-8688-41e8-bcb9-68df979eec52"}
{"timestamp":"2026-08-24T09:34:38.767Z","level":"info","message":"[q-developer-converse] Request payload: 104390 chars, 22 history messages, conversationId=sess_0e234331-0804-49b2-b1a6-4ad458d727e5","conversationId":"sess_0e234331-0804-49b2-b1a6-4ad458d727e5","turnId":"5d3536ae-8688-41e8-bcb9-68df979eec52","rootTurnId":"5d3536ae-8688-41e8-bcb9-68df979eec52"}
{"timestamp":"2026-08-24T09:34:38.773Z","level":"info","message":"fs.appendMessages.ok {\"system\":\"fs\",\"sessionId\":\"sess_0e234331-0804-49b2-b1a6-4ad458d727e5\",\"messageCount\":1,\"durationMs\":15}","conversationId":"sess_0e234331-0804-49b2-b1a6-4ad458d727e5","turnId":"5d3536ae-8688-41e8-bcb9-68df979eec52","rootTurnId":"5d3536ae-8688-41e8-bcb9-68df979eec52"}
{"timestamp":"2026-08-24T09:34:38.781Z","level":"info","message":"fs.appendMessages.ok {\"system\":\"fs\",\"sessionId\":\"sess_0e234331-0804-49b2-b1a6-4ad458d727e5\",\"messageCount\":1,\"durationMs\":8}","conversationId":"sess_0e234331-0804-49b2-b1a6-4ad458d727e5","turnId":"5d3536ae-8688-41e8-bcb9-68df979eec52","rootTurnId":"5d3536ae-8688-41e8-bcb9-68df979eec52"}
{"timestamp":"2026-08-24T09:34:41.961Z","level":"info","message":"[AgentIterator] Synchronizing results","conversationId":"sess_0e234331-0804-49b2-b1a6-4ad458d727e5","turnId":"5d3536ae-8688-41e8-bcb9-68df979eec52","rootTurnId":"5d3536ae-8688-41e8-bcb9-68df979eec52"}
{"timestamp":"2026-08-24T09:34:41.961Z","level":"info","message":"[AgentIterator] Processing intent detection result","conversationId":"sess_0e234331-0804-49b2-b1a6-4ad458d727e5","turnId":"5d3536ae-8688-41e8-bcb9-68df979eec52","rootTurnId":"5d3536ae-8688-41e8-bcb9-68df979eec52"}
{"timestamp":"2026-08-24T09:34:41.961Z","level":"info","message":"[ChatAgent] Processing model response stream","conversationId":"sess_0e234331-0804-49b2-b1a6-4ad458d727e5","turnId":"5d3536ae-8688-41e8-bcb9-68df979eec52","rootTurnId":"5d3536ae-8688-41e8-bcb9-68df979eec52"}
{"timestamp":"2026-08-24T09:34:41.961Z","level":"info","message":"[Steering] Populating steering for execution 5d3536ae-8688-41e8-bcb9-68df979eec52","conversationId":"sess_0e234331-0804-49b2-b1a6-4ad458d727e5","turnId":"5d3536ae-8688-41e8-bcb9-68df979eec52","rootTurnId":"5d3536ae-8688-41e8-bcb9-68df979eec52"}
{"timestamp":"2026-08-24T09:34:41.961Z","level":"info","message":"[Steering] ExistingFiles: /c:/Users/Student/.kiro/workspace-roots/regen-railway/vite.config.ts in 5d3536ae-8688-41e8-bcb9-68df979eec52","conversationId":"sess_0e234331-0804-49b2-b1a6-4ad458d727e5","turnId":"5d3536ae-8688-41e8-bcb9-68df979eec52","rootTurnId":"5d3536ae-8688-41e8-bcb9-68df979eec52"}
{"timestamp":"2026-08-24T09:34:43.208Z","level":"warn","message":"[ACPEventAdapter] Action type has no dedicated handler and is being routed as a tool call. If this is a new non-tool action, add it to DispatchedActionType. {\"actionType\":\"write\"}","conversationId":"sess_0e234331-0804-49b2-b1a6-4ad458d727e5","turnId":"5d3536ae-8688-41e8-bcb9-68df979eec52","rootTurnId":"5d3536ae-8688-41e8-bcb9-68df979eec52"}
{"timestamp":"2026-08-24T09:34:43.213Z","level":"info","message":"acp.policy-eval.complete {\"toolId\":\"fs_write\",\"effect\":\"deny\",\"capability\":\"fs_write\"}","conversationId":"sess_0e234331-0804-49b2-b1a6-4ad458d727e5","turnId":"5d3536ae-8688-41e8-bcb9-68df979eec52","rootTurnId":"5d3536ae-8688-41e8-bcb9-68df979eec52"}
{"timestamp":"2026-08-24T09:34:43.217Z","level":"info","message":"[AgentIterator] Parallel invoking agent","conversationId":"sess_0e234331-0804-49b2-b1a6-4ad458d727e5","turnId":"5d3536ae-8688-41e8-bcb9-68df979eec52","rootTurnId":"5d3536ae-8688-41e8-bcb9-68df979eec52"}
{"timestamp":"2026-08-24T09:34:43.218Z","level":"info","message":"[Steering] Populating steering for execution 5d3536ae-8688-41e8-bcb9-68df979eec52","conversationId":"sess_0e234331-0804-49b2-b1a6-4ad458d727e5","turnId":"5d3536ae-8688-41e8-bcb9-68df979eec52","rootTurnId":"5d3536ae-8688-41e8-bcb9-68df979eec52"}
{"timestamp":"2026-08-24T09:34:43.218Z","level":"info","message":"[Steering] ExistingFiles: /c:/Users/Student/.kiro/workspace-roots/regen-railway/vite.config.ts in 5d3536ae-8688-41e8-bcb9-68df979eec52","conversationId":"sess_0e234331-0804-49b2-b1a6-4ad458d727e5","turnId":"5d3536ae-8688-41e8-bcb9-68df979eec52","rootTurnId":"5d3536ae-8688-41e8-bcb9-68df979eec52"}
{"timestamp":"2026-08-24T09:34:43.219Z","level":"info","message":"fs.appendMessages.ok {\"system\":\"fs\",\"sessionId\":\"sess_0e234331-0804-49b2-b1a6-4ad458d727e5\",\"messageCount\":1,\"durationMs\":14}","conversationId":"sess_0e234331-0804-49b2-b1a6-4ad458d727e5","turnId":"5d3536ae-8688-41e8-bcb9-68df979eec52","rootTurnId":"5d3536ae-8688-41e8-bcb9-68df979eec52"}
{"timestamp":"2026-08-24T09:34:43.221Z","level":"info","message":"[q-developer-converse] Sending GenerateAssistantResponse modelId=auto agentMode=vibe origin=AI_EDITOR streaming=true conversationId=sess_0e234331-0804-49b2-b1a6-4ad458d727e5","conversationId":"sess_0e234331-0804-49b2-b1a6-4ad458d727e5","turnId":"5d3536ae-8688-41e8-bcb9-68df979eec52","rootTurnId":"5d3536ae-8688-41e8-bcb9-68df979eec52"}
{"timestamp":"2026-08-24T09:34:43.221Z","level":"info","message":"[q-developer-converse] Request payload: 105421 chars, 24 history messages, conversationId=sess_0e234331-0804-49b2-b1a6-4ad458d727e5","conversationId":"sess_0e234331-0804-49b2-b1a6-4ad458d727e5","turnId":"5d3536ae-8688-41e8-bcb9-68df979eec52","rootTurnId":"5d3536ae-8688-41e8-bcb9-68df979eec52"}
{"timestamp":"2026-08-24T09:34:43.229Z","level":"info","message":"fs.appendMessages.ok {\"system\":\"fs\",\"sessionId\":\"sess_0e234331-0804-49b2-b1a6-4ad458d727e5\",\"messageCount\":1,\"durationMs\":10}","conversationId":"sess_0e234331-0804-49b2-b1a6-4ad458d727e5","turnId":"5d3536ae-8688-41e8-bcb9-68df979eec52","rootTurnId":"5d3536ae-8688-41e8-bcb9-68df979eec52"}
{"timestamp":"2026-08-24T09:34:43.237Z","level":"info","message":"fs.appendMessages.ok {\"system\":\"fs\",\"sessionId\":\"sess_0e234331-0804-49b2-b1a6-4ad458d727e5\",\"messageCount\":2,\"durationMs\":8}","conversationId":"sess_0e234331-0804-49b2-b1a6-4ad458d727e5","turnId":"5d3536ae-8688-41e8-bcb9-68df979eec52","rootTurnId":"5d3536ae-8688-41e8-bcb9-68df979eec52"}
{"timestamp":"2026-08-24T09:34:46.330Z","level":"info","message":"[AgentIterator] Synchronizing results","conversationId":"sess_0e234331-0804-49b2-b1a6-4ad458d727e5","turnId":"5d3536ae-8688-41e8-bcb9-68df979eec52","rootTurnId":"5d3536ae-8688-41e8-bcb9-68df979eec52"}
{"timestamp":"2026-08-24T09:34:46.330Z","level":"info","message":"[AgentIterator] Processing intent detection result","conversationId":"sess_0e234331-0804-49b2-b1a6-4ad458d727e5","turnId":"5d3536ae-8688-41e8-bcb9-68df979eec52","rootTurnId":"5d3536ae-8688-41e8-bcb9-68df979eec52"}
{"timestamp":"2026-08-24T09:34:46.330Z","level":"info","message":"[ChatAgent] Processing model response stream","conversationId":"sess_0e234331-0804-49b2-b1a6-4ad458d727e5","turnId":"5d3536ae-8688-41e8-bcb9-68df979eec52","rootTurnId":"5d3536ae-8688-41e8-bcb9-68df979eec52"}
{"timestamp":"2026-08-24T09:34:46.330Z","level":"info","message":"[Steering] Populating steering for execution 5d3536ae-8688-41e8-bcb9-68df979eec52","conversationId":"sess_0e234331-0804-49b2-b1a6-4ad458d727e5","turnId":"5d3536ae-8688-41e8-bcb9-68df979eec52","rootTurnId":"5d3536ae-8688-41e8-bcb9-68df979eec52"}
{"timestamp":"2026-08-24T09:34:46.330Z","level":"info","message":"[Steering] ExistingFiles: /c:/Users/Student/.kiro/workspace-roots/regen-railway/vite.config.ts in 5d3536ae-8688-41e8-bcb9-68df979eec52","conversationId":"sess_0e234331-0804-49b2-b1a6-4ad458d727e5","turnId":"5d3536ae-8688-41e8-bcb9-68df979eec52","rootTurnId":"5d3536ae-8688-41e8-bcb9-68df979eec52"}
{"timestamp":"2026-08-24T09:34:47.689Z","level":"warn","message":"[ACPEventAdapter] Action type has no dedicated handler and is being routed as a tool call. If this is a new non-tool action, add it to DispatchedActionType. {\"actionType\":\"replace\"}","conversationId":"sess_0e234331-0804-49b2-b1a6-4ad458d727e5","turnId":"5d3536ae-8688-41e8-bcb9-68df979eec52","rootTurnId":"5d3536ae-8688-41e8-bcb9-68df979eec52"}
{"timestamp":"2026-08-24T09:34:47.694Z","level":"info","message":"acp.policy-eval.complete {\"toolId\":\"str_replace\",\"effect\":\"deny\",\"capability\":\"fs_write\"}","conversationId":"sess_0e234331-0804-49b2-b1a6-4ad458d727e5","turnId":"5d3536ae-8688-41e8-bcb9-68df979eec52","rootTurnId":"5d3536ae-8688-41e8-bcb9-68df979eec52"}
{"timestamp":"2026-08-24T09:34:47.697Z","level":"info","message":"fs.appendMessages.ok {\"system\":\"fs\",\"sessionId\":\"sess_0e234331-0804-49b2-b1a6-4ad458d727e5\",\"messageCount\":2,\"durationMs\":3}","conversationId":"sess_0e234331-0804-49b2-b1a6-4ad458d727e5","turnId":"5d3536ae-8688-41e8-bcb9-68df979eec52","rootTurnId":"5d3536ae-8688-41e8-bcb9-68df979eec52"}
{"timestamp":"2026-08-24T09:34:47.811Z","level":"info","message":"[AgentIterator] Parallel invoking agent","conversationId":"sess_0e234331-0804-49b2-b1a6-4ad458d727e5","turnId":"5d3536ae-8688-41e8-bcb9-68df979eec52","rootTurnId":"5d3536ae-8688-41e8-bcb9-68df979eec52"}
{"timestamp":"2026-08-24T09:34:47.811Z","level":"info","message":"[Steering] Populating steering for execution 5d3536ae-8688-41e8-bcb9-68df979eec52","conversationId":"sess_0e234331-0804-49b2-b1a6-4ad458d727e5","turnId":"5d3536ae-8688-41e8-bcb9-68df979eec52","rootTurnId":"5d3536ae-8688-41e8-bcb9-68df979eec52"}
{"timestamp":"2026-08-24T09:34:47.811Z","level":"info","message":"[Steering] ExistingFiles: /c:/Users/Student/.kiro/workspace-roots/regen-railway/vite.config.ts in 5d3536ae-8688-41e8-bcb9-68df979eec52","conversationId":"sess_0e234331-0804-49b2-b1a6-4ad458d727e5","turnId":"5d3536ae-8688-41e8-bcb9-68df979eec52","rootTurnId":"5d3536ae-8688-41e8-bcb9-68df979eec52"}
{"timestamp":"2026-08-24T09:34:47.815Z","level":"info","message":"[q-developer-converse] Sending GenerateAssistantResponse modelId=auto agentMode=vibe origin=AI_EDITOR streaming=true conversationId=sess_0e234331-0804-49b2-b1a6-4ad458d727e5","conversationId":"sess_0e234331-0804-49b2-b1a6-4ad458d727e5","turnId":"5d3536ae-8688-41e8-bcb9-68df979eec52","rootTurnId":"5d3536ae-8688-41e8-bcb9-68df979eec52"}
{"timestamp":"2026-08-24T09:34:47.816Z","level":"info","message":"[q-developer-converse] Request payload: 106633 chars, 26 history messages, conversationId=sess_0e234331-0804-49b2-b1a6-4ad458d727e5","conversationId":"sess_0e234331-0804-49b2-b1a6-4ad458d727e5","turnId":"5d3536ae-8688-41e8-bcb9-68df979eec52","rootTurnId":"5d3536ae-8688-41e8-bcb9-68df979eec52"}
{"timestamp":"2026-08-24T09:34:47.822Z","level":"info","message":"fs.appendMessages.ok {\"system\":\"fs\",\"sessionId\":\"sess_0e234331-0804-49b2-b1a6-4ad458d727e5\",\"messageCount\":1,\"durationMs\":14}","conversationId":"sess_0e234331-0804-49b2-b1a6-4ad458d727e5","turnId":"5d3536ae-8688-41e8-bcb9-68df979eec52","rootTurnId":"5d3536ae-8688-41e8-bcb9-68df979eec52"}
{"timestamp":"2026-08-24T09:34:47.829Z","level":"info","message":"fs.appendMessages.ok {\"system\":\"fs\",\"sessionId\":\"sess_0e234331-0804-49b2-b1a6-4ad458d727e5\",\"messageCount\":1,\"durationMs\":8}","conversationId":"sess_0e234331-0804-49b2-b1a6-4ad458d727e5","turnId":"5d3536ae-8688-41e8-bcb9-68df979eec52","rootTurnId":"5d3536ae-8688-41e8-bcb9-68df979eec52"}
{"timestamp":"2026-08-24T09:34:50.889Z","level":"info","message":"[AgentIterator] Synchronizing results","conversationId":"sess_0e234331-0804-49b2-b1a6-4ad458d727e5","turnId":"5d3536ae-8688-41e8-bcb9-68df979eec52","rootTurnId":"5d3536ae-8688-41e8-bcb9-68df979eec52"}
{"timestamp":"2026-08-24T09:34:50.889Z","level":"info","message":"[AgentIterator] Processing intent detection result","conversationId":"sess_0e234331-0804-49b2-b1a6-4ad458d727e5","turnId":"5d3536ae-8688-41e8-bcb9-68df979eec52","rootTurnId":"5d3536ae-8688-41e8-bcb9-68df979eec52"}
{"timestamp":"2026-08-24T09:34:50.889Z","level":"info","message":"[ChatAgent] Processing model response stream","conversationId":"sess_0e234331-0804-49b2-b1a6-4ad458d727e5","turnId":"5d3536ae-8688-41e8-bcb9-68df979eec52","rootTurnId":"5d3536ae-8688-41e8-bcb9-68df979eec52"}
{"timestamp":"2026-08-24T09:34:50.889Z","level":"info","message":"[Steering] Populating steering for execution 5d3536ae-8688-41e8-bcb9-68df979eec52","conversationId":"sess_0e234331-0804-49b2-b1a6-4ad458d727e5","turnId":"5d3536ae-8688-41e8-bcb9-68df979eec52","rootTurnId":"5d3536ae-8688-41e8-bcb9-68df979eec52"}
{"timestamp":"2026-08-24T09:34:50.889Z","level":"info","message":"[Steering] ExistingFiles: /c:/Users/Student/.kiro/workspace-roots/regen-railway/vite.config.ts in 5d3536ae-8688-41e8-bcb9-68df979eec52","conversationId":"sess_0e234331-0804-49b2-b1a6-4ad458d727e5","turnId":"5d3536ae-8688-41e8-bcb9-68df979eec52","rootTurnId":"5d3536ae-8688-41e8-bcb9-68df979eec52"}
{"timestamp":"2026-08-24T09:34:51.482Z","level":"info","message":"fs.appendMessages.ok {\"system\":\"fs\",\"sessionId\":\"sess_0e234331-0804-49b2-b1a6-4ad458d727e5\",\"messageCount\":1,\"durationMs\":2}","conversationId":"sess_0e234331-0804-49b2-b1a6-4ad458d727e5","turnId":"5d3536ae-8688-41e8-bcb9-68df979eec52","rootTurnId":"5d3536ae-8688-41e8-bcb9-68df979eec52"}
{"timestamp":"2026-08-24T09:34:51.979Z","level":"info","message":"acp.policy-eval.complete {\"toolId\":\"list_directory\",\"effect\":\"allow\",\"capability\":\"fs_read\"}","conversationId":"sess_0e234331-0804-49b2-b1a6-4ad458d727e5","turnId":"5d3536ae-8688-41e8-bcb9-68df979eec52","rootTurnId":"5d3536ae-8688-41e8-bcb9-68df979eec52"}
{"timestamp":"2026-08-24T09:34:51.984Z","level":"info","message":"fs.appendMessages.ok {\"system\":\"fs\",\"sessionId\":\"sess_0e234331-0804-49b2-b1a6-4ad458d727e5\",\"messageCount\":2,\"durationMs\":2}","conversationId":"sess_0e234331-0804-49b2-b1a6-4ad458d727e5","turnId":"5d3536ae-8688-41e8-bcb9-68df979eec52","rootTurnId":"5d3536ae-8688-41e8-bcb9-68df979eec52"}
{"timestamp":"2026-08-24T09:34:52.347Z","level":"info","message":"[AgentIterator] Parallel invoking agent","conversationId":"sess_0e234331-0804-49b2-b1a6-4ad458d727e5","turnId":"5d3536ae-8688-41e8-bcb9-68df979eec52","rootTurnId":"5d3536ae-8688-41e8-bcb9-68df979eec52"}
{"timestamp":"2026-08-24T09:34:52.347Z","level":"info","message":"[Steering] Populating steering for execution 5d3536ae-8688-41e8-bcb9-68df979eec52","conversationId":"sess_0e234331-0804-49b2-b1a6-4ad458d727e5","turnId":"5d3536ae-8688-41e8-bcb9-68df979eec52","rootTurnId":"5d3536ae-8688-41e8-bcb9-68df979eec52"}
{"timestamp":"2026-08-24T09:34:52.347Z","level":"info","message":"[Steering] ExistingFiles: /c:/Users/Student/.kiro/workspace-roots/regen-railway/vite.config.ts in 5d3536ae-8688-41e8-bcb9-68df979eec52","conversationId":"sess_0e234331-0804-49b2-b1a6-4ad458d727e5","turnId":"5d3536ae-8688-41e8-bcb9-68df979eec52","rootTurnId":"5d3536ae-8688-41e8-bcb9-68df979eec52"}
{"timestamp":"2026-08-24T09:34:52.351Z","level":"info","message":"[q-developer-converse] Sending GenerateAssistantResponse modelId=auto agentMode=vibe origin=AI_EDITOR streaming=true conversationId=sess_0e234331-0804-49b2-b1a6-4ad458d727e5","conversationId":"sess_0e234331-0804-49b2-b1a6-4ad458d727e5","turnId":"5d3536ae-8688-41e8-bcb9-68df979eec52","rootTurnId":"5d3536ae-8688-41e8-bcb9-68df979eec52"}
{"timestamp":"2026-08-24T09:34:52.351Z","level":"info","message":"[q-developer-converse] Request payload: 107669 chars, 28 history messages, conversationId=sess_0e234331-0804-49b2-b1a6-4ad458d727e5","conversationId":"sess_0e234331-0804-49b2-b1a6-4ad458d727e5","turnId":"5d3536ae-8688-41e8-bcb9-68df979eec52","rootTurnId":"5d3536ae-8688-41e8-bcb9-68df979eec52"}
{"timestamp":"2026-08-24T09:34:52.358Z","level":"info","message":"fs.appendMessages.ok {\"system\":\"fs\",\"sessionId\":\"sess_0e234331-0804-49b2-b1a6-4ad458d727e5\",\"messageCount\":1,\"durationMs\":15}","conversationId":"sess_0e234331-0804-49b2-b1a6-4ad458d727e5","turnId":"5d3536ae-8688-41e8-bcb9-68df979eec52","rootTurnId":"5d3536ae-8688-41e8-bcb9-68df979eec52"}
{"timestamp":"2026-08-24T09:34:52.366Z","level":"info","message":"fs.appendMessages.ok {\"system\":\"fs\",\"sessionId\":\"sess_0e234331-0804-49b2-b1a6-4ad458d727e5\",\"messageCount\":1,\"durationMs\":8}","conversationId":"sess_0e234331-0804-49b2-b1a6-4ad458d727e5","turnId":"5d3536ae-8688-41e8-bcb9-68df979eec52","rootTurnId":"5d3536ae-8688-41e8-bcb9-68df979eec52"}
{"timestamp":"2026-08-24T09:34:55.530Z","level":"info","message":"[AgentIterator] Synchronizing results","conversationId":"sess_0e234331-0804-49b2-b1a6-4ad458d727e5","turnId":"5d3536ae-8688-41e8-bcb9-68df979eec52","rootTurnId":"5d3536ae-8688-41e8-bcb9-68df979eec52"}
{"timestamp":"2026-08-24T09:34:55.530Z","level":"info","message":"[AgentIterator] Processing intent detection result","conversationId":"sess_0e234331-0804-49b2-b1a6-4ad458d727e5","turnId":"5d3536ae-8688-41e8-bcb9-68df979eec52","rootTurnId":"5d3536ae-8688-41e8-bcb9-68df979eec52"}
{"timestamp":"2026-08-24T09:34:55.531Z","level":"info","message":"[ChatAgent] Processing model response stream","conversationId":"sess_0e234331-0804-49b2-b1a6-4ad458d727e5","turnId":"5d3536ae-8688-41e8-bcb9-68df979eec52","rootTurnId":"5d3536ae-8688-41e8-bcb9-68df979eec52"}
{"timestamp":"2026-08-24T09:34:55.531Z","level":"info","message":"[Steering] Populating steering for execution 5d3536ae-8688-41e8-bcb9-68df979eec52","conversationId":"sess_0e234331-0804-49b2-b1a6-4ad458d727e5","turnId":"5d3536ae-8688-41e8-bcb9-68df979eec52","rootTurnId":"5d3536ae-8688-41e8-bcb9-68df979eec52"}
{"timestamp":"2026-08-24T09:34:55.531Z","level":"info","message":"[Steering] ExistingFiles: /c:/Users/Student/.kiro/workspace-roots/regen-railway/vite.config.ts in 5d3536ae-8688-41e8-bcb9-68df979eec52","conversationId":"sess_0e234331-0804-49b2-b1a6-4ad458d727e5","turnId":"5d3536ae-8688-41e8-bcb9-68df979eec52","rootTurnId":"5d3536ae-8688-41e8-bcb9-68df979eec52"}
{"timestamp":"2026-08-24T09:34:57.032Z","level":"info","message":"[ACPEventAdapter] Execution yielded {\"executionId\":\"5d3536ae-8688-41e8-bcb9-68df979eec52\"}","conversationId":"sess_0e234331-0804-49b2-b1a6-4ad458d727e5","turnId":"5d3536ae-8688-41e8-bcb9-68df979eec52","rootTurnId":"5d3536ae-8688-41e8-bcb9-68df979eec52"}
{"timestamp":"2026-08-24T09:34:57.033Z","level":"info","message":"acp.policy-eval.complete {\"toolId\":\"run_command\",\"effect\":\"ask\"}","conversationId":"sess_0e234331-0804-49b2-b1a6-4ad458d727e5","turnId":"5d3536ae-8688-41e8-bcb9-68df979eec52","rootTurnId":"5d3536ae-8688-41e8-bcb9-68df979eec52"}
{"timestamp":"2026-08-24T09:34:57.041Z","level":"info","message":"[ACP ToolApproval] Requesting permission for toolId=run_command, operationId=run_command_tooluse_kJbUcnXQdFgdKldpVO1Ls0, sessionId=sess_0e234331-0804-49b2-b1a6-4ad458d727e5","conversationId":"sess_0e234331-0804-49b2-b1a6-4ad458d727e5","turnId":"5d3536ae-8688-41e8-bcb9-68df979eec52","rootTurnId":"5d3536ae-8688-41e8-bcb9-68df979eec52"}
{"timestamp":"2026-08-24T09:34:57.044Z","level":"info","message":"fs.appendMessages.ok {\"system\":\"fs\",\"sessionId\":\"sess_0e234331-0804-49b2-b1a6-4ad458d727e5\",\"messageCount\":1,\"durationMs\":3}","conversationId":"sess_0e234331-0804-49b2-b1a6-4ad458d727e5","turnId":"5d3536ae-8688-41e8-bcb9-68df979eec52","rootTurnId":"5d3536ae-8688-41e8-bcb9-68df979eec52"}
{"timestamp":"2026-08-24T09:34:57.444Z","level":"info","message":"fs.appendMessages.ok {\"system\":\"fs\",\"sessionId\":\"sess_0e234331-0804-49b2-b1a6-4ad458d727e5\",\"messageCount\":1,\"durationMs\":3}","conversationId":"sess_0e234331-0804-49b2-b1a6-4ad458d727e5","turnId":"5d3536ae-8688-41e8-bcb9-68df979eec52","rootTurnId":"5d3536ae-8688-41e8-bcb9-68df979eec52"}
{"timestamp":"2026-08-24T09:34:57.453Z","level":"info","message":"fs.appendMessages.ok {\"system\":\"fs\",\"sessionId\":\"sess_0e234331-0804-49b2-b1a6-4ad458d727e5\",\"messageCount\":1,\"durationMs\":8}","conversationId":"sess_0e234331-0804-49b2-b1a6-4ad458d727e5","turnId":"5d3536ae-8688-41e8-bcb9-68df979eec52","rootTurnId":"5d3536ae-8688-41e8-bcb9-68df979eec52"}
{"timestamp":"2026-08-24T09:35:02.290Z","level":"info","message":"fs.appendMessages.ok {\"system\":\"fs\",\"sessionId\":\"sess_0e234331-0804-49b2-b1a6-4ad458d727e5\",\"messageCount\":1,\"durationMs\":2}","conversationId":"sess_0e234331-0804-49b2-b1a6-4ad458d727e5","turnId":"5d3536ae-8688-41e8-bcb9-68df979eec52","rootTurnId":"5d3536ae-8688-41e8-bcb9-68df979eec52"}
{"timestamp":"2026-08-24T09:35:02.290Z","level":"info","message":"[ACP ToolApproval] Got response: {\"optionId\":\"always-accept\",\"outcome\":\"selected\"}","conversationId":"sess_0e234331-0804-49b2-b1a6-4ad458d727e5","turnId":"5d3536ae-8688-41e8-bcb9-68df979eec52","rootTurnId":"5d3536ae-8688-41e8-bcb9-68df979eec52"}
{"timestamp":"2026-08-24T09:35:02.450Z","level":"info","message":"[PolicySession] rebuild() complete: 17 rules parsed, engineActive=true, fatal=false","conversationId":"sess_0e234331-0804-49b2-b1a6-4ad458d727e5","turnId":"5d3536ae-8688-41e8-bcb9-68df979eec52","rootTurnId":"5d3536ae-8688-41e8-bcb9-68df979eec52"}
{"timestamp":"2026-08-24T09:35:02.450Z","level":"info","message":"[PolicySession] Persisted allow rule for shell matching \"Set-Content -Path \"vite.config.ts\" -Value $content -Encoding UTF8\" at scope=user","conversationId":"sess_0e234331-0804-49b2-b1a6-4ad458d727e5","turnId":"5d3536ae-8688-41e8-bcb9-68df979eec52","rootTurnId":"5d3536ae-8688-41e8-bcb9-68df979eec52"}
{"timestamp":"2026-08-24T09:35:02.453Z","level":"info","message":"[ACPEventAdapter] Execution resumed {\"executionId\":\"5d3536ae-8688-41e8-bcb9-68df979eec52\"}","conversationId":"sess_0e234331-0804-49b2-b1a6-4ad458d727e5","turnId":"5d3536ae-8688-41e8-bcb9-68df979eec52","rootTurnId":"5d3536ae-8688-41e8-bcb9-68df979eec52"}
{"timestamp":"2026-08-24T09:35:02.454Z","level":"info","message":"acp.policy-eval.complete {\"toolId\":\"list_directory\",\"effect\":\"allow\",\"capability\":\"fs_read\"}","conversationId":"sess_0e234331-0804-49b2-b1a6-4ad458d727e5","turnId":"5d3536ae-8688-41e8-bcb9-68df979eec52","rootTurnId":"5d3536ae-8688-41e8-bcb9-68df979eec52"}
{"timestamp":"2026-08-24T09:35:03.538Z","level":"info","message":"[AgentIterator] Parallel invoking agent","conversationId":"sess_0e234331-0804-49b2-b1a6-4ad458d727e5","turnId":"5d3536ae-8688-41e8-bcb9-68df979eec52","rootTurnId":"5d3536ae-8688-41e8-bcb9-68df979eec52"}
{"timestamp":"2026-08-24T09:35:03.538Z","level":"info","message":"[Steering] Populating steering for execution 5d3536ae-8688-41e8-bcb9-68df979eec52","conversationId":"sess_0e234331-0804-49b2-b1a6-4ad458d727e5","turnId":"5d3536ae-8688-41e8-bcb9-68df979eec52","rootTurnId":"5d3536ae-8688-41e8-bcb9-68df979eec52"}
{"timestamp":"2026-08-24T09:35:03.538Z","level":"info","message":"[Steering] ExistingFiles: /c:/Users/Student/.kiro/workspace-roots/regen-railway/vite.config.ts in 5d3536ae-8688-41e8-bcb9-68df979eec52","conversationId":"sess_0e234331-0804-49b2-b1a6-4ad458d727e5","turnId":"5d3536ae-8688-41e8-bcb9-68df979eec52","rootTurnId":"5d3536ae-8688-41e8-bcb9-68df979eec52"}
{"timestamp":"2026-08-24T09:35:03.541Z","level":"info","message":"[q-developer-converse] Sending GenerateAssistantResponse modelId=auto agentMode=vibe origin=AI_EDITOR streaming=true conversationId=sess_0e234331-0804-49b2-b1a6-4ad458d727e5","conversationId":"sess_0e234331-0804-49b2-b1a6-4ad458d727e5","turnId":"5d3536ae-8688-41e8-bcb9-68df979eec52","rootTurnId":"5d3536ae-8688-41e8-bcb9-68df979eec52"}
{"timestamp":"2026-08-24T09:35:03.541Z","level":"info","message":"[q-developer-converse] Request payload: 108573 chars, 30 history messages, conversationId=sess_0e234331-0804-49b2-b1a6-4ad458d727e5","conversationId":"sess_0e234331-0804-49b2-b1a6-4ad458d727e5","turnId":"5d3536ae-8688-41e8-bcb9-68df979eec52","rootTurnId":"5d3536ae-8688-41e8-bcb9-68df979eec52"}
{"timestamp":"2026-08-24T09:35:03.548Z","level":"info","message":"fs.appendMessages.ok {\"system\":\"fs\",\"sessionId\":\"sess_0e234331-0804-49b2-b1a6-4ad458d727e5\",\"messageCount\":2,\"durationMs\":13}","conversationId":"sess_0e234331-0804-49b2-b1a6-4ad458d727e5","turnId":"5d3536ae-8688-41e8-bcb9-68df979eec52","rootTurnId":"5d3536ae-8688-41e8-bcb9-68df979eec52"}
{"timestamp":"2026-08-24T09:35:06.521Z","level":"info","message":"[AgentIterator] Synchronizing results","conversationId":"sess_0e234331-0804-49b2-b1a6-4ad458d727e5","turnId":"5d3536ae-8688-41e8-bcb9-68df979eec52","rootTurnId":"5d3536ae-8688-41e8-bcb9-68df979eec52"}
{"timestamp":"2026-08-24T09:35:06.521Z","level":"info","message":"[AgentIterator] Processing intent detection result","conversationId":"sess_0e234331-0804-49b2-b1a6-4ad458d727e5","turnId":"5d3536ae-8688-41e8-bcb9-68df979eec52","rootTurnId":"5d3536ae-8688-41e8-bcb9-68df979eec52"}
{"timestamp":"2026-08-24T09:35:06.521Z","level":"info","message":"[ChatAgent] Processing model response stream","conversationId":"sess_0e234331-0804-49b2-b1a6-4ad458d727e5","turnId":"5d3536ae-8688-41e8-bcb9-68df979eec52","rootTurnId":"5d3536ae-8688-41e8-bcb9-68df979eec52"}
{"timestamp":"2026-08-24T09:35:06.521Z","level":"info","message":"[Steering] Populating steering for execution 5d3536ae-8688-41e8-bcb9-68df979eec52","conversationId":"sess_0e234331-0804-49b2-b1a6-4ad458d727e5","turnId":"5d3536ae-8688-41e8-bcb9-68df979eec52","rootTurnId":"5d3536ae-8688-41e8-bcb9-68df979eec52"}
{"timestamp":"2026-08-24T09:35:06.521Z","level":"info","message":"[Steering] ExistingFiles: /c:/Users/Student/.kiro/workspace-roots/regen-railway/vite.config.ts in 5d3536ae-8688-41e8-bcb9-68df979eec52","conversationId":"sess_0e234331-0804-49b2-b1a6-4ad458d727e5","turnId":"5d3536ae-8688-41e8-bcb9-68df979eec52","rootTurnId":"5d3536ae-8688-41e8-bcb9-68df979eec52"}
{"timestamp":"2026-08-24T09:35:07.481Z","level":"info","message":"fs.appendMessages.ok {\"system\":\"fs\",\"sessionId\":\"sess_0e234331-0804-49b2-b1a6-4ad458d727e5\",\"messageCount\":1,\"durationMs\":2}","conversationId":"sess_0e234331-0804-49b2-b1a6-4ad458d727e5","turnId":"5d3536ae-8688-41e8-bcb9-68df979eec52","rootTurnId":"5d3536ae-8688-41e8-bcb9-68df979eec52"}
{"timestamp":"2026-08-24T09:35:10.529Z","level":"info","message":"[ACPEventAdapter] Execution yielded {\"executionId\":\"5d3536ae-8688-41e8-bcb9-68df979eec52\"}","conversationId":"sess_0e234331-0804-49b2-b1a6-4ad458d727e5","turnId":"5d3536ae-8688-41e8-bcb9-68df979eec52","rootTurnId":"5d3536ae-8688-41e8-bcb9-68df979eec52"}
{"timestamp":"2026-08-24T09:35:10.530Z","level":"info","message":"acp.policy-eval.complete {\"toolId\":\"run_command\",\"effect\":\"ask\"}","conversationId":"sess_0e234331-0804-49b2-b1a6-4ad458d727e5","turnId":"5d3536ae-8688-41e8-bcb9-68df979eec52","rootTurnId":"5d3536ae-8688-41e8-bcb9-68df979eec52"}
{"timestamp":"2026-08-24T09:35:10.538Z","level":"info","message":"[ACP ToolApproval] Requesting permission for toolId=run_command, operationId=run_command_tooluse_E35BkV3LBlAbDKdjTkz1Dq, sessionId=sess_0e234331-0804-49b2-b1a6-4ad458d727e5","conversationId":"sess_0e234331-0804-49b2-b1a6-4ad458d727e5","turnId":"5d3536ae-8688-41e8-bcb9-68df979eec52","rootTurnId":"5d3536ae-8688-41e8-bcb9-68df979eec52"}
{"timestamp":"2026-08-24T09:35:10.541Z","level":"info","message":"fs.appendMessages.ok {\"system\":\"fs\",\"sessionId\":\"sess_0e234331-0804-49b2-b1a6-4ad458d727e5\",\"messageCount\":1,\"durationMs\":2}","conversationId":"sess_0e234331-0804-49b2-b1a6-4ad458d727e5","turnId":"5d3536ae-8688-41e8-bcb9-68df979eec52","rootTurnId":"5d3536ae-8688-41e8-bcb9-68df979eec52"}
{"timestamp":"2026-08-24T09:35:10.906Z","level":"info","message":"fs.appendMessages.ok {\"system\":\"fs\",\"sessionId\":\"sess_0e234331-0804-49b2-b1a6-4ad458d727e5\",\"messageCount\":1,\"durationMs\":3}","conversationId":"sess_0e234331-0804-49b2-b1a6-4ad458d727e5","turnId":"5d3536ae-8688-41e8-bcb9-68df979eec52","rootTurnId":"5d3536ae-8688-41e8-bcb9-68df979eec52"}
{"timestamp":"2026-08-24T09:35:10.914Z","level":"info","message":"fs.appendMessages.ok {\"system\":\"fs\",\"sessionId\":\"sess_0e234331-0804-49b2-b1a6-4ad458d727e5\",\"messageCount\":1,\"durationMs\":8}","conversationId":"sess_0e234331-0804-49b2-b1a6-4ad458d727e5","turnId":"5d3536ae-8688-41e8-bcb9-68df979eec52","rootTurnId":"5d3536ae-8688-41e8-bcb9-68df979eec52"}
{"timestamp":"2026-08-24T09:35:14.378Z","level":"info","message":"fs.appendMessages.ok {\"system\":\"fs\",\"sessionId\":\"sess_0e234331-0804-49b2-b1a6-4ad458d727e5\",\"messageCount\":1,\"durationMs\":2}","conversationId":"sess_0e234331-0804-49b2-b1a6-4ad458d727e5","turnId":"5d3536ae-8688-41e8-bcb9-68df979eec52","rootTurnId":"5d3536ae-8688-41e8-bcb9-68df979eec52"}
{"timestamp":"2026-08-24T09:35:14.378Z","level":"info","message":"[ACP ToolApproval] Got response: {\"optionId\":\"always-accept\",\"outcome\":\"selected\"}","conversationId":"sess_0e234331-0804-49b2-b1a6-4ad458d727e5","turnId":"5d3536ae-8688-41e8-bcb9-68df979eec52","rootTurnId":"5d3536ae-8688-41e8-bcb9-68df979eec52"}
{"timestamp":"2026-08-24T09:35:14.540Z","level":"info","message":"[PolicySession] rebuild() complete: 17 rules parsed, engineActive=true, fatal=false","conversationId":"sess_0e234331-0804-49b2-b1a6-4ad458d727e5","turnId":"5d3536ae-8688-41e8-bcb9-68df979eec52","rootTurnId":"5d3536ae-8688-41e8-bcb9-68df979eec52"}
{"timestamp":"2026-08-24T09:35:14.540Z","level":"info","message":"[PolicySession] Persisted allow rule for shell matching \"Set-Content -Path \"src\\index.css\" -Value $css -Encoding UTF8\" at scope=user","conversationId":"sess_0e234331-0804-49b2-b1a6-4ad458d727e5","turnId":"5d3536ae-8688-41e8-bcb9-68df979eec52","rootTurnId":"5d3536ae-8688-41e8-bcb9-68df979eec52"}
{"timestamp":"2026-08-24T09:35:14.544Z","level":"info","message":"[ACPEventAdapter] Execution resumed {\"executionId\":\"5d3536ae-8688-41e8-bcb9-68df979eec52\"}","conversationId":"sess_0e234331-0804-49b2-b1a6-4ad458d727e5","turnId":"5d3536ae-8688-41e8-bcb9-68df979eec52","rootTurnId":"5d3536ae-8688-41e8-bcb9-68df979eec52"}
{"timestamp":"2026-08-24T09:35:14.545Z","level":"info","message":"acp.policy-eval.complete {\"toolId\":\"list_directory\",\"effect\":\"allow\",\"capability\":\"fs_read\"}","conversationId":"sess_0e234331-0804-49b2-b1a6-4ad458d727e5","turnId":"5d3536ae-8688-41e8-bcb9-68df979eec52","rootTurnId":"5d3536ae-8688-41e8-bcb9-68df979eec52"}
{"timestamp":"2026-08-24T09:35:15.637Z","level":"info","message":"[AgentIterator] Parallel invoking agent","conversationId":"sess_0e234331-0804-49b2-b1a6-4ad458d727e5","turnId":"5d3536ae-8688-41e8-bcb9-68df979eec52","rootTurnId":"5d3536ae-8688-41e8-bcb9-68df979eec52"}
{"timestamp":"2026-08-24T09:35:15.637Z","level":"info","message":"[Steering] Populating steering for execution 5d3536ae-8688-41e8-bcb9-68df979eec52","conversationId":"sess_0e234331-0804-49b2-b1a6-4ad458d727e5","turnId":"5d3536ae-8688-41e8-bcb9-68df979eec52","rootTurnId":"5d3536ae-8688-41e8-bcb9-68df979eec52"}
{"timestamp":"2026-08-24T09:35:15.637Z","level":"info","message":"[Steering] ExistingFiles: /c:/Users/Student/.kiro/workspace-roots/regen-railway/vite.config.ts in 5d3536ae-8688-41e8-bcb9-68df979eec52","conversationId":"sess_0e234331-0804-49b2-b1a6-4ad458d727e5","turnId":"5d3536ae-8688-41e8-bcb9-68df979eec52","rootTurnId":"5d3536ae-8688-41e8-bcb9-68df979eec52"}
{"timestamp":"2026-08-24T09:35:15.641Z","level":"info","message":"[q-developer-converse] Sending GenerateAssistantResponse modelId=auto agentMode=vibe origin=AI_EDITOR streaming=true conversationId=sess_0e234331-0804-49b2-b1a6-4ad458d727e5","conversationId":"sess_0e234331-0804-49b2-b1a6-4ad458d727e5","turnId":"5d3536ae-8688-41e8-bcb9-68df979eec52","rootTurnId":"5d3536ae-8688-41e8-bcb9-68df979eec52"}
{"timestamp":"2026-08-24T09:35:15.641Z","level":"info","message":"[q-developer-converse] Request payload: 109725 chars, 32 history messages, conversationId=sess_0e234331-0804-49b2-b1a6-4ad458d727e5","conversationId":"sess_0e234331-0804-49b2-b1a6-4ad458d727e5","turnId":"5d3536ae-8688-41e8-bcb9-68df979eec52","rootTurnId":"5d3536ae-8688-41e8-bcb9-68df979eec52"}
{"timestamp":"2026-08-24T09:35:15.648Z","level":"info","message":"fs.appendMessages.ok {\"system\":\"fs\",\"sessionId\":\"sess_0e234331-0804-49b2-b1a6-4ad458d727e5\",\"messageCount\":2,\"durationMs\":14}","conversationId":"sess_0e234331-0804-49b2-b1a6-4ad458d727e5","turnId":"5d3536ae-8688-41e8-bcb9-68df979eec52","rootTurnId":"5d3536ae-8688-41e8-bcb9-68df979eec52"}
{"timestamp":"2026-08-24T09:35:18.529Z","level":"info","message":"[AgentIterator] Synchronizing results","conversationId":"sess_0e234331-0804-49b2-b1a6-4ad458d727e5","turnId":"5d3536ae-8688-41e8-bcb9-68df979eec52","rootTurnId":"5d3536ae-8688-41e8-bcb9-68df979eec52"}
{"timestamp":"2026-08-24T09:35:18.529Z","level":"info","message":"[AgentIterator] Processing intent detection result","conversationId":"sess_0e234331-0804-49b2-b1a6-4ad458d727e5","turnId":"5d3536ae-8688-41e8-bcb9-68df979eec52","rootTurnId":"5d3536ae-8688-41e8-bcb9-68df979eec52"}
{"timestamp":"2026-08-24T09:35:18.529Z","level":"info","message":"[ChatAgent] Processing model response stream","conversationId":"sess_0e234331-0804-49b2-b1a6-4ad458d727e5","turnId":"5d3536ae-8688-41e8-bcb9-68df979eec52","rootTurnId":"5d3536ae-8688-41e8-bcb9-68df979eec52"}
{"timestamp":"2026-08-24T09:35:18.529Z","level":"info","message":"[Steering] Populating steering for execution 5d3536ae-8688-41e8-bcb9-68df979eec52","conversationId":"sess_0e234331-0804-49b2-b1a6-4ad458d727e5","turnId":"5d3536ae-8688-41e8-bcb9-68df979eec52","rootTurnId":"5d3536ae-8688-41e8-bcb9-68df979eec52"}
{"timestamp":"2026-08-24T09:35:18.529Z","level":"info","message":"[Steering] ExistingFiles: /c:/Users/Student/.kiro/workspace-roots/regen-railway/vite.config.ts in 5d3536ae-8688-41e8-bcb9-68df979eec52","conversationId":"sess_0e234331-0804-49b2-b1a6-4ad458d727e5","turnId":"5d3536ae-8688-41e8-bcb9-68df979eec52","rootTurnId":"5d3536ae-8688-41e8-bcb9-68df979eec52"}
{"timestamp":"2026-08-24T09:35:20.308Z","level":"info","message":"[ACPEventAdapter] Execution yielded {\"executionId\":\"5d3536ae-8688-41e8-bcb9-68df979eec52\"}","conversationId":"sess_0e234331-0804-49b2-b1a6-4ad458d727e5","turnId":"5d3536ae-8688-41e8-bcb9-68df979eec52","rootTurnId":"5d3536ae-8688-41e8-bcb9-68df979eec52"}
{"timestamp":"2026-08-24T09:35:20.309Z","level":"info","message":"acp.policy-eval.complete {\"toolId\":\"run_command\",\"effect\":\"ask\"}","conversationId":"sess_0e234331-0804-49b2-b1a6-4ad458d727e5","turnId":"5d3536ae-8688-41e8-bcb9-68df979eec52","rootTurnId":"5d3536ae-8688-41e8-bcb9-68df979eec52"}
{"timestamp":"2026-08-24T09:35:20.319Z","level":"info","message":"[ACP ToolApproval] Requesting permission for toolId=run_command, operationId=run_command_tooluse_fn74Ha5Ek6eUCM9Yi0DXvb, sessionId=sess_0e234331-0804-49b2-b1a6-4ad458d727e5","conversationId":"sess_0e234331-0804-49b2-b1a6-4ad458d727e5","turnId":"5d3536ae-8688-41e8-bcb9-68df979eec52","rootTurnId":"5d3536ae-8688-41e8-bcb9-68df979eec52"}
{"timestamp":"2026-08-24T09:35:20.321Z","level":"info","message":"fs.appendMessages.ok {\"system\":\"fs\",\"sessionId\":\"sess_0e234331-0804-49b2-b1a6-4ad458d727e5\",\"messageCount\":1,\"durationMs\":2}","conversationId":"sess_0e234331-0804-49b2-b1a6-4ad458d727e5","turnId":"5d3536ae-8688-41e8-bcb9-68df979eec52","rootTurnId":"5d3536ae-8688-41e8-bcb9-68df979eec52"}
{"timestamp":"2026-08-24T09:35:20.527Z","level":"info","message":"fs.appendMessages.ok {\"system\":\"fs\",\"sessionId\":\"sess_0e234331-0804-49b2-b1a6-4ad458d727e5\",\"messageCount\":1,\"durationMs\":3}","conversationId":"sess_0e234331-0804-49b2-b1a6-4ad458d727e5","turnId":"5d3536ae-8688-41e8-bcb9-68df979eec52","rootTurnId":"5d3536ae-8688-41e8-bcb9-68df979eec52"}
{"timestamp":"2026-08-24T09:35:20.533Z","level":"info","message":"fs.appendMessages.ok {\"system\":\"fs\",\"sessionId\":\"sess_0e234331-0804-49b2-b1a6-4ad458d727e5\",\"messageCount\":1,\"durationMs\":6}","conversationId":"sess_0e234331-0804-49b2-b1a6-4ad458d727e5","turnId":"5d3536ae-8688-41e8-bcb9-68df979eec52","rootTurnId":"5d3536ae-8688-41e8-bcb9-68df979eec52"}
{"timestamp":"2026-08-24T09:35:30.978Z","level":"info","message":"fs.appendMessages.ok {\"system\":\"fs\",\"sessionId\":\"sess_0e234331-0804-49b2-b1a6-4ad458d727e5\",\"messageCount\":1,\"durationMs\":2}","conversationId":"sess_0e234331-0804-49b2-b1a6-4ad458d727e5","turnId":"5d3536ae-8688-41e8-bcb9-68df979eec52","rootTurnId":"5d3536ae-8688-41e8-bcb9-68df979eec52"}
{"timestamp":"2026-08-24T09:35:30.978Z","level":"info","message":"[ACP ToolApproval] Got response: {\"optionId\":\"always-accept\",\"outcome\":\"selected\"}","conversationId":"sess_0e234331-0804-49b2-b1a6-4ad458d727e5","turnId":"5d3536ae-8688-41e8-bcb9-68df979eec52","rootTurnId":"5d3536ae-8688-41e8-bcb9-68df979eec52"}
{"timestamp":"2026-08-24T09:35:31.140Z","level":"info","message":"[PolicySession] rebuild() complete: 17 rules parsed, engineActive=true, fatal=false","conversationId":"sess_0e234331-0804-49b2-b1a6-4ad458d727e5","turnId":"5d3536ae-8688-41e8-bcb9-68df979eec52","rootTurnId":"5d3536ae-8688-41e8-bcb9-68df979eec52"}
{"timestamp":"2026-08-24T09:35:31.140Z","level":"info","message":"[PolicySession] Persisted allow rule for shell matching \"Set-Content -Path \".env.example\" -Value $env -Encoding UTF8\" at scope=user","conversationId":"sess_0e234331-0804-49b2-b1a6-4ad458d727e5","turnId":"5d3536ae-8688-41e8-bcb9-68df979eec52","rootTurnId":"5d3536ae-8688-41e8-bcb9-68df979eec52"}
{"timestamp":"2026-08-24T09:35:31.152Z","level":"info","message":"[ACP ToolApproval] Requesting permission for toolId=run_command, operationId=run_command_tooluse_fn74Ha5Ek6eUCM9Yi0DXvb, sessionId=sess_0e234331-0804-49b2-b1a6-4ad458d727e5","conversationId":"sess_0e234331-0804-49b2-b1a6-4ad458d727e5","turnId":"5d3536ae-8688-41e8-bcb9-68df979eec52","rootTurnId":"5d3536ae-8688-41e8-bcb9-68df979eec52"}
{"timestamp":"2026-08-24T09:35:31.155Z","level":"info","message":"fs.appendMessages.ok {\"system\":\"fs\",\"sessionId\":\"sess_0e234331-0804-49b2-b1a6-4ad458d727e5\",\"messageCount\":1,\"durationMs\":3}","conversationId":"sess_0e234331-0804-49b2-b1a6-4ad458d727e5","turnId":"5d3536ae-8688-41e8-bcb9-68df979eec52","rootTurnId":"5d3536ae-8688-41e8-bcb9-68df979eec52"}
{"timestamp":"2026-08-24T09:35:33.146Z","level":"info","message":"fs.appendMessages.ok {\"system\":\"fs\",\"sessionId\":\"sess_0e234331-0804-49b2-b1a6-4ad458d727e5\",\"messageCount\":1,\"durationMs\":2}","conversationId":"sess_0e234331-0804-49b2-b1a6-4ad458d727e5","turnId":"5d3536ae-8688-41e8-bcb9-68df979eec52","rootTurnId":"5d3536ae-8688-41e8-bcb9-68df979eec52"}
{"timestamp":"2026-08-24T09:35:33.146Z","level":"info","message":"[ACP ToolApproval] Got response: {\"optionId\":\"always-accept\",\"outcome\":\"selected\"}","conversationId":"sess_0e234331-0804-49b2-b1a6-4ad458d727e5","turnId":"5d3536ae-8688-41e8-bcb9-68df979eec52","rootTurnId":"5d3536ae-8688-41e8-bcb9-68df979eec52"}
{"timestamp":"2026-08-24T09:35:33.306Z","level":"info","message":"[PolicySession] rebuild() complete: 17 rules parsed, engineActive=true, fatal=false","conversationId":"sess_0e234331-0804-49b2-b1a6-4ad458d727e5","turnId":"5d3536ae-8688-41e8-bcb9-68df979eec52","rootTurnId":"5d3536ae-8688-41e8-bcb9-68df979eec52"}
{"timestamp":"2026-08-24T09:35:33.306Z","level":"info","message":"[PolicySession] Persisted allow rule for shell matching \"Set-Content -Path \".env.local\" -Value $env -Encoding UTF8\" at scope=user","conversationId":"sess_0e234331-0804-49b2-b1a6-4ad458d727e5","turnId":"5d3536ae-8688-41e8-bcb9-68df979eec52","rootTurnId":"5d3536ae-8688-41e8-bcb9-68df979eec52"}
{"timestamp":"2026-08-24T09:35:33.310Z","level":"info","message":"[ACPEventAdapter] Execution resumed {\"executionId\":\"5d3536ae-8688-41e8-bcb9-68df979eec52\"}","conversationId":"sess_0e234331-0804-49b2-b1a6-4ad458d727e5","turnId":"5d3536ae-8688-41e8-bcb9-68df979eec52","rootTurnId":"5d3536ae-8688-41e8-bcb9-68df979eec52"}
{"timestamp":"2026-08-24T09:35:33.310Z","level":"info","message":"acp.policy-eval.complete {\"toolId\":\"list_directory\",\"effect\":\"allow\",\"capability\":\"fs_read\"}","conversationId":"sess_0e234331-0804-49b2-b1a6-4ad458d727e5","turnId":"5d3536ae-8688-41e8-bcb9-68df979eec52","rootTurnId":"5d3536ae-8688-41e8-bcb9-68df979eec52"}
{"timestamp":"2026-08-24T09:35:34.403Z","level":"info","message":"[AgentIterator] Parallel invoking agent","conversationId":"sess_0e234331-0804-49b2-b1a6-4ad458d727e5","turnId":"5d3536ae-8688-41e8-bcb9-68df979eec52","rootTurnId":"5d3536ae-8688-41e8-bcb9-68df979eec52"}
{"timestamp":"2026-08-24T09:35:34.403Z","level":"info","message":"[Steering] Populating steering for execution 5d3536ae-8688-41e8-bcb9-68df979eec52","conversationId":"sess_0e234331-0804-49b2-b1a6-4ad458d727e5","turnId":"5d3536ae-8688-41e8-bcb9-68df979eec52","rootTurnId":"5d3536ae-8688-41e8-bcb9-68df979eec52"}
{"timestamp":"2026-08-24T09:35:34.403Z","level":"info","message":"[Steering] ExistingFiles: /c:/Users/Student/.kiro/workspace-roots/regen-railway/vite.config.ts in 5d3536ae-8688-41e8-bcb9-68df979eec52","conversationId":"sess_0e234331-0804-49b2-b1a6-4ad458d727e5","turnId":"5d3536ae-8688-41e8-bcb9-68df979eec52","rootTurnId":"5d3536ae-8688-41e8-bcb9-68df979eec52"}
{"timestamp":"2026-08-24T09:35:34.406Z","level":"info","message":"[q-developer-converse] Sending GenerateAssistantResponse modelId=auto agentMode=vibe origin=AI_EDITOR streaming=true conversationId=sess_0e234331-0804-49b2-b1a6-4ad458d727e5","conversationId":"sess_0e234331-0804-49b2-b1a6-4ad458d727e5","turnId":"5d3536ae-8688-41e8-bcb9-68df979eec52","rootTurnId":"5d3536ae-8688-41e8-bcb9-68df979eec52"}
{"timestamp":"2026-08-24T09:35:34.406Z","level":"info","message":"[q-developer-converse] Request payload: 110631 chars, 34 history messages, conversationId=sess_0e234331-0804-49b2-b1a6-4ad458d727e5","conversationId":"sess_0e234331-0804-49b2-b1a6-4ad458d727e5","turnId":"5d3536ae-8688-41e8-bcb9-68df979eec52","rootTurnId":"5d3536ae-8688-41e8-bcb9-68df979eec52"}
{"timestamp":"2026-08-24T09:35:34.413Z","level":"info","message":"fs.appendMessages.ok {\"system\":\"fs\",\"sessionId\":\"sess_0e234331-0804-49b2-b1a6-4ad458d727e5\",\"messageCount\":2,\"durationMs\":14}","conversationId":"sess_0e234331-0804-49b2-b1a6-4ad458d727e5","turnId":"5d3536ae-8688-41e8-bcb9-68df979eec52","rootTurnId":"5d3536ae-8688-41e8-bcb9-68df979eec52"}
{"timestamp":"2026-08-24T09:35:37.560Z","level":"info","message":"[AgentIterator] Synchronizing results","conversationId":"sess_0e234331-0804-49b2-b1a6-4ad458d727e5","turnId":"5d3536ae-8688-41e8-bcb9-68df979eec52","rootTurnId":"5d3536ae-8688-41e8-bcb9-68df979eec52"}
{"timestamp":"2026-08-24T09:35:37.560Z","level":"info","message":"[AgentIterator] Processing intent detection result","conversationId":"sess_0e234331-0804-49b2-b1a6-4ad458d727e5","turnId":"5d3536ae-8688-41e8-bcb9-68df979eec52","rootTurnId":"5d3536ae-8688-41e8-bcb9-68df979eec52"}
{"timestamp":"2026-08-24T09:35:37.560Z","level":"info","message":"[ChatAgent] Processing model response stream","conversationId":"sess_0e234331-0804-49b2-b1a6-4ad458d727e5","turnId":"5d3536ae-8688-41e8-bcb9-68df979eec52","rootTurnId":"5d3536ae-8688-41e8-bcb9-68df979eec52"}
{"timestamp":"2026-08-24T09:35:37.560Z","level":"info","message":"[Steering] Populating steering for execution 5d3536ae-8688-41e8-bcb9-68df979eec52","conversationId":"sess_0e234331-0804-49b2-b1a6-4ad458d727e5","turnId":"5d3536ae-8688-41e8-bcb9-68df979eec52","rootTurnId":"5d3536ae-8688-41e8-bcb9-68df979eec52"}
{"timestamp":"2026-08-24T09:35:37.560Z","level":"info","message":"[Steering] ExistingFiles: /c:/Users/Student/.kiro/workspace-roots/regen-railway/vite.config.ts in 5d3536ae-8688-41e8-bcb9-68df979eec52","conversationId":"sess_0e234331-0804-49b2-b1a6-4ad458d727e5","turnId":"5d3536ae-8688-41e8-bcb9-68df979eec52","rootTurnId":"5d3536ae-8688-41e8-bcb9-68df979eec52"}
{"timestamp":"2026-08-24T09:35:38.009Z","level":"info","message":"fs.appendMessages.ok {\"system\":\"fs\",\"sessionId\":\"sess_0e234331-0804-49b2-b1a6-4ad458d727e5\",\"messageCount\":1,\"durationMs\":2}","conversationId":"sess_0e234331-0804-49b2-b1a6-4ad458d727e5","turnId":"5d3536ae-8688-41e8-bcb9-68df979eec52","rootTurnId":"5d3536ae-8688-41e8-bcb9-68df979eec52"}
{"timestamp":"2026-08-24T09:35:40.242Z","level":"info","message":"[ACPEventAdapter] Execution yielded {\"executionId\":\"5d3536ae-8688-41e8-bcb9-68df979eec52\"}","conversationId":"sess_0e234331-0804-49b2-b1a6-4ad458d727e5","turnId":"5d3536ae-8688-41e8-bcb9-68df979eec52","rootTurnId":"5d3536ae-8688-41e8-bcb9-68df979eec52"}
{"timestamp":"2026-08-24T09:35:40.244Z","level":"info","message":"acp.policy-eval.complete {\"toolId\":\"run_command\",\"effect\":\"ask\"}","conversationId":"sess_0e234331-0804-49b2-b1a6-4ad458d727e5","turnId":"5d3536ae-8688-41e8-bcb9-68df979eec52","rootTurnId":"5d3536ae-8688-41e8-bcb9-68df979eec52"}
{"timestamp":"2026-08-24T09:35:40.255Z","level":"info","message":"[ACP ToolApproval] Requesting permission for toolId=run_command, operationId=run_command_tooluse_xQBUHggyJI9rJq2ZioAVZ6, sessionId=sess_0e234331-0804-49b2-b1a6-4ad458d727e5","conversationId":"sess_0e234331-0804-49b2-b1a6-4ad458d727e5","turnId":"5d3536ae-8688-41e8-bcb9-68df979eec52","rootTurnId":"5d3536ae-8688-41e8-bcb9-68df979eec52"}
{"timestamp":"2026-08-24T09:35:40.258Z","level":"info","message":"fs.appendMessages.ok {\"system\":\"fs\",\"sessionId\":\"sess_0e234331-0804-49b2-b1a6-4ad458d727e5\",\"messageCount\":1,\"durationMs\":3}","conversationId":"sess_0e234331-0804-49b2-b1a6-4ad458d727e5","turnId":"5d3536ae-8688-41e8-bcb9-68df979eec52","rootTurnId":"5d3536ae-8688-41e8-bcb9-68df979eec52"}
{"timestamp":"2026-08-24T09:35:40.459Z","level":"info","message":"fs.appendMessages.ok {\"system\":\"fs\",\"sessionId\":\"sess_0e234331-0804-49b2-b1a6-4ad458d727e5\",\"messageCount\":1,\"durationMs\":4}","conversationId":"sess_0e234331-0804-49b2-b1a6-4ad458d727e5","turnId":"5d3536ae-8688-41e8-bcb9-68df979eec52","rootTurnId":"5d3536ae-8688-41e8-bcb9-68df979eec52"}
{"timestamp":"2026-08-24T09:35:40.465Z","level":"info","message":"fs.appendMessages.ok {\"system\":\"fs\",\"sessionId\":\"sess_0e234331-0804-49b2-b1a6-4ad458d727e5\",\"messageCount\":1,\"durationMs\":5}","conversationId":"sess_0e234331-0804-49b2-b1a6-4ad458d727e5","turnId":"5d3536ae-8688-41e8-bcb9-68df979eec52","rootTurnId":"5d3536ae-8688-41e8-bcb9-68df979eec52"}
{"timestamp":"2026-08-24T09:35:43.650Z","level":"info","message":"fs.appendMessages.ok {\"system\":\"fs\",\"sessionId\":\"sess_0e234331-0804-49b2-b1a6-4ad458d727e5\",\"messageCount\":1,\"durationMs\":2}","conversationId":"sess_0e234331-0804-49b2-b1a6-4ad458d727e5","turnId":"5d3536ae-8688-41e8-bcb9-68df979eec52","rootTurnId":"5d3536ae-8688-41e8-bcb9-68df979eec52"}
{"timestamp":"2026-08-24T09:35:43.650Z","level":"info","message":"[ACP ToolApproval] Got response: {\"optionId\":\"always-accept\",\"outcome\":\"selected\"}","conversationId":"sess_0e234331-0804-49b2-b1a6-4ad458d727e5","turnId":"5d3536ae-8688-41e8-bcb9-68df979eec52","rootTurnId":"5d3536ae-8688-41e8-bcb9-68df979eec52"}
{"timestamp":"2026-08-24T09:35:43.814Z","level":"info","message":"[PolicySession] rebuild() complete: 17 rules parsed, engineActive=true, fatal=false","conversationId":"sess_0e234331-0804-49b2-b1a6-4ad458d727e5","turnId":"5d3536ae-8688-41e8-bcb9-68df979eec52","rootTurnId":"5d3536ae-8688-41e8-bcb9-68df979eec52"}
{"timestamp":"2026-08-24T09:35:43.814Z","level":"info","message":"[PolicySession] Persisted allow rule for shell matching \"New-Item -ItemType Directory -Path $d -Force\" at scope=user","conversationId":"sess_0e234331-0804-49b2-b1a6-4ad458d727e5","turnId":"5d3536ae-8688-41e8-bcb9-68df979eec52","rootTurnId":"5d3536ae-8688-41e8-bcb9-68df979eec52"}
{"timestamp":"2026-08-24T09:35:43.828Z","level":"info","message":"[ACP ToolApproval] Requesting permission for toolId=run_command, operationId=run_command_tooluse_xQBUHggyJI9rJq2ZioAVZ6, sessionId=sess_0e234331-0804-49b2-b1a6-4ad458d727e5","conversationId":"sess_0e234331-0804-49b2-b1a6-4ad458d727e5","turnId":"5d3536ae-8688-41e8-bcb9-68df979eec52","rootTurnId":"5d3536ae-8688-41e8-bcb9-68df979eec52"}
{"timestamp":"2026-08-24T09:35:43.832Z","level":"info","message":"fs.appendMessages.ok {\"system\":\"fs\",\"sessionId\":\"sess_0e234331-0804-49b2-b1a6-4ad458d727e5\",\"messageCount\":1,\"durationMs\":3}","conversationId":"sess_0e234331-0804-49b2-b1a6-4ad458d727e5","turnId":"5d3536ae-8688-41e8-bcb9-68df979eec52","rootTurnId":"5d3536ae-8688-41e8-bcb9-68df979eec52"}
{"timestamp":"2026-08-24T09:35:46.538Z","level":"info","message":"fs.appendMessages.ok {\"system\":\"fs\",\"sessionId\":\"sess_0e234331-0804-49b2-b1a6-4ad458d727e5\",\"messageCount\":1,\"durationMs\":2}","conversationId":"sess_0e234331-0804-49b2-b1a6-4ad458d727e5","turnId":"5d3536ae-8688-41e8-bcb9-68df979eec52","rootTurnId":"5d3536ae-8688-41e8-bcb9-68df979eec52"}
{"timestamp":"2026-08-24T09:35:46.538Z","level":"info","message":"[ACP ToolApproval] Got response: {\"optionId\":\"always-accept\",\"outcome\":\"selected\"}","conversationId":"sess_0e234331-0804-49b2-b1a6-4ad458d727e5","turnId":"5d3536ae-8688-41e8-bcb9-68df979eec52","rootTurnId":"5d3536ae-8688-41e8-bcb9-68df979eec52"}
{"timestamp":"2026-08-24T09:35:46.699Z","level":"info","message":"[PolicySession] rebuild() complete: 17 rules parsed, engineActive=true, fatal=false","conversationId":"sess_0e234331-0804-49b2-b1a6-4ad458d727e5","turnId":"5d3536ae-8688-41e8-bcb9-68df979eec52","rootTurnId":"5d3536ae-8688-41e8-bcb9-68df979eec52"}
{"timestamp":"2026-08-24T09:35:46.699Z","level":"info","message":"[PolicySession] Persisted allow rule for shell matching \"Out-Null\" at scope=user","conversationId":"sess_0e234331-0804-49b2-b1a6-4ad458d727e5","turnId":"5d3536ae-8688-41e8-bcb9-68df979eec52","rootTurnId":"5d3536ae-8688-41e8-bcb9-68df979eec52"}
{"timestamp":"2026-08-24T09:35:46.713Z","level":"info","message":"[ACP ToolApproval] Requesting permission for toolId=run_command, operationId=run_command_tooluse_xQBUHggyJI9rJq2ZioAVZ6, sessionId=sess_0e234331-0804-49b2-b1a6-4ad458d727e5","conversationId":"sess_0e234331-0804-49b2-b1a6-4ad458d727e5","turnId":"5d3536ae-8688-41e8-bcb9-68df979eec52","rootTurnId":"5d3536ae-8688-41e8-bcb9-68df979eec52"}
{"timestamp":"2026-08-24T09:35:46.717Z","level":"info","message":"fs.appendMessages.ok {\"system\":\"fs\",\"sessionId\":\"sess_0e234331-0804-49b2-b1a6-4ad458d727e5\",\"messageCount\":1,\"durationMs\":4}","conversationId":"sess_0e234331-0804-49b2-b1a6-4ad458d727e5","turnId":"5d3536ae-8688-41e8-bcb9-68df979eec52","rootTurnId":"5d3536ae-8688-41e8-bcb9-68df979eec52"}
{"timestamp":"2026-08-24T09:35:49.314Z","level":"info","message":"fs.appendMessages.ok {\"system\":\"fs\",\"sessionId\":\"sess_0e234331-0804-49b2-b1a6-4ad458d727e5\",\"messageCount\":1,\"durationMs\":2}","conversationId":"sess_0e234331-0804-49b2-b1a6-4ad458d727e5","turnId":"5d3536ae-8688-41e8-bcb9-68df979eec52","rootTurnId":"5d3536ae-8688-41e8-bcb9-68df979eec52"}
{"timestamp":"2026-08-24T09:35:49.314Z","level":"info","message":"[ACP ToolApproval] Got response: {\"optionId\":\"always-accept\",\"outcome\":\"selected\"}","conversationId":"sess_0e234331-0804-49b2-b1a6-4ad458d727e5","turnId":"5d3536ae-8688-41e8-bcb9-68df979eec52","rootTurnId":"5d3536ae-8688-41e8-bcb9-68df979eec52"}
{"timestamp":"2026-08-24T09:35:49.473Z","level":"info","message":"[PolicySession] rebuild() complete: 17 rules parsed, engineActive=true, fatal=false","conversationId":"sess_0e234331-0804-49b2-b1a6-4ad458d727e5","turnId":"5d3536ae-8688-41e8-bcb9-68df979eec52","rootTurnId":"5d3536ae-8688-41e8-bcb9-68df979eec52"}
{"timestamp":"2026-08-24T09:35:49.473Z","level":"info","message":"[PolicySession] Persisted allow rule for shell matching \"Write-Host \"Directories created\"\" at scope=user","conversationId":"sess_0e234331-0804-49b2-b1a6-4ad458d727e5","turnId":"5d3536ae-8688-41e8-bcb9-68df979eec52","rootTurnId":"5d3536ae-8688-41e8-bcb9-68df979eec52"}
{"timestamp":"2026-08-24T09:35:49.477Z","level":"info","message":"[ACPEventAdapter] Execution resumed {\"executionId\":\"5d3536ae-8688-41e8-bcb9-68df979eec52\"}","conversationId":"sess_0e234331-0804-49b2-b1a6-4ad458d727e5","turnId":"5d3536ae-8688-41e8-bcb9-68df979eec52","rootTurnId":"5d3536ae-8688-41e8-bcb9-68df979eec52"}
{"timestamp":"2026-08-24T09:35:49.477Z","level":"info","message":"acp.policy-eval.complete {\"toolId\":\"list_directory\",\"effect\":\"allow\",\"capability\":\"fs_read\"}","conversationId":"sess_0e234331-0804-49b2-b1a6-4ad458d727e5","turnId":"5d3536ae-8688-41e8-bcb9-68df979eec52","rootTurnId":"5d3536ae-8688-41e8-bcb9-68df979eec52"}
{"timestamp":"2026-08-24T09:35:49.596Z","level":"info","message":"[AgentIterator] Parallel invoking agent","conversationId":"sess_0e234331-0804-49b2-b1a6-4ad458d727e5","turnId":"5d3536ae-8688-41e8-bcb9-68df979eec52","rootTurnId":"5d3536ae-8688-41e8-bcb9-68df979eec52"}
{"timestamp":"2026-08-24T09:35:49.596Z","level":"info","message":"[Steering] Populating steering for execution 5d3536ae-8688-41e8-bcb9-68df979eec52","conversationId":"sess_0e234331-0804-49b2-b1a6-4ad458d727e5","turnId":"5d3536ae-8688-41e8-bcb9-68df979eec52","rootTurnId":"5d3536ae-8688-41e8-bcb9-68df979eec52"}
{"timestamp":"2026-08-24T09:35:49.596Z","level":"info","message":"[Steering] ExistingFiles: /c:/Users/Student/.kiro/workspace-roots/regen-railway/vite.config.ts in 5d3536ae-8688-41e8-bcb9-68df979eec52","conversationId":"sess_0e234331-0804-49b2-b1a6-4ad458d727e5","turnId":"5d3536ae-8688-41e8-bcb9-68df979eec52","rootTurnId":"5d3536ae-8688-41e8-bcb9-68df979eec52"}
{"timestamp":"2026-08-24T09:35:49.598Z","level":"info","message":"[q-developer-converse] Sending GenerateAssistantResponse modelId=auto agentMode=vibe origin=AI_EDITOR streaming=true conversationId=sess_0e234331-0804-49b2-b1a6-4ad458d727e5","conversationId":"sess_0e234331-0804-49b2-b1a6-4ad458d727e5","turnId":"5d3536ae-8688-41e8-bcb9-68df979eec52","rootTurnId":"5d3536ae-8688-41e8-bcb9-68df979eec52"}
{"timestamp":"2026-08-24T09:35:49.599Z","level":"info","message":"[q-developer-converse] Request payload: 111767 chars, 36 history messages, conversationId=sess_0e234331-0804-49b2-b1a6-4ad458d727e5","conversationId":"sess_0e234331-0804-49b2-b1a6-4ad458d727e5","turnId":"5d3536ae-8688-41e8-bcb9-68df979eec52","rootTurnId":"5d3536ae-8688-41e8-bcb9-68df979eec52"}
{"timestamp":"2026-08-24T09:35:49.606Z","level":"info","message":"fs.appendMessages.ok {\"system\":\"fs\",\"sessionId\":\"sess_0e234331-0804-49b2-b1a6-4ad458d727e5\",\"messageCount\":2,\"durationMs\":13}","conversationId":"sess_0e234331-0804-49b2-b1a6-4ad458d727e5","turnId":"5d3536ae-8688-41e8-bcb9-68df979eec52","rootTurnId":"5d3536ae-8688-41e8-bcb9-68df979eec52"}
{"timestamp":"2026-08-24T09:35:53.153Z","level":"info","message":"[AgentIterator] Synchronizing results","conversationId":"sess_0e234331-0804-49b2-b1a6-4ad458d727e5","turnId":"5d3536ae-8688-41e8-bcb9-68df979eec52","rootTurnId":"5d3536ae-8688-41e8-bcb9-68df979eec52"}
{"timestamp":"2026-08-24T09:35:53.153Z","level":"info","message":"[AgentIterator] Processing intent detection result","conversationId":"sess_0e234331-0804-49b2-b1a6-4ad458d727e5","turnId":"5d3536ae-8688-41e8-bcb9-68df979eec52","rootTurnId":"5d3536ae-8688-41e8-bcb9-68df979eec52"}
{"timestamp":"2026-08-24T09:35:53.154Z","level":"info","message":"[ChatAgent] Processing model response stream","conversationId":"sess_0e234331-0804-49b2-b1a6-4ad458d727e5","turnId":"5d3536ae-8688-41e8-bcb9-68df979eec52","rootTurnId":"5d3536ae-8688-41e8-bcb9-68df979eec52"}
{"timestamp":"2026-08-24T09:35:53.154Z","level":"info","message":"[Steering] Populating steering for execution 5d3536ae-8688-41e8-bcb9-68df979eec52","conversationId":"sess_0e234331-0804-49b2-b1a6-4ad458d727e5","turnId":"5d3536ae-8688-41e8-bcb9-68df979eec52","rootTurnId":"5d3536ae-8688-41e8-bcb9-68df979eec52"}
{"timestamp":"2026-08-24T09:35:53.154Z","level":"info","message":"[Steering] ExistingFiles: /c:/Users/Student/.kiro/workspace-roots/regen-railway/vite.config.ts in 5d3536ae-8688-41e8-bcb9-68df979eec52","conversationId":"sess_0e234331-0804-49b2-b1a6-4ad458d727e5","turnId":"5d3536ae-8688-41e8-bcb9-68df979eec52","rootTurnId":"5d3536ae-8688-41e8-bcb9-68df979eec52"}
{"timestamp":"2026-08-24T09:35:57.433Z","level":"info","message":"[ACPEventAdapter] Execution yielded {\"executionId\":\"5d3536ae-8688-41e8-bcb9-68df979eec52\"}","conversationId":"sess_0e234331-0804-49b2-b1a6-4ad458d727e5","turnId":"5d3536ae-8688-41e8-bcb9-68df979eec52","rootTurnId":"5d3536ae-8688-41e8-bcb9-68df979eec52"}
{"timestamp":"2026-08-24T09:35:57.434Z","level":"info","message":"acp.policy-eval.complete {\"toolId\":\"run_command\",\"effect\":\"ask\"}","conversationId":"sess_0e234331-0804-49b2-b1a6-4ad458d727e5","turnId":"5d3536ae-8688-41e8-bcb9-68df979eec52","rootTurnId":"5d3536ae-8688-41e8-bcb9-68df979eec52"}
{"timestamp":"2026-08-24T09:35:57.443Z","level":"info","message":"[ACP ToolApproval] Requesting permission for toolId=run_command, operationId=run_command_tooluse_qQf3CxrS7AVszdVOtIWPnb, sessionId=sess_0e234331-0804-49b2-b1a6-4ad458d727e5","conversationId":"sess_0e234331-0804-49b2-b1a6-4ad458d727e5","turnId":"5d3536ae-8688-41e8-bcb9-68df979eec52","rootTurnId":"5d3536ae-8688-41e8-bcb9-68df979eec52"}
{"timestamp":"2026-08-24T09:35:57.446Z","level":"info","message":"fs.appendMessages.ok {\"system\":\"fs\",\"sessionId\":\"sess_0e234331-0804-49b2-b1a6-4ad458d727e5\",\"messageCount\":1,\"durationMs\":3}","conversationId":"sess_0e234331-0804-49b2-b1a6-4ad458d727e5","turnId":"5d3536ae-8688-41e8-bcb9-68df979eec52","rootTurnId":"5d3536ae-8688-41e8-bcb9-68df979eec52"}
{"timestamp":"2026-08-24T09:35:57.601Z","level":"info","message":"fs.appendMessages.ok {\"system\":\"fs\",\"sessionId\":\"sess_0e234331-0804-49b2-b1a6-4ad458d727e5\",\"messageCount\":1,\"durationMs\":4}","conversationId":"sess_0e234331-0804-49b2-b1a6-4ad458d727e5","turnId":"5d3536ae-8688-41e8-bcb9-68df979eec52","rootTurnId":"5d3536ae-8688-41e8-bcb9-68df979eec52"}
{"timestamp":"2026-08-24T09:35:57.608Z","level":"info","message":"fs.appendMessages.ok {\"system\":\"fs\",\"sessionId\":\"sess_0e234331-0804-49b2-b1a6-4ad458d727e5\",\"messageCount\":1,\"durationMs\":7}","conversationId":"sess_0e234331-0804-49b2-b1a6-4ad458d727e5","turnId":"5d3536ae-8688-41e8-bcb9-68df979eec52","rootTurnId":"5d3536ae-8688-41e8-bcb9-68df979eec52"}
{"timestamp":"2026-08-24T09:36:01.834Z","level":"info","message":"fs.appendMessages.ok {\"system\":\"fs\",\"sessionId\":\"sess_0e234331-0804-49b2-b1a6-4ad458d727e5\",\"messageCount\":1,\"durationMs\":2}","conversationId":"sess_0e234331-0804-49b2-b1a6-4ad458d727e5","turnId":"5d3536ae-8688-41e8-bcb9-68df979eec52","rootTurnId":"5d3536ae-8688-41e8-bcb9-68df979eec52"}
{"timestamp":"2026-08-24T09:36:01.834Z","level":"info","message":"[ACP ToolApproval] Got response: {\"optionId\":\"always-accept\",\"outcome\":\"selected\"}","conversationId":"sess_0e234331-0804-49b2-b1a6-4ad458d727e5","turnId":"5d3536ae-8688-41e8-bcb9-68df979eec52","rootTurnId":"5d3536ae-8688-41e8-bcb9-68df979eec52"}
{"timestamp":"2026-08-24T09:36:01.997Z","level":"info","message":"[PolicySession] rebuild() complete: 17 rules parsed, engineActive=true, fatal=false","conversationId":"sess_0e234331-0804-49b2-b1a6-4ad458d727e5","turnId":"5d3536ae-8688-41e8-bcb9-68df979eec52","rootTurnId":"5d3536ae-8688-41e8-bcb9-68df979eec52"}
{"timestamp":"2026-08-24T09:36:01.997Z","level":"info","message":"[PolicySession] Persisted allow rule for shell matching \"Set-Content -Path \"src\\lib\\supabase.ts\" -Value $supabaseClient -Encoding UTF8\" at scope=user","conversationId":"sess_0e234331-0804-49b2-b1a6-4ad458d727e5","turnId":"5d3536ae-8688-41e8-bcb9-68df979eec52","rootTurnId":"5d3536ae-8688-41e8-bcb9-68df979eec52"}
{"timestamp":"2026-08-24T09:36:02.009Z","level":"info","message":"[ACP ToolApproval] Requesting permission for toolId=run_command, operationId=run_command_tooluse_qQf3CxrS7AVszdVOtIWPnb, sessionId=sess_0e234331-0804-49b2-b1a6-4ad458d727e5","conversationId":"sess_0e234331-0804-49b2-b1a6-4ad458d727e5","turnId":"5d3536ae-8688-41e8-bcb9-68df979eec52","rootTurnId":"5d3536ae-8688-41e8-bcb9-68df979eec52"}
{"timestamp":"2026-08-24T09:36:02.014Z","level":"info","message":"fs.appendMessages.ok {\"system\":\"fs\",\"sessionId\":\"sess_0e234331-0804-49b2-b1a6-4ad458d727e5\",\"messageCount\":1,\"durationMs\":5}","conversationId":"sess_0e234331-0804-49b2-b1a6-4ad458d727e5","turnId":"5d3536ae-8688-41e8-bcb9-68df979eec52","rootTurnId":"5d3536ae-8688-41e8-bcb9-68df979eec52"}
{"timestamp":"2026-08-24T09:36:03.594Z","level":"info","message":"fs.appendMessages.ok {\"system\":\"fs\",\"sessionId\":\"sess_0e234331-0804-49b2-b1a6-4ad458d727e5\",\"messageCount\":1,\"durationMs\":2}","conversationId":"sess_0e234331-0804-49b2-b1a6-4ad458d727e5","turnId":"5d3536ae-8688-41e8-bcb9-68df979eec52","rootTurnId":"5d3536ae-8688-41e8-bcb9-68df979eec52"}
{"timestamp":"2026-08-24T09:36:03.594Z","level":"info","message":"[ACP ToolApproval] Got response: {\"optionId\":\"always-accept\",\"outcome\":\"selected\"}","conversationId":"sess_0e234331-0804-49b2-b1a6-4ad458d727e5","turnId":"5d3536ae-8688-41e8-bcb9-68df979eec52","rootTurnId":"5d3536ae-8688-41e8-bcb9-68df979eec52"}
{"timestamp":"2026-08-24T09:36:03.758Z","level":"info","message":"[PolicySession] rebuild() complete: 17 rules parsed, engineActive=true, fatal=false","conversationId":"sess_0e234331-0804-49b2-b1a6-4ad458d727e5","turnId":"5d3536ae-8688-41e8-bcb9-68df979eec52","rootTurnId":"5d3536ae-8688-41e8-bcb9-68df979eec52"}
{"timestamp":"2026-08-24T09:36:03.758Z","level":"info","message":"[PolicySession] Persisted allow rule for shell matching \"Write-Host \"supabase.ts done\"\" at scope=user","conversationId":"sess_0e234331-0804-49b2-b1a6-4ad458d727e5","turnId":"5d3536ae-8688-41e8-bcb9-68df979eec52","rootTurnId":"5d3536ae-8688-41e8-bcb9-68df979eec52"}
{"timestamp":"2026-08-24T09:36:03.762Z","level":"info","message":"[ACPEventAdapter] Execution resumed {\"executionId\":\"5d3536ae-8688-41e8-bcb9-68df979eec52\"}","conversationId":"sess_0e234331-0804-49b2-b1a6-4ad458d727e5","turnId":"5d3536ae-8688-41e8-bcb9-68df979eec52","rootTurnId":"5d3536ae-8688-41e8-bcb9-68df979eec52"}
{"timestamp":"2026-08-24T09:36:03.763Z","level":"info","message":"acp.policy-eval.complete {\"toolId\":\"list_directory\",\"effect\":\"allow\",\"capability\":\"fs_read\"}","conversationId":"sess_0e234331-0804-49b2-b1a6-4ad458d727e5","turnId":"5d3536ae-8688-41e8-bcb9-68df979eec52","rootTurnId":"5d3536ae-8688-41e8-bcb9-68df979eec52"}
{"timestamp":"2026-08-24T09:36:03.860Z","level":"info","message":"[AgentIterator] Parallel invoking agent","conversationId":"sess_0e234331-0804-49b2-b1a6-4ad458d727e5","turnId":"5d3536ae-8688-41e8-bcb9-68df979eec52","rootTurnId":"5d3536ae-8688-41e8-bcb9-68df979eec52"}
{"timestamp":"2026-08-24T09:36:03.860Z","level":"info","message":"[Steering] Populating steering for execution 5d3536ae-8688-41e8-bcb9-68df979eec52","conversationId":"sess_0e234331-0804-49b2-b1a6-4ad458d727e5","turnId":"5d3536ae-8688-41e8-bcb9-68df979eec52","rootTurnId":"5d3536ae-8688-41e8-bcb9-68df979eec52"}
{"timestamp":"2026-08-24T09:36:03.860Z","level":"info","message":"[Steering] ExistingFiles: /c:/Users/Student/.kiro/workspace-roots/regen-railway/vite.config.ts in 5d3536ae-8688-41e8-bcb9-68df979eec52","conversationId":"sess_0e234331-0804-49b2-b1a6-4ad458d727e5","turnId":"5d3536ae-8688-41e8-bcb9-68df979eec52","rootTurnId":"5d3536ae-8688-41e8-bcb9-68df979eec52"}
{"timestamp":"2026-08-24T09:36:03.864Z","level":"info","message":"[q-developer-converse] Sending GenerateAssistantResponse modelId=auto agentMode=vibe origin=AI_EDITOR streaming=true conversationId=sess_0e234331-0804-49b2-b1a6-4ad458d727e5","conversationId":"sess_0e234331-0804-49b2-b1a6-4ad458d727e5","turnId":"5d3536ae-8688-41e8-bcb9-68df979eec52","rootTurnId":"5d3536ae-8688-41e8-bcb9-68df979eec52"}
{"timestamp":"2026-08-24T09:36:03.864Z","level":"info","message":"[q-developer-converse] Request payload: 113434 chars, 38 history messages, conversationId=sess_0e234331-0804-49b2-b1a6-4ad458d727e5","conversationId":"sess_0e234331-0804-49b2-b1a6-4ad458d727e5","turnId":"5d3536ae-8688-41e8-bcb9-68df979eec52","rootTurnId":"5d3536ae-8688-41e8-bcb9-68df979eec52"}
{"timestamp":"2026-08-24T09:36:03.872Z","level":"info","message":"fs.appendMessages.ok {\"system\":\"fs\",\"sessionId\":\"sess_0e234331-0804-49b2-b1a6-4ad458d727e5\",\"messageCount\":2,\"durationMs\":15}","conversationId":"sess_0e234331-0804-49b2-b1a6-4ad458d727e5","turnId":"5d3536ae-8688-41e8-bcb9-68df979eec52","rootTurnId":"5d3536ae-8688-41e8-bcb9-68df979eec52"}
{"timestamp":"2026-08-24T09:36:06.914Z","level":"info","message":"[AgentIterator] Synchronizing results","conversationId":"sess_0e234331-0804-49b2-b1a6-4ad458d727e5","turnId":"5d3536ae-8688-41e8-bcb9-68df979eec52","rootTurnId":"5d3536ae-8688-41e8-bcb9-68df979eec52"}
{"timestamp":"2026-08-24T09:36:06.914Z","level":"info","message":"[AgentIterator] Processing intent detection result","conversationId":"sess_0e234331-0804-49b2-b1a6-4ad458d727e5","turnId":"5d3536ae-8688-41e8-bcb9-68df979eec52","rootTurnId":"5d3536ae-8688-41e8-bcb9-68df979eec52"}
{"timestamp":"2026-08-24T09:36:06.915Z","level":"info","message":"[ChatAgent] Processing model response stream","conversationId":"sess_0e234331-0804-49b2-b1a6-4ad458d727e5","turnId":"5d3536ae-8688-41e8-bcb9-68df979eec52","rootTurnId":"5d3536ae-8688-41e8-bcb9-68df979eec52"}
{"timestamp":"2026-08-24T09:36:06.915Z","level":"info","message":"[Steering] Populating steering for execution 5d3536ae-8688-41e8-bcb9-68df979eec52","conversationId":"sess_0e234331-0804-49b2-b1a6-4ad458d727e5","turnId":"5d3536ae-8688-41e8-bcb9-68df979eec52","rootTurnId":"5d3536ae-8688-41e8-bcb9-68df979eec52"}
{"timestamp":"2026-08-24T09:36:06.915Z","level":"info","message":"[Steering] ExistingFiles: /c:/Users/Student/.kiro/workspace-roots/regen-railway/vite.config.ts in 5d3536ae-8688-41e8-bcb9-68df979eec52","conversationId":"sess_0e234331-0804-49b2-b1a6-4ad458d727e5","turnId":"5d3536ae-8688-41e8-bcb9-68df979eec52","rootTurnId":"5d3536ae-8688-41e8-bcb9-68df979eec52"}
{"timestamp":"2026-08-24T09:36:07.281Z","level":"info","message":"fs.appendMessages.ok {\"system\":\"fs\",\"sessionId\":\"sess_0e234331-0804-49b2-b1a6-4ad458d727e5\",\"messageCount\":1,\"durationMs\":2}","conversationId":"sess_0e234331-0804-49b2-b1a6-4ad458d727e5","turnId":"5d3536ae-8688-41e8-bcb9-68df979eec52","rootTurnId":"5d3536ae-8688-41e8-bcb9-68df979eec52"}
{"timestamp":"2026-08-24T09:36:38.185Z","level":"info","message":"[ACPEventAdapter] Execution yielded {\"executionId\":\"5d3536ae-8688-41e8-bcb9-68df979eec52\"}","conversationId":"sess_0e234331-0804-49b2-b1a6-4ad458d727e5","turnId":"5d3536ae-8688-41e8-bcb9-68df979eec52","rootTurnId":"5d3536ae-8688-41e8-bcb9-68df979eec52"}
{"timestamp":"2026-08-24T09:36:38.187Z","level":"info","message":"acp.policy-eval.complete {\"toolId\":\"run_command\",\"effect\":\"ask\"}","conversationId":"sess_0e234331-0804-49b2-b1a6-4ad458d727e5","turnId":"5d3536ae-8688-41e8-bcb9-68df979eec52","rootTurnId":"5d3536ae-8688-41e8-bcb9-68df979eec52"}
{"timestamp":"2026-08-24T09:36:38.197Z","level":"info","message":"[ACP ToolApproval] Requesting permission for toolId=run_command, operationId=run_command_tooluse_SYtWr5RPNxyykL9oxlGrw9, sessionId=sess_0e234331-0804-49b2-b1a6-4ad458d727e5","conversationId":"sess_0e234331-0804-49b2-b1a6-4ad458d727e5","turnId":"5d3536ae-8688-41e8-bcb9-68df979eec52","rootTurnId":"5d3536ae-8688-41e8-bcb9-68df979eec52"}
{"timestamp":"2026-08-24T09:36:38.205Z","level":"info","message":"fs.appendMessages.ok {\"system\":\"fs\",\"sessionId\":\"sess_0e234331-0804-49b2-b1a6-4ad458d727e5\",\"messageCount\":1,\"durationMs\":8}","conversationId":"sess_0e234331-0804-49b2-b1a6-4ad458d727e5","turnId":"5d3536ae-8688-41e8-bcb9-68df979eec52","rootTurnId":"5d3536ae-8688-41e8-bcb9-68df979eec52"}
{"timestamp":"2026-08-24T09:36:38.216Z","level":"info","message":"fs.appendMessages.ok {\"system\":\"fs\",\"sessionId\":\"sess_0e234331-0804-49b2-b1a6-4ad458d727e5\",\"messageCount\":1,\"durationMs\":10}","conversationId":"sess_0e234331-0804-49b2-b1a6-4ad458d727e5","turnId":"5d3536ae-8688-41e8-bcb9-68df979eec52","rootTurnId":"5d3536ae-8688-41e8-bcb9-68df979eec52"}
{"timestamp":"2026-08-24T09:36:38.227Z","level":"info","message":"fs.appendMessages.ok {\"system\":\"fs\",\"sessionId\":\"sess_0e234331-0804-49b2-b1a6-4ad458d727e5\",\"messageCount\":1,\"durationMs\":11}","conversationId":"sess_0e234331-0804-49b2-b1a6-4ad458d727e5","turnId":"5d3536ae-8688-41e8-bcb9-68df979eec52","rootTurnId":"5d3536ae-8688-41e8-bcb9-68df979eec52"}
{"timestamp":"2026-08-24T09:37:17.667Z","level":"info","message":"fs.appendMessages.ok {\"system\":\"fs\",\"sessionId\":\"sess_0e234331-0804-49b2-b1a6-4ad458d727e5\",\"messageCount\":1,\"durationMs\":2}","conversationId":"sess_0e234331-0804-49b2-b1a6-4ad458d727e5","turnId":"5d3536ae-8688-41e8-bcb9-68df979eec52","rootTurnId":"5d3536ae-8688-41e8-bcb9-68df979eec52"}
{"timestamp":"2026-08-24T09:37:17.667Z","level":"info","message":"[ACP ToolApproval] Got response: {\"optionId\":\"always-accept\",\"outcome\":\"selected\"}","conversationId":"sess_0e234331-0804-49b2-b1a6-4ad458d727e5","turnId":"5d3536ae-8688-41e8-bcb9-68df979eec52","rootTurnId":"5d3536ae-8688-41e8-bcb9-68df979eec52"}
{"timestamp":"2026-08-24T09:37:17.831Z","level":"info","message":"[PolicySession] rebuild() complete: 17 rules parsed, engineActive=true, fatal=false","conversationId":"sess_0e234331-0804-49b2-b1a6-4ad458d727e5","turnId":"5d3536ae-8688-41e8-bcb9-68df979eec52","rootTurnId":"5d3536ae-8688-41e8-bcb9-68df979eec52"}
{"timestamp":"2026-08-24T09:37:17.831Z","level":"info","message":"[PolicySession] Persisted allow rule for shell matching \"Set-Content -Path \"src\\types\\index.ts\" -Value $types -Encoding UTF8\" at scope=user","conversationId":"sess_0e234331-0804-49b2-b1a6-4ad458d727e5","turnId":"5d3536ae-8688-41e8-bcb9-68df979eec52","rootTurnId":"5d3536ae-8688-41e8-bcb9-68df979eec52"}
{"timestamp":"2026-08-24T09:37:17.843Z","level":"info","message":"[ACP ToolApproval] Requesting permission for toolId=run_command, operationId=run_command_tooluse_SYtWr5RPNxyykL9oxlGrw9, sessionId=sess_0e234331-0804-49b2-b1a6-4ad458d727e5","conversationId":"sess_0e234331-0804-49b2-b1a6-4ad458d727e5","turnId":"5d3536ae-8688-41e8-bcb9-68df979eec52","rootTurnId":"5d3536ae-8688-41e8-bcb9-68df979eec52"}
{"timestamp":"2026-08-24T09:37:17.847Z","level":"info","message":"fs.appendMessages.ok {\"system\":\"fs\",\"sessionId\":\"sess_0e234331-0804-49b2-b1a6-4ad458d727e5\",\"messageCount\":1,\"durationMs\":4}","conversationId":"sess_0e234331-0804-49b2-b1a6-4ad458d727e5","turnId":"5d3536ae-8688-41e8-bcb9-68df979eec52","rootTurnId":"5d3536ae-8688-41e8-bcb9-68df979eec52"}
{"timestamp":"2026-08-24T09:37:19.898Z","level":"info","message":"fs.appendMessages.ok {\"system\":\"fs\",\"sessionId\":\"sess_0e234331-0804-49b2-b1a6-4ad458d727e5\",\"messageCount\":1,\"durationMs\":2}","conversationId":"sess_0e234331-0804-49b2-b1a6-4ad458d727e5","turnId":"5d3536ae-8688-41e8-bcb9-68df979eec52","rootTurnId":"5d3536ae-8688-41e8-bcb9-68df979eec52"}
{"timestamp":"2026-08-24T09:37:19.898Z","level":"info","message":"[ACP ToolApproval] Got response: {\"optionId\":\"always-accept\",\"outcome\":\"selected\"}","conversationId":"sess_0e234331-0804-49b2-b1a6-4ad458d727e5","turnId":"5d3536ae-8688-41e8-bcb9-68df979eec52","rootTurnId":"5d3536ae-8688-41e8-bcb9-68df979eec52"}
{"timestamp":"2026-08-24T09:37:20.064Z","level":"info","message":"[PolicySession] rebuild() complete: 17 rules parsed, engineActive=true, fatal=false","conversationId":"sess_0e234331-0804-49b2-b1a6-4ad458d727e5","turnId":"5d3536ae-8688-41e8-bcb9-68df979eec52","rootTurnId":"5d3536ae-8688-41e8-bcb9-68df979eec52"}
{"timestamp":"2026-08-24T09:37:20.064Z","level":"info","message":"[PolicySession] Persisted allow rule for shell matching \"Write-Host \"types/index.ts done\"\" at scope=user","conversationId":"sess_0e234331-0804-49b2-b1a6-4ad458d727e5","turnId":"5d3536ae-8688-41e8-bcb9-68df979eec52","rootTurnId":"5d3536ae-8688-41e8-bcb9-68df979eec52"}
{"timestamp":"2026-08-24T09:37:20.068Z","level":"info","message":"[ACPEventAdapter] Execution resumed {\"executionId\":\"5d3536ae-8688-41e8-bcb9-68df979eec52\"}","conversationId":"sess_0e234331-0804-49b2-b1a6-4ad458d727e5","turnId":"5d3536ae-8688-41e8-bcb9-68df979eec52","rootTurnId":"5d3536ae-8688-41e8-bcb9-68df979eec52"}
{"timestamp":"2026-08-24T09:37:20.068Z","level":"info","message":"acp.policy-eval.complete {\"toolId\":\"list_directory\",\"effect\":\"allow\",\"capability\":\"fs_read\"}","conversationId":"sess_0e234331-0804-49b2-b1a6-4ad458d727e5","turnId":"5d3536ae-8688-41e8-bcb9-68df979eec52","rootTurnId":"5d3536ae-8688-41e8-bcb9-68df979eec52"}
{"timestamp":"2026-08-24T09:37:20.623Z","level":"info","message":"[AgentIterator] Parallel invoking agent","conversationId":"sess_0e234331-0804-49b2-b1a6-4ad458d727e5","turnId":"5d3536ae-8688-41e8-bcb9-68df979eec52","rootTurnId":"5d3536ae-8688-41e8-bcb9-68df979eec52"}
{"timestamp":"2026-08-24T09:37:20.624Z","level":"info","message":"[Steering] Populating steering for execution 5d3536ae-8688-41e8-bcb9-68df979eec52","conversationId":"sess_0e234331-0804-49b2-b1a6-4ad458d727e5","turnId":"5d3536ae-8688-41e8-bcb9-68df979eec52","rootTurnId":"5d3536ae-8688-41e8-bcb9-68df979eec52"}
{"timestamp":"2026-08-24T09:37:20.624Z","level":"info","message":"[Steering] ExistingFiles: /c:/Users/Student/.kiro/workspace-roots/regen-railway/vite.config.ts in 5d3536ae-8688-41e8-bcb9-68df979eec52","conversationId":"sess_0e234331-0804-49b2-b1a6-4ad458d727e5","turnId":"5d3536ae-8688-41e8-bcb9-68df979eec52","rootTurnId":"5d3536ae-8688-41e8-bcb9-68df979eec52"}
{"timestamp":"2026-08-24T09:37:20.627Z","level":"info","message":"[q-developer-converse] Sending GenerateAssistantResponse modelId=auto agentMode=vibe origin=AI_EDITOR streaming=true conversationId=sess_0e234331-0804-49b2-b1a6-4ad458d727e5","conversationId":"sess_0e234331-0804-49b2-b1a6-4ad458d727e5","turnId":"5d3536ae-8688-41e8-bcb9-68df979eec52","rootTurnId":"5d3536ae-8688-41e8-bcb9-68df979eec52"}
{"timestamp":"2026-08-24T09:37:20.627Z","level":"info","message":"[q-developer-converse] Request payload: 124613 chars, 40 history messages, conversationId=sess_0e234331-0804-49b2-b1a6-4ad458d727e5","conversationId":"sess_0e234331-0804-49b2-b1a6-4ad458d727e5","turnId":"5d3536ae-8688-41e8-bcb9-68df979eec52","rootTurnId":"5d3536ae-8688-41e8-bcb9-68df979eec52"}
{"timestamp":"2026-08-24T09:37:20.633Z","level":"info","message":"fs.appendMessages.ok {\"system\":\"fs\",\"sessionId\":\"sess_0e234331-0804-49b2-b1a6-4ad458d727e5\",\"messageCount\":2,\"durationMs\":13}","conversationId":"sess_0e234331-0804-49b2-b1a6-4ad458d727e5","turnId":"5d3536ae-8688-41e8-bcb9-68df979eec52","rootTurnId":"5d3536ae-8688-41e8-bcb9-68df979eec52"}
{"timestamp":"2026-08-24T09:37:23.858Z","level":"info","message":"[AgentIterator] Synchronizing results","conversationId":"sess_0e234331-0804-49b2-b1a6-4ad458d727e5","turnId":"5d3536ae-8688-41e8-bcb9-68df979eec52","rootTurnId":"5d3536ae-8688-41e8-bcb9-68df979eec52"}
{"timestamp":"2026-08-24T09:37:23.858Z","level":"info","message":"[AgentIterator] Processing intent detection result","conversationId":"sess_0e234331-0804-49b2-b1a6-4ad458d727e5","turnId":"5d3536ae-8688-41e8-bcb9-68df979eec52","rootTurnId":"5d3536ae-8688-41e8-bcb9-68df979eec52"}
{"timestamp":"2026-08-24T09:37:23.859Z","level":"info","message":"[ChatAgent] Processing model response stream","conversationId":"sess_0e234331-0804-49b2-b1a6-4ad458d727e5","turnId":"5d3536ae-8688-41e8-bcb9-68df979eec52","rootTurnId":"5d3536ae-8688-41e8-bcb9-68df979eec52"}
{"timestamp":"2026-08-24T09:37:23.859Z","level":"info","message":"[Steering] Populating steering for execution 5d3536ae-8688-41e8-bcb9-68df979eec52","conversationId":"sess_0e234331-0804-49b2-b1a6-4ad458d727e5","turnId":"5d3536ae-8688-41e8-bcb9-68df979eec52","rootTurnId":"5d3536ae-8688-41e8-bcb9-68df979eec52"}
{"timestamp":"2026-08-24T09:37:23.859Z","level":"info","message":"[Steering] ExistingFiles: /c:/Users/Student/.kiro/workspace-roots/regen-railway/vite.config.ts in 5d3536ae-8688-41e8-bcb9-68df979eec52","conversationId":"sess_0e234331-0804-49b2-b1a6-4ad458d727e5","turnId":"5d3536ae-8688-41e8-bcb9-68df979eec52","rootTurnId":"5d3536ae-8688-41e8-bcb9-68df979eec52"}
{"timestamp":"2026-08-24T09:37:25.171Z","level":"info","message":"[ACPEventAdapter] Execution yielded {\"executionId\":\"5d3536ae-8688-41e8-bcb9-68df979eec52\"}","conversationId":"sess_0e234331-0804-49b2-b1a6-4ad458d727e5","turnId":"5d3536ae-8688-41e8-bcb9-68df979eec52","rootTurnId":"5d3536ae-8688-41e8-bcb9-68df979eec52"}
{"timestamp":"2026-08-24T09:37:25.173Z","level":"info","message":"acp.policy-eval.complete {\"toolId\":\"run_command\",\"effect\":\"ask\"}","conversationId":"sess_0e234331-0804-49b2-b1a6-4ad458d727e5","turnId":"5d3536ae-8688-41e8-bcb9-68df979eec52","rootTurnId":"5d3536ae-8688-41e8-bcb9-68df979eec52"}
{"timestamp":"2026-08-24T09:37:25.182Z","level":"info","message":"[ACP ToolApproval] Requesting permission for toolId=run_command, operationId=run_command_tooluse_Vo3ONS72rEXLOoEai4d65v, sessionId=sess_0e234331-0804-49b2-b1a6-4ad458d727e5","conversationId":"sess_0e234331-0804-49b2-b1a6-4ad458d727e5","turnId":"5d3536ae-8688-41e8-bcb9-68df979eec52","rootTurnId":"5d3536ae-8688-41e8-bcb9-68df979eec52"}
{"timestamp":"2026-08-24T09:37:25.186Z","level":"info","message":"fs.appendMessages.ok {\"system\":\"fs\",\"sessionId\":\"sess_0e234331-0804-49b2-b1a6-4ad458d727e5\",\"messageCount\":1,\"durationMs\":4}","conversationId":"sess_0e234331-0804-49b2-b1a6-4ad458d727e5","turnId":"5d3536ae-8688-41e8-bcb9-68df979eec52","rootTurnId":"5d3536ae-8688-41e8-bcb9-68df979eec52"}
{"timestamp":"2026-08-24T09:37:25.538Z","level":"info","message":"fs.appendMessages.ok {\"system\":\"fs\",\"sessionId\":\"sess_0e234331-0804-49b2-b1a6-4ad458d727e5\",\"messageCount\":1,\"durationMs\":3}","conversationId":"sess_0e234331-0804-49b2-b1a6-4ad458d727e5","turnId":"5d3536ae-8688-41e8-bcb9-68df979eec52","rootTurnId":"5d3536ae-8688-41e8-bcb9-68df979eec52"}
{"timestamp":"2026-08-24T09:37:25.545Z","level":"info","message":"fs.appendMessages.ok {\"system\":\"fs\",\"sessionId\":\"sess_0e234331-0804-49b2-b1a6-4ad458d727e5\",\"messageCount\":1,\"durationMs\":7}","conversationId":"sess_0e234331-0804-49b2-b1a6-4ad458d727e5","turnId":"5d3536ae-8688-41e8-bcb9-68df979eec52","rootTurnId":"5d3536ae-8688-41e8-bcb9-68df979eec52"}
{"timestamp":"2026-08-24T09:37:28.442Z","level":"info","message":"fs.appendMessages.ok {\"system\":\"fs\",\"sessionId\":\"sess_0e234331-0804-49b2-b1a6-4ad458d727e5\",\"messageCount\":1,\"durationMs\":2}","conversationId":"sess_0e234331-0804-49b2-b1a6-4ad458d727e5","turnId":"5d3536ae-8688-41e8-bcb9-68df979eec52","rootTurnId":"5d3536ae-8688-41e8-bcb9-68df979eec52"}
{"timestamp":"2026-08-24T09:37:28.442Z","level":"info","message":"[ACP ToolApproval] Got response: {\"optionId\":\"always-accept\",\"outcome\":\"selected\"}","conversationId":"sess_0e234331-0804-49b2-b1a6-4ad458d727e5","turnId":"5d3536ae-8688-41e8-bcb9-68df979eec52","rootTurnId":"5d3536ae-8688-41e8-bcb9-68df979eec52"}
{"timestamp":"2026-08-24T09:37:28.617Z","level":"info","message":"[PolicySession] rebuild() complete: 17 rules parsed, engineActive=true, fatal=false","conversationId":"sess_0e234331-0804-49b2-b1a6-4ad458d727e5","turnId":"5d3536ae-8688-41e8-bcb9-68df979eec52","rootTurnId":"5d3536ae-8688-41e8-bcb9-68df979eec52"}
{"timestamp":"2026-08-24T09:37:28.617Z","level":"info","message":"[PolicySession] Persisted allow rule for shell matching \"Set-Content -Path \"src\\types\\database.ts\" -Value $dbTypes -Encoding UTF8\" at scope=user","conversationId":"sess_0e234331-0804-49b2-b1a6-4ad458d727e5","turnId":"5d3536ae-8688-41e8-bcb9-68df979eec52","rootTurnId":"5d3536ae-8688-41e8-bcb9-68df979eec52"}
{"timestamp":"2026-08-24T09:37:28.629Z","level":"info","message":"[ACP ToolApproval] Requesting permission for toolId=run_command, operationId=run_command_tooluse_Vo3ONS72rEXLOoEai4d65v, sessionId=sess_0e234331-0804-49b2-b1a6-4ad458d727e5","conversationId":"sess_0e234331-0804-49b2-b1a6-4ad458d727e5","turnId":"5d3536ae-8688-41e8-bcb9-68df979eec52","rootTurnId":"5d3536ae-8688-41e8-bcb9-68df979eec52"}
{"timestamp":"2026-08-24T09:37:28.632Z","level":"info","message":"fs.appendMessages.ok {\"system\":\"fs\",\"sessionId\":\"sess_0e234331-0804-49b2-b1a6-4ad458d727e5\",\"messageCount\":1,\"durationMs\":4}","conversationId":"sess_0e234331-0804-49b2-b1a6-4ad458d727e5","turnId":"5d3536ae-8688-41e8-bcb9-68df979eec52","rootTurnId":"5d3536ae-8688-41e8-bcb9-68df979eec52"}
{"timestamp":"2026-08-24T09:37:30.226Z","level":"info","message":"fs.appendMessages.ok {\"system\":\"fs\",\"sessionId\":\"sess_0e234331-0804-49b2-b1a6-4ad458d727e5\",\"messageCount\":1,\"durationMs\":2}","conversationId":"sess_0e234331-0804-49b2-b1a6-4ad458d727e5","turnId":"5d3536ae-8688-41e8-bcb9-68df979eec52","rootTurnId":"5d3536ae-8688-41e8-bcb9-68df979eec52"}
{"timestamp":"2026-08-24T09:37:30.226Z","level":"info","message":"[ACP ToolApproval] Got response: {\"optionId\":\"always-accept\",\"outcome\":\"selected\"}","conversationId":"sess_0e234331-0804-49b2-b1a6-4ad458d727e5","turnId":"5d3536ae-8688-41e8-bcb9-68df979eec52","rootTurnId":"5d3536ae-8688-41e8-bcb9-68df979eec52"}
{"timestamp":"2026-08-24T09:37:30.395Z","level":"info","message":"[PolicySession] rebuild() complete: 17 rules parsed, engineActive=true, fatal=false","conversationId":"sess_0e234331-0804-49b2-b1a6-4ad458d727e5","turnId":"5d3536ae-8688-41e8-bcb9-68df979eec52","rootTurnId":"5d3536ae-8688-41e8-bcb9-68df979eec52"}
{"timestamp":"2026-08-24T09:37:30.395Z","level":"info","message":"[PolicySession] Persisted allow rule for shell matching \"Write-Host \"database.ts done\"\" at scope=user","conversationId":"sess_0e234331-0804-49b2-b1a6-4ad458d727e5","turnId":"5d3536ae-8688-41e8-bcb9-68df979eec52","rootTurnId":"5d3536ae-8688-41e8-bcb9-68df979eec52"}
{"timestamp":"2026-08-24T09:37:30.398Z","level":"info","message":"[ACPEventAdapter] Execution resumed {\"executionId\":\"5d3536ae-8688-41e8-bcb9-68df979eec52\"}","conversationId":"sess_0e234331-0804-49b2-b1a6-4ad458d727e5","turnId":"5d3536ae-8688-41e8-bcb9-68df979eec52","rootTurnId":"5d3536ae-8688-41e8-bcb9-68df979eec52"}
{"timestamp":"2026-08-24T09:37:30.399Z","level":"info","message":"acp.policy-eval.complete {\"toolId\":\"list_directory\",\"effect\":\"allow\",\"capability\":\"fs_read\"}","conversationId":"sess_0e234331-0804-49b2-b1a6-4ad458d727e5","turnId":"5d3536ae-8688-41e8-bcb9-68df979eec52","rootTurnId":"5d3536ae-8688-41e8-bcb9-68df979eec52"}
{"timestamp":"2026-08-24T09:37:30.463Z","level":"info","message":"[AgentIterator] Parallel invoking agent","conversationId":"sess_0e234331-0804-49b2-b1a6-4ad458d727e5","turnId":"5d3536ae-8688-41e8-bcb9-68df979eec52","rootTurnId":"5d3536ae-8688-41e8-bcb9-68df979eec52"}
{"timestamp":"2026-08-24T09:37:30.463Z","level":"info","message":"[Steering] Populating steering for execution 5d3536ae-8688-41e8-bcb9-68df979eec52","conversationId":"sess_0e234331-0804-49b2-b1a6-4ad458d727e5","turnId":"5d3536ae-8688-41e8-bcb9-68df979eec52","rootTurnId":"5d3536ae-8688-41e8-bcb9-68df979eec52"}
{"timestamp":"2026-08-24T09:37:30.463Z","level":"info","message":"[Steering] ExistingFiles: /c:/Users/Student/.kiro/workspace-roots/regen-railway/vite.config.ts in 5d3536ae-8688-41e8-bcb9-68df979eec52","conversationId":"sess_0e234331-0804-49b2-b1a6-4ad458d727e5","turnId":"5d3536ae-8688-41e8-bcb9-68df979eec52","rootTurnId":"5d3536ae-8688-41e8-bcb9-68df979eec52"}
{"timestamp":"2026-08-24T09:37:30.466Z","level":"info","message":"[q-developer-converse] Sending GenerateAssistantResponse modelId=auto agentMode=vibe origin=AI_EDITOR streaming=true conversationId=sess_0e234331-0804-49b2-b1a6-4ad458d727e5","conversationId":"sess_0e234331-0804-49b2-b1a6-4ad458d727e5","turnId":"5d3536ae-8688-41e8-bcb9-68df979eec52","rootTurnId":"5d3536ae-8688-41e8-bcb9-68df979eec52"}
{"timestamp":"2026-08-24T09:37:30.466Z","level":"info","message":"[q-developer-converse] Request payload: 125414 chars, 42 history messages, conversationId=sess_0e234331-0804-49b2-b1a6-4ad458d727e5","conversationId":"sess_0e234331-0804-49b2-b1a6-4ad458d727e5","turnId":"5d3536ae-8688-41e8-bcb9-68df979eec52","rootTurnId":"5d3536ae-8688-41e8-bcb9-68df979eec52"}
{"timestamp":"2026-08-24T09:37:30.472Z","level":"info","message":"fs.appendMessages.ok {\"system\":\"fs\",\"sessionId\":\"sess_0e234331-0804-49b2-b1a6-4ad458d727e5\",\"messageCount\":2,\"durationMs\":13}","conversationId":"sess_0e234331-0804-49b2-b1a6-4ad458d727e5","turnId":"5d3536ae-8688-41e8-bcb9-68df979eec52","rootTurnId":"5d3536ae-8688-41e8-bcb9-68df979eec52"}
{"timestamp":"2026-08-24T09:37:33.731Z","level":"info","message":"[AgentIterator] Synchronizing results","conversationId":"sess_0e234331-0804-49b2-b1a6-4ad458d727e5","turnId":"5d3536ae-8688-41e8-bcb9-68df979eec52","rootTurnId":"5d3536ae-8688-41e8-bcb9-68df979eec52"}
{"timestamp":"2026-08-24T09:37:33.731Z","level":"info","message":"[AgentIterator] Processing intent detection result","conversationId":"sess_0e234331-0804-49b2-b1a6-4ad458d727e5","turnId":"5d3536ae-8688-41e8-bcb9-68df979eec52","rootTurnId":"5d3536ae-8688-41e8-bcb9-68df979eec52"}
{"timestamp":"2026-08-24T09:37:33.732Z","level":"info","message":"[ChatAgent] Processing model response stream","conversationId":"sess_0e234331-0804-49b2-b1a6-4ad458d727e5","turnId":"5d3536ae-8688-41e8-bcb9-68df979eec52","rootTurnId":"5d3536ae-8688-41e8-bcb9-68df979eec52"}
{"timestamp":"2026-08-24T09:37:33.732Z","level":"info","message":"[Steering] Populating steering for execution 5d3536ae-8688-41e8-bcb9-68df979eec52","conversationId":"sess_0e234331-0804-49b2-b1a6-4ad458d727e5","turnId":"5d3536ae-8688-41e8-bcb9-68df979eec52","rootTurnId":"5d3536ae-8688-41e8-bcb9-68df979eec52"}
{"timestamp":"2026-08-24T09:37:33.732Z","level":"info","message":"[Steering] ExistingFiles: /c:/Users/Student/.kiro/workspace-roots/regen-railway/vite.config.ts in 5d3536ae-8688-41e8-bcb9-68df979eec52","conversationId":"sess_0e234331-0804-49b2-b1a6-4ad458d727e5","turnId":"5d3536ae-8688-41e8-bcb9-68df979eec52","rootTurnId":"5d3536ae-8688-41e8-bcb9-68df979eec52"}
{"timestamp":"2026-08-24T09:37:34.047Z","level":"info","message":"fs.appendMessages.ok {\"system\":\"fs\",\"sessionId\":\"sess_0e234331-0804-49b2-b1a6-4ad458d727e5\",\"messageCount\":1,\"durationMs\":2}","conversationId":"sess_0e234331-0804-49b2-b1a6-4ad458d727e5","turnId":"5d3536ae-8688-41e8-bcb9-68df979eec52","rootTurnId":"5d3536ae-8688-41e8-bcb9-68df979eec52"}
{"timestamp":"2026-08-24T09:37:53.824Z","level":"info","message":"[ACPEventAdapter] Execution yielded {\"executionId\":\"5d3536ae-8688-41e8-bcb9-68df979eec52\"}","conversationId":"sess_0e234331-0804-49b2-b1a6-4ad458d727e5","turnId":"5d3536ae-8688-41e8-bcb9-68df979eec52","rootTurnId":"5d3536ae-8688-41e8-bcb9-68df979eec52"}
{"timestamp":"2026-08-24T09:37:53.826Z","level":"info","message":"acp.policy-eval.complete {\"toolId\":\"run_command\",\"effect\":\"ask\"}","conversationId":"sess_0e234331-0804-49b2-b1a6-4ad458d727e5","turnId":"5d3536ae-8688-41e8-bcb9-68df979eec52","rootTurnId":"5d3536ae-8688-41e8-bcb9-68df979eec52"}
{"timestamp":"2026-08-24T09:37:53.836Z","level":"info","message":"[ACP ToolApproval] Requesting permission for toolId=run_command, operationId=run_command_tooluse_vIEGLdevnlbzLQYIns2ope, sessionId=sess_0e234331-0804-49b2-b1a6-4ad458d727e5","conversationId":"sess_0e234331-0804-49b2-b1a6-4ad458d727e5","turnId":"5d3536ae-8688-41e8-bcb9-68df979eec52","rootTurnId":"5d3536ae-8688-41e8-bcb9-68df979eec52"}
{"timestamp":"2026-08-24T09:37:53.838Z","level":"info","message":"fs.appendMessages.ok {\"system\":\"fs\",\"sessionId\":\"sess_0e234331-0804-49b2-b1a6-4ad458d727e5\",\"messageCount\":1,\"durationMs\":3}","conversationId":"sess_0e234331-0804-49b2-b1a6-4ad458d727e5","turnId":"5d3536ae-8688-41e8-bcb9-68df979eec52","rootTurnId":"5d3536ae-8688-41e8-bcb9-68df979eec52"}
{"timestamp":"2026-08-24T09:37:54.067Z","level":"info","message":"fs.appendMessages.ok {\"system\":\"fs\",\"sessionId\":\"sess_0e234331-0804-49b2-b1a6-4ad458d727e5\",\"messageCount\":1,\"durationMs\":3}","conversationId":"sess_0e234331-0804-49b2-b1a6-4ad458d727e5","turnId":"5d3536ae-8688-41e8-bcb9-68df979eec52","rootTurnId":"5d3536ae-8688-41e8-bcb9-68df979eec52"}
{"timestamp":"2026-08-24T09:37:54.075Z","level":"info","message":"fs.appendMessages.ok {\"system\":\"fs\",\"sessionId\":\"sess_0e234331-0804-49b2-b1a6-4ad458d727e5\",\"messageCount\":1,\"durationMs\":8}","conversationId":"sess_0e234331-0804-49b2-b1a6-4ad458d727e5","turnId":"5d3536ae-8688-41e8-bcb9-68df979eec52","rootTurnId":"5d3536ae-8688-41e8-bcb9-68df979eec52"}
{"timestamp":"2026-08-24T09:37:57.955Z","level":"info","message":"fs.appendMessages.ok {\"system\":\"fs\",\"sessionId\":\"sess_0e234331-0804-49b2-b1a6-4ad458d727e5\",\"messageCount\":1,\"durationMs\":2}","conversationId":"sess_0e234331-0804-49b2-b1a6-4ad458d727e5","turnId":"5d3536ae-8688-41e8-bcb9-68df979eec52","rootTurnId":"5d3536ae-8688-41e8-bcb9-68df979eec52"}
{"timestamp":"2026-08-24T09:37:57.955Z","level":"info","message":"[ACP ToolApproval] Got response: {\"optionId\":\"always-accept\",\"outcome\":\"selected\"}","conversationId":"sess_0e234331-0804-49b2-b1a6-4ad458d727e5","turnId":"5d3536ae-8688-41e8-bcb9-68df979eec52","rootTurnId":"5d3536ae-8688-41e8-bcb9-68df979eec52"}
{"timestamp":"2026-08-24T09:37:58.124Z","level":"info","message":"[PolicySession] rebuild() complete: 17 rules parsed, engineActive=true, fatal=false","conversationId":"sess_0e234331-0804-49b2-b1a6-4ad458d727e5","turnId":"5d3536ae-8688-41e8-bcb9-68df979eec52","rootTurnId":"5d3536ae-8688-41e8-bcb9-68df979eec52"}
{"timestamp":"2026-08-24T09:37:58.124Z","level":"info","message":"[PolicySession] Persisted allow rule for shell matching \"Set-Content -Path \"src\\utils\\index.ts\" -Value $utils -Encoding UTF8\" at scope=user","conversationId":"sess_0e234331-0804-49b2-b1a6-4ad458d727e5","turnId":"5d3536ae-8688-41e8-bcb9-68df979eec52","rootTurnId":"5d3536ae-8688-41e8-bcb9-68df979eec52"}
{"timestamp":"2026-08-24T09:37:58.136Z","level":"info","message":"[ACP ToolApproval] Requesting permission for toolId=run_command, operationId=run_command_tooluse_vIEGLdevnlbzLQYIns2ope, sessionId=sess_0e234331-0804-49b2-b1a6-4ad458d727e5","conversationId":"sess_0e234331-0804-49b2-b1a6-4ad458d727e5","turnId":"5d3536ae-8688-41e8-bcb9-68df979eec52","rootTurnId":"5d3536ae-8688-41e8-bcb9-68df979eec52"}
{"timestamp":"2026-08-24T09:37:58.140Z","level":"info","message":"fs.appendMessages.ok {\"system\":\"fs\",\"sessionId\":\"sess_0e234331-0804-49b2-b1a6-4ad458d727e5\",\"messageCount\":1,\"durationMs\":3}","conversationId":"sess_0e234331-0804-49b2-b1a6-4ad458d727e5","turnId":"5d3536ae-8688-41e8-bcb9-68df979eec52","rootTurnId":"5d3536ae-8688-41e8-bcb9-68df979eec52"}
{"timestamp":"2026-08-24T09:37:59.906Z","level":"info","message":"fs.appendMessages.ok {\"system\":\"fs\",\"sessionId\":\"sess_0e234331-0804-49b2-b1a6-4ad458d727e5\",\"messageCount\":1,\"durationMs\":2}","conversationId":"sess_0e234331-0804-49b2-b1a6-4ad458d727e5","turnId":"5d3536ae-8688-41e8-bcb9-68df979eec52","rootTurnId":"5d3536ae-8688-41e8-bcb9-68df979eec52"}
{"timestamp":"2026-08-24T09:37:59.906Z","level":"info","message":"[ACP ToolApproval] Got response: {\"optionId\":\"always-accept\",\"outcome\":\"selected\"}","conversationId":"sess_0e234331-0804-49b2-b1a6-4ad458d727e5","turnId":"5d3536ae-8688-41e8-bcb9-68df979eec52","rootTurnId":"5d3536ae-8688-41e8-bcb9-68df979eec52"}
{"timestamp":"2026-08-24T09:38:00.078Z","level":"info","message":"[PolicySession] rebuild() complete: 17 rules parsed, engineActive=true, fatal=false","conversationId":"sess_0e234331-0804-49b2-b1a6-4ad458d727e5","turnId":"5d3536ae-8688-41e8-bcb9-68df979eec52","rootTurnId":"5d3536ae-8688-41e8-bcb9-68df979eec52"}
{"timestamp":"2026-08-24T09:38:00.078Z","level":"info","message":"[PolicySession] Persisted allow rule for shell matching \"Write-Host \"utils done\"\" at scope=user","conversationId":"sess_0e234331-0804-49b2-b1a6-4ad458d727e5","turnId":"5d3536ae-8688-41e8-bcb9-68df979eec52","rootTurnId":"5d3536ae-8688-41e8-bcb9-68df979eec52"}
{"timestamp":"2026-08-24T09:38:00.082Z","level":"info","message":"[ACPEventAdapter] Execution resumed {\"executionId\":\"5d3536ae-8688-41e8-bcb9-68df979eec52\"}","conversationId":"sess_0e234331-0804-49b2-b1a6-4ad458d727e5","turnId":"5d3536ae-8688-41e8-bcb9-68df979eec52","rootTurnId":"5d3536ae-8688-41e8-bcb9-68df979eec52"}
{"timestamp":"2026-08-24T09:38:00.082Z","level":"info","message":"acp.policy-eval.complete {\"toolId\":\"list_directory\",\"effect\":\"allow\",\"capability\":\"fs_read\"}","conversationId":"sess_0e234331-0804-49b2-b1a6-4ad458d727e5","turnId":"5d3536ae-8688-41e8-bcb9-68df979eec52","rootTurnId":"5d3536ae-8688-41e8-bcb9-68df979eec52"}
{"timestamp":"2026-08-24T09:38:01.462Z","level":"info","message":"[AgentIterator] Parallel invoking agent","conversationId":"sess_0e234331-0804-49b2-b1a6-4ad458d727e5","turnId":"5d3536ae-8688-41e8-bcb9-68df979eec52","rootTurnId":"5d3536ae-8688-41e8-bcb9-68df979eec52"}
{"timestamp":"2026-08-24T09:38:01.462Z","level":"info","message":"[Steering] Populating steering for execution 5d3536ae-8688-41e8-bcb9-68df979eec52","conversationId":"sess_0e234331-0804-49b2-b1a6-4ad458d727e5","turnId":"5d3536ae-8688-41e8-bcb9-68df979eec52","rootTurnId":"5d3536ae-8688-41e8-bcb9-68df979eec52"}
{"timestamp":"2026-08-24T09:38:01.462Z","level":"info","message":"[Steering] ExistingFiles: /c:/Users/Student/.kiro/workspace-roots/regen-railway/vite.config.ts in 5d3536ae-8688-41e8-bcb9-68df979eec52","conversationId":"sess_0e234331-0804-49b2-b1a6-4ad458d727e5","turnId":"5d3536ae-8688-41e8-bcb9-68df979eec52","rootTurnId":"5d3536ae-8688-41e8-bcb9-68df979eec52"}
{"timestamp":"2026-08-24T09:38:01.466Z","level":"info","message":"[q-developer-converse] Sending GenerateAssistantResponse modelId=auto agentMode=vibe origin=AI_EDITOR streaming=true conversationId=sess_0e234331-0804-49b2-b1a6-4ad458d727e5","conversationId":"sess_0e234331-0804-49b2-b1a6-4ad458d727e5","turnId":"5d3536ae-8688-41e8-bcb9-68df979eec52","rootTurnId":"5d3536ae-8688-41e8-bcb9-68df979eec52"}
{"timestamp":"2026-08-24T09:38:01.466Z","level":"info","message":"[q-developer-converse] Request payload: 132782 chars, 44 history messages, conversationId=sess_0e234331-0804-49b2-b1a6-4ad458d727e5","conversationId":"sess_0e234331-0804-49b2-b1a6-4ad458d727e5","turnId":"5d3536ae-8688-41e8-bcb9-68df979eec52","rootTurnId":"5d3536ae-8688-41e8-bcb9-68df979eec52"}
{"timestamp":"2026-08-24T09:38:01.473Z","level":"info","message":"fs.appendMessages.ok {\"system\":\"fs\",\"sessionId\":\"sess_0e234331-0804-49b2-b1a6-4ad458d727e5\",\"messageCount\":2,\"durationMs\":14}","conversationId":"sess_0e234331-0804-49b2-b1a6-4ad458d727e5","turnId":"5d3536ae-8688-41e8-bcb9-68df979eec52","rootTurnId":"5d3536ae-8688-41e8-bcb9-68df979eec52"}
{"timestamp":"2026-08-24T09:38:04.815Z","level":"info","message":"[AgentIterator] Synchronizing results","conversationId":"sess_0e234331-0804-49b2-b1a6-4ad458d727e5","turnId":"5d3536ae-8688-41e8-bcb9-68df979eec52","rootTurnId":"5d3536ae-8688-41e8-bcb9-68df979eec52"}
{"timestamp":"2026-08-24T09:38:04.815Z","level":"info","message":"[AgentIterator] Processing intent detection result","conversationId":"sess_0e234331-0804-49b2-b1a6-4ad458d727e5","turnId":"5d3536ae-8688-41e8-bcb9-68df979eec52","rootTurnId":"5d3536ae-8688-41e8-bcb9-68df979eec52"}
{"timestamp":"2026-08-24T09:38:04.816Z","level":"info","message":"[ChatAgent] Processing model response stream","conversationId":"sess_0e234331-0804-49b2-b1a6-4ad458d727e5","turnId":"5d3536ae-8688-41e8-bcb9-68df979eec52","rootTurnId":"5d3536ae-8688-41e8-bcb9-68df979eec52"}
{"timestamp":"2026-08-24T09:38:04.816Z","level":"info","message":"[Steering] Populating steering for execution 5d3536ae-8688-41e8-bcb9-68df979eec52","conversationId":"sess_0e234331-0804-49b2-b1a6-4ad458d727e5","turnId":"5d3536ae-8688-41e8-bcb9-68df979eec52","rootTurnId":"5d3536ae-8688-41e8-bcb9-68df979eec52"}
{"timestamp":"2026-08-24T09:38:04.816Z","level":"info","message":"[Steering] ExistingFiles: /c:/Users/Student/.kiro/workspace-roots/regen-railway/vite.config.ts in 5d3536ae-8688-41e8-bcb9-68df979eec52","conversationId":"sess_0e234331-0804-49b2-b1a6-4ad458d727e5","turnId":"5d3536ae-8688-41e8-bcb9-68df979eec52","rootTurnId":"5d3536ae-8688-41e8-bcb9-68df979eec52"}
{"timestamp":"2026-08-24T09:38:07.919Z","level":"info","message":"[AgentIterator] Parallel invoking agent","conversationId":"sess_0e234331-0804-49b2-b1a6-4ad458d727e5","turnId":"5d3536ae-8688-41e8-bcb9-68df979eec52","rootTurnId":"5d3536ae-8688-41e8-bcb9-68df979eec52"}
{"timestamp":"2026-08-24T09:38:07.919Z","level":"info","message":"[Steering] Populating steering for execution 5d3536ae-8688-41e8-bcb9-68df979eec52","conversationId":"sess_0e234331-0804-49b2-b1a6-4ad458d727e5","turnId":"5d3536ae-8688-41e8-bcb9-68df979eec52","rootTurnId":"5d3536ae-8688-41e8-bcb9-68df979eec52"}
{"timestamp":"2026-08-24T09:38:07.919Z","level":"info","message":"[Steering] ExistingFiles: /c:/Users/Student/.kiro/workspace-roots/regen-railway/vite.config.ts in 5d3536ae-8688-41e8-bcb9-68df979eec52","conversationId":"sess_0e234331-0804-49b2-b1a6-4ad458d727e5","turnId":"5d3536ae-8688-41e8-bcb9-68df979eec52","rootTurnId":"5d3536ae-8688-41e8-bcb9-68df979eec52"}
{"timestamp":"2026-08-24T09:38:07.921Z","level":"info","message":"Injecting todo list context into conversation","conversationId":"sess_0e234331-0804-49b2-b1a6-4ad458d727e5","turnId":"5d3536ae-8688-41e8-bcb9-68df979eec52","rootTurnId":"5d3536ae-8688-41e8-bcb9-68df979eec52"}
{"timestamp":"2026-08-24T09:38:07.923Z","level":"info","message":"[q-developer-converse] Sending GenerateAssistantResponse modelId=auto agentMode=vibe origin=AI_EDITOR streaming=true conversationId=sess_0e234331-0804-49b2-b1a6-4ad458d727e5","conversationId":"sess_0e234331-0804-49b2-b1a6-4ad458d727e5","turnId":"5d3536ae-8688-41e8-bcb9-68df979eec52","rootTurnId":"5d3536ae-8688-41e8-bcb9-68df979eec52"}
{"timestamp":"2026-08-24T09:38:07.923Z","level":"info","message":"[q-developer-converse] Request payload: 138172 chars, 48 history messages, conversationId=sess_0e234331-0804-49b2-b1a6-4ad458d727e5","conversationId":"sess_0e234331-0804-49b2-b1a6-4ad458d727e5","turnId":"5d3536ae-8688-41e8-bcb9-68df979eec52","rootTurnId":"5d3536ae-8688-41e8-bcb9-68df979eec52"}
{"timestamp":"2026-08-24T09:38:07.931Z","level":"info","message":"fs.appendMessages.ok {\"system\":\"fs\",\"sessionId\":\"sess_0e234331-0804-49b2-b1a6-4ad458d727e5\",\"messageCount\":2,\"durationMs\":16}","conversationId":"sess_0e234331-0804-49b2-b1a6-4ad458d727e5","turnId":"5d3536ae-8688-41e8-bcb9-68df979eec52","rootTurnId":"5d3536ae-8688-41e8-bcb9-68df979eec52"}
{"timestamp":"2026-08-24T09:38:07.938Z","level":"info","message":"fs.appendMessages.ok {\"system\":\"fs\",\"sessionId\":\"sess_0e234331-0804-49b2-b1a6-4ad458d727e5\",\"messageCount\":1,\"durationMs\":8}","conversationId":"sess_0e234331-0804-49b2-b1a6-4ad458d727e5","turnId":"5d3536ae-8688-41e8-bcb9-68df979eec52","rootTurnId":"5d3536ae-8688-41e8-bcb9-68df979eec52"}
{"timestamp":"2026-08-24T09:38:07.945Z","level":"info","message":"fs.appendMessages.ok {\"system\":\"fs\",\"sessionId\":\"sess_0e234331-0804-49b2-b1a6-4ad458d727e5\",\"messageCount\":1,\"durationMs\":6}","conversationId":"sess_0e234331-0804-49b2-b1a6-4ad458d727e5","turnId":"5d3536ae-8688-41e8-bcb9-68df979eec52","rootTurnId":"5d3536ae-8688-41e8-bcb9-68df979eec52"}
{"timestamp":"2026-08-24T09:38:10.898Z","level":"info","message":"[AgentIterator] Synchronizing results","conversationId":"sess_0e234331-0804-49b2-b1a6-4ad458d727e5","turnId":"5d3536ae-8688-41e8-bcb9-68df979eec52","rootTurnId":"5d3536ae-8688-41e8-bcb9-68df979eec52"}
{"timestamp":"2026-08-24T09:38:10.898Z","level":"info","message":"[AgentIterator] Processing intent detection result","conversationId":"sess_0e234331-0804-49b2-b1a6-4ad458d727e5","turnId":"5d3536ae-8688-41e8-bcb9-68df979eec52","rootTurnId":"5d3536ae-8688-41e8-bcb9-68df979eec52"}
{"timestamp":"2026-08-24T09:38:10.899Z","level":"info","message":"[ChatAgent] Processing model response stream","conversationId":"sess_0e234331-0804-49b2-b1a6-4ad458d727e5","turnId":"5d3536ae-8688-41e8-bcb9-68df979eec52","rootTurnId":"5d3536ae-8688-41e8-bcb9-68df979eec52"}
{"timestamp":"2026-08-24T09:38:10.899Z","level":"info","message":"[Steering] Populating steering for execution 5d3536ae-8688-41e8-bcb9-68df979eec52","conversationId":"sess_0e234331-0804-49b2-b1a6-4ad458d727e5","turnId":"5d3536ae-8688-41e8-bcb9-68df979eec52","rootTurnId":"5d3536ae-8688-41e8-bcb9-68df979eec52"}
{"timestamp":"2026-08-24T09:38:10.899Z","level":"info","message":"[Steering] ExistingFiles: /c:/Users/Student/.kiro/workspace-roots/regen-railway/vite.config.ts in 5d3536ae-8688-41e8-bcb9-68df979eec52","conversationId":"sess_0e234331-0804-49b2-b1a6-4ad458d727e5","turnId":"5d3536ae-8688-41e8-bcb9-68df979eec52","rootTurnId":"5d3536ae-8688-41e8-bcb9-68df979eec52"}
{"timestamp":"2026-08-24T09:38:11.558Z","level":"info","message":"fs.appendMessages.ok {\"system\":\"fs\",\"sessionId\":\"sess_0e234331-0804-49b2-b1a6-4ad458d727e5\",\"messageCount\":1,\"durationMs\":2}","conversationId":"sess_0e234331-0804-49b2-b1a6-4ad458d727e5","turnId":"5d3536ae-8688-41e8-bcb9-68df979eec52","rootTurnId":"5d3536ae-8688-41e8-bcb9-68df979eec52"}
{"timestamp":"2026-08-24T09:38:52.961Z","level":"info","message":"[ACPEventAdapter] Execution yielded {\"executionId\":\"5d3536ae-8688-41e8-bcb9-68df979eec52\"}","conversationId":"sess_0e234331-0804-49b2-b1a6-4ad458d727e5","turnId":"5d3536ae-8688-41e8-bcb9-68df979eec52","rootTurnId":"5d3536ae-8688-41e8-bcb9-68df979eec52"}
{"timestamp":"2026-08-24T09:38:52.963Z","level":"info","message":"acp.policy-eval.complete {\"toolId\":\"run_command\",\"effect\":\"ask\"}","conversationId":"sess_0e234331-0804-49b2-b1a6-4ad458d727e5","turnId":"5d3536ae-8688-41e8-bcb9-68df979eec52","rootTurnId":"5d3536ae-8688-41e8-bcb9-68df979eec52"}
{"timestamp":"2026-08-24T09:38:52.974Z","level":"info","message":"[ACP ToolApproval] Requesting permission for toolId=run_command, operationId=run_command_tooluse_f7QQKUOiMg1H54OH97THUo, sessionId=sess_0e234331-0804-49b2-b1a6-4ad458d727e5","conversationId":"sess_0e234331-0804-49b2-b1a6-4ad458d727e5","turnId":"5d3536ae-8688-41e8-bcb9-68df979eec52","rootTurnId":"5d3536ae-8688-41e8-bcb9-68df979eec52"}
{"timestamp":"2026-08-24T09:38:52.980Z","level":"info","message":"fs.appendMessages.ok {\"system\":\"fs\",\"sessionId\":\"sess_0e234331-0804-49b2-b1a6-4ad458d727e5\",\"messageCount\":1,\"durationMs\":6}","conversationId":"sess_0e234331-0804-49b2-b1a6-4ad458d727e5","turnId":"5d3536ae-8688-41e8-bcb9-68df979eec52","rootTurnId":"5d3536ae-8688-41e8-bcb9-68df979eec52"}
{"timestamp":"2026-08-24T09:38:52.995Z","level":"info","message":"fs.appendMessages.ok {\"system\":\"fs\",\"sessionId\":\"sess_0e234331-0804-49b2-b1a6-4ad458d727e5\",\"messageCount\":1,\"durationMs\":15}","conversationId":"sess_0e234331-0804-49b2-b1a6-4ad458d727e5","turnId":"5d3536ae-8688-41e8-bcb9-68df979eec52","rootTurnId":"5d3536ae-8688-41e8-bcb9-68df979eec52"}
{"timestamp":"2026-08-24T09:38:53.002Z","level":"info","message":"fs.appendMessages.ok {\"system\":\"fs\",\"sessionId\":\"sess_0e234331-0804-49b2-b1a6-4ad458d727e5\",\"messageCount\":1,\"durationMs\":7}","conversationId":"sess_0e234331-0804-49b2-b1a6-4ad458d727e5","turnId":"5d3536ae-8688-41e8-bcb9-68df979eec52","rootTurnId":"5d3536ae-8688-41e8-bcb9-68df979eec52"}
{"timestamp":"2026-08-24T09:39:04.578Z","level":"info","message":"fs.appendMessages.ok {\"system\":\"fs\",\"sessionId\":\"sess_0e234331-0804-49b2-b1a6-4ad458d727e5\",\"messageCount\":1,\"durationMs\":2}","conversationId":"sess_0e234331-0804-49b2-b1a6-4ad458d727e5","turnId":"5d3536ae-8688-41e8-bcb9-68df979eec52","rootTurnId":"5d3536ae-8688-41e8-bcb9-68df979eec52"}
{"timestamp":"2026-08-24T09:39:04.578Z","level":"info","message":"[ACP ToolApproval] Got response: {\"optionId\":\"always-accept\",\"outcome\":\"selected\"}","conversationId":"sess_0e234331-0804-49b2-b1a6-4ad458d727e5","turnId":"5d3536ae-8688-41e8-bcb9-68df979eec52","rootTurnId":"5d3536ae-8688-41e8-bcb9-68df979eec52"}
{"timestamp":"2026-08-24T09:39:04.748Z","level":"info","message":"[PolicySession] rebuild() complete: 17 rules parsed, engineActive=true, fatal=false","conversationId":"sess_0e234331-0804-49b2-b1a6-4ad458d727e5","turnId":"5d3536ae-8688-41e8-bcb9-68df979eec52","rootTurnId":"5d3536ae-8688-41e8-bcb9-68df979eec52"}
{"timestamp":"2026-08-24T09:39:04.748Z","level":"info","message":"[PolicySession] Persisted allow rule for shell matching \"Set-Content -Path \"supabase\\migrations\\001_schema.sql\" -Value $schema -Encoding UTF8\" at scope=user","conversationId":"sess_0e234331-0804-49b2-b1a6-4ad458d727e5","turnId":"5d3536ae-8688-41e8-bcb9-68df979eec52","rootTurnId":"5d3536ae-8688-41e8-bcb9-68df979eec52"}
{"timestamp":"2026-08-24T09:39:04.762Z","level":"info","message":"[ACP ToolApproval] Requesting permission for toolId=run_command, operationId=run_command_tooluse_f7QQKUOiMg1H54OH97THUo, sessionId=sess_0e234331-0804-49b2-b1a6-4ad458d727e5","conversationId":"sess_0e234331-0804-49b2-b1a6-4ad458d727e5","turnId":"5d3536ae-8688-41e8-bcb9-68df979eec52","rootTurnId":"5d3536ae-8688-41e8-bcb9-68df979eec52"}
{"timestamp":"2026-08-24T09:39:04.766Z","level":"info","message":"fs.appendMessages.ok {\"system\":\"fs\",\"sessionId\":\"sess_0e234331-0804-49b2-b1a6-4ad458d727e5\",\"messageCount\":1,\"durationMs\":4}","conversationId":"sess_0e234331-0804-49b2-b1a6-4ad458d727e5","turnId":"5d3536ae-8688-41e8-bcb9-68df979eec52","rootTurnId":"5d3536ae-8688-41e8-bcb9-68df979eec52"}
{"timestamp":"2026-08-24T09:39:06.370Z","level":"info","message":"fs.appendMessages.ok {\"system\":\"fs\",\"sessionId\":\"sess_0e234331-0804-49b2-b1a6-4ad458d727e5\",\"messageCount\":1,\"durationMs\":2}","conversationId":"sess_0e234331-0804-49b2-b1a6-4ad458d727e5","turnId":"5d3536ae-8688-41e8-bcb9-68df979eec52","rootTurnId":"5d3536ae-8688-41e8-bcb9-68df979eec52"}
{"timestamp":"2026-08-24T09:39:06.370Z","level":"info","message":"[ACP ToolApproval] Got response: {\"optionId\":\"always-accept\",\"outcome\":\"selected\"}","conversationId":"sess_0e234331-0804-49b2-b1a6-4ad458d727e5","turnId":"5d3536ae-8688-41e8-bcb9-68df979eec52","rootTurnId":"5d3536ae-8688-41e8-bcb9-68df979eec52"}
{"timestamp":"2026-08-24T09:39:06.539Z","level":"info","message":"[PolicySession] rebuild() complete: 17 rules parsed, engineActive=true, fatal=false","conversationId":"sess_0e234331-0804-49b2-b1a6-4ad458d727e5","turnId":"5d3536ae-8688-41e8-bcb9-68df979eec52","rootTurnId":"5d3536ae-8688-41e8-bcb9-68df979eec52"}
{"timestamp":"2026-08-24T09:39:06.539Z","level":"info","message":"[PolicySession] Persisted allow rule for shell matching \"Write-Host \"Schema SQL done\"\" at scope=user","conversationId":"sess_0e234331-0804-49b2-b1a6-4ad458d727e5","turnId":"5d3536ae-8688-41e8-bcb9-68df979eec52","rootTurnId":"5d3536ae-8688-41e8-bcb9-68df979eec52"}
{"timestamp":"2026-08-24T09:39:06.544Z","level":"info","message":"[ACPEventAdapter] Execution resumed {\"executionId\":\"5d3536ae-8688-41e8-bcb9-68df979eec52\"}","conversationId":"sess_0e234331-0804-49b2-b1a6-4ad458d727e5","turnId":"5d3536ae-8688-41e8-bcb9-68df979eec52","rootTurnId":"5d3536ae-8688-41e8-bcb9-68df979eec52"}
{"timestamp":"2026-08-24T09:39:06.544Z","level":"info","message":"acp.policy-eval.complete {\"toolId\":\"list_directory\",\"effect\":\"allow\",\"capability\":\"fs_read\"}","conversationId":"sess_0e234331-0804-49b2-b1a6-4ad458d727e5","turnId":"5d3536ae-8688-41e8-bcb9-68df979eec52","rootTurnId":"5d3536ae-8688-41e8-bcb9-68df979eec52"}
{"timestamp":"2026-08-24T09:39:12.723Z","level":"info","message":"[AgentIterator] Parallel invoking agent","conversationId":"sess_0e234331-0804-49b2-b1a6-4ad458d727e5","turnId":"5d3536ae-8688-41e8-bcb9-68df979eec52","rootTurnId":"5d3536ae-8688-41e8-bcb9-68df979eec52"}
{"timestamp":"2026-08-24T09:39:12.724Z","level":"info","message":"[Steering] Populating steering for execution 5d3536ae-8688-41e8-bcb9-68df979eec52","conversationId":"sess_0e234331-0804-49b2-b1a6-4ad458d727e5","turnId":"5d3536ae-8688-41e8-bcb9-68df979eec52","rootTurnId":"5d3536ae-8688-41e8-bcb9-68df979eec52"}
{"timestamp":"2026-08-24T09:39:12.724Z","level":"info","message":"[Steering] ExistingFiles: /c:/Users/Student/.kiro/workspace-roots/regen-railway/vite.config.ts in 5d3536ae-8688-41e8-bcb9-68df979eec52","conversationId":"sess_0e234331-0804-49b2-b1a6-4ad458d727e5","turnId":"5d3536ae-8688-41e8-bcb9-68df979eec52","rootTurnId":"5d3536ae-8688-41e8-bcb9-68df979eec52"}
{"timestamp":"2026-08-24T09:39:12.731Z","level":"info","message":"[q-developer-converse] Sending GenerateAssistantResponse modelId=auto agentMode=vibe origin=AI_EDITOR streaming=true conversationId=sess_0e234331-0804-49b2-b1a6-4ad458d727e5","conversationId":"sess_0e234331-0804-49b2-b1a6-4ad458d727e5","turnId":"5d3536ae-8688-41e8-bcb9-68df979eec52","rootTurnId":"5d3536ae-8688-41e8-bcb9-68df979eec52"}
{"timestamp":"2026-08-24T09:39:12.732Z","level":"info","message":"[q-developer-converse] Request payload: 154781 chars, 50 history messages, conversationId=sess_0e234331-0804-49b2-b1a6-4ad458d727e5","conversationId":"sess_0e234331-0804-49b2-b1a6-4ad458d727e5","turnId":"5d3536ae-8688-41e8-bcb9-68df979eec52","rootTurnId":"5d3536ae-8688-41e8-bcb9-68df979eec52"}
{"timestamp":"2026-08-24T09:39:12.741Z","level":"info","message":"fs.appendMessages.ok {\"system\":\"fs\",\"sessionId\":\"sess_0e234331-0804-49b2-b1a6-4ad458d727e5\",\"messageCount\":2,\"durationMs\":22}","conversationId":"sess_0e234331-0804-49b2-b1a6-4ad458d727e5","turnId":"5d3536ae-8688-41e8-bcb9-68df979eec52","rootTurnId":"5d3536ae-8688-41e8-bcb9-68df979eec52"}
{"timestamp":"2026-08-24T09:39:16.521Z","level":"info","message":"[AgentIterator] Synchronizing results","conversationId":"sess_0e234331-0804-49b2-b1a6-4ad458d727e5","turnId":"5d3536ae-8688-41e8-bcb9-68df979eec52","rootTurnId":"5d3536ae-8688-41e8-bcb9-68df979eec52"}
{"timestamp":"2026-08-24T09:39:16.521Z","level":"info","message":"[AgentIterator] Processing intent detection result","conversationId":"sess_0e234331-0804-49b2-b1a6-4ad458d727e5","turnId":"5d3536ae-8688-41e8-bcb9-68df979eec52","rootTurnId":"5d3536ae-8688-41e8-bcb9-68df979eec52"}
{"timestamp":"2026-08-24T09:39:16.522Z","level":"info","message":"[ChatAgent] Processing model response stream","conversationId":"sess_0e234331-0804-49b2-b1a6-4ad458d727e5","turnId":"5d3536ae-8688-41e8-bcb9-68df979eec52","rootTurnId":"5d3536ae-8688-41e8-bcb9-68df979eec52"}
{"timestamp":"2026-08-24T09:39:16.522Z","level":"info","message":"[Steering] Populating steering for execution 5d3536ae-8688-41e8-bcb9-68df979eec52","conversationId":"sess_0e234331-0804-49b2-b1a6-4ad458d727e5","turnId":"5d3536ae-8688-41e8-bcb9-68df979eec52","rootTurnId":"5d3536ae-8688-41e8-bcb9-68df979eec52"}
{"timestamp":"2026-08-24T09:39:16.522Z","level":"info","message":"[Steering] ExistingFiles: /c:/Users/Student/.kiro/workspace-roots/regen-railway/vite.config.ts in 5d3536ae-8688-41e8-bcb9-68df979eec52","conversationId":"sess_0e234331-0804-49b2-b1a6-4ad458d727e5","turnId":"5d3536ae-8688-41e8-bcb9-68df979eec52","rootTurnId":"5d3536ae-8688-41e8-bcb9-68df979eec52"}
{"timestamp":"2026-08-24T09:39:18.864Z","level":"info","message":"fs.appendMessages.ok {\"system\":\"fs\",\"sessionId\":\"sess_0e234331-0804-49b2-b1a6-4ad458d727e5\",\"messageCount\":2,\"durationMs\":3}","conversationId":"sess_0e234331-0804-49b2-b1a6-4ad458d727e5","turnId":"5d3536ae-8688-41e8-bcb9-68df979eec52","rootTurnId":"5d3536ae-8688-41e8-bcb9-68df979eec52"}
{"timestamp":"2026-08-24T09:39:19.023Z","level":"info","message":"[AgentIterator] Parallel invoking agent","conversationId":"sess_0e234331-0804-49b2-b1a6-4ad458d727e5","turnId":"5d3536ae-8688-41e8-bcb9-68df979eec52","rootTurnId":"5d3536ae-8688-41e8-bcb9-68df979eec52"}
{"timestamp":"2026-08-24T09:39:19.023Z","level":"info","message":"[Steering] Populating steering for execution 5d3536ae-8688-41e8-bcb9-68df979eec52","conversationId":"sess_0e234331-0804-49b2-b1a6-4ad458d727e5","turnId":"5d3536ae-8688-41e8-bcb9-68df979eec52","rootTurnId":"5d3536ae-8688-41e8-bcb9-68df979eec52"}
{"timestamp":"2026-08-24T09:39:19.023Z","level":"info","message":"[Steering] ExistingFiles: /c:/Users/Student/.kiro/workspace-roots/regen-railway/vite.config.ts in 5d3536ae-8688-41e8-bcb9-68df979eec52","conversationId":"sess_0e234331-0804-49b2-b1a6-4ad458d727e5","turnId":"5d3536ae-8688-41e8-bcb9-68df979eec52","rootTurnId":"5d3536ae-8688-41e8-bcb9-68df979eec52"}
{"timestamp":"2026-08-24T09:39:19.024Z","level":"info","message":"Injecting todo list context into conversation","conversationId":"sess_0e234331-0804-49b2-b1a6-4ad458d727e5","turnId":"5d3536ae-8688-41e8-bcb9-68df979eec52","rootTurnId":"5d3536ae-8688-41e8-bcb9-68df979eec52"}
{"timestamp":"2026-08-24T09:39:19.026Z","level":"info","message":"[q-developer-converse] Sending GenerateAssistantResponse modelId=auto agentMode=vibe origin=AI_EDITOR streaming=true conversationId=sess_0e234331-0804-49b2-b1a6-4ad458d727e5","conversationId":"sess_0e234331-0804-49b2-b1a6-4ad458d727e5","turnId":"5d3536ae-8688-41e8-bcb9-68df979eec52","rootTurnId":"5d3536ae-8688-41e8-bcb9-68df979eec52"}
{"timestamp":"2026-08-24T09:39:19.027Z","level":"info","message":"[q-developer-converse] Request payload: 160919 chars, 54 history messages, conversationId=sess_0e234331-0804-49b2-b1a6-4ad458d727e5","conversationId":"sess_0e234331-0804-49b2-b1a6-4ad458d727e5","turnId":"5d3536ae-8688-41e8-bcb9-68df979eec52","rootTurnId":"5d3536ae-8688-41e8-bcb9-68df979eec52"}
{"timestamp":"2026-08-24T09:39:19.036Z","level":"info","message":"fs.appendMessages.ok {\"system\":\"fs\",\"sessionId\":\"sess_0e234331-0804-49b2-b1a6-4ad458d727e5\",\"messageCount\":1,\"durationMs\":17}","conversationId":"sess_0e234331-0804-49b2-b1a6-4ad458d727e5","turnId":"5d3536ae-8688-41e8-bcb9-68df979eec52","rootTurnId":"5d3536ae-8688-41e8-bcb9-68df979eec52"}
{"timestamp":"2026-08-24T09:39:19.043Z","level":"info","message":"fs.appendMessages.ok {\"system\":\"fs\",\"sessionId\":\"sess_0e234331-0804-49b2-b1a6-4ad458d727e5\",\"messageCount\":1,\"durationMs\":7}","conversationId":"sess_0e234331-0804-49b2-b1a6-4ad458d727e5","turnId":"5d3536ae-8688-41e8-bcb9-68df979eec52","rootTurnId":"5d3536ae-8688-41e8-bcb9-68df979eec52"}
{"timestamp":"2026-08-24T09:39:22.203Z","level":"info","message":"[AgentIterator] Synchronizing results","conversationId":"sess_0e234331-0804-49b2-b1a6-4ad458d727e5","turnId":"5d3536ae-8688-41e8-bcb9-68df979eec52","rootTurnId":"5d3536ae-8688-41e8-bcb9-68df979eec52"}
{"timestamp":"2026-08-24T09:39:22.203Z","level":"info","message":"[AgentIterator] Processing intent detection result","conversationId":"sess_0e234331-0804-49b2-b1a6-4ad458d727e5","turnId":"5d3536ae-8688-41e8-bcb9-68df979eec52","rootTurnId":"5d3536ae-8688-41e8-bcb9-68df979eec52"}
{"timestamp":"2026-08-24T09:39:22.203Z","level":"info","message":"[ChatAgent] Processing model response stream","conversationId":"sess_0e234331-0804-49b2-b1a6-4ad458d727e5","turnId":"5d3536ae-8688-41e8-bcb9-68df979eec52","rootTurnId":"5d3536ae-8688-41e8-bcb9-68df979eec52"}
{"timestamp":"2026-08-24T09:39:22.203Z","level":"info","message":"[Steering] Populating steering for execution 5d3536ae-8688-41e8-bcb9-68df979eec52","conversationId":"sess_0e234331-0804-49b2-b1a6-4ad458d727e5","turnId":"5d3536ae-8688-41e8-bcb9-68df979eec52","rootTurnId":"5d3536ae-8688-41e8-bcb9-68df979eec52"}
{"timestamp":"2026-08-24T09:39:22.203Z","level":"info","message":"[Steering] ExistingFiles: /c:/Users/Student/.kiro/workspace-roots/regen-railway/vite.config.ts in 5d3536ae-8688-41e8-bcb9-68df979eec52","conversationId":"sess_0e234331-0804-49b2-b1a6-4ad458d727e5","turnId":"5d3536ae-8688-41e8-bcb9-68df979eec52","rootTurnId":"5d3536ae-8688-41e8-bcb9-68df979eec52"}
{"timestamp":"2026-08-24T09:39:23.951Z","level":"info","message":"fs.appendMessages.ok {\"system\":\"fs\",\"sessionId\":\"sess_0e234331-0804-49b2-b1a6-4ad458d727e5\",\"messageCount\":1,\"durationMs\":3}","conversationId":"sess_0e234331-0804-49b2-b1a6-4ad458d727e5","turnId":"5d3536ae-8688-41e8-bcb9-68df979eec52","rootTurnId":"5d3536ae-8688-41e8-bcb9-68df979eec52"}
{"timestamp":"2026-08-24T09:40:14.015Z","level":"info","message":"network.listAvailableModels.ok {\"system\":\"network\",\"durationMs\":1480}"}
{"timestamp":"2026-08-24T09:40:14.015Z","level":"info","message":"[ACPModelConfigProvider] Loaded 9 models"}
{"timestamp":"2026-08-24T09:44:43.546Z","level":"warn","message":"Schema validation failed for action execute_pwsh, attempting to number coercion and try again","conversationId":"sess_0e234331-0804-49b2-b1a6-4ad458d727e5","turnId":"5d3536ae-8688-41e8-bcb9-68df979eec52","rootTurnId":"5d3536ae-8688-41e8-bcb9-68df979eec52"}
{"timestamp":"2026-08-24T09:44:43.546Z","level":"warn","message":"[PersistenceClassification] Unknown action type \"execute_pwsh\" — defaulting to \"tool\". Add it to KnownActionType in persistence-classification.ts.","conversationId":"sess_0e234331-0804-49b2-b1a6-4ad458d727e5","turnId":"5d3536ae-8688-41e8-bcb9-68df979eec52","rootTurnId":"5d3536ae-8688-41e8-bcb9-68df979eec52"}
{"timestamp":"2026-08-24T09:44:43.546Z","level":"warn","message":"[ACPEventAdapter] Action type has no dedicated handler and is being routed as a tool call. If this is a new non-tool action, add it to DispatchedActionType. {\"actionType\":\"execute_pwsh\"}","conversationId":"sess_0e234331-0804-49b2-b1a6-4ad458d727e5","turnId":"5d3536ae-8688-41e8-bcb9-68df979eec52","rootTurnId":"5d3536ae-8688-41e8-bcb9-68df979eec52"}
{"timestamp":"2026-08-24T09:44:43.549Z","level":"info","message":"[AgentIterator] Parallel invoking agent","conversationId":"sess_0e234331-0804-49b2-b1a6-4ad458d727e5","turnId":"5d3536ae-8688-41e8-bcb9-68df979eec52","rootTurnId":"5d3536ae-8688-41e8-bcb9-68df979eec52"}
{"timestamp":"2026-08-24T09:44:43.549Z","level":"info","message":"[Steering] Populating steering for execution 5d3536ae-8688-41e8-bcb9-68df979eec52","conversationId":"sess_0e234331-0804-49b2-b1a6-4ad458d727e5","turnId":"5d3536ae-8688-41e8-bcb9-68df979eec52","rootTurnId":"5d3536ae-8688-41e8-bcb9-68df979eec52"}
{"timestamp":"2026-08-24T09:44:43.549Z","level":"info","message":"[Steering] ExistingFiles: /c:/Users/Student/.kiro/workspace-roots/regen-railway/vite.config.ts in 5d3536ae-8688-41e8-bcb9-68df979eec52","conversationId":"sess_0e234331-0804-49b2-b1a6-4ad458d727e5","turnId":"5d3536ae-8688-41e8-bcb9-68df979eec52","rootTurnId":"5d3536ae-8688-41e8-bcb9-68df979eec52"}
{"timestamp":"2026-08-24T09:44:43.555Z","level":"info","message":"[q-developer-converse] Sending GenerateAssistantResponse modelId=auto agentMode=vibe origin=AI_EDITOR streaming=true conversationId=sess_0e234331-0804-49b2-b1a6-4ad458d727e5","conversationId":"sess_0e234331-0804-49b2-b1a6-4ad458d727e5","turnId":"5d3536ae-8688-41e8-bcb9-68df979eec52","rootTurnId":"5d3536ae-8688-41e8-bcb9-68df979eec52"}
{"timestamp":"2026-08-24T09:44:43.555Z","level":"info","message":"[q-developer-converse] Request payload: 161930 chars, 56 history messages, conversationId=sess_0e234331-0804-49b2-b1a6-4ad458d727e5","conversationId":"sess_0e234331-0804-49b2-b1a6-4ad458d727e5","turnId":"5d3536ae-8688-41e8-bcb9-68df979eec52","rootTurnId":"5d3536ae-8688-41e8-bcb9-68df979eec52"}
{"timestamp":"2026-08-24T09:44:43.563Z","level":"info","message":"fs.appendMessages.ok {\"system\":\"fs\",\"sessionId\":\"sess_0e234331-0804-49b2-b1a6-4ad458d727e5\",\"messageCount\":1,\"durationMs\":18}","conversationId":"sess_0e234331-0804-49b2-b1a6-4ad458d727e5","turnId":"5d3536ae-8688-41e8-bcb9-68df979eec52","rootTurnId":"5d3536ae-8688-41e8-bcb9-68df979eec52"}
{"timestamp":"2026-08-24T09:44:43.572Z","level":"info","message":"fs.appendMessages.ok {\"system\":\"fs\",\"sessionId\":\"sess_0e234331-0804-49b2-b1a6-4ad458d727e5\",\"messageCount\":1,\"durationMs\":9}","conversationId":"sess_0e234331-0804-49b2-b1a6-4ad458d727e5","turnId":"5d3536ae-8688-41e8-bcb9-68df979eec52","rootTurnId":"5d3536ae-8688-41e8-bcb9-68df979eec52"}
{"timestamp":"2026-08-24T09:44:43.578Z","level":"info","message":"fs.appendMessages.ok {\"system\":\"fs\",\"sessionId\":\"sess_0e234331-0804-49b2-b1a6-4ad458d727e5\",\"messageCount\":2,\"durationMs\":6}","conversationId":"sess_0e234331-0804-49b2-b1a6-4ad458d727e5","turnId":"5d3536ae-8688-41e8-bcb9-68df979eec52","rootTurnId":"5d3536ae-8688-41e8-bcb9-68df979eec52"}
{"timestamp":"2026-08-24T09:44:46.881Z","level":"info","message":"[AgentIterator] Synchronizing results","conversationId":"sess_0e234331-0804-49b2-b1a6-4ad458d727e5","turnId":"5d3536ae-8688-41e8-bcb9-68df979eec52","rootTurnId":"5d3536ae-8688-41e8-bcb9-68df979eec52"}
{"timestamp":"2026-08-24T09:44:46.881Z","level":"info","message":"[AgentIterator] Processing intent detection result","conversationId":"sess_0e234331-0804-49b2-b1a6-4ad458d727e5","turnId":"5d3536ae-8688-41e8-bcb9-68df979eec52","rootTurnId":"5d3536ae-8688-41e8-bcb9-68df979eec52"}
{"timestamp":"2026-08-24T09:44:46.881Z","level":"info","message":"[ChatAgent] Processing model response stream","conversationId":"sess_0e234331-0804-49b2-b1a6-4ad458d727e5","turnId":"5d3536ae-8688-41e8-bcb9-68df979eec52","rootTurnId":"5d3536ae-8688-41e8-bcb9-68df979eec52"}
{"timestamp":"2026-08-24T09:44:46.882Z","level":"info","message":"[Steering] Populating steering for execution 5d3536ae-8688-41e8-bcb9-68df979eec52","conversationId":"sess_0e234331-0804-49b2-b1a6-4ad458d727e5","turnId":"5d3536ae-8688-41e8-bcb9-68df979eec52","rootTurnId":"5d3536ae-8688-41e8-bcb9-68df979eec52"}
{"timestamp":"2026-08-24T09:44:46.882Z","level":"info","message":"[Steering] ExistingFiles: /c:/Users/Student/.kiro/workspace-roots/regen-railway/vite.config.ts in 5d3536ae-8688-41e8-bcb9-68df979eec52","conversationId":"sess_0e234331-0804-49b2-b1a6-4ad458d727e5","turnId":"5d3536ae-8688-41e8-bcb9-68df979eec52","rootTurnId":"5d3536ae-8688-41e8-bcb9-68df979eec52"}
{"timestamp":"2026-08-24T09:44:49.153Z","level":"info","message":"[ACPEventAdapter] Execution yielded {\"executionId\":\"5d3536ae-8688-41e8-bcb9-68df979eec52\"}","conversationId":"sess_0e234331-0804-49b2-b1a6-4ad458d727e5","turnId":"5d3536ae-8688-41e8-bcb9-68df979eec52","rootTurnId":"5d3536ae-8688-41e8-bcb9-68df979eec52"}
{"timestamp":"2026-08-24T09:44:49.154Z","level":"info","message":"acp.policy-eval.complete {\"toolId\":\"run_command\",\"effect\":\"ask\"}","conversationId":"sess_0e234331-0804-49b2-b1a6-4ad458d727e5","turnId":"5d3536ae-8688-41e8-bcb9-68df979eec52","rootTurnId":"5d3536ae-8688-41e8-bcb9-68df979eec52"}
{"timestamp":"2026-08-24T09:44:49.161Z","level":"info","message":"[ACP ToolApproval] Requesting permission for toolId=run_command, operationId=run_command_tooluse_OWNeQfZWfLV1H1tyAZMQp4, sessionId=sess_0e234331-0804-49b2-b1a6-4ad458d727e5","conversationId":"sess_0e234331-0804-49b2-b1a6-4ad458d727e5","turnId":"5d3536ae-8688-41e8-bcb9-68df979eec52","rootTurnId":"5d3536ae-8688-41e8-bcb9-68df979eec52"}
{"timestamp":"2026-08-24T09:44:49.163Z","level":"info","message":"fs.appendMessages.ok {\"system\":\"fs\",\"sessionId\":\"sess_0e234331-0804-49b2-b1a6-4ad458d727e5\",\"messageCount\":1,\"durationMs\":2}","conversationId":"sess_0e234331-0804-49b2-b1a6-4ad458d727e5","turnId":"5d3536ae-8688-41e8-bcb9-68df979eec52","rootTurnId":"5d3536ae-8688-41e8-bcb9-68df979eec52"}
{"timestamp":"2026-08-24T09:44:49.516Z","level":"info","message":"fs.appendMessages.ok {\"system\":\"fs\",\"sessionId\":\"sess_0e234331-0804-49b2-b1a6-4ad458d727e5\",\"messageCount\":1,\"durationMs\":4}","conversationId":"sess_0e234331-0804-49b2-b1a6-4ad458d727e5","turnId":"5d3536ae-8688-41e8-bcb9-68df979eec52","rootTurnId":"5d3536ae-8688-41e8-bcb9-68df979eec52"}
{"timestamp":"2026-08-24T09:44:49.523Z","level":"info","message":"fs.appendMessages.ok {\"system\":\"fs\",\"sessionId\":\"sess_0e234331-0804-49b2-b1a6-4ad458d727e5\",\"messageCount\":1,\"durationMs\":7}","conversationId":"sess_0e234331-0804-49b2-b1a6-4ad458d727e5","turnId":"5d3536ae-8688-41e8-bcb9-68df979eec52","rootTurnId":"5d3536ae-8688-41e8-bcb9-68df979eec52"}
{"timestamp":"2026-08-24T09:44:52.585Z","level":"info","message":"fs.appendMessages.ok {\"system\":\"fs\",\"sessionId\":\"sess_0e234331-0804-49b2-b1a6-4ad458d727e5\",\"messageCount\":1,\"durationMs\":2}","conversationId":"sess_0e234331-0804-49b2-b1a6-4ad458d727e5","turnId":"5d3536ae-8688-41e8-bcb9-68df979eec52","rootTurnId":"5d3536ae-8688-41e8-bcb9-68df979eec52"}
{"timestamp":"2026-08-24T09:44:52.585Z","level":"info","message":"[ACP ToolApproval] Got response: {\"optionId\":\"always-accept\",\"outcome\":\"selected\"}","conversationId":"sess_0e234331-0804-49b2-b1a6-4ad458d727e5","turnId":"5d3536ae-8688-41e8-bcb9-68df979eec52","rootTurnId":"5d3536ae-8688-41e8-bcb9-68df979eec52"}
{"timestamp":"2026-08-24T09:44:52.758Z","level":"info","message":"[PolicySession] rebuild() complete: 17 rules parsed, engineActive=true, fatal=false","conversationId":"sess_0e234331-0804-49b2-b1a6-4ad458d727e5","turnId":"5d3536ae-8688-41e8-bcb9-68df979eec52","rootTurnId":"5d3536ae-8688-41e8-bcb9-68df979eec52"}
{"timestamp":"2026-08-24T09:44:52.758Z","level":"info","message":"[PolicySession] Persisted allow rule for shell matching \"Write-Host \"Starting seed data creation\"\" at scope=user","conversationId":"sess_0e234331-0804-49b2-b1a6-4ad458d727e5","turnId":"5d3536ae-8688-41e8-bcb9-68df979eec52","rootTurnId":"5d3536ae-8688-41e8-bcb9-68df979eec52"}
{"timestamp":"2026-08-24T09:44:52.762Z","level":"info","message":"[ACPEventAdapter] Execution resumed {\"executionId\":\"5d3536ae-8688-41e8-bcb9-68df979eec52\"}","conversationId":"sess_0e234331-0804-49b2-b1a6-4ad458d727e5","turnId":"5d3536ae-8688-41e8-bcb9-68df979eec52","rootTurnId":"5d3536ae-8688-41e8-bcb9-68df979eec52"}
{"timestamp":"2026-08-24T09:44:52.763Z","level":"info","message":"acp.policy-eval.complete {\"toolId\":\"list_directory\",\"effect\":\"allow\",\"capability\":\"fs_read\"}","conversationId":"sess_0e234331-0804-49b2-b1a6-4ad458d727e5","turnId":"5d3536ae-8688-41e8-bcb9-68df979eec52","rootTurnId":"5d3536ae-8688-41e8-bcb9-68df979eec52"}
{"timestamp":"2026-08-24T09:44:52.795Z","level":"info","message":"[AgentIterator] Parallel invoking agent","conversationId":"sess_0e234331-0804-49b2-b1a6-4ad458d727e5","turnId":"5d3536ae-8688-41e8-bcb9-68df979eec52","rootTurnId":"5d3536ae-8688-41e8-bcb9-68df979eec52"}
{"timestamp":"2026-08-24T09:44:52.795Z","level":"info","message":"[Steering] Populating steering for execution 5d3536ae-8688-41e8-bcb9-68df979eec52","conversationId":"sess_0e234331-0804-49b2-b1a6-4ad458d727e5","turnId":"5d3536ae-8688-41e8-bcb9-68df979eec52","rootTurnId":"5d3536ae-8688-41e8-bcb9-68df979eec52"}
{"timestamp":"2026-08-24T09:44:52.795Z","level":"info","message":"[Steering] ExistingFiles: /c:/Users/Student/.kiro/workspace-roots/regen-railway/vite.config.ts in 5d3536ae-8688-41e8-bcb9-68df979eec52","conversationId":"sess_0e234331-0804-49b2-b1a6-4ad458d727e5","turnId":"5d3536ae-8688-41e8-bcb9-68df979eec52","rootTurnId":"5d3536ae-8688-41e8-bcb9-68df979eec52"}
{"timestamp":"2026-08-24T09:44:52.798Z","level":"info","message":"[q-developer-converse] Sending GenerateAssistantResponse modelId=auto agentMode=vibe origin=AI_EDITOR streaming=true conversationId=sess_0e234331-0804-49b2-b1a6-4ad458d727e5","conversationId":"sess_0e234331-0804-49b2-b1a6-4ad458d727e5","turnId":"5d3536ae-8688-41e8-bcb9-68df979eec52","rootTurnId":"5d3536ae-8688-41e8-bcb9-68df979eec52"}
{"timestamp":"2026-08-24T09:44:52.798Z","level":"info","message":"[q-developer-converse] Request payload: 162612 chars, 58 history messages, conversationId=sess_0e234331-0804-49b2-b1a6-4ad458d727e5","conversationId":"sess_0e234331-0804-49b2-b1a6-4ad458d727e5","turnId":"5d3536ae-8688-41e8-bcb9-68df979eec52","rootTurnId":"5d3536ae-8688-41e8-bcb9-68df979eec52"}
{"timestamp":"2026-08-24T09:44:52.805Z","level":"info","message":"fs.appendMessages.ok {\"system\":\"fs\",\"sessionId\":\"sess_0e234331-0804-49b2-b1a6-4ad458d727e5\",\"messageCount\":2,\"durationMs\":14}","conversationId":"sess_0e234331-0804-49b2-b1a6-4ad458d727e5","turnId":"5d3536ae-8688-41e8-bcb9-68df979eec52","rootTurnId":"5d3536ae-8688-41e8-bcb9-68df979eec52"}
{"timestamp":"2026-08-24T09:44:57.119Z","level":"info","message":"[AgentIterator] Synchronizing results","conversationId":"sess_0e234331-0804-49b2-b1a6-4ad458d727e5","turnId":"5d3536ae-8688-41e8-bcb9-68df979eec52","rootTurnId":"5d3536ae-8688-41e8-bcb9-68df979eec52"}
{"timestamp":"2026-08-24T09:44:57.119Z","level":"info","message":"[AgentIterator] Processing intent detection result","conversationId":"sess_0e234331-0804-49b2-b1a6-4ad458d727e5","turnId":"5d3536ae-8688-41e8-bcb9-68df979eec52","rootTurnId":"5d3536ae-8688-41e8-bcb9-68df979eec52"}
{"timestamp":"2026-08-24T09:44:57.120Z","level":"info","message":"[ChatAgent] Processing model response stream","conversationId":"sess_0e234331-0804-49b2-b1a6-4ad458d727e5","turnId":"5d3536ae-8688-41e8-bcb9-68df979eec52","rootTurnId":"5d3536ae-8688-41e8-bcb9-68df979eec52"}
{"timestamp":"2026-08-24T09:44:57.120Z","level":"info","message":"[Steering] Populating steering for execution 5d3536ae-8688-41e8-bcb9-68df979eec52","conversationId":"sess_0e234331-0804-49b2-b1a6-4ad458d727e5","turnId":"5d3536ae-8688-41e8-bcb9-68df979eec52","rootTurnId":"5d3536ae-8688-41e8-bcb9-68df979eec52"}
{"timestamp":"2026-08-24T09:44:57.120Z","level":"info","message":"[Steering] ExistingFiles: /c:/Users/Student/.kiro/workspace-roots/regen-railway/vite.config.ts in 5d3536ae-8688-41e8-bcb9-68df979eec52","conversationId":"sess_0e234331-0804-49b2-b1a6-4ad458d727e5","turnId":"5d3536ae-8688-41e8-bcb9-68df979eec52","rootTurnId":"5d3536ae-8688-41e8-bcb9-68df979eec52"}
{"timestamp":"2026-08-24T09:45:15.338Z","level":"info","message":"network.listAvailableModels.ok {\"system\":\"network\",\"durationMs\":1323}"}
{"timestamp":"2026-08-24T09:45:15.338Z","level":"info","message":"[ACPModelConfigProvider] Loaded 9 models"}
{"timestamp":"2026-08-24T09:45:16.633Z","level":"info","message":"[ACPEventAdapter] Execution yielded {\"executionId\":\"5d3536ae-8688-41e8-bcb9-68df979eec52\"}","conversationId":"sess_0e234331-0804-49b2-b1a6-4ad458d727e5","turnId":"5d3536ae-8688-41e8-bcb9-68df979eec52","rootTurnId":"5d3536ae-8688-41e8-bcb9-68df979eec52"}
{"timestamp":"2026-08-24T09:45:16.635Z","level":"info","message":"acp.policy-eval.complete {\"toolId\":\"run_command\",\"effect\":\"ask\"}","conversationId":"sess_0e234331-0804-49b2-b1a6-4ad458d727e5","turnId":"5d3536ae-8688-41e8-bcb9-68df979eec52","rootTurnId":"5d3536ae-8688-41e8-bcb9-68df979eec52"}
{"timestamp":"2026-08-24T09:45:16.645Z","level":"info","message":"[ACP ToolApproval] Requesting permission for toolId=run_command, operationId=run_command_tooluse_qHvlDplkt3zuGtB9F65iou, sessionId=sess_0e234331-0804-49b2-b1a6-4ad458d727e5","conversationId":"sess_0e234331-0804-49b2-b1a6-4ad458d727e5","turnId":"5d3536ae-8688-41e8-bcb9-68df979eec52","rootTurnId":"5d3536ae-8688-41e8-bcb9-68df979eec52"}
{"timestamp":"2026-08-24T09:45:16.647Z","level":"info","message":"fs.appendMessages.ok {\"system\":\"fs\",\"sessionId\":\"sess_0e234331-0804-49b2-b1a6-4ad458d727e5\",\"messageCount\":1,\"durationMs\":3}","conversationId":"sess_0e234331-0804-49b2-b1a6-4ad458d727e5","turnId":"5d3536ae-8688-41e8-bcb9-68df979eec52","rootTurnId":"5d3536ae-8688-41e8-bcb9-68df979eec52"}
{"timestamp":"2026-08-24T09:45:16.918Z","level":"info","message":"fs.appendMessages.ok {\"system\":\"fs\",\"sessionId\":\"sess_0e234331-0804-49b2-b1a6-4ad458d727e5\",\"messageCount\":1,\"durationMs\":3}","conversationId":"sess_0e234331-0804-49b2-b1a6-4ad458d727e5","turnId":"5d3536ae-8688-41e8-bcb9-68df979eec52","rootTurnId":"5d3536ae-8688-41e8-bcb9-68df979eec52"}
{"timestamp":"2026-08-24T09:45:16.926Z","level":"info","message":"fs.appendMessages.ok {\"system\":\"fs\",\"sessionId\":\"sess_0e234331-0804-49b2-b1a6-4ad458d727e5\",\"messageCount\":1,\"durationMs\":8}","conversationId":"sess_0e234331-0804-49b2-b1a6-4ad458d727e5","turnId":"5d3536ae-8688-41e8-bcb9-68df979eec52","rootTurnId":"5d3536ae-8688-41e8-bcb9-68df979eec52"}
{"timestamp":"2026-08-24T09:45:24.506Z","level":"info","message":"fs.appendMessages.ok {\"system\":\"fs\",\"sessionId\":\"sess_0e234331-0804-49b2-b1a6-4ad458d727e5\",\"messageCount\":1,\"durationMs\":2}","conversationId":"sess_0e234331-0804-49b2-b1a6-4ad458d727e5","turnId":"5d3536ae-8688-41e8-bcb9-68df979eec52","rootTurnId":"5d3536ae-8688-41e8-bcb9-68df979eec52"}
{"timestamp":"2026-08-24T09:45:24.506Z","level":"info","message":"[ACP ToolApproval] Got response: {\"optionId\":\"always-accept\",\"outcome\":\"selected\"}","conversationId":"sess_0e234331-0804-49b2-b1a6-4ad458d727e5","turnId":"5d3536ae-8688-41e8-bcb9-68df979eec52","rootTurnId":"5d3536ae-8688-41e8-bcb9-68df979eec52"}
{"timestamp":"2026-08-24T09:45:24.679Z","level":"info","message":"[PolicySession] rebuild() complete: 17 rules parsed, engineActive=true, fatal=false","conversationId":"sess_0e234331-0804-49b2-b1a6-4ad458d727e5","turnId":"5d3536ae-8688-41e8-bcb9-68df979eec52","rootTurnId":"5d3536ae-8688-41e8-bcb9-68df979eec52"}
{"timestamp":"2026-08-24T09:45:24.679Z","level":"info","message":"[PolicySession] Persisted allow rule for shell matching \"Set-Content -Path \"src\\data\\seed.ts\" -Value $seedPart1 -Encoding UTF8\" at scope=user","conversationId":"sess_0e234331-0804-49b2-b1a6-4ad458d727e5","turnId":"5d3536ae-8688-41e8-bcb9-68df979eec52","rootTurnId":"5d3536ae-8688-41e8-bcb9-68df979eec52"}
{"timestamp":"2026-08-24T09:45:24.692Z","level":"info","message":"[ACP ToolApproval] Requesting permission for toolId=run_command, operationId=run_command_tooluse_qHvlDplkt3zuGtB9F65iou, sessionId=sess_0e234331-0804-49b2-b1a6-4ad458d727e5","conversationId":"sess_0e234331-0804-49b2-b1a6-4ad458d727e5","turnId":"5d3536ae-8688-41e8-bcb9-68df979eec52","rootTurnId":"5d3536ae-8688-41e8-bcb9-68df979eec52"}
{"timestamp":"2026-08-24T09:45:24.695Z","level":"info","message":"fs.appendMessages.ok {\"system\":\"fs\",\"sessionId\":\"sess_0e234331-0804-49b2-b1a6-4ad458d727e5\",\"messageCount\":1,\"durationMs\":3}","conversationId":"sess_0e234331-0804-49b2-b1a6-4ad458d727e5","turnId":"5d3536ae-8688-41e8-bcb9-68df979eec52","rootTurnId":"5d3536ae-8688-41e8-bcb9-68df979eec52"}
{"timestamp":"2026-08-24T09:45:26.609Z","level":"info","message":"fs.appendMessages.ok {\"system\":\"fs\",\"sessionId\":\"sess_0e234331-0804-49b2-b1a6-4ad458d727e5\",\"messageCount\":1,\"durationMs\":2}","conversationId":"sess_0e234331-0804-49b2-b1a6-4ad458d727e5","turnId":"5d3536ae-8688-41e8-bcb9-68df979eec52","rootTurnId":"5d3536ae-8688-41e8-bcb9-68df979eec52"}
{"timestamp":"2026-08-24T09:45:26.610Z","level":"info","message":"[ACP ToolApproval] Got response: {\"optionId\":\"always-accept\",\"outcome\":\"selected\"}","conversationId":"sess_0e234331-0804-49b2-b1a6-4ad458d727e5","turnId":"5d3536ae-8688-41e8-bcb9-68df979eec52","rootTurnId":"5d3536ae-8688-41e8-bcb9-68df979eec52"}
{"timestamp":"2026-08-24T09:45:26.783Z","level":"info","message":"[PolicySession] rebuild() complete: 17 rules parsed, engineActive=true, fatal=false","conversationId":"sess_0e234331-0804-49b2-b1a6-4ad458d727e5","turnId":"5d3536ae-8688-41e8-bcb9-68df979eec52","rootTurnId":"5d3536ae-8688-41e8-bcb9-68df979eec52"}
{"timestamp":"2026-08-24T09:45:26.783Z","level":"info","message":"[PolicySession] Persisted allow rule for shell matching \"Write-Host \"Seed part 1 done\"\" at scope=user","conversationId":"sess_0e234331-0804-49b2-b1a6-4ad458d727e5","turnId":"5d3536ae-8688-41e8-bcb9-68df979eec52","rootTurnId":"5d3536ae-8688-41e8-bcb9-68df979eec52"}
{"timestamp":"2026-08-24T09:45:26.787Z","level":"info","message":"[ACPEventAdapter] Execution resumed {\"executionId\":\"5d3536ae-8688-41e8-bcb9-68df979eec52\"}","conversationId":"sess_0e234331-0804-49b2-b1a6-4ad458d727e5","turnId":"5d3536ae-8688-41e8-bcb9-68df979eec52","rootTurnId":"5d3536ae-8688-41e8-bcb9-68df979eec52"}
{"timestamp":"2026-08-24T09:45:26.788Z","level":"info","message":"acp.policy-eval.complete {\"toolId\":\"list_directory\",\"effect\":\"allow\",\"capability\":\"fs_read\"}","conversationId":"sess_0e234331-0804-49b2-b1a6-4ad458d727e5","turnId":"5d3536ae-8688-41e8-bcb9-68df979eec52","rootTurnId":"5d3536ae-8688-41e8-bcb9-68df979eec52"}
{"timestamp":"2026-08-24T09:45:27.136Z","level":"info","message":"[AgentIterator] Parallel invoking agent","conversationId":"sess_0e234331-0804-49b2-b1a6-4ad458d727e5","turnId":"5d3536ae-8688-41e8-bcb9-68df979eec52","rootTurnId":"5d3536ae-8688-41e8-bcb9-68df979eec52"}
{"timestamp":"2026-08-24T09:45:27.136Z","level":"info","message":"[Steering] Populating steering for execution 5d3536ae-8688-41e8-bcb9-68df979eec52","conversationId":"sess_0e234331-0804-49b2-b1a6-4ad458d727e5","turnId":"5d3536ae-8688-41e8-bcb9-68df979eec52","rootTurnId":"5d3536ae-8688-41e8-bcb9-68df979eec52"}
{"timestamp":"2026-08-24T09:45:27.137Z","level":"info","message":"[Steering] ExistingFiles: /c:/Users/Student/.kiro/workspace-roots/regen-railway/vite.config.ts in 5d3536ae-8688-41e8-bcb9-68df979eec52","conversationId":"sess_0e234331-0804-49b2-b1a6-4ad458d727e5","turnId":"5d3536ae-8688-41e8-bcb9-68df979eec52","rootTurnId":"5d3536ae-8688-41e8-bcb9-68df979eec52"}
{"timestamp":"2026-08-24T09:45:27.140Z","level":"info","message":"[q-developer-converse] Sending GenerateAssistantResponse modelId=auto agentMode=vibe origin=AI_EDITOR streaming=true conversationId=sess_0e234331-0804-49b2-b1a6-4ad458d727e5","conversationId":"sess_0e234331-0804-49b2-b1a6-4ad458d727e5","turnId":"5d3536ae-8688-41e8-bcb9-68df979eec52","rootTurnId":"5d3536ae-8688-41e8-bcb9-68df979eec52"}
{"timestamp":"2026-08-24T09:45:27.140Z","level":"info","message":"[q-developer-converse] Request payload: 168652 chars, 60 history messages, conversationId=sess_0e234331-0804-49b2-b1a6-4ad458d727e5","conversationId":"sess_0e234331-0804-49b2-b1a6-4ad458d727e5","turnId":"5d3536ae-8688-41e8-bcb9-68df979eec52","rootTurnId":"5d3536ae-8688-41e8-bcb9-68df979eec52"}
{"timestamp":"2026-08-24T09:45:27.148Z","level":"info","message":"fs.appendMessages.ok {\"system\":\"fs\",\"sessionId\":\"sess_0e234331-0804-49b2-b1a6-4ad458d727e5\",\"messageCount\":2,\"durationMs\":15}","conversationId":"sess_0e234331-0804-49b2-b1a6-4ad458d727e5","turnId":"5d3536ae-8688-41e8-bcb9-68df979eec52","rootTurnId":"5d3536ae-8688-41e8-bcb9-68df979eec52"}
{"timestamp":"2026-08-24T09:45:30.842Z","level":"info","message":"[AgentIterator] Synchronizing results","conversationId":"sess_0e234331-0804-49b2-b1a6-4ad458d727e5","turnId":"5d3536ae-8688-41e8-bcb9-68df979eec52","rootTurnId":"5d3536ae-8688-41e8-bcb9-68df979eec52"}
{"timestamp":"2026-08-24T09:45:30.842Z","level":"info","message":"[AgentIterator] Processing intent detection result","conversationId":"sess_0e234331-0804-49b2-b1a6-4ad458d727e5","turnId":"5d3536ae-8688-41e8-bcb9-68df979eec52","rootTurnId":"5d3536ae-8688-41e8-bcb9-68df979eec52"}
{"timestamp":"2026-08-24T09:45:30.843Z","level":"info","message":"[ChatAgent] Processing model response stream","conversationId":"sess_0e234331-0804-49b2-b1a6-4ad458d727e5","turnId":"5d3536ae-8688-41e8-bcb9-68df979eec52","rootTurnId":"5d3536ae-8688-41e8-bcb9-68df979eec52"}
{"timestamp":"2026-08-24T09:45:30.843Z","level":"info","message":"[Steering] Populating steering for execution 5d3536ae-8688-41e8-bcb9-68df979eec52","conversationId":"sess_0e234331-0804-49b2-b1a6-4ad458d727e5","turnId":"5d3536ae-8688-41e8-bcb9-68df979eec52","rootTurnId":"5d3536ae-8688-41e8-bcb9-68df979eec52"}
{"timestamp":"2026-08-24T09:45:30.843Z","level":"info","message":"[Steering] ExistingFiles: /c:/Users/Student/.kiro/workspace-roots/regen-railway/vite.config.ts in 5d3536ae-8688-41e8-bcb9-68df979eec52","conversationId":"sess_0e234331-0804-49b2-b1a6-4ad458d727e5","turnId":"5d3536ae-8688-41e8-bcb9-68df979eec52","rootTurnId":"5d3536ae-8688-41e8-bcb9-68df979eec52"}
{"timestamp":"2026-08-24T09:45:54.041Z","level":"info","message":"[ACPEventAdapter] Execution yielded {\"executionId\":\"5d3536ae-8688-41e8-bcb9-68df979eec52\"}","conversationId":"sess_0e234331-0804-49b2-b1a6-4ad458d727e5","turnId":"5d3536ae-8688-41e8-bcb9-68df979eec52","rootTurnId":"5d3536ae-8688-41e8-bcb9-68df979eec52"}
{"timestamp":"2026-08-24T09:45:54.043Z","level":"info","message":"acp.policy-eval.complete {\"toolId\":\"run_command\",\"effect\":\"ask\"}","conversationId":"sess_0e234331-0804-49b2-b1a6-4ad458d727e5","turnId":"5d3536ae-8688-41e8-bcb9-68df979eec52","rootTurnId":"5d3536ae-8688-41e8-bcb9-68df979eec52"}
{"timestamp":"2026-08-24T09:45:54.053Z","level":"info","message":"[ACP ToolApproval] Requesting permission for toolId=run_command, operationId=run_command_tooluse_KRCcWp1xsE2tlzHswQL6r5, sessionId=sess_0e234331-0804-49b2-b1a6-4ad458d727e5","conversationId":"sess_0e234331-0804-49b2-b1a6-4ad458d727e5","turnId":"5d3536ae-8688-41e8-bcb9-68df979eec52","rootTurnId":"5d3536ae-8688-41e8-bcb9-68df979eec52"}
{"timestamp":"2026-08-24T09:45:54.062Z","level":"info","message":"fs.appendMessages.ok {\"system\":\"fs\",\"sessionId\":\"sess_0e234331-0804-49b2-b1a6-4ad458d727e5\",\"messageCount\":1,\"durationMs\":8}","conversationId":"sess_0e234331-0804-49b2-b1a6-4ad458d727e5","turnId":"5d3536ae-8688-41e8-bcb9-68df979eec52","rootTurnId":"5d3536ae-8688-41e8-bcb9-68df979eec52"}
{"timestamp":"2026-08-24T09:45:54.073Z","level":"info","message":"fs.appendMessages.ok {\"system\":\"fs\",\"sessionId\":\"sess_0e234331-0804-49b2-b1a6-4ad458d727e5\",\"messageCount\":1,\"durationMs\":11}","conversationId":"sess_0e234331-0804-49b2-b1a6-4ad458d727e5","turnId":"5d3536ae-8688-41e8-bcb9-68df979eec52","rootTurnId":"5d3536ae-8688-41e8-bcb9-68df979eec52"}
{"timestamp":"2026-08-24T09:45:54.079Z","level":"info","message":"fs.appendMessages.ok {\"system\":\"fs\",\"sessionId\":\"sess_0e234331-0804-49b2-b1a6-4ad458d727e5\",\"messageCount\":1,\"durationMs\":6}","conversationId":"sess_0e234331-0804-49b2-b1a6-4ad458d727e5","turnId":"5d3536ae-8688-41e8-bcb9-68df979eec52","rootTurnId":"5d3536ae-8688-41e8-bcb9-68df979eec52"}
{"timestamp":"2026-08-24T09:45:56.202Z","level":"info","message":"fs.appendMessages.ok {\"system\":\"fs\",\"sessionId\":\"sess_0e234331-0804-49b2-b1a6-4ad458d727e5\",\"messageCount\":1,\"durationMs\":2}","conversationId":"sess_0e234331-0804-49b2-b1a6-4ad458d727e5","turnId":"5d3536ae-8688-41e8-bcb9-68df979eec52","rootTurnId":"5d3536ae-8688-41e8-bcb9-68df979eec52"}
{"timestamp":"2026-08-24T09:45:56.202Z","level":"info","message":"[ACP ToolApproval] Got response: {\"optionId\":\"always-accept\",\"outcome\":\"selected\"}","conversationId":"sess_0e234331-0804-49b2-b1a6-4ad458d727e5","turnId":"5d3536ae-8688-41e8-bcb9-68df979eec52","rootTurnId":"5d3536ae-8688-41e8-bcb9-68df979eec52"}
{"timestamp":"2026-08-24T09:45:56.374Z","level":"info","message":"[PolicySession] rebuild() complete: 17 rules parsed, engineActive=true, fatal=false","conversationId":"sess_0e234331-0804-49b2-b1a6-4ad458d727e5","turnId":"5d3536ae-8688-41e8-bcb9-68df979eec52","rootTurnId":"5d3536ae-8688-41e8-bcb9-68df979eec52"}
{"timestamp":"2026-08-24T09:45:56.374Z","level":"info","message":"[PolicySession] Persisted allow rule for shell matching \"Add-Content -Path \"src\\data\\seed.ts\" -Value $seedPart2 -Encoding UTF8\" at scope=user","conversationId":"sess_0e234331-0804-49b2-b1a6-4ad458d727e5","turnId":"5d3536ae-8688-41e8-bcb9-68df979eec52","rootTurnId":"5d3536ae-8688-41e8-bcb9-68df979eec52"}
{"timestamp":"2026-08-24T09:45:56.387Z","level":"info","message":"[ACP ToolApproval] Requesting permission for toolId=run_command, operationId=run_command_tooluse_KRCcWp1xsE2tlzHswQL6r5, sessionId=sess_0e234331-0804-49b2-b1a6-4ad458d727e5","conversationId":"sess_0e234331-0804-49b2-b1a6-4ad458d727e5","turnId":"5d3536ae-8688-41e8-bcb9-68df979eec52","rootTurnId":"5d3536ae-8688-41e8-bcb9-68df979eec52"}
{"timestamp":"2026-08-24T09:45:56.391Z","level":"info","message":"fs.appendMessages.ok {\"system\":\"fs\",\"sessionId\":\"sess_0e234331-0804-49b2-b1a6-4ad458d727e5\",\"messageCount\":1,\"durationMs\":4}","conversationId":"sess_0e234331-0804-49b2-b1a6-4ad458d727e5","turnId":"5d3536ae-8688-41e8-bcb9-68df979eec52","rootTurnId":"5d3536ae-8688-41e8-bcb9-68df979eec52"}
{"timestamp":"2026-08-24T09:45:58.409Z","level":"info","message":"fs.appendMessages.ok {\"system\":\"fs\",\"sessionId\":\"sess_0e234331-0804-49b2-b1a6-4ad458d727e5\",\"messageCount\":1,\"durationMs\":2}","conversationId":"sess_0e234331-0804-49b2-b1a6-4ad458d727e5","turnId":"5d3536ae-8688-41e8-bcb9-68df979eec52","rootTurnId":"5d3536ae-8688-41e8-bcb9-68df979eec52"}
{"timestamp":"2026-08-24T09:45:58.410Z","level":"info","message":"[ACP ToolApproval] Got response: {\"optionId\":\"always-accept\",\"outcome\":\"selected\"}","conversationId":"sess_0e234331-0804-49b2-b1a6-4ad458d727e5","turnId":"5d3536ae-8688-41e8-bcb9-68df979eec52","rootTurnId":"5d3536ae-8688-41e8-bcb9-68df979eec52"}
{"timestamp":"2026-08-24T09:45:58.585Z","level":"info","message":"[PolicySession] rebuild() complete: 17 rules parsed, engineActive=true, fatal=false","conversationId":"sess_0e234331-0804-49b2-b1a6-4ad458d727e5","turnId":"5d3536ae-8688-41e8-bcb9-68df979eec52","rootTurnId":"5d3536ae-8688-41e8-bcb9-68df979eec52"}
{"timestamp":"2026-08-24T09:45:58.585Z","level":"info","message":"[PolicySession] Persisted allow rule for shell matching \"Write-Host \"Seed part 2 done\"\" at scope=user","conversationId":"sess_0e234331-0804-49b2-b1a6-4ad458d727e5","turnId":"5d3536ae-8688-41e8-bcb9-68df979eec52","rootTurnId":"5d3536ae-8688-41e8-bcb9-68df979eec52"}
{"timestamp":"2026-08-24T09:45:58.589Z","level":"info","message":"[ACPEventAdapter] Execution resumed {\"executionId\":\"5d3536ae-8688-41e8-bcb9-68df979eec52\"}","conversationId":"sess_0e234331-0804-49b2-b1a6-4ad458d727e5","turnId":"5d3536ae-8688-41e8-bcb9-68df979eec52","rootTurnId":"5d3536ae-8688-41e8-bcb9-68df979eec52"}
{"timestamp":"2026-08-24T09:45:58.590Z","level":"info","message":"acp.policy-eval.complete {\"toolId\":\"list_directory\",\"effect\":\"allow\",\"capability\":\"fs_read\"}","conversationId":"sess_0e234331-0804-49b2-b1a6-4ad458d727e5","turnId":"5d3536ae-8688-41e8-bcb9-68df979eec52","rootTurnId":"5d3536ae-8688-41e8-bcb9-68df979eec52"}
{"timestamp":"2026-08-24T09:46:00.046Z","level":"info","message":"[AgentIterator] Parallel invoking agent","conversationId":"sess_0e234331-0804-49b2-b1a6-4ad458d727e5","turnId":"5d3536ae-8688-41e8-bcb9-68df979eec52","rootTurnId":"5d3536ae-8688-41e8-bcb9-68df979eec52"}
{"timestamp":"2026-08-24T09:46:00.046Z","level":"info","message":"[Steering] Populating steering for execution 5d3536ae-8688-41e8-bcb9-68df979eec52","conversationId":"sess_0e234331-0804-49b2-b1a6-4ad458d727e5","turnId":"5d3536ae-8688-41e8-bcb9-68df979eec52","rootTurnId":"5d3536ae-8688-41e8-bcb9-68df979eec52"}
{"timestamp":"2026-08-24T09:46:00.046Z","level":"info","message":"[Steering] ExistingFiles: /c:/Users/Student/.kiro/workspace-roots/regen-railway/vite.config.ts in 5d3536ae-8688-41e8-bcb9-68df979eec52","conversationId":"sess_0e234331-0804-49b2-b1a6-4ad458d727e5","turnId":"5d3536ae-8688-41e8-bcb9-68df979eec52","rootTurnId":"5d3536ae-8688-41e8-bcb9-68df979eec52"}
{"timestamp":"2026-08-24T09:46:00.050Z","level":"info","message":"[q-developer-converse] Sending GenerateAssistantResponse modelId=auto agentMode=vibe origin=AI_EDITOR streaming=true conversationId=sess_0e234331-0804-49b2-b1a6-4ad458d727e5","conversationId":"sess_0e234331-0804-49b2-b1a6-4ad458d727e5","turnId":"5d3536ae-8688-41e8-bcb9-68df979eec52","rootTurnId":"5d3536ae-8688-41e8-bcb9-68df979eec52"}
{"timestamp":"2026-08-24T09:46:00.050Z","level":"info","message":"[q-developer-converse] Request payload: 176917 chars, 62 history messages, conversationId=sess_0e234331-0804-49b2-b1a6-4ad458d727e5","conversationId":"sess_0e234331-0804-49b2-b1a6-4ad458d727e5","turnId":"5d3536ae-8688-41e8-bcb9-68df979eec52","rootTurnId":"5d3536ae-8688-41e8-bcb9-68df979eec52"}
{"timestamp":"2026-08-24T09:46:00.060Z","level":"info","message":"fs.appendMessages.ok {\"system\":\"fs\",\"sessionId\":\"sess_0e234331-0804-49b2-b1a6-4ad458d727e5\",\"messageCount\":2,\"durationMs\":17}","conversationId":"sess_0e234331-0804-49b2-b1a6-4ad458d727e5","turnId":"5d3536ae-8688-41e8-bcb9-68df979eec52","rootTurnId":"5d3536ae-8688-41e8-bcb9-68df979eec52"}
{"timestamp":"2026-08-24T09:46:04.029Z","level":"info","message":"[AgentIterator] Synchronizing results","conversationId":"sess_0e234331-0804-49b2-b1a6-4ad458d727e5","turnId":"5d3536ae-8688-41e8-bcb9-68df979eec52","rootTurnId":"5d3536ae-8688-41e8-bcb9-68df979eec52"}
{"timestamp":"2026-08-24T09:46:04.029Z","level":"info","message":"[AgentIterator] Processing intent detection result","conversationId":"sess_0e234331-0804-49b2-b1a6-4ad458d727e5","turnId":"5d3536ae-8688-41e8-bcb9-68df979eec52","rootTurnId":"5d3536ae-8688-41e8-bcb9-68df979eec52"}
{"timestamp":"2026-08-24T09:46:04.030Z","level":"info","message":"[ChatAgent] Processing model response stream","conversationId":"sess_0e234331-0804-49b2-b1a6-4ad458d727e5","turnId":"5d3536ae-8688-41e8-bcb9-68df979eec52","rootTurnId":"5d3536ae-8688-41e8-bcb9-68df979eec52"}
{"timestamp":"2026-08-24T09:46:04.030Z","level":"info","message":"[Steering] Populating steering for execution 5d3536ae-8688-41e8-bcb9-68df979eec52","conversationId":"sess_0e234331-0804-49b2-b1a6-4ad458d727e5","turnId":"5d3536ae-8688-41e8-bcb9-68df979eec52","rootTurnId":"5d3536ae-8688-41e8-bcb9-68df979eec52"}
{"timestamp":"2026-08-24T09:46:04.030Z","level":"info","message":"[Steering] ExistingFiles: /c:/Users/Student/.kiro/workspace-roots/regen-railway/vite.config.ts in 5d3536ae-8688-41e8-bcb9-68df979eec52","conversationId":"sess_0e234331-0804-49b2-b1a6-4ad458d727e5","turnId":"5d3536ae-8688-41e8-bcb9-68df979eec52","rootTurnId":"5d3536ae-8688-41e8-bcb9-68df979eec52"}
{"timestamp":"2026-08-24T09:46:29.400Z","level":"info","message":"[ACPEventAdapter] Execution yielded {\"executionId\":\"5d3536ae-8688-41e8-bcb9-68df979eec52\"}","conversationId":"sess_0e234331-0804-49b2-b1a6-4ad458d727e5","turnId":"5d3536ae-8688-41e8-bcb9-68df979eec52","rootTurnId":"5d3536ae-8688-41e8-bcb9-68df979eec52"}
{"timestamp":"2026-08-24T09:46:29.402Z","level":"info","message":"acp.policy-eval.complete {\"toolId\":\"run_command\",\"effect\":\"ask\"}","conversationId":"sess_0e234331-0804-49b2-b1a6-4ad458d727e5","turnId":"5d3536ae-8688-41e8-bcb9-68df979eec52","rootTurnId":"5d3536ae-8688-41e8-bcb9-68df979eec52"}
{"timestamp":"2026-08-24T09:46:29.413Z","level":"info","message":"[ACP ToolApproval] Requesting permission for toolId=run_command, operationId=run_command_tooluse_zROE5OKSYGMZTvdPSbYYvB, sessionId=sess_0e234331-0804-49b2-b1a6-4ad458d727e5","conversationId":"sess_0e234331-0804-49b2-b1a6-4ad458d727e5","turnId":"5d3536ae-8688-41e8-bcb9-68df979eec52","rootTurnId":"5d3536ae-8688-41e8-bcb9-68df979eec52"}
{"timestamp":"2026-08-24T09:46:29.419Z","level":"info","message":"fs.appendMessages.ok {\"system\":\"fs\",\"sessionId\":\"sess_0e234331-0804-49b2-b1a6-4ad458d727e5\",\"messageCount\":1,\"durationMs\":6}","conversationId":"sess_0e234331-0804-49b2-b1a6-4ad458d727e5","turnId":"5d3536ae-8688-41e8-bcb9-68df979eec52","rootTurnId":"5d3536ae-8688-41e8-bcb9-68df979eec52"}
{"timestamp":"2026-08-24T09:46:29.429Z","level":"info","message":"fs.appendMessages.ok {\"system\":\"fs\",\"sessionId\":\"sess_0e234331-0804-49b2-b1a6-4ad458d727e5\",\"messageCount\":1,\"durationMs\":10}","conversationId":"sess_0e234331-0804-49b2-b1a6-4ad458d727e5","turnId":"5d3536ae-8688-41e8-bcb9-68df979eec52","rootTurnId":"5d3536ae-8688-41e8-bcb9-68df979eec52"}
{"timestamp":"2026-08-24T09:46:29.437Z","level":"info","message":"fs.appendMessages.ok {\"system\":\"fs\",\"sessionId\":\"sess_0e234331-0804-49b2-b1a6-4ad458d727e5\",\"messageCount\":1,\"durationMs\":8}","conversationId":"sess_0e234331-0804-49b2-b1a6-4ad458d727e5","turnId":"5d3536ae-8688-41e8-bcb9-68df979eec52","rootTurnId":"5d3536ae-8688-41e8-bcb9-68df979eec52"}
{"timestamp":"2026-08-24T09:46:43.314Z","level":"info","message":"fs.appendMessages.ok {\"system\":\"fs\",\"sessionId\":\"sess_0e234331-0804-49b2-b1a6-4ad458d727e5\",\"messageCount\":1,\"durationMs\":2}","conversationId":"sess_0e234331-0804-49b2-b1a6-4ad458d727e5","turnId":"5d3536ae-8688-41e8-bcb9-68df979eec52","rootTurnId":"5d3536ae-8688-41e8-bcb9-68df979eec52"}
{"timestamp":"2026-08-24T09:46:43.314Z","level":"info","message":"[ACP ToolApproval] Got response: {\"optionId\":\"always-accept\",\"outcome\":\"selected\"}","conversationId":"sess_0e234331-0804-49b2-b1a6-4ad458d727e5","turnId":"5d3536ae-8688-41e8-bcb9-68df979eec52","rootTurnId":"5d3536ae-8688-41e8-bcb9-68df979eec52"}
{"timestamp":"2026-08-24T09:46:43.488Z","level":"info","message":"[PolicySession] rebuild() complete: 17 rules parsed, engineActive=true, fatal=false","conversationId":"sess_0e234331-0804-49b2-b1a6-4ad458d727e5","turnId":"5d3536ae-8688-41e8-bcb9-68df979eec52","rootTurnId":"5d3536ae-8688-41e8-bcb9-68df979eec52"}
{"timestamp":"2026-08-24T09:46:43.488Z","level":"info","message":"[PolicySession] Persisted allow rule for shell matching \"Add-Content -Path \"src\\data\\seed.ts\" -Value $seedPart3 -Encoding UTF8\" at scope=user","conversationId":"sess_0e234331-0804-49b2-b1a6-4ad458d727e5","turnId":"5d3536ae-8688-41e8-bcb9-68df979eec52","rootTurnId":"5d3536ae-8688-41e8-bcb9-68df979eec52"}
{"timestamp":"2026-08-24T09:46:43.501Z","level":"info","message":"[ACP ToolApproval] Requesting permission for toolId=run_command, operationId=run_command_tooluse_zROE5OKSYGMZTvdPSbYYvB, sessionId=sess_0e234331-0804-49b2-b1a6-4ad458d727e5","conversationId":"sess_0e234331-0804-49b2-b1a6-4ad458d727e5","turnId":"5d3536ae-8688-41e8-bcb9-68df979eec52","rootTurnId":"5d3536ae-8688-41e8-bcb9-68df979eec52"}
{"timestamp":"2026-08-24T09:46:43.505Z","level":"info","message":"fs.appendMessages.ok {\"system\":\"fs\",\"sessionId\":\"sess_0e234331-0804-49b2-b1a6-4ad458d727e5\",\"messageCount\":1,\"durationMs\":3}","conversationId":"sess_0e234331-0804-49b2-b1a6-4ad458d727e5","turnId":"5d3536ae-8688-41e8-bcb9-68df979eec52","rootTurnId":"5d3536ae-8688-41e8-bcb9-68df979eec52"}
{"timestamp":"2026-08-24T09:46:46.233Z","level":"info","message":"fs.appendMessages.ok {\"system\":\"fs\",\"sessionId\":\"sess_0e234331-0804-49b2-b1a6-4ad458d727e5\",\"messageCount\":1,\"durationMs\":2}","conversationId":"sess_0e234331-0804-49b2-b1a6-4ad458d727e5","turnId":"5d3536ae-8688-41e8-bcb9-68df979eec52","rootTurnId":"5d3536ae-8688-41e8-bcb9-68df979eec52"}
{"timestamp":"2026-08-24T09:46:46.234Z","level":"info","message":"[ACP ToolApproval] Got response: {\"optionId\":\"always-accept\",\"outcome\":\"selected\"}","conversationId":"sess_0e234331-0804-49b2-b1a6-4ad458d727e5","turnId":"5d3536ae-8688-41e8-bcb9-68df979eec52","rootTurnId":"5d3536ae-8688-41e8-bcb9-68df979eec52"}
{"timestamp":"2026-08-24T09:46:46.409Z","level":"info","message":"[PolicySession] rebuild() complete: 17 rules parsed, engineActive=true, fatal=false","conversationId":"sess_0e234331-0804-49b2-b1a6-4ad458d727e5","turnId":"5d3536ae-8688-41e8-bcb9-68df979eec52","rootTurnId":"5d3536ae-8688-41e8-bcb9-68df979eec52"}
{"timestamp":"2026-08-24T09:46:46.409Z","level":"info","message":"[PolicySession] Persisted allow rule for shell matching \"Write-Host \"Seed part 3 done\"\" at scope=user","conversationId":"sess_0e234331-0804-49b2-b1a6-4ad458d727e5","turnId":"5d3536ae-8688-41e8-bcb9-68df979eec52","rootTurnId":"5d3536ae-8688-41e8-bcb9-68df979eec52"}
{"timestamp":"2026-08-24T09:46:46.413Z","level":"info","message":"[ACPEventAdapter] Execution resumed {\"executionId\":\"5d3536ae-8688-41e8-bcb9-68df979eec52\"}","conversationId":"sess_0e234331-0804-49b2-b1a6-4ad458d727e5","turnId":"5d3536ae-8688-41e8-bcb9-68df979eec52","rootTurnId":"5d3536ae-8688-41e8-bcb9-68df979eec52"}
{"timestamp":"2026-08-24T09:46:46.413Z","level":"info","message":"acp.policy-eval.complete {\"toolId\":\"list_directory\",\"effect\":\"allow\",\"capability\":\"fs_read\"}","conversationId":"sess_0e234331-0804-49b2-b1a6-4ad458d727e5","turnId":"5d3536ae-8688-41e8-bcb9-68df979eec52","rootTurnId":"5d3536ae-8688-41e8-bcb9-68df979eec52"}
{"timestamp":"2026-08-24T09:46:53.049Z","level":"info","message":"[AgentIterator] Parallel invoking agent","conversationId":"sess_0e234331-0804-49b2-b1a6-4ad458d727e5","turnId":"5d3536ae-8688-41e8-bcb9-68df979eec52","rootTurnId":"5d3536ae-8688-41e8-bcb9-68df979eec52"}
{"timestamp":"2026-08-24T09:46:53.049Z","level":"info","message":"[Steering] Populating steering for execution 5d3536ae-8688-41e8-bcb9-68df979eec52","conversationId":"sess_0e234331-0804-49b2-b1a6-4ad458d727e5","turnId":"5d3536ae-8688-41e8-bcb9-68df979eec52","rootTurnId":"5d3536ae-8688-41e8-bcb9-68df979eec52"}
{"timestamp":"2026-08-24T09:46:53.049Z","level":"info","message":"[Steering] ExistingFiles: /c:/Users/Student/.kiro/workspace-roots/regen-railway/vite.config.ts in 5d3536ae-8688-41e8-bcb9-68df979eec52","conversationId":"sess_0e234331-0804-49b2-b1a6-4ad458d727e5","turnId":"5d3536ae-8688-41e8-bcb9-68df979eec52","rootTurnId":"5d3536ae-8688-41e8-bcb9-68df979eec52"}
{"timestamp":"2026-08-24T09:46:53.052Z","level":"info","message":"[q-developer-converse] Sending GenerateAssistantResponse modelId=auto agentMode=vibe origin=AI_EDITOR streaming=true conversationId=sess_0e234331-0804-49b2-b1a6-4ad458d727e5","conversationId":"sess_0e234331-0804-49b2-b1a6-4ad458d727e5","turnId":"5d3536ae-8688-41e8-bcb9-68df979eec52","rootTurnId":"5d3536ae-8688-41e8-bcb9-68df979eec52"}
{"timestamp":"2026-08-24T09:46:53.053Z","level":"info","message":"[q-developer-converse] Request payload: 185612 chars, 64 history messages, conversationId=sess_0e234331-0804-49b2-b1a6-4ad458d727e5","conversationId":"sess_0e234331-0804-49b2-b1a6-4ad458d727e5","turnId":"5d3536ae-8688-41e8-bcb9-68df979eec52","rootTurnId":"5d3536ae-8688-41e8-bcb9-68df979eec52"}
{"timestamp":"2026-08-24T09:46:53.060Z","level":"info","message":"fs.appendMessages.ok {\"system\":\"fs\",\"sessionId\":\"sess_0e234331-0804-49b2-b1a6-4ad458d727e5\",\"messageCount\":2,\"durationMs\":14}","conversationId":"sess_0e234331-0804-49b2-b1a6-4ad458d727e5","turnId":"5d3536ae-8688-41e8-bcb9-68df979eec52","rootTurnId":"5d3536ae-8688-41e8-bcb9-68df979eec52"}
{"timestamp":"2026-08-24T09:46:56.673Z","level":"info","message":"[AgentIterator] Synchronizing results","conversationId":"sess_0e234331-0804-49b2-b1a6-4ad458d727e5","turnId":"5d3536ae-8688-41e8-bcb9-68df979eec52","rootTurnId":"5d3536ae-8688-41e8-bcb9-68df979eec52"}
{"timestamp":"2026-08-24T09:46:56.673Z","level":"info","message":"[AgentIterator] Processing intent detection result","conversationId":"sess_0e234331-0804-49b2-b1a6-4ad458d727e5","turnId":"5d3536ae-8688-41e8-bcb9-68df979eec52","rootTurnId":"5d3536ae-8688-41e8-bcb9-68df979eec52"}
{"timestamp":"2026-08-24T09:46:56.673Z","level":"info","message":"[ChatAgent] Processing model response stream","conversationId":"sess_0e234331-0804-49b2-b1a6-4ad458d727e5","turnId":"5d3536ae-8688-41e8-bcb9-68df979eec52","rootTurnId":"5d3536ae-8688-41e8-bcb9-68df979eec52"}
{"timestamp":"2026-08-24T09:46:56.673Z","level":"info","message":"[Steering] Populating steering for execution 5d3536ae-8688-41e8-bcb9-68df979eec52","conversationId":"sess_0e234331-0804-49b2-b1a6-4ad458d727e5","turnId":"5d3536ae-8688-41e8-bcb9-68df979eec52","rootTurnId":"5d3536ae-8688-41e8-bcb9-68df979eec52"}
{"timestamp":"2026-08-24T09:46:56.673Z","level":"info","message":"[Steering] ExistingFiles: /c:/Users/Student/.kiro/workspace-roots/regen-railway/vite.config.ts in 5d3536ae-8688-41e8-bcb9-68df979eec52","conversationId":"sess_0e234331-0804-49b2-b1a6-4ad458d727e5","turnId":"5d3536ae-8688-41e8-bcb9-68df979eec52","rootTurnId":"5d3536ae-8688-41e8-bcb9-68df979eec52"}
{"timestamp":"2026-08-24T09:47:34.711Z","level":"info","message":"[ACPEventAdapter] Execution yielded {\"executionId\":\"5d3536ae-8688-41e8-bcb9-68df979eec52\"}","conversationId":"sess_0e234331-0804-49b2-b1a6-4ad458d727e5","turnId":"5d3536ae-8688-41e8-bcb9-68df979eec52","rootTurnId":"5d3536ae-8688-41e8-bcb9-68df979eec52"}
{"timestamp":"2026-08-24T09:47:34.713Z","level":"info","message":"acp.policy-eval.complete {\"toolId\":\"run_command\",\"effect\":\"ask\"}","conversationId":"sess_0e234331-0804-49b2-b1a6-4ad458d727e5","turnId":"5d3536ae-8688-41e8-bcb9-68df979eec52","rootTurnId":"5d3536ae-8688-41e8-bcb9-68df979eec52"}
{"timestamp":"2026-08-24T09:47:34.723Z","level":"info","message":"[ACP ToolApproval] Requesting permission for toolId=run_command, operationId=run_command_tooluse_F5VCWsTFbnC9IgDFHHvBkp, sessionId=sess_0e234331-0804-49b2-b1a6-4ad458d727e5","conversationId":"sess_0e234331-0804-49b2-b1a6-4ad458d727e5","turnId":"5d3536ae-8688-41e8-bcb9-68df979eec52","rootTurnId":"5d3536ae-8688-41e8-bcb9-68df979eec52"}
{"timestamp":"2026-08-24T09:47:34.732Z","level":"info","message":"fs.appendMessages.ok {\"system\":\"fs\",\"sessionId\":\"sess_0e234331-0804-49b2-b1a6-4ad458d727e5\",\"messageCount\":1,\"durationMs\":9}","conversationId":"sess_0e234331-0804-49b2-b1a6-4ad458d727e5","turnId":"5d3536ae-8688-41e8-bcb9-68df979eec52","rootTurnId":"5d3536ae-8688-41e8-bcb9-68df979eec52"}
{"timestamp":"2026-08-24T09:47:34.743Z","level":"info","message":"fs.appendMessages.ok {\"system\":\"fs\",\"sessionId\":\"sess_0e234331-0804-49b2-b1a6-4ad458d727e5\",\"messageCount\":1,\"durationMs\":10}","conversationId":"sess_0e234331-0804-49b2-b1a6-4ad458d727e5","turnId":"5d3536ae-8688-41e8-bcb9-68df979eec52","rootTurnId":"5d3536ae-8688-41e8-bcb9-68df979eec52"}
{"timestamp":"2026-08-24T09:47:34.753Z","level":"info","message":"fs.appendMessages.ok {\"system\":\"fs\",\"sessionId\":\"sess_0e234331-0804-49b2-b1a6-4ad458d727e5\",\"messageCount\":1,\"durationMs\":10}","conversationId":"sess_0e234331-0804-49b2-b1a6-4ad458d727e5","turnId":"5d3536ae-8688-41e8-bcb9-68df979eec52","rootTurnId":"5d3536ae-8688-41e8-bcb9-68df979eec52"}
{"timestamp":"2026-08-24T09:47:47.786Z","level":"info","message":"fs.appendMessages.ok {\"system\":\"fs\",\"sessionId\":\"sess_0e234331-0804-49b2-b1a6-4ad458d727e5\",\"messageCount\":1,\"durationMs\":2}","conversationId":"sess_0e234331-0804-49b2-b1a6-4ad458d727e5","turnId":"5d3536ae-8688-41e8-bcb9-68df979eec52","rootTurnId":"5d3536ae-8688-41e8-bcb9-68df979eec52"}
{"timestamp":"2026-08-24T09:47:47.786Z","level":"info","message":"[ACP ToolApproval] Got response: {\"optionId\":\"always-accept\",\"outcome\":\"selected\"}","conversationId":"sess_0e234331-0804-49b2-b1a6-4ad458d727e5","turnId":"5d3536ae-8688-41e8-bcb9-68df979eec52","rootTurnId":"5d3536ae-8688-41e8-bcb9-68df979eec52"}
{"timestamp":"2026-08-24T09:47:47.965Z","level":"info","message":"[PolicySession] rebuild() complete: 17 rules parsed, engineActive=true, fatal=false","conversationId":"sess_0e234331-0804-49b2-b1a6-4ad458d727e5","turnId":"5d3536ae-8688-41e8-bcb9-68df979eec52","rootTurnId":"5d3536ae-8688-41e8-bcb9-68df979eec52"}
{"timestamp":"2026-08-24T09:47:47.965Z","level":"info","message":"[PolicySession] Persisted allow rule for shell matching \"Add-Content -Path \"src\\data\\seed.ts\" -Value $seedPart4 -Encoding UTF8\" at scope=user","conversationId":"sess_0e234331-0804-49b2-b1a6-4ad458d727e5","turnId":"5d3536ae-8688-41e8-bcb9-68df979eec52","rootTurnId":"5d3536ae-8688-41e8-bcb9-68df979eec52"}
{"timestamp":"2026-08-24T09:47:47.978Z","level":"info","message":"[ACP ToolApproval] Requesting permission for toolId=run_command, operationId=run_command_tooluse_F5VCWsTFbnC9IgDFHHvBkp, sessionId=sess_0e234331-0804-49b2-b1a6-4ad458d727e5","conversationId":"sess_0e234331-0804-49b2-b1a6-4ad458d727e5","turnId":"5d3536ae-8688-41e8-bcb9-68df979eec52","rootTurnId":"5d3536ae-8688-41e8-bcb9-68df979eec52"}
{"timestamp":"2026-08-24T09:47:47.981Z","level":"info","message":"fs.appendMessages.ok {\"system\":\"fs\",\"sessionId\":\"sess_0e234331-0804-49b2-b1a6-4ad458d727e5\",\"messageCount\":1,\"durationMs\":3}","conversationId":"sess_0e234331-0804-49b2-b1a6-4ad458d727e5","turnId":"5d3536ae-8688-41e8-bcb9-68df979eec52","rootTurnId":"5d3536ae-8688-41e8-bcb9-68df979eec52"}
{"timestamp":"2026-08-24T09:47:50.433Z","level":"info","message":"fs.appendMessages.ok {\"system\":\"fs\",\"sessionId\":\"sess_0e234331-0804-49b2-b1a6-4ad458d727e5\",\"messageCount\":1,\"durationMs\":2}","conversationId":"sess_0e234331-0804-49b2-b1a6-4ad458d727e5","turnId":"5d3536ae-8688-41e8-bcb9-68df979eec52","rootTurnId":"5d3536ae-8688-41e8-bcb9-68df979eec52"}
{"timestamp":"2026-08-24T09:47:50.433Z","level":"info","message":"[ACP ToolApproval] Got response: {\"optionId\":\"always-accept\",\"outcome\":\"selected\"}","conversationId":"sess_0e234331-0804-49b2-b1a6-4ad458d727e5","turnId":"5d3536ae-8688-41e8-bcb9-68df979eec52","rootTurnId":"5d3536ae-8688-41e8-bcb9-68df979eec52"}
{"timestamp":"2026-08-24T09:47:50.608Z","level":"info","message":"[PolicySession] rebuild() complete: 17 rules parsed, engineActive=true, fatal=false","conversationId":"sess_0e234331-0804-49b2-b1a6-4ad458d727e5","turnId":"5d3536ae-8688-41e8-bcb9-68df979eec52","rootTurnId":"5d3536ae-8688-41e8-bcb9-68df979eec52"}
{"timestamp":"2026-08-24T09:47:50.608Z","level":"info","message":"[PolicySession] Persisted allow rule for shell matching \"Write-Host \"Seed part 4 done\"\" at scope=user","conversationId":"sess_0e234331-0804-49b2-b1a6-4ad458d727e5","turnId":"5d3536ae-8688-41e8-bcb9-68df979eec52","rootTurnId":"5d3536ae-8688-41e8-bcb9-68df979eec52"}
{"timestamp":"2026-08-24T09:47:50.612Z","level":"info","message":"[ACPEventAdapter] Execution resumed {\"executionId\":\"5d3536ae-8688-41e8-bcb9-68df979eec52\"}","conversationId":"sess_0e234331-0804-49b2-b1a6-4ad458d727e5","turnId":"5d3536ae-8688-41e8-bcb9-68df979eec52","rootTurnId":"5d3536ae-8688-41e8-bcb9-68df979eec52"}
{"timestamp":"2026-08-24T09:47:50.613Z","level":"info","message":"acp.policy-eval.complete {\"toolId\":\"list_directory\",\"effect\":\"allow\",\"capability\":\"fs_read\"}","conversationId":"sess_0e234331-0804-49b2-b1a6-4ad458d727e5","turnId":"5d3536ae-8688-41e8-bcb9-68df979eec52","rootTurnId":"5d3536ae-8688-41e8-bcb9-68df979eec52"}
{"timestamp":"2026-08-24T09:47:57.411Z","level":"info","message":"[AgentIterator] Parallel invoking agent","conversationId":"sess_0e234331-0804-49b2-b1a6-4ad458d727e5","turnId":"5d3536ae-8688-41e8-bcb9-68df979eec52","rootTurnId":"5d3536ae-8688-41e8-bcb9-68df979eec52"}
{"timestamp":"2026-08-24T09:47:57.411Z","level":"info","message":"[Steering] Populating steering for execution 5d3536ae-8688-41e8-bcb9-68df979eec52","conversationId":"sess_0e234331-0804-49b2-b1a6-4ad458d727e5","turnId":"5d3536ae-8688-41e8-bcb9-68df979eec52","rootTurnId":"5d3536ae-8688-41e8-bcb9-68df979eec52"}
{"timestamp":"2026-08-24T09:47:57.411Z","level":"info","message":"[Steering] ExistingFiles: /c:/Users/Student/.kiro/workspace-roots/regen-railway/vite.config.ts in 5d3536ae-8688-41e8-bcb9-68df979eec52","conversationId":"sess_0e234331-0804-49b2-b1a6-4ad458d727e5","turnId":"5d3536ae-8688-41e8-bcb9-68df979eec52","rootTurnId":"5d3536ae-8688-41e8-bcb9-68df979eec52"}
{"timestamp":"2026-08-24T09:47:57.415Z","level":"info","message":"[q-developer-converse] Sending GenerateAssistantResponse modelId=auto agentMode=vibe origin=AI_EDITOR streaming=true conversationId=sess_0e234331-0804-49b2-b1a6-4ad458d727e5","conversationId":"sess_0e234331-0804-49b2-b1a6-4ad458d727e5","turnId":"5d3536ae-8688-41e8-bcb9-68df979eec52","rootTurnId":"5d3536ae-8688-41e8-bcb9-68df979eec52"}
{"timestamp":"2026-08-24T09:47:57.415Z","level":"info","message":"[q-developer-converse] Request payload: 196946 chars, 66 history messages, conversationId=sess_0e234331-0804-49b2-b1a6-4ad458d727e5","conversationId":"sess_0e234331-0804-49b2-b1a6-4ad458d727e5","turnId":"5d3536ae-8688-41e8-bcb9-68df979eec52","rootTurnId":"5d3536ae-8688-41e8-bcb9-68df979eec52"}
{"timestamp":"2026-08-24T09:47:57.422Z","level":"info","message":"fs.appendMessages.ok {\"system\":\"fs\",\"sessionId\":\"sess_0e234331-0804-49b2-b1a6-4ad458d727e5\",\"messageCount\":2,\"durationMs\":14}","conversationId":"sess_0e234331-0804-49b2-b1a6-4ad458d727e5","turnId":"5d3536ae-8688-41e8-bcb9-68df979eec52","rootTurnId":"5d3536ae-8688-41e8-bcb9-68df979eec52"}
{"timestamp":"2026-08-24T09:48:01.063Z","level":"info","message":"[AgentIterator] Synchronizing results","conversationId":"sess_0e234331-0804-49b2-b1a6-4ad458d727e5","turnId":"5d3536ae-8688-41e8-bcb9-68df979eec52","rootTurnId":"5d3536ae-8688-41e8-bcb9-68df979eec52"}
{"timestamp":"2026-08-24T09:48:01.063Z","level":"info","message":"[AgentIterator] Processing intent detection result","conversationId":"sess_0e234331-0804-49b2-b1a6-4ad458d727e5","turnId":"5d3536ae-8688-41e8-bcb9-68df979eec52","rootTurnId":"5d3536ae-8688-41e8-bcb9-68df979eec52"}
{"timestamp":"2026-08-24T09:48:01.063Z","level":"info","message":"[ChatAgent] Processing model response stream","conversationId":"sess_0e234331-0804-49b2-b1a6-4ad458d727e5","turnId":"5d3536ae-8688-41e8-bcb9-68df979eec52","rootTurnId":"5d3536ae-8688-41e8-bcb9-68df979eec52"}
{"timestamp":"2026-08-24T09:48:01.063Z","level":"info","message":"[Steering] Populating steering for execution 5d3536ae-8688-41e8-bcb9-68df979eec52","conversationId":"sess_0e234331-0804-49b2-b1a6-4ad458d727e5","turnId":"5d3536ae-8688-41e8-bcb9-68df979eec52","rootTurnId":"5d3536ae-8688-41e8-bcb9-68df979eec52"}
{"timestamp":"2026-08-24T09:48:01.063Z","level":"info","message":"[Steering] ExistingFiles: /c:/Users/Student/.kiro/workspace-roots/regen-railway/vite.config.ts in 5d3536ae-8688-41e8-bcb9-68df979eec52","conversationId":"sess_0e234331-0804-49b2-b1a6-4ad458d727e5","turnId":"5d3536ae-8688-41e8-bcb9-68df979eec52","rootTurnId":"5d3536ae-8688-41e8-bcb9-68df979eec52"}
{"timestamp":"2026-08-24T09:48:33.114Z","level":"info","message":"[ACPEventAdapter] Execution yielded {\"executionId\":\"5d3536ae-8688-41e8-bcb9-68df979eec52\"}","conversationId":"sess_0e234331-0804-49b2-b1a6-4ad458d727e5","turnId":"5d3536ae-8688-41e8-bcb9-68df979eec52","rootTurnId":"5d3536ae-8688-41e8-bcb9-68df979eec52"}
{"timestamp":"2026-08-24T09:48:33.116Z","level":"info","message":"acp.policy-eval.complete {\"toolId\":\"run_command\",\"effect\":\"ask\"}","conversationId":"sess_0e234331-0804-49b2-b1a6-4ad458d727e5","turnId":"5d3536ae-8688-41e8-bcb9-68df979eec52","rootTurnId":"5d3536ae-8688-41e8-bcb9-68df979eec52"}
{"timestamp":"2026-08-24T09:48:33.127Z","level":"info","message":"[ACP ToolApproval] Requesting permission for toolId=run_command, operationId=run_command_tooluse_FTikZoWocNsCwZeUr8LlFS, sessionId=sess_0e234331-0804-49b2-b1a6-4ad458d727e5","conversationId":"sess_0e234331-0804-49b2-b1a6-4ad458d727e5","turnId":"5d3536ae-8688-41e8-bcb9-68df979eec52","rootTurnId":"5d3536ae-8688-41e8-bcb9-68df979eec52"}
{"timestamp":"2026-08-24T09:48:33.135Z","level":"info","message":"fs.appendMessages.ok {\"system\":\"fs\",\"sessionId\":\"sess_0e234331-0804-49b2-b1a6-4ad458d727e5\",\"messageCount\":1,\"durationMs\":8}","conversationId":"sess_0e234331-0804-49b2-b1a6-4ad458d727e5","turnId":"5d3536ae-8688-41e8-bcb9-68df979eec52","rootTurnId":"5d3536ae-8688-41e8-bcb9-68df979eec52"}
{"timestamp":"2026-08-24T09:48:33.145Z","level":"info","message":"fs.appendMessages.ok {\"system\":\"fs\",\"sessionId\":\"sess_0e234331-0804-49b2-b1a6-4ad458d727e5\",\"messageCount\":1,\"durationMs\":10}","conversationId":"sess_0e234331-0804-49b2-b1a6-4ad458d727e5","turnId":"5d3536ae-8688-41e8-bcb9-68df979eec52","rootTurnId":"5d3536ae-8688-41e8-bcb9-68df979eec52"}
{"timestamp":"2026-08-24T09:48:33.154Z","level":"info","message":"fs.appendMessages.ok {\"system\":\"fs\",\"sessionId\":\"sess_0e234331-0804-49b2-b1a6-4ad458d727e5\",\"messageCount\":1,\"durationMs\":9}","conversationId":"sess_0e234331-0804-49b2-b1a6-4ad458d727e5","turnId":"5d3536ae-8688-41e8-bcb9-68df979eec52","rootTurnId":"5d3536ae-8688-41e8-bcb9-68df979eec52"}
{"timestamp":"2026-08-24T09:48:49.825Z","level":"info","message":"fs.appendMessages.ok {\"system\":\"fs\",\"sessionId\":\"sess_0e234331-0804-49b2-b1a6-4ad458d727e5\",\"messageCount\":1,\"durationMs\":2}","conversationId":"sess_0e234331-0804-49b2-b1a6-4ad458d727e5","turnId":"5d3536ae-8688-41e8-bcb9-68df979eec52","rootTurnId":"5d3536ae-8688-41e8-bcb9-68df979eec52"}
{"timestamp":"2026-08-24T09:48:49.825Z","level":"info","message":"[ACP ToolApproval] Got response: {\"optionId\":\"always-accept\",\"outcome\":\"selected\"}","conversationId":"sess_0e234331-0804-49b2-b1a6-4ad458d727e5","turnId":"5d3536ae-8688-41e8-bcb9-68df979eec52","rootTurnId":"5d3536ae-8688-41e8-bcb9-68df979eec52"}
{"timestamp":"2026-08-24T09:48:50.004Z","level":"info","message":"[PolicySession] rebuild() complete: 17 rules parsed, engineActive=true, fatal=false","conversationId":"sess_0e234331-0804-49b2-b1a6-4ad458d727e5","turnId":"5d3536ae-8688-41e8-bcb9-68df979eec52","rootTurnId":"5d3536ae-8688-41e8-bcb9-68df979eec52"}
{"timestamp":"2026-08-24T09:48:50.004Z","level":"info","message":"[PolicySession] Persisted allow rule for shell matching \"Add-Content -Path \"src\\data\\seed.ts\" -Value $seedPart5 -Encoding UTF8\" at scope=user","conversationId":"sess_0e234331-0804-49b2-b1a6-4ad458d727e5","turnId":"5d3536ae-8688-41e8-bcb9-68df979eec52","rootTurnId":"5d3536ae-8688-41e8-bcb9-68df979eec52"}
{"timestamp":"2026-08-24T09:48:50.018Z","level":"info","message":"[ACP ToolApproval] Requesting permission for toolId=run_command, operationId=run_command_tooluse_FTikZoWocNsCwZeUr8LlFS, sessionId=sess_0e234331-0804-49b2-b1a6-4ad458d727e5","conversationId":"sess_0e234331-0804-49b2-b1a6-4ad458d727e5","turnId":"5d3536ae-8688-41e8-bcb9-68df979eec52","rootTurnId":"5d3536ae-8688-41e8-bcb9-68df979eec52"}
{"timestamp":"2026-08-24T09:48:50.021Z","level":"info","message":"fs.appendMessages.ok {\"system\":\"fs\",\"sessionId\":\"sess_0e234331-0804-49b2-b1a6-4ad458d727e5\",\"messageCount\":1,\"durationMs\":3}","conversationId":"sess_0e234331-0804-49b2-b1a6-4ad458d727e5","turnId":"5d3536ae-8688-41e8-bcb9-68df979eec52","rootTurnId":"5d3536ae-8688-41e8-bcb9-68df979eec52"}
{"timestamp":"2026-08-24T09:48:51.745Z","level":"info","message":"fs.appendMessages.ok {\"system\":\"fs\",\"sessionId\":\"sess_0e234331-0804-49b2-b1a6-4ad458d727e5\",\"messageCount\":1,\"durationMs\":2}","conversationId":"sess_0e234331-0804-49b2-b1a6-4ad458d727e5","turnId":"5d3536ae-8688-41e8-bcb9-68df979eec52","rootTurnId":"5d3536ae-8688-41e8-bcb9-68df979eec52"}
{"timestamp":"2026-08-24T09:48:51.745Z","level":"info","message":"[ACP ToolApproval] Got response: {\"optionId\":\"always-accept\",\"outcome\":\"selected\"}","conversationId":"sess_0e234331-0804-49b2-b1a6-4ad458d727e5","turnId":"5d3536ae-8688-41e8-bcb9-68df979eec52","rootTurnId":"5d3536ae-8688-41e8-bcb9-68df979eec52"}
{"timestamp":"2026-08-24T09:48:51.924Z","level":"info","message":"[PolicySession] rebuild() complete: 17 rules parsed, engineActive=true, fatal=false","conversationId":"sess_0e234331-0804-49b2-b1a6-4ad458d727e5","turnId":"5d3536ae-8688-41e8-bcb9-68df979eec52","rootTurnId":"5d3536ae-8688-41e8-bcb9-68df979eec52"}
{"timestamp":"2026-08-24T09:48:51.924Z","level":"info","message":"[PolicySession] Persisted allow rule for shell matching \"Write-Host \"Seed part 5 done\"\" at scope=user","conversationId":"sess_0e234331-0804-49b2-b1a6-4ad458d727e5","turnId":"5d3536ae-8688-41e8-bcb9-68df979eec52","rootTurnId":"5d3536ae-8688-41e8-bcb9-68df979eec52"}
{"timestamp":"2026-08-24T09:48:51.928Z","level":"info","message":"[ACPEventAdapter] Execution resumed {\"executionId\":\"5d3536ae-8688-41e8-bcb9-68df979eec52\"}","conversationId":"sess_0e234331-0804-49b2-b1a6-4ad458d727e5","turnId":"5d3536ae-8688-41e8-bcb9-68df979eec52","rootTurnId":"5d3536ae-8688-41e8-bcb9-68df979eec52"}
{"timestamp":"2026-08-24T09:48:51.928Z","level":"info","message":"acp.policy-eval.complete {\"toolId\":\"list_directory\",\"effect\":\"allow\",\"capability\":\"fs_read\"}","conversationId":"sess_0e234331-0804-49b2-b1a6-4ad458d727e5","turnId":"5d3536ae-8688-41e8-bcb9-68df979eec52","rootTurnId":"5d3536ae-8688-41e8-bcb9-68df979eec52"}
{"timestamp":"2026-08-24T09:48:58.619Z","level":"info","message":"[AgentIterator] Parallel invoking agent","conversationId":"sess_0e234331-0804-49b2-b1a6-4ad458d727e5","turnId":"5d3536ae-8688-41e8-bcb9-68df979eec52","rootTurnId":"5d3536ae-8688-41e8-bcb9-68df979eec52"}
{"timestamp":"2026-08-24T09:48:58.619Z","level":"info","message":"[Steering] Populating steering for execution 5d3536ae-8688-41e8-bcb9-68df979eec52","conversationId":"sess_0e234331-0804-49b2-b1a6-4ad458d727e5","turnId":"5d3536ae-8688-41e8-bcb9-68df979eec52","rootTurnId":"5d3536ae-8688-41e8-bcb9-68df979eec52"}
{"timestamp":"2026-08-24T09:48:58.619Z","level":"info","message":"[Steering] ExistingFiles: /c:/Users/Student/.kiro/workspace-roots/regen-railway/vite.config.ts in 5d3536ae-8688-41e8-bcb9-68df979eec52","conversationId":"sess_0e234331-0804-49b2-b1a6-4ad458d727e5","turnId":"5d3536ae-8688-41e8-bcb9-68df979eec52","rootTurnId":"5d3536ae-8688-41e8-bcb9-68df979eec52"}
{"timestamp":"2026-08-24T09:48:58.622Z","level":"info","message":"[q-developer-converse] Sending GenerateAssistantResponse modelId=auto agentMode=vibe origin=AI_EDITOR streaming=true conversationId=sess_0e234331-0804-49b2-b1a6-4ad458d727e5","conversationId":"sess_0e234331-0804-49b2-b1a6-4ad458d727e5","turnId":"5d3536ae-8688-41e8-bcb9-68df979eec52","rootTurnId":"5d3536ae-8688-41e8-bcb9-68df979eec52"}
{"timestamp":"2026-08-24T09:48:58.623Z","level":"info","message":"[q-developer-converse] Request payload: 206638 chars, 68 history messages, conversationId=sess_0e234331-0804-49b2-b1a6-4ad458d727e5","conversationId":"sess_0e234331-0804-49b2-b1a6-4ad458d727e5","turnId":"5d3536ae-8688-41e8-bcb9-68df979eec52","rootTurnId":"5d3536ae-8688-41e8-bcb9-68df979eec52"}
{"timestamp":"2026-08-24T09:48:58.630Z","level":"info","message":"fs.appendMessages.ok {\"system\":\"fs\",\"sessionId\":\"sess_0e234331-0804-49b2-b1a6-4ad458d727e5\",\"messageCount\":2,\"durationMs\":15}","conversationId":"sess_0e234331-0804-49b2-b1a6-4ad458d727e5","turnId":"5d3536ae-8688-41e8-bcb9-68df979eec52","rootTurnId":"5d3536ae-8688-41e8-bcb9-68df979eec52"}
{"timestamp":"2026-08-24T09:49:02.222Z","level":"info","message":"[AgentIterator] Synchronizing results","conversationId":"sess_0e234331-0804-49b2-b1a6-4ad458d727e5","turnId":"5d3536ae-8688-41e8-bcb9-68df979eec52","rootTurnId":"5d3536ae-8688-41e8-bcb9-68df979eec52"}
{"timestamp":"2026-08-24T09:49:02.222Z","level":"info","message":"[AgentIterator] Processing intent detection result","conversationId":"sess_0e234331-0804-49b2-b1a6-4ad458d727e5","turnId":"5d3536ae-8688-41e8-bcb9-68df979eec52","rootTurnId":"5d3536ae-8688-41e8-bcb9-68df979eec52"}
{"timestamp":"2026-08-24T09:49:02.223Z","level":"info","message":"[ChatAgent] Processing model response stream","conversationId":"sess_0e234331-0804-49b2-b1a6-4ad458d727e5","turnId":"5d3536ae-8688-41e8-bcb9-68df979eec52","rootTurnId":"5d3536ae-8688-41e8-bcb9-68df979eec52"}
{"timestamp":"2026-08-24T09:49:02.223Z","level":"info","message":"[Steering] Populating steering for execution 5d3536ae-8688-41e8-bcb9-68df979eec52","conversationId":"sess_0e234331-0804-49b2-b1a6-4ad458d727e5","turnId":"5d3536ae-8688-41e8-bcb9-68df979eec52","rootTurnId":"5d3536ae-8688-41e8-bcb9-68df979eec52"}
{"timestamp":"2026-08-24T09:49:02.223Z","level":"info","message":"[Steering] ExistingFiles: /c:/Users/Student/.kiro/workspace-roots/regen-railway/vite.config.ts in 5d3536ae-8688-41e8-bcb9-68df979eec52","conversationId":"sess_0e234331-0804-49b2-b1a6-4ad458d727e5","turnId":"5d3536ae-8688-41e8-bcb9-68df979eec52","rootTurnId":"5d3536ae-8688-41e8-bcb9-68df979eec52"}
{"timestamp":"2026-08-24T09:49:29.236Z","level":"info","message":"[ACPEventAdapter] Execution yielded {\"executionId\":\"5d3536ae-8688-41e8-bcb9-68df979eec52\"}","conversationId":"sess_0e234331-0804-49b2-b1a6-4ad458d727e5","turnId":"5d3536ae-8688-41e8-bcb9-68df979eec52","rootTurnId":"5d3536ae-8688-41e8-bcb9-68df979eec52"}
{"timestamp":"2026-08-24T09:49:29.238Z","level":"info","message":"acp.policy-eval.complete {\"toolId\":\"run_command\",\"effect\":\"ask\"}","conversationId":"sess_0e234331-0804-49b2-b1a6-4ad458d727e5","turnId":"5d3536ae-8688-41e8-bcb9-68df979eec52","rootTurnId":"5d3536ae-8688-41e8-bcb9-68df979eec52"}
{"timestamp":"2026-08-24T09:49:29.249Z","level":"info","message":"[ACP ToolApproval] Requesting permission for toolId=run_command, operationId=run_command_tooluse_AN1yDoEpbSHNQNbmH8vBJ8, sessionId=sess_0e234331-0804-49b2-b1a6-4ad458d727e5","conversationId":"sess_0e234331-0804-49b2-b1a6-4ad458d727e5","turnId":"5d3536ae-8688-41e8-bcb9-68df979eec52","rootTurnId":"5d3536ae-8688-41e8-bcb9-68df979eec52"}
{"timestamp":"2026-08-24T09:49:29.254Z","level":"info","message":"fs.appendMessages.ok {\"system\":\"fs\",\"sessionId\":\"sess_0e234331-0804-49b2-b1a6-4ad458d727e5\",\"messageCount\":1,\"durationMs\":5}","conversationId":"sess_0e234331-0804-49b2-b1a6-4ad458d727e5","turnId":"5d3536ae-8688-41e8-bcb9-68df979eec52","rootTurnId":"5d3536ae-8688-41e8-bcb9-68df979eec52"}
{"timestamp":"2026-08-24T09:49:29.262Z","level":"info","message":"fs.appendMessages.ok {\"system\":\"fs\",\"sessionId\":\"sess_0e234331-0804-49b2-b1a6-4ad458d727e5\",\"messageCount\":1,\"durationMs\":9}","conversationId":"sess_0e234331-0804-49b2-b1a6-4ad458d727e5","turnId":"5d3536ae-8688-41e8-bcb9-68df979eec52","rootTurnId":"5d3536ae-8688-41e8-bcb9-68df979eec52"}
{"timestamp":"2026-08-24T09:49:29.269Z","level":"info","message":"fs.appendMessages.ok {\"system\":\"fs\",\"sessionId\":\"sess_0e234331-0804-49b2-b1a6-4ad458d727e5\",\"messageCount\":1,\"durationMs\":6}","conversationId":"sess_0e234331-0804-49b2-b1a6-4ad458d727e5","turnId":"5d3536ae-8688-41e8-bcb9-68df979eec52","rootTurnId":"5d3536ae-8688-41e8-bcb9-68df979eec52"}
{"timestamp":"2026-08-24T09:49:32.081Z","level":"info","message":"fs.appendMessages.ok {\"system\":\"fs\",\"sessionId\":\"sess_0e234331-0804-49b2-b1a6-4ad458d727e5\",\"messageCount\":1,\"durationMs\":1}","conversationId":"sess_0e234331-0804-49b2-b1a6-4ad458d727e5","turnId":"5d3536ae-8688-41e8-bcb9-68df979eec52","rootTurnId":"5d3536ae-8688-41e8-bcb9-68df979eec52"}
{"timestamp":"2026-08-24T09:49:32.081Z","level":"info","message":"[ACP ToolApproval] Got response: {\"optionId\":\"always-accept\",\"outcome\":\"selected\"}","conversationId":"sess_0e234331-0804-49b2-b1a6-4ad458d727e5","turnId":"5d3536ae-8688-41e8-bcb9-68df979eec52","rootTurnId":"5d3536ae-8688-41e8-bcb9-68df979eec52"}
{"timestamp":"2026-08-24T09:49:32.266Z","level":"info","message":"[PolicySession] rebuild() complete: 17 rules parsed, engineActive=true, fatal=false","conversationId":"sess_0e234331-0804-49b2-b1a6-4ad458d727e5","turnId":"5d3536ae-8688-41e8-bcb9-68df979eec52","rootTurnId":"5d3536ae-8688-41e8-bcb9-68df979eec52"}
{"timestamp":"2026-08-24T09:49:32.266Z","level":"info","message":"[PolicySession] Persisted allow rule for shell matching \"Add-Content -Path \"src\\data\\seed.ts\" -Value $seedPart6 -Encoding UTF8\" at scope=user","conversationId":"sess_0e234331-0804-49b2-b1a6-4ad458d727e5","turnId":"5d3536ae-8688-41e8-bcb9-68df979eec52","rootTurnId":"5d3536ae-8688-41e8-bcb9-68df979eec52"}
{"timestamp":"2026-08-24T09:49:32.279Z","level":"info","message":"[ACP ToolApproval] Requesting permission for toolId=run_command, operationId=run_command_tooluse_AN1yDoEpbSHNQNbmH8vBJ8, sessionId=sess_0e234331-0804-49b2-b1a6-4ad458d727e5","conversationId":"sess_0e234331-0804-49b2-b1a6-4ad458d727e5","turnId":"5d3536ae-8688-41e8-bcb9-68df979eec52","rootTurnId":"5d3536ae-8688-41e8-bcb9-68df979eec52"}
{"timestamp":"2026-08-24T09:49:32.282Z","level":"info","message":"fs.appendMessages.ok {\"system\":\"fs\",\"sessionId\":\"sess_0e234331-0804-49b2-b1a6-4ad458d727e5\",\"messageCount\":1,\"durationMs\":3}","conversationId":"sess_0e234331-0804-49b2-b1a6-4ad458d727e5","turnId":"5d3536ae-8688-41e8-bcb9-68df979eec52","rootTurnId":"5d3536ae-8688-41e8-bcb9-68df979eec52"}
{"timestamp":"2026-08-24T09:49:34.314Z","level":"info","message":"fs.appendMessages.ok {\"system\":\"fs\",\"sessionId\":\"sess_0e234331-0804-49b2-b1a6-4ad458d727e5\",\"messageCount\":1,\"durationMs\":3}","conversationId":"sess_0e234331-0804-49b2-b1a6-4ad458d727e5","turnId":"5d3536ae-8688-41e8-bcb9-68df979eec52","rootTurnId":"5d3536ae-8688-41e8-bcb9-68df979eec52"}
{"timestamp":"2026-08-24T09:49:34.314Z","level":"info","message":"[ACP ToolApproval] Got response: {\"optionId\":\"always-accept\",\"outcome\":\"selected\"}","conversationId":"sess_0e234331-0804-49b2-b1a6-4ad458d727e5","turnId":"5d3536ae-8688-41e8-bcb9-68df979eec52","rootTurnId":"5d3536ae-8688-41e8-bcb9-68df979eec52"}
{"timestamp":"2026-08-24T09:49:34.492Z","level":"info","message":"[PolicySession] rebuild() complete: 17 rules parsed, engineActive=true, fatal=false","conversationId":"sess_0e234331-0804-49b2-b1a6-4ad458d727e5","turnId":"5d3536ae-8688-41e8-bcb9-68df979eec52","rootTurnId":"5d3536ae-8688-41e8-bcb9-68df979eec52"}
{"timestamp":"2026-08-24T09:49:34.492Z","level":"info","message":"[PolicySession] Persisted allow rule for shell matching \"Write-Host \"Seed part 6 done\"\" at scope=user","conversationId":"sess_0e234331-0804-49b2-b1a6-4ad458d727e5","turnId":"5d3536ae-8688-41e8-bcb9-68df979eec52","rootTurnId":"5d3536ae-8688-41e8-bcb9-68df979eec52"}
{"timestamp":"2026-08-24T09:49:34.496Z","level":"info","message":"[ACPEventAdapter] Execution resumed {\"executionId\":\"5d3536ae-8688-41e8-bcb9-68df979eec52\"}","conversationId":"sess_0e234331-0804-49b2-b1a6-4ad458d727e5","turnId":"5d3536ae-8688-41e8-bcb9-68df979eec52","rootTurnId":"5d3536ae-8688-41e8-bcb9-68df979eec52"}
{"timestamp":"2026-08-24T09:49:34.497Z","level":"info","message":"acp.policy-eval.complete {\"toolId\":\"list_directory\",\"effect\":\"allow\",\"capability\":\"fs_read\"}","conversationId":"sess_0e234331-0804-49b2-b1a6-4ad458d727e5","turnId":"5d3536ae-8688-41e8-bcb9-68df979eec52","rootTurnId":"5d3536ae-8688-41e8-bcb9-68df979eec52"}
{"timestamp":"2026-08-24T09:49:41.125Z","level":"info","message":"[AgentIterator] Parallel invoking agent","conversationId":"sess_0e234331-0804-49b2-b1a6-4ad458d727e5","turnId":"5d3536ae-8688-41e8-bcb9-68df979eec52","rootTurnId":"5d3536ae-8688-41e8-bcb9-68df979eec52"}
{"timestamp":"2026-08-24T09:49:41.125Z","level":"info","message":"[Steering] Populating steering for execution 5d3536ae-8688-41e8-bcb9-68df979eec52","conversationId":"sess_0e234331-0804-49b2-b1a6-4ad458d727e5","turnId":"5d3536ae-8688-41e8-bcb9-68df979eec52","rootTurnId":"5d3536ae-8688-41e8-bcb9-68df979eec52"}
{"timestamp":"2026-08-24T09:49:41.125Z","level":"info","message":"[Steering] ExistingFiles: /c:/Users/Student/.kiro/workspace-roots/regen-railway/vite.config.ts in 5d3536ae-8688-41e8-bcb9-68df979eec52","conversationId":"sess_0e234331-0804-49b2-b1a6-4ad458d727e5","turnId":"5d3536ae-8688-41e8-bcb9-68df979eec52","rootTurnId":"5d3536ae-8688-41e8-bcb9-68df979eec52"}
{"timestamp":"2026-08-24T09:49:41.128Z","level":"info","message":"[q-developer-converse] Sending GenerateAssistantResponse modelId=auto agentMode=vibe origin=AI_EDITOR streaming=true conversationId=sess_0e234331-0804-49b2-b1a6-4ad458d727e5","conversationId":"sess_0e234331-0804-49b2-b1a6-4ad458d727e5","turnId":"5d3536ae-8688-41e8-bcb9-68df979eec52","rootTurnId":"5d3536ae-8688-41e8-bcb9-68df979eec52"}
{"timestamp":"2026-08-24T09:49:41.129Z","level":"info","message":"[q-developer-converse] Request payload: 214921 chars, 70 history messages, conversationId=sess_0e234331-0804-49b2-b1a6-4ad458d727e5","conversationId":"sess_0e234331-0804-49b2-b1a6-4ad458d727e5","turnId":"5d3536ae-8688-41e8-bcb9-68df979eec52","rootTurnId":"5d3536ae-8688-41e8-bcb9-68df979eec52"}
{"timestamp":"2026-08-24T09:49:41.136Z","level":"info","message":"fs.appendMessages.ok {\"system\":\"fs\",\"sessionId\":\"sess_0e234331-0804-49b2-b1a6-4ad458d727e5\",\"messageCount\":2,\"durationMs\":14}","conversationId":"sess_0e234331-0804-49b2-b1a6-4ad458d727e5","turnId":"5d3536ae-8688-41e8-bcb9-68df979eec52","rootTurnId":"5d3536ae-8688-41e8-bcb9-68df979eec52"}
{"timestamp":"2026-08-24T09:49:46.797Z","level":"info","message":"[AgentIterator] Synchronizing results","conversationId":"sess_0e234331-0804-49b2-b1a6-4ad458d727e5","turnId":"5d3536ae-8688-41e8-bcb9-68df979eec52","rootTurnId":"5d3536ae-8688-41e8-bcb9-68df979eec52"}
{"timestamp":"2026-08-24T09:49:46.797Z","level":"info","message":"[AgentIterator] Processing intent detection result","conversationId":"sess_0e234331-0804-49b2-b1a6-4ad458d727e5","turnId":"5d3536ae-8688-41e8-bcb9-68df979eec52","rootTurnId":"5d3536ae-8688-41e8-bcb9-68df979eec52"}
{"timestamp":"2026-08-24T09:49:46.798Z","level":"info","message":"[ChatAgent] Processing model response stream","conversationId":"sess_0e234331-0804-49b2-b1a6-4ad458d727e5","turnId":"5d3536ae-8688-41e8-bcb9-68df979eec52","rootTurnId":"5d3536ae-8688-41e8-bcb9-68df979eec52"}
{"timestamp":"2026-08-24T09:49:46.798Z","level":"info","message":"[Steering] Populating steering for execution 5d3536ae-8688-41e8-bcb9-68df979eec52","conversationId":"sess_0e234331-0804-49b2-b1a6-4ad458d727e5","turnId":"5d3536ae-8688-41e8-bcb9-68df979eec52","rootTurnId":"5d3536ae-8688-41e8-bcb9-68df979eec52"}
{"timestamp":"2026-08-24T09:49:46.798Z","level":"info","message":"[Steering] ExistingFiles: /c:/Users/Student/.kiro/workspace-roots/regen-railway/vite.config.ts in 5d3536ae-8688-41e8-bcb9-68df979eec52","conversationId":"sess_0e234331-0804-49b2-b1a6-4ad458d727e5","turnId":"5d3536ae-8688-41e8-bcb9-68df979eec52","rootTurnId":"5d3536ae-8688-41e8-bcb9-68df979eec52"}
{"timestamp":"2026-08-24T09:50:16.764Z","level":"info","message":"network.listAvailableModels.ok {\"system\":\"network\",\"durationMs\":1418}"}
{"timestamp":"2026-08-24T09:50:16.765Z","level":"info","message":"[ACPModelConfigProvider] Loaded 9 models"}
{"timestamp":"2026-08-24T09:50:53.453Z","level":"info","message":"[ACPEventAdapter] Execution yielded {\"executionId\":\"5d3536ae-8688-41e8-bcb9-68df979eec52\"}","conversationId":"sess_0e234331-0804-49b2-b1a6-4ad458d727e5","turnId":"5d3536ae-8688-41e8-bcb9-68df979eec52","rootTurnId":"5d3536ae-8688-41e8-bcb9-68df979eec52"}
{"timestamp":"2026-08-24T09:50:53.455Z","level":"info","message":"acp.policy-eval.complete {\"toolId\":\"run_command\",\"effect\":\"ask\"}","conversationId":"sess_0e234331-0804-49b2-b1a6-4ad458d727e5","turnId":"5d3536ae-8688-41e8-bcb9-68df979eec52","rootTurnId":"5d3536ae-8688-41e8-bcb9-68df979eec52"}
{"timestamp":"2026-08-24T09:50:53.466Z","level":"info","message":"[ACP ToolApproval] Requesting permission for toolId=run_command, operationId=run_command_tooluse_lCnALx7kbrdTAdBYytLcuL, sessionId=sess_0e234331-0804-49b2-b1a6-4ad458d727e5","conversationId":"sess_0e234331-0804-49b2-b1a6-4ad458d727e5","turnId":"5d3536ae-8688-41e8-bcb9-68df979eec52","rootTurnId":"5d3536ae-8688-41e8-bcb9-68df979eec52"}
{"timestamp":"2026-08-24T09:50:53.474Z","level":"info","message":"fs.appendMessages.ok {\"system\":\"fs\",\"sessionId\":\"sess_0e234331-0804-49b2-b1a6-4ad458d727e5\",\"messageCount\":1,\"durationMs\":8}","conversationId":"sess_0e234331-0804-49b2-b1a6-4ad458d727e5","turnId":"5d3536ae-8688-41e8-bcb9-68df979eec52","rootTurnId":"5d3536ae-8688-41e8-bcb9-68df979eec52"}
{"timestamp":"2026-08-24T09:50:53.484Z","level":"info","message":"fs.appendMessages.ok {\"system\":\"fs\",\"sessionId\":\"sess_0e234331-0804-49b2-b1a6-4ad458d727e5\",\"messageCount\":1,\"durationMs\":10}","conversationId":"sess_0e234331-0804-49b2-b1a6-4ad458d727e5","turnId":"5d3536ae-8688-41e8-bcb9-68df979eec52","rootTurnId":"5d3536ae-8688-41e8-bcb9-68df979eec52"}
{"timestamp":"2026-08-24T09:50:53.493Z","level":"info","message":"fs.appendMessages.ok {\"system\":\"fs\",\"sessionId\":\"sess_0e234331-0804-49b2-b1a6-4ad458d727e5\",\"messageCount\":1,\"durationMs\":8}","conversationId":"sess_0e234331-0804-49b2-b1a6-4ad458d727e5","turnId":"5d3536ae-8688-41e8-bcb9-68df979eec52","rootTurnId":"5d3536ae-8688-41e8-bcb9-68df979eec52"}
{"timestamp":"2026-08-24T09:55:17.883Z","level":"info","message":"network.listAvailableModels.ok {\"system\":\"network\",\"durationMs\":1116}"}
{"timestamp":"2026-08-24T09:55:17.884Z","level":"info","message":"[ACPModelConfigProvider] Loaded 9 models"}
{"timestamp":"2026-08-24T10:00:19.394Z","level":"info","message":"network.listAvailableModels.ok {\"system\":\"network\",\"durationMs\":1498}"}
{"timestamp":"2026-08-24T10:00:19.394Z","level":"info","message":"[ACPModelConfigProvider] Loaded 9 models"}
{"timestamp":"2026-08-24T10:02:09.585Z","level":"info","message":"fs.appendMessages.ok {\"system\":\"fs\",\"sessionId\":\"sess_0e234331-0804-49b2-b1a6-4ad458d727e5\",\"messageCount\":1,\"durationMs\":2}","conversationId":"sess_0e234331-0804-49b2-b1a6-4ad458d727e5","turnId":"5d3536ae-8688-41e8-bcb9-68df979eec52","rootTurnId":"5d3536ae-8688-41e8-bcb9-68df979eec52"}
{"timestamp":"2026-08-24T10:02:09.585Z","level":"info","message":"[ACP ToolApproval] Got response: {\"optionId\":\"always-accept\",\"outcome\":\"selected\"}","conversationId":"sess_0e234331-0804-49b2-b1a6-4ad458d727e5","turnId":"5d3536ae-8688-41e8-bcb9-68df979eec52","rootTurnId":"5d3536ae-8688-41e8-bcb9-68df979eec52"}
{"timestamp":"2026-08-24T10:02:09.767Z","level":"info","message":"[PolicySession] rebuild() complete: 17 rules parsed, engineActive=true, fatal=false","conversationId":"sess_0e234331-0804-49b2-b1a6-4ad458d727e5","turnId":"5d3536ae-8688-41e8-bcb9-68df979eec52","rootTurnId":"5d3536ae-8688-41e8-bcb9-68df979eec52"}
{"timestamp":"2026-08-24T10:02:09.767Z","level":"info","message":"[PolicySession] Persisted allow rule for shell matching \"Add-Content -Path \"src\\data\\seed.ts\" -Value $seedPart7 -Encoding UTF8\" at scope=user","conversationId":"sess_0e234331-0804-49b2-b1a6-4ad458d727e5","turnId":"5d3536ae-8688-41e8-bcb9-68df979eec52","rootTurnId":"5d3536ae-8688-41e8-bcb9-68df979eec52"}
{"timestamp":"2026-08-24T10:02:09.782Z","level":"info","message":"[ACP ToolApproval] Requesting permission for toolId=run_command, operationId=run_command_tooluse_lCnALx7kbrdTAdBYytLcuL, sessionId=sess_0e234331-0804-49b2-b1a6-4ad458d727e5","conversationId":"sess_0e234331-0804-49b2-b1a6-4ad458d727e5","turnId":"5d3536ae-8688-41e8-bcb9-68df979eec52","rootTurnId":"5d3536ae-8688-41e8-bcb9-68df979eec52"}
{"timestamp":"2026-08-24T10:02:09.788Z","level":"info","message":"fs.appendMessages.ok {\"system\":\"fs\",\"sessionId\":\"sess_0e234331-0804-49b2-b1a6-4ad458d727e5\",\"messageCount\":1,\"durationMs\":6}","conversationId":"sess_0e234331-0804-49b2-b1a6-4ad458d727e5","turnId":"5d3536ae-8688-41e8-bcb9-68df979eec52","rootTurnId":"5d3536ae-8688-41e8-bcb9-68df979eec52"}
{"timestamp":"2026-08-24T10:02:12.097Z","level":"info","message":"fs.appendMessages.ok {\"system\":\"fs\",\"sessionId\":\"sess_0e234331-0804-49b2-b1a6-4ad458d727e5\",\"messageCount\":1,\"durationMs\":2}","conversationId":"sess_0e234331-0804-49b2-b1a6-4ad458d727e5","turnId":"5d3536ae-8688-41e8-bcb9-68df979eec52","rootTurnId":"5d3536ae-8688-41e8-bcb9-68df979eec52"}
{"timestamp":"2026-08-24T10:02:12.097Z","level":"info","message":"[ACP ToolApproval] Got response: {\"optionId\":\"always-accept\",\"outcome\":\"selected\"}","conversationId":"sess_0e234331-0804-49b2-b1a6-4ad458d727e5","turnId":"5d3536ae-8688-41e8-bcb9-68df979eec52","rootTurnId":"5d3536ae-8688-41e8-bcb9-68df979eec52"}
{"timestamp":"2026-08-24T10:02:12.279Z","level":"info","message":"[PolicySession] rebuild() complete: 17 rules parsed, engineActive=true, fatal=false","conversationId":"sess_0e234331-0804-49b2-b1a6-4ad458d727e5","turnId":"5d3536ae-8688-41e8-bcb9-68df979eec52","rootTurnId":"5d3536ae-8688-41e8-bcb9-68df979eec52"}
{"timestamp":"2026-08-24T10:02:12.279Z","level":"info","message":"[PolicySession] Persisted allow rule for shell matching \"Write-Host \"Seed part 7 done\"\" at scope=user","conversationId":"sess_0e234331-0804-49b2-b1a6-4ad458d727e5","turnId":"5d3536ae-8688-41e8-bcb9-68df979eec52","rootTurnId":"5d3536ae-8688-41e8-bcb9-68df979eec52"}
{"timestamp":"2026-08-24T10:02:12.284Z","level":"info","message":"[ACPEventAdapter] Execution resumed {\"executionId\":\"5d3536ae-8688-41e8-bcb9-68df979eec52\"}","conversationId":"sess_0e234331-0804-49b2-b1a6-4ad458d727e5","turnId":"5d3536ae-8688-41e8-bcb9-68df979eec52","rootTurnId":"5d3536ae-8688-41e8-bcb9-68df979eec52"}
{"timestamp":"2026-08-24T10:02:12.284Z","level":"info","message":"acp.policy-eval.complete {\"toolId\":\"list_directory\",\"effect\":\"allow\",\"capability\":\"fs_read\"}","conversationId":"sess_0e234331-0804-49b2-b1a6-4ad458d727e5","turnId":"5d3536ae-8688-41e8-bcb9-68df979eec52","rootTurnId":"5d3536ae-8688-41e8-bcb9-68df979eec52"}
{"timestamp":"2026-08-24T10:02:19.331Z","level":"info","message":"[AgentIterator] Parallel invoking agent","conversationId":"sess_0e234331-0804-49b2-b1a6-4ad458d727e5","turnId":"5d3536ae-8688-41e8-bcb9-68df979eec52","rootTurnId":"5d3536ae-8688-41e8-bcb9-68df979eec52"}
{"timestamp":"2026-08-24T10:02:19.331Z","level":"info","message":"[Steering] Populating steering for execution 5d3536ae-8688-41e8-bcb9-68df979eec52","conversationId":"sess_0e234331-0804-49b2-b1a6-4ad458d727e5","turnId":"5d3536ae-8688-41e8-bcb9-68df979eec52","rootTurnId":"5d3536ae-8688-41e8-bcb9-68df979eec52"}
{"timestamp":"2026-08-24T10:02:19.331Z","level":"info","message":"[Steering] ExistingFiles: /c:/Users/Student/.kiro/workspace-roots/regen-railway/vite.config.ts in 5d3536ae-8688-41e8-bcb9-68df979eec52","conversationId":"sess_0e234331-0804-49b2-b1a6-4ad458d727e5","turnId":"5d3536ae-8688-41e8-bcb9-68df979eec52","rootTurnId":"5d3536ae-8688-41e8-bcb9-68df979eec52"}
{"timestamp":"2026-08-24T10:02:19.335Z","level":"info","message":"[q-developer-converse] Sending GenerateAssistantResponse modelId=auto agentMode=vibe origin=AI_EDITOR streaming=true conversationId=sess_0e234331-0804-49b2-b1a6-4ad458d727e5","conversationId":"sess_0e234331-0804-49b2-b1a6-4ad458d727e5","turnId":"5d3536ae-8688-41e8-bcb9-68df979eec52","rootTurnId":"5d3536ae-8688-41e8-bcb9-68df979eec52"}
{"timestamp":"2026-08-24T10:02:19.336Z","level":"info","message":"[q-developer-converse] Request payload: 232253 chars, 72 history messages, conversationId=sess_0e234331-0804-49b2-b1a6-4ad458d727e5","conversationId":"sess_0e234331-0804-49b2-b1a6-4ad458d727e5","turnId":"5d3536ae-8688-41e8-bcb9-68df979eec52","rootTurnId":"5d3536ae-8688-41e8-bcb9-68df979eec52"}
{"timestamp":"2026-08-24T10:02:19.344Z","level":"info","message":"fs.appendMessages.ok {\"system\":\"fs\",\"sessionId\":\"sess_0e234331-0804-49b2-b1a6-4ad458d727e5\",\"messageCount\":2,\"durationMs\":16}","conversationId":"sess_0e234331-0804-49b2-b1a6-4ad458d727e5","turnId":"5d3536ae-8688-41e8-bcb9-68df979eec52","rootTurnId":"5d3536ae-8688-41e8-bcb9-68df979eec52"}
{"timestamp":"2026-08-24T10:02:23.604Z","level":"info","message":"[AgentIterator] Synchronizing results","conversationId":"sess_0e234331-0804-49b2-b1a6-4ad458d727e5","turnId":"5d3536ae-8688-41e8-bcb9-68df979eec52","rootTurnId":"5d3536ae-8688-41e8-bcb9-68df979eec52"}
{"timestamp":"2026-08-24T10:02:23.604Z","level":"info","message":"[AgentIterator] Processing intent detection result","conversationId":"sess_0e234331-0804-49b2-b1a6-4ad458d727e5","turnId":"5d3536ae-8688-41e8-bcb9-68df979eec52","rootTurnId":"5d3536ae-8688-41e8-bcb9-68df979eec52"}
{"timestamp":"2026-08-24T10:02:23.605Z","level":"info","message":"[ChatAgent] Processing model response stream","conversationId":"sess_0e234331-0804-49b2-b1a6-4ad458d727e5","turnId":"5d3536ae-8688-41e8-bcb9-68df979eec52","rootTurnId":"5d3536ae-8688-41e8-bcb9-68df979eec52"}
{"timestamp":"2026-08-24T10:02:23.605Z","level":"info","message":"[Steering] Populating steering for execution 5d3536ae-8688-41e8-bcb9-68df979eec52","conversationId":"sess_0e234331-0804-49b2-b1a6-4ad458d727e5","turnId":"5d3536ae-8688-41e8-bcb9-68df979eec52","rootTurnId":"5d3536ae-8688-41e8-bcb9-68df979eec52"}
{"timestamp":"2026-08-24T10:02:23.605Z","level":"info","message":"[Steering] ExistingFiles: /c:/Users/Student/.kiro/workspace-roots/regen-railway/vite.config.ts in 5d3536ae-8688-41e8-bcb9-68df979eec52","conversationId":"sess_0e234331-0804-49b2-b1a6-4ad458d727e5","turnId":"5d3536ae-8688-41e8-bcb9-68df979eec52","rootTurnId":"5d3536ae-8688-41e8-bcb9-68df979eec52"}
{"timestamp":"2026-08-24T10:03:13.431Z","level":"info","message":"[ACPEventAdapter] Execution yielded {\"executionId\":\"5d3536ae-8688-41e8-bcb9-68df979eec52\"}","conversationId":"sess_0e234331-0804-49b2-b1a6-4ad458d727e5","turnId":"5d3536ae-8688-41e8-bcb9-68df979eec52","rootTurnId":"5d3536ae-8688-41e8-bcb9-68df979eec52"}
{"timestamp":"2026-08-24T10:03:13.433Z","level":"info","message":"acp.policy-eval.complete {\"toolId\":\"run_command\",\"effect\":\"ask\"}","conversationId":"sess_0e234331-0804-49b2-b1a6-4ad458d727e5","turnId":"5d3536ae-8688-41e8-bcb9-68df979eec52","rootTurnId":"5d3536ae-8688-41e8-bcb9-68df979eec52"}
{"timestamp":"2026-08-24T10:03:13.444Z","level":"info","message":"[ACP ToolApproval] Requesting permission for toolId=run_command, operationId=run_command_tooluse_2oafZGTa9KD9sRuA0VR2i4, sessionId=sess_0e234331-0804-49b2-b1a6-4ad458d727e5","conversationId":"sess_0e234331-0804-49b2-b1a6-4ad458d727e5","turnId":"5d3536ae-8688-41e8-bcb9-68df979eec52","rootTurnId":"5d3536ae-8688-41e8-bcb9-68df979eec52"}
{"timestamp":"2026-08-24T10:03:13.463Z","level":"info","message":"fs.appendMessages.ok {\"system\":\"fs\",\"sessionId\":\"sess_0e234331-0804-49b2-b1a6-4ad458d727e5\",\"messageCount\":1,\"durationMs\":19}","conversationId":"sess_0e234331-0804-49b2-b1a6-4ad458d727e5","turnId":"5d3536ae-8688-41e8-bcb9-68df979eec52","rootTurnId":"5d3536ae-8688-41e8-bcb9-68df979eec52"}
{"timestamp":"2026-08-24T10:03:13.475Z","level":"info","message":"fs.appendMessages.ok {\"system\":\"fs\",\"sessionId\":\"sess_0e234331-0804-49b2-b1a6-4ad458d727e5\",\"messageCount\":1,\"durationMs\":12}","conversationId":"sess_0e234331-0804-49b2-b1a6-4ad458d727e5","turnId":"5d3536ae-8688-41e8-bcb9-68df979eec52","rootTurnId":"5d3536ae-8688-41e8-bcb9-68df979eec52"}
{"timestamp":"2026-08-24T10:03:13.489Z","level":"info","message":"fs.appendMessages.ok {\"system\":\"fs\",\"sessionId\":\"sess_0e234331-0804-49b2-b1a6-4ad458d727e5\",\"messageCount\":1,\"durationMs\":14}","conversationId":"sess_0e234331-0804-49b2-b1a6-4ad458d727e5","turnId":"5d3536ae-8688-41e8-bcb9-68df979eec52","rootTurnId":"5d3536ae-8688-41e8-bcb9-68df979eec52"}
{"timestamp":"2026-08-24T10:03:16.665Z","level":"info","message":"fs.appendMessages.ok {\"system\":\"fs\",\"sessionId\":\"sess_0e234331-0804-49b2-b1a6-4ad458d727e5\",\"messageCount\":1,\"durationMs\":2}","conversationId":"sess_0e234331-0804-49b2-b1a6-4ad458d727e5","turnId":"5d3536ae-8688-41e8-bcb9-68df979eec52","rootTurnId":"5d3536ae-8688-41e8-bcb9-68df979eec52"}
{"timestamp":"2026-08-24T10:03:16.665Z","level":"info","message":"[ACP ToolApproval] Got response: {\"optionId\":\"always-accept\",\"outcome\":\"selected\"}","conversationId":"sess_0e234331-0804-49b2-b1a6-4ad458d727e5","turnId":"5d3536ae-8688-41e8-bcb9-68df979eec52","rootTurnId":"5d3536ae-8688-41e8-bcb9-68df979eec52"}
{"timestamp":"2026-08-24T10:03:16.848Z","level":"info","message":"[PolicySession] rebuild() complete: 17 rules parsed, engineActive=true, fatal=false","conversationId":"sess_0e234331-0804-49b2-b1a6-4ad458d727e5","turnId":"5d3536ae-8688-41e8-bcb9-68df979eec52","rootTurnId":"5d3536ae-8688-41e8-bcb9-68df979eec52"}
{"timestamp":"2026-08-24T10:03:16.848Z","level":"info","message":"[PolicySession] Persisted allow rule for shell matching \"Add-Content -Path \"src\\data\\seed.ts\" -Value $seedPart8 -Encoding UTF8\" at scope=user","conversationId":"sess_0e234331-0804-49b2-b1a6-4ad458d727e5","turnId":"5d3536ae-8688-41e8-bcb9-68df979eec52","rootTurnId":"5d3536ae-8688-41e8-bcb9-68df979eec52"}
{"timestamp":"2026-08-24T10:03:16.863Z","level":"info","message":"[ACP ToolApproval] Requesting permission for toolId=run_command, operationId=run_command_tooluse_2oafZGTa9KD9sRuA0VR2i4, sessionId=sess_0e234331-0804-49b2-b1a6-4ad458d727e5","conversationId":"sess_0e234331-0804-49b2-b1a6-4ad458d727e5","turnId":"5d3536ae-8688-41e8-bcb9-68df979eec52","rootTurnId":"5d3536ae-8688-41e8-bcb9-68df979eec52"}
{"timestamp":"2026-08-24T10:03:16.868Z","level":"info","message":"fs.appendMessages.ok {\"system\":\"fs\",\"sessionId\":\"sess_0e234331-0804-49b2-b1a6-4ad458d727e5\",\"messageCount\":1,\"durationMs\":5}","conversationId":"sess_0e234331-0804-49b2-b1a6-4ad458d727e5","turnId":"5d3536ae-8688-41e8-bcb9-68df979eec52","rootTurnId":"5d3536ae-8688-41e8-bcb9-68df979eec52"}
{"timestamp":"2026-08-24T10:03:18.384Z","level":"info","message":"fs.appendMessages.ok {\"system\":\"fs\",\"sessionId\":\"sess_0e234331-0804-49b2-b1a6-4ad458d727e5\",\"messageCount\":1,\"durationMs\":2}","conversationId":"sess_0e234331-0804-49b2-b1a6-4ad458d727e5","turnId":"5d3536ae-8688-41e8-bcb9-68df979eec52","rootTurnId":"5d3536ae-8688-41e8-bcb9-68df979eec52"}
{"timestamp":"2026-08-24T10:03:18.385Z","level":"info","message":"[ACP ToolApproval] Got response: {\"optionId\":\"always-accept\",\"outcome\":\"selected\"}","conversationId":"sess_0e234331-0804-49b2-b1a6-4ad458d727e5","turnId":"5d3536ae-8688-41e8-bcb9-68df979eec52","rootTurnId":"5d3536ae-8688-41e8-bcb9-68df979eec52"}
{"timestamp":"2026-08-24T10:03:18.567Z","level":"info","message":"[PolicySession] rebuild() complete: 17 rules parsed, engineActive=true, fatal=false","conversationId":"sess_0e234331-0804-49b2-b1a6-4ad458d727e5","turnId":"5d3536ae-8688-41e8-bcb9-68df979eec52","rootTurnId":"5d3536ae-8688-41e8-bcb9-68df979eec52"}
{"timestamp":"2026-08-24T10:03:18.567Z","level":"info","message":"[PolicySession] Persisted allow rule for shell matching \"Write-Host \"Seed part 8 done\"\" at scope=user","conversationId":"sess_0e234331-0804-49b2-b1a6-4ad458d727e5","turnId":"5d3536ae-8688-41e8-bcb9-68df979eec52","rootTurnId":"5d3536ae-8688-41e8-bcb9-68df979eec52"}
{"timestamp":"2026-08-24T10:03:18.571Z","level":"info","message":"[ACPEventAdapter] Execution resumed {\"executionId\":\"5d3536ae-8688-41e8-bcb9-68df979eec52\"}","conversationId":"sess_0e234331-0804-49b2-b1a6-4ad458d727e5","turnId":"5d3536ae-8688-41e8-bcb9-68df979eec52","rootTurnId":"5d3536ae-8688-41e8-bcb9-68df979eec52"}
{"timestamp":"2026-08-24T10:03:18.572Z","level":"info","message":"acp.policy-eval.complete {\"toolId\":\"list_directory\",\"effect\":\"allow\",\"capability\":\"fs_read\"}","conversationId":"sess_0e234331-0804-49b2-b1a6-4ad458d727e5","turnId":"5d3536ae-8688-41e8-bcb9-68df979eec52","rootTurnId":"5d3536ae-8688-41e8-bcb9-68df979eec52"}
{"timestamp":"2026-08-24T10:03:25.484Z","level":"info","message":"[AgentIterator] Parallel invoking agent","conversationId":"sess_0e234331-0804-49b2-b1a6-4ad458d727e5","turnId":"5d3536ae-8688-41e8-bcb9-68df979eec52","rootTurnId":"5d3536ae-8688-41e8-bcb9-68df979eec52"}
{"timestamp":"2026-08-24T10:03:25.484Z","level":"info","message":"[Steering] Populating steering for execution 5d3536ae-8688-41e8-bcb9-68df979eec52","conversationId":"sess_0e234331-0804-49b2-b1a6-4ad458d727e5","turnId":"5d3536ae-8688-41e8-bcb9-68df979eec52","rootTurnId":"5d3536ae-8688-41e8-bcb9-68df979eec52"}
{"timestamp":"2026-08-24T10:03:25.484Z","level":"info","message":"[Steering] ExistingFiles: /c:/Users/Student/.kiro/workspace-roots/regen-railway/vite.config.ts in 5d3536ae-8688-41e8-bcb9-68df979eec52","conversationId":"sess_0e234331-0804-49b2-b1a6-4ad458d727e5","turnId":"5d3536ae-8688-41e8-bcb9-68df979eec52","rootTurnId":"5d3536ae-8688-41e8-bcb9-68df979eec52"}
{"timestamp":"2026-08-24T10:03:25.488Z","level":"info","message":"[q-developer-converse] Sending GenerateAssistantResponse modelId=auto agentMode=vibe origin=AI_EDITOR streaming=true conversationId=sess_0e234331-0804-49b2-b1a6-4ad458d727e5","conversationId":"sess_0e234331-0804-49b2-b1a6-4ad458d727e5","turnId":"5d3536ae-8688-41e8-bcb9-68df979eec52","rootTurnId":"5d3536ae-8688-41e8-bcb9-68df979eec52"}
{"timestamp":"2026-08-24T10:03:25.488Z","level":"info","message":"[q-developer-converse] Request payload: 246355 chars, 74 history messages, conversationId=sess_0e234331-0804-49b2-b1a6-4ad458d727e5","conversationId":"sess_0e234331-0804-49b2-b1a6-4ad458d727e5","turnId":"5d3536ae-8688-41e8-bcb9-68df979eec52","rootTurnId":"5d3536ae-8688-41e8-bcb9-68df979eec52"}
{"timestamp":"2026-08-24T10:03:25.496Z","level":"info","message":"fs.appendMessages.ok {\"system\":\"fs\",\"sessionId\":\"sess_0e234331-0804-49b2-b1a6-4ad458d727e5\",\"messageCount\":2,\"durationMs\":16}","conversationId":"sess_0e234331-0804-49b2-b1a6-4ad458d727e5","turnId":"5d3536ae-8688-41e8-bcb9-68df979eec52","rootTurnId":"5d3536ae-8688-41e8-bcb9-68df979eec52"}
{"timestamp":"2026-08-24T10:03:29.221Z","level":"info","message":"[AgentIterator] Synchronizing results","conversationId":"sess_0e234331-0804-49b2-b1a6-4ad458d727e5","turnId":"5d3536ae-8688-41e8-bcb9-68df979eec52","rootTurnId":"5d3536ae-8688-41e8-bcb9-68df979eec52"}
{"timestamp":"2026-08-24T10:03:29.221Z","level":"info","message":"[AgentIterator] Processing intent detection result","conversationId":"sess_0e234331-0804-49b2-b1a6-4ad458d727e5","turnId":"5d3536ae-8688-41e8-bcb9-68df979eec52","rootTurnId":"5d3536ae-8688-41e8-bcb9-68df979eec52"}
{"timestamp":"2026-08-24T10:03:29.222Z","level":"info","message":"[ChatAgent] Processing model response stream","conversationId":"sess_0e234331-0804-49b2-b1a6-4ad458d727e5","turnId":"5d3536ae-8688-41e8-bcb9-68df979eec52","rootTurnId":"5d3536ae-8688-41e8-bcb9-68df979eec52"}
{"timestamp":"2026-08-24T10:03:29.222Z","level":"info","message":"[Steering] Populating steering for execution 5d3536ae-8688-41e8-bcb9-68df979eec52","conversationId":"sess_0e234331-0804-49b2-b1a6-4ad458d727e5","turnId":"5d3536ae-8688-41e8-bcb9-68df979eec52","rootTurnId":"5d3536ae-8688-41e8-bcb9-68df979eec52"}
{"timestamp":"2026-08-24T10:03:29.222Z","level":"info","message":"[Steering] ExistingFiles: /c:/Users/Student/.kiro/workspace-roots/regen-railway/vite.config.ts in 5d3536ae-8688-41e8-bcb9-68df979eec52","conversationId":"sess_0e234331-0804-49b2-b1a6-4ad458d727e5","turnId":"5d3536ae-8688-41e8-bcb9-68df979eec52","rootTurnId":"5d3536ae-8688-41e8-bcb9-68df979eec52"}
{"timestamp":"2026-08-24T10:04:22.915Z","level":"info","message":"[ACPEventAdapter] Execution yielded {\"executionId\":\"5d3536ae-8688-41e8-bcb9-68df979eec52\"}","conversationId":"sess_0e234331-0804-49b2-b1a6-4ad458d727e5","turnId":"5d3536ae-8688-41e8-bcb9-68df979eec52","rootTurnId":"5d3536ae-8688-41e8-bcb9-68df979eec52"}
{"timestamp":"2026-08-24T10:04:22.918Z","level":"info","message":"acp.policy-eval.complete {\"toolId\":\"run_command\",\"effect\":\"ask\"}","conversationId":"sess_0e234331-0804-49b2-b1a6-4ad458d727e5","turnId":"5d3536ae-8688-41e8-bcb9-68df979eec52","rootTurnId":"5d3536ae-8688-41e8-bcb9-68df979eec52"}
{"timestamp":"2026-08-24T10:04:22.939Z","level":"info","message":"[ACP ToolApproval] Requesting permission for toolId=run_command, operationId=run_command_tooluse_jXGh4ZEsV0QwFicomg8ZAq, sessionId=sess_0e234331-0804-49b2-b1a6-4ad458d727e5","conversationId":"sess_0e234331-0804-49b2-b1a6-4ad458d727e5","turnId":"5d3536ae-8688-41e8-bcb9-68df979eec52","rootTurnId":"5d3536ae-8688-41e8-bcb9-68df979eec52"}
{"timestamp":"2026-08-24T10:04:22.952Z","level":"info","message":"fs.appendMessages.ok {\"system\":\"fs\",\"sessionId\":\"sess_0e234331-0804-49b2-b1a6-4ad458d727e5\",\"messageCount\":1,\"durationMs\":13}","conversationId":"sess_0e234331-0804-49b2-b1a6-4ad458d727e5","turnId":"5d3536ae-8688-41e8-bcb9-68df979eec52","rootTurnId":"5d3536ae-8688-41e8-bcb9-68df979eec52"}
{"timestamp":"2026-08-24T10:04:22.969Z","level":"info","message":"fs.appendMessages.ok {\"system\":\"fs\",\"sessionId\":\"sess_0e234331-0804-49b2-b1a6-4ad458d727e5\",\"messageCount\":1,\"durationMs\":17}","conversationId":"sess_0e234331-0804-49b2-b1a6-4ad458d727e5","turnId":"5d3536ae-8688-41e8-bcb9-68df979eec52","rootTurnId":"5d3536ae-8688-41e8-bcb9-68df979eec52"}
{"timestamp":"2026-08-24T10:04:22.977Z","level":"info","message":"fs.appendMessages.ok {\"system\":\"fs\",\"sessionId\":\"sess_0e234331-0804-49b2-b1a6-4ad458d727e5\",\"messageCount\":1,\"durationMs\":9}","conversationId":"sess_0e234331-0804-49b2-b1a6-4ad458d727e5","turnId":"5d3536ae-8688-41e8-bcb9-68df979eec52","rootTurnId":"5d3536ae-8688-41e8-bcb9-68df979eec52"}
{"timestamp":"2026-08-24T10:05:20.504Z","level":"info","message":"network.listAvailableModels.ok {\"system\":\"network\",\"durationMs\":1097}"}
{"timestamp":"2026-08-24T10:05:20.504Z","level":"info","message":"[ACPModelConfigProvider] Loaded 9 models"}
{"timestamp":"2026-08-24T10:07:14.976Z","level":"info","message":"fs.appendMessages.ok {\"system\":\"fs\",\"sessionId\":\"sess_0e234331-0804-49b2-b1a6-4ad458d727e5\",\"messageCount\":1,\"durationMs\":2}","conversationId":"sess_0e234331-0804-49b2-b1a6-4ad458d727e5","turnId":"5d3536ae-8688-41e8-bcb9-68df979eec52","rootTurnId":"5d3536ae-8688-41e8-bcb9-68df979eec52"}
{"timestamp":"2026-08-24T10:07:14.977Z","level":"info","message":"[ACP ToolApproval] Got response: {\"optionId\":\"always-accept\",\"outcome\":\"selected\"}","conversationId":"sess_0e234331-0804-49b2-b1a6-4ad458d727e5","turnId":"5d3536ae-8688-41e8-bcb9-68df979eec52","rootTurnId":"5d3536ae-8688-41e8-bcb9-68df979eec52"}
{"timestamp":"2026-08-24T10:07:15.163Z","level":"info","message":"[PolicySession] rebuild() complete: 17 rules parsed, engineActive=true, fatal=false","conversationId":"sess_0e234331-0804-49b2-b1a6-4ad458d727e5","turnId":"5d3536ae-8688-41e8-bcb9-68df979eec52","rootTurnId":"5d3536ae-8688-41e8-bcb9-68df979eec52"}
{"timestamp":"2026-08-24T10:07:15.163Z","level":"info","message":"[PolicySession] Persisted allow rule for shell matching \"Add-Content -Path \"src\\data\\seed.ts\" -Value $seedPart9 -Encoding UTF8\" at scope=user","conversationId":"sess_0e234331-0804-49b2-b1a6-4ad458d727e5","turnId":"5d3536ae-8688-41e8-bcb9-68df979eec52","rootTurnId":"5d3536ae-8688-41e8-bcb9-68df979eec52"}
{"timestamp":"2026-08-24T10:07:15.177Z","level":"info","message":"[ACP ToolApproval] Requesting permission for toolId=run_command, operationId=run_command_tooluse_jXGh4ZEsV0QwFicomg8ZAq, sessionId=sess_0e234331-0804-49b2-b1a6-4ad458d727e5","conversationId":"sess_0e234331-0804-49b2-b1a6-4ad458d727e5","turnId":"5d3536ae-8688-41e8-bcb9-68df979eec52","rootTurnId":"5d3536ae-8688-41e8-bcb9-68df979eec52"}
{"timestamp":"2026-08-24T10:07:15.181Z","level":"info","message":"fs.appendMessages.ok {\"system\":\"fs\",\"sessionId\":\"sess_0e234331-0804-49b2-b1a6-4ad458d727e5\",\"messageCount\":1,\"durationMs\":3}","conversationId":"sess_0e234331-0804-49b2-b1a6-4ad458d727e5","turnId":"5d3536ae-8688-41e8-bcb9-68df979eec52","rootTurnId":"5d3536ae-8688-41e8-bcb9-68df979eec52"}
{"timestamp":"2026-08-24T10:07:16.416Z","level":"info","message":"fs.appendMessages.ok {\"system\":\"fs\",\"sessionId\":\"sess_0e234331-0804-49b2-b1a6-4ad458d727e5\",\"messageCount\":1,\"durationMs\":2}","conversationId":"sess_0e234331-0804-49b2-b1a6-4ad458d727e5","turnId":"5d3536ae-8688-41e8-bcb9-68df979eec52","rootTurnId":"5d3536ae-8688-41e8-bcb9-68df979eec52"}
{"timestamp":"2026-08-24T10:07:16.416Z","level":"info","message":"[ACP ToolApproval] Got response: {\"optionId\":\"always-accept\",\"outcome\":\"selected\"}","conversationId":"sess_0e234331-0804-49b2-b1a6-4ad458d727e5","turnId":"5d3536ae-8688-41e8-bcb9-68df979eec52","rootTurnId":"5d3536ae-8688-41e8-bcb9-68df979eec52"}
{"timestamp":"2026-08-24T10:07:16.603Z","level":"info","message":"[PolicySession] rebuild() complete: 17 rules parsed, engineActive=true, fatal=false","conversationId":"sess_0e234331-0804-49b2-b1a6-4ad458d727e5","turnId":"5d3536ae-8688-41e8-bcb9-68df979eec52","rootTurnId":"5d3536ae-8688-41e8-bcb9-68df979eec52"}
{"timestamp":"2026-08-24T10:07:16.603Z","level":"info","message":"[PolicySession] Persisted allow rule for shell matching \"Write-Host \"Seed part 9 done\"\" at scope=user","conversationId":"sess_0e234331-0804-49b2-b1a6-4ad458d727e5","turnId":"5d3536ae-8688-41e8-bcb9-68df979eec52","rootTurnId":"5d3536ae-8688-41e8-bcb9-68df979eec52"}
{"timestamp":"2026-08-24T10:07:16.608Z","level":"info","message":"[ACPEventAdapter] Execution resumed {\"executionId\":\"5d3536ae-8688-41e8-bcb9-68df979eec52\"}","conversationId":"sess_0e234331-0804-49b2-b1a6-4ad458d727e5","turnId":"5d3536ae-8688-41e8-bcb9-68df979eec52","rootTurnId":"5d3536ae-8688-41e8-bcb9-68df979eec52"}
{"timestamp":"2026-08-24T10:07:16.608Z","level":"info","message":"acp.policy-eval.complete {\"toolId\":\"list_directory\",\"effect\":\"allow\",\"capability\":\"fs_read\"}","conversationId":"sess_0e234331-0804-49b2-b1a6-4ad458d727e5","turnId":"5d3536ae-8688-41e8-bcb9-68df979eec52","rootTurnId":"5d3536ae-8688-41e8-bcb9-68df979eec52"}
{"timestamp":"2026-08-24T10:07:23.509Z","level":"info","message":"[AgentIterator] Parallel invoking agent","conversationId":"sess_0e234331-0804-49b2-b1a6-4ad458d727e5","turnId":"5d3536ae-8688-41e8-bcb9-68df979eec52","rootTurnId":"5d3536ae-8688-41e8-bcb9-68df979eec52"}
{"timestamp":"2026-08-24T10:07:23.509Z","level":"info","message":"[Steering] Populating steering for execution 5d3536ae-8688-41e8-bcb9-68df979eec52","conversationId":"sess_0e234331-0804-49b2-b1a6-4ad458d727e5","turnId":"5d3536ae-8688-41e8-bcb9-68df979eec52","rootTurnId":"5d3536ae-8688-41e8-bcb9-68df979eec52"}
{"timestamp":"2026-08-24T10:07:23.509Z","level":"info","message":"[Steering] ExistingFiles: /c:/Users/Student/.kiro/workspace-roots/regen-railway/vite.config.ts in 5d3536ae-8688-41e8-bcb9-68df979eec52","conversationId":"sess_0e234331-0804-49b2-b1a6-4ad458d727e5","turnId":"5d3536ae-8688-41e8-bcb9-68df979eec52","rootTurnId":"5d3536ae-8688-41e8-bcb9-68df979eec52"}
{"timestamp":"2026-08-24T10:07:23.513Z","level":"info","message":"[q-developer-converse] Sending GenerateAssistantResponse modelId=auto agentMode=vibe origin=AI_EDITOR streaming=true conversationId=sess_0e234331-0804-49b2-b1a6-4ad458d727e5","conversationId":"sess_0e234331-0804-49b2-b1a6-4ad458d727e5","turnId":"5d3536ae-8688-41e8-bcb9-68df979eec52","rootTurnId":"5d3536ae-8688-41e8-bcb9-68df979eec52"}
{"timestamp":"2026-08-24T10:07:23.514Z","level":"info","message":"[q-developer-converse] Request payload: 261226 chars, 76 history messages, conversationId=sess_0e234331-0804-49b2-b1a6-4ad458d727e5","conversationId":"sess_0e234331-0804-49b2-b1a6-4ad458d727e5","turnId":"5d3536ae-8688-41e8-bcb9-68df979eec52","rootTurnId":"5d3536ae-8688-41e8-bcb9-68df979eec52"}
{"timestamp":"2026-08-24T10:07:23.523Z","level":"info","message":"fs.appendMessages.ok {\"system\":\"fs\",\"sessionId\":\"sess_0e234331-0804-49b2-b1a6-4ad458d727e5\",\"messageCount\":2,\"durationMs\":18}","conversationId":"sess_0e234331-0804-49b2-b1a6-4ad458d727e5","turnId":"5d3536ae-8688-41e8-bcb9-68df979eec52","rootTurnId":"5d3536ae-8688-41e8-bcb9-68df979eec52"}
{"timestamp":"2026-08-24T10:07:27.164Z","level":"info","message":"[AgentIterator] Synchronizing results","conversationId":"sess_0e234331-0804-49b2-b1a6-4ad458d727e5","turnId":"5d3536ae-8688-41e8-bcb9-68df979eec52","rootTurnId":"5d3536ae-8688-41e8-bcb9-68df979eec52"}
{"timestamp":"2026-08-24T10:07:27.164Z","level":"info","message":"[AgentIterator] Processing intent detection result","conversationId":"sess_0e234331-0804-49b2-b1a6-4ad458d727e5","turnId":"5d3536ae-8688-41e8-bcb9-68df979eec52","rootTurnId":"5d3536ae-8688-41e8-bcb9-68df979eec52"}
{"timestamp":"2026-08-24T10:07:27.165Z","level":"info","message":"[ChatAgent] Processing model response stream","conversationId":"sess_0e234331-0804-49b2-b1a6-4ad458d727e5","turnId":"5d3536ae-8688-41e8-bcb9-68df979eec52","rootTurnId":"5d3536ae-8688-41e8-bcb9-68df979eec52"}
{"timestamp":"2026-08-24T10:07:27.165Z","level":"info","message":"[Steering] Populating steering for execution 5d3536ae-8688-41e8-bcb9-68df979eec52","conversationId":"sess_0e234331-0804-49b2-b1a6-4ad458d727e5","turnId":"5d3536ae-8688-41e8-bcb9-68df979eec52","rootTurnId":"5d3536ae-8688-41e8-bcb9-68df979eec52"}
{"timestamp":"2026-08-24T10:07:27.165Z","level":"info","message":"[Steering] ExistingFiles: /c:/Users/Student/.kiro/workspace-roots/regen-railway/vite.config.ts in 5d3536ae-8688-41e8-bcb9-68df979eec52","conversationId":"sess_0e234331-0804-49b2-b1a6-4ad458d727e5","turnId":"5d3536ae-8688-41e8-bcb9-68df979eec52","rootTurnId":"5d3536ae-8688-41e8-bcb9-68df979eec52"}
{"timestamp":"2026-08-24T10:07:27.746Z","level":"info","message":"fs.appendMessages.ok {\"system\":\"fs\",\"sessionId\":\"sess_0e234331-0804-49b2-b1a6-4ad458d727e5\",\"messageCount\":1,\"durationMs\":2}","conversationId":"sess_0e234331-0804-49b2-b1a6-4ad458d727e5","turnId":"5d3536ae-8688-41e8-bcb9-68df979eec52","rootTurnId":"5d3536ae-8688-41e8-bcb9-68df979eec52"}
{"timestamp":"2026-08-24T10:07:36.401Z","level":"info","message":"[ACPEventAdapter] Execution yielded {\"executionId\":\"5d3536ae-8688-41e8-bcb9-68df979eec52\"}","conversationId":"sess_0e234331-0804-49b2-b1a6-4ad458d727e5","turnId":"5d3536ae-8688-41e8-bcb9-68df979eec52","rootTurnId":"5d3536ae-8688-41e8-bcb9-68df979eec52"}
{"timestamp":"2026-08-24T10:07:36.403Z","level":"info","message":"acp.policy-eval.complete {\"toolId\":\"run_command\",\"effect\":\"ask\"}","conversationId":"sess_0e234331-0804-49b2-b1a6-4ad458d727e5","turnId":"5d3536ae-8688-41e8-bcb9-68df979eec52","rootTurnId":"5d3536ae-8688-41e8-bcb9-68df979eec52"}
{"timestamp":"2026-08-24T10:07:36.414Z","level":"info","message":"[ACP ToolApproval] Requesting permission for toolId=run_command, operationId=run_command_tooluse_9sZOyo1G6HiCyFeGqRjVTL, sessionId=sess_0e234331-0804-49b2-b1a6-4ad458d727e5","conversationId":"sess_0e234331-0804-49b2-b1a6-4ad458d727e5","turnId":"5d3536ae-8688-41e8-bcb9-68df979eec52","rootTurnId":"5d3536ae-8688-41e8-bcb9-68df979eec52"}
{"timestamp":"2026-08-24T10:07:36.418Z","level":"info","message":"fs.appendMessages.ok {\"system\":\"fs\",\"sessionId\":\"sess_0e234331-0804-49b2-b1a6-4ad458d727e5\",\"messageCount\":1,\"durationMs\":5}","conversationId":"sess_0e234331-0804-49b2-b1a6-4ad458d727e5","turnId":"5d3536ae-8688-41e8-bcb9-68df979eec52","rootTurnId":"5d3536ae-8688-41e8-bcb9-68df979eec52"}
{"timestamp":"2026-08-24T10:07:36.428Z","level":"info","message":"fs.appendMessages.ok {\"system\":\"fs\",\"sessionId\":\"sess_0e234331-0804-49b2-b1a6-4ad458d727e5\",\"messageCount\":1,\"durationMs\":9}","conversationId":"sess_0e234331-0804-49b2-b1a6-4ad458d727e5","turnId":"5d3536ae-8688-41e8-bcb9-68df979eec52","rootTurnId":"5d3536ae-8688-41e8-bcb9-68df979eec52"}
{"timestamp":"2026-08-24T10:07:36.435Z","level":"info","message":"fs.appendMessages.ok {\"system\":\"fs\",\"sessionId\":\"sess_0e234331-0804-49b2-b1a6-4ad458d727e5\",\"messageCount\":1,\"durationMs\":7}","conversationId":"sess_0e234331-0804-49b2-b1a6-4ad458d727e5","turnId":"5d3536ae-8688-41e8-bcb9-68df979eec52","rootTurnId":"5d3536ae-8688-41e8-bcb9-68df979eec52"}
{"timestamp":"2026-08-24T10:09:51.176Z","level":"info","message":"fs.appendMessages.ok {\"system\":\"fs\",\"sessionId\":\"sess_0e234331-0804-49b2-b1a6-4ad458d727e5\",\"messageCount\":1,\"durationMs\":2}","conversationId":"sess_0e234331-0804-49b2-b1a6-4ad458d727e5","turnId":"5d3536ae-8688-41e8-bcb9-68df979eec52","rootTurnId":"5d3536ae-8688-41e8-bcb9-68df979eec52"}
{"timestamp":"2026-08-24T10:09:51.177Z","level":"info","message":"[ACP ToolApproval] Got response: {\"optionId\":\"always-accept\",\"outcome\":\"selected\"}","conversationId":"sess_0e234331-0804-49b2-b1a6-4ad458d727e5","turnId":"5d3536ae-8688-41e8-bcb9-68df979eec52","rootTurnId":"5d3536ae-8688-41e8-bcb9-68df979eec52"}
{"timestamp":"2026-08-24T10:09:51.368Z","level":"info","message":"[PolicySession] rebuild() complete: 17 rules parsed, engineActive=true, fatal=false","conversationId":"sess_0e234331-0804-49b2-b1a6-4ad458d727e5","turnId":"5d3536ae-8688-41e8-bcb9-68df979eec52","rootTurnId":"5d3536ae-8688-41e8-bcb9-68df979eec52"}
{"timestamp":"2026-08-24T10:09:51.368Z","level":"info","message":"[PolicySession] Persisted allow rule for shell matching \"Set-Content -Path \"supabase\\migrations\\002_seed.sql\" -Value $sqlSeed -Encoding UTF8\" at scope=user","conversationId":"sess_0e234331-0804-49b2-b1a6-4ad458d727e5","turnId":"5d3536ae-8688-41e8-bcb9-68df979eec52","rootTurnId":"5d3536ae-8688-41e8-bcb9-68df979eec52"}
{"timestamp":"2026-08-24T10:09:51.383Z","level":"info","message":"[ACP ToolApproval] Requesting permission for toolId=run_command, operationId=run_command_tooluse_9sZOyo1G6HiCyFeGqRjVTL, sessionId=sess_0e234331-0804-49b2-b1a6-4ad458d727e5","conversationId":"sess_0e234331-0804-49b2-b1a6-4ad458d727e5","turnId":"5d3536ae-8688-41e8-bcb9-68df979eec52","rootTurnId":"5d3536ae-8688-41e8-bcb9-68df979eec52"}
{"timestamp":"2026-08-24T10:09:51.386Z","level":"info","message":"fs.appendMessages.ok {\"system\":\"fs\",\"sessionId\":\"sess_0e234331-0804-49b2-b1a6-4ad458d727e5\",\"messageCount\":1,\"durationMs\":3}","conversationId":"sess_0e234331-0804-49b2-b1a6-4ad458d727e5","turnId":"5d3536ae-8688-41e8-bcb9-68df979eec52","rootTurnId":"5d3536ae-8688-41e8-bcb9-68df979eec52"}
{"timestamp":"2026-08-24T10:09:52.753Z","level":"info","message":"fs.appendMessages.ok {\"system\":\"fs\",\"sessionId\":\"sess_0e234331-0804-49b2-b1a6-4ad458d727e5\",\"messageCount\":1,\"durationMs\":2}","conversationId":"sess_0e234331-0804-49b2-b1a6-4ad458d727e5","turnId":"5d3536ae-8688-41e8-bcb9-68df979eec52","rootTurnId":"5d3536ae-8688-41e8-bcb9-68df979eec52"}
{"timestamp":"2026-08-24T10:09:52.753Z","level":"info","message":"[ACP ToolApproval] Got response: {\"optionId\":\"always-accept\",\"outcome\":\"selected\"}","conversationId":"sess_0e234331-0804-49b2-b1a6-4ad458d727e5","turnId":"5d3536ae-8688-41e8-bcb9-68df979eec52","rootTurnId":"5d3536ae-8688-41e8-bcb9-68df979eec52"}
{"timestamp":"2026-08-24T10:09:52.940Z","level":"info","message":"[PolicySession] rebuild() complete: 17 rules parsed, engineActive=true, fatal=false","conversationId":"sess_0e234331-0804-49b2-b1a6-4ad458d727e5","turnId":"5d3536ae-8688-41e8-bcb9-68df979eec52","rootTurnId":"5d3536ae-8688-41e8-bcb9-68df979eec52"}
{"timestamp":"2026-08-24T10:09:52.940Z","level":"info","message":"[PolicySession] Persisted allow rule for shell matching \"Write-Host \"SQL seed done\"\" at scope=user","conversationId":"sess_0e234331-0804-49b2-b1a6-4ad458d727e5","turnId":"5d3536ae-8688-41e8-bcb9-68df979eec52","rootTurnId":"5d3536ae-8688-41e8-bcb9-68df979eec52"}
{"timestamp":"2026-08-24T10:09:52.944Z","level":"info","message":"[ACPEventAdapter] Execution resumed {\"executionId\":\"5d3536ae-8688-41e8-bcb9-68df979eec52\"}","conversationId":"sess_0e234331-0804-49b2-b1a6-4ad458d727e5","turnId":"5d3536ae-8688-41e8-bcb9-68df979eec52","rootTurnId":"5d3536ae-8688-41e8-bcb9-68df979eec52"}
{"timestamp":"2026-08-24T10:09:52.944Z","level":"info","message":"acp.policy-eval.complete {\"toolId\":\"list_directory\",\"effect\":\"allow\",\"capability\":\"fs_read\"}","conversationId":"sess_0e234331-0804-49b2-b1a6-4ad458d727e5","turnId":"5d3536ae-8688-41e8-bcb9-68df979eec52","rootTurnId":"5d3536ae-8688-41e8-bcb9-68df979eec52"}
{"timestamp":"2026-08-24T10:09:59.277Z","level":"info","message":"[AgentIterator] Parallel invoking agent","conversationId":"sess_0e234331-0804-49b2-b1a6-4ad458d727e5","turnId":"5d3536ae-8688-41e8-bcb9-68df979eec52","rootTurnId":"5d3536ae-8688-41e8-bcb9-68df979eec52"}
{"timestamp":"2026-08-24T10:09:59.277Z","level":"info","message":"[Steering] Populating steering for execution 5d3536ae-8688-41e8-bcb9-68df979eec52","conversationId":"sess_0e234331-0804-49b2-b1a6-4ad458d727e5","turnId":"5d3536ae-8688-41e8-bcb9-68df979eec52","rootTurnId":"5d3536ae-8688-41e8-bcb9-68df979eec52"}
{"timestamp":"2026-08-24T10:09:59.277Z","level":"info","message":"[Steering] ExistingFiles: /c:/Users/Student/.kiro/workspace-roots/regen-railway/vite.config.ts in 5d3536ae-8688-41e8-bcb9-68df979eec52","conversationId":"sess_0e234331-0804-49b2-b1a6-4ad458d727e5","turnId":"5d3536ae-8688-41e8-bcb9-68df979eec52","rootTurnId":"5d3536ae-8688-41e8-bcb9-68df979eec52"}
{"timestamp":"2026-08-24T10:09:59.280Z","level":"info","message":"[q-developer-converse] Sending GenerateAssistantResponse modelId=auto agentMode=vibe origin=AI_EDITOR streaming=true conversationId=sess_0e234331-0804-49b2-b1a6-4ad458d727e5","conversationId":"sess_0e234331-0804-49b2-b1a6-4ad458d727e5","turnId":"5d3536ae-8688-41e8-bcb9-68df979eec52","rootTurnId":"5d3536ae-8688-41e8-bcb9-68df979eec52"}
{"timestamp":"2026-08-24T10:09:59.281Z","level":"info","message":"[q-developer-converse] Request payload: 263559 chars, 78 history messages, conversationId=sess_0e234331-0804-49b2-b1a6-4ad458d727e5","conversationId":"sess_0e234331-0804-49b2-b1a6-4ad458d727e5","turnId":"5d3536ae-8688-41e8-bcb9-68df979eec52","rootTurnId":"5d3536ae-8688-41e8-bcb9-68df979eec52"}
{"timestamp":"2026-08-24T10:09:59.290Z","level":"info","message":"fs.appendMessages.ok {\"system\":\"fs\",\"sessionId\":\"sess_0e234331-0804-49b2-b1a6-4ad458d727e5\",\"messageCount\":2,\"durationMs\":16}","conversationId":"sess_0e234331-0804-49b2-b1a6-4ad458d727e5","turnId":"5d3536ae-8688-41e8-bcb9-68df979eec52","rootTurnId":"5d3536ae-8688-41e8-bcb9-68df979eec52"}
{"timestamp":"2026-08-24T10:10:02.638Z","level":"info","message":"[AgentIterator] Synchronizing results","conversationId":"sess_0e234331-0804-49b2-b1a6-4ad458d727e5","turnId":"5d3536ae-8688-41e8-bcb9-68df979eec52","rootTurnId":"5d3536ae-8688-41e8-bcb9-68df979eec52"}
{"timestamp":"2026-08-24T10:10:02.638Z","level":"info","message":"[AgentIterator] Processing intent detection result","conversationId":"sess_0e234331-0804-49b2-b1a6-4ad458d727e5","turnId":"5d3536ae-8688-41e8-bcb9-68df979eec52","rootTurnId":"5d3536ae-8688-41e8-bcb9-68df979eec52"}
{"timestamp":"2026-08-24T10:10:02.638Z","level":"info","message":"[ChatAgent] Processing model response stream","conversationId":"sess_0e234331-0804-49b2-b1a6-4ad458d727e5","turnId":"5d3536ae-8688-41e8-bcb9-68df979eec52","rootTurnId":"5d3536ae-8688-41e8-bcb9-68df979eec52"}
{"timestamp":"2026-08-24T10:10:02.638Z","level":"info","message":"[Steering] Populating steering for execution 5d3536ae-8688-41e8-bcb9-68df979eec52","conversationId":"sess_0e234331-0804-49b2-b1a6-4ad458d727e5","turnId":"5d3536ae-8688-41e8-bcb9-68df979eec52","rootTurnId":"5d3536ae-8688-41e8-bcb9-68df979eec52"}
{"timestamp":"2026-08-24T10:10:02.639Z","level":"info","message":"[Steering] ExistingFiles: /c:/Users/Student/.kiro/workspace-roots/regen-railway/vite.config.ts in 5d3536ae-8688-41e8-bcb9-68df979eec52","conversationId":"sess_0e234331-0804-49b2-b1a6-4ad458d727e5","turnId":"5d3536ae-8688-41e8-bcb9-68df979eec52","rootTurnId":"5d3536ae-8688-41e8-bcb9-68df979eec52"}
{"timestamp":"2026-08-24T10:10:03.281Z","level":"info","message":"fs.appendMessages.ok {\"system\":\"fs\",\"sessionId\":\"sess_0e234331-0804-49b2-b1a6-4ad458d727e5\",\"messageCount\":1,\"durationMs\":3}","conversationId":"sess_0e234331-0804-49b2-b1a6-4ad458d727e5","turnId":"5d3536ae-8688-41e8-bcb9-68df979eec52","rootTurnId":"5d3536ae-8688-41e8-bcb9-68df979eec52"}
{"timestamp":"2026-08-24T10:10:21.938Z","level":"info","message":"network.listAvailableModels.ok {\"system\":\"network\",\"durationMs\":1418}"}
{"timestamp":"2026-08-24T10:10:21.938Z","level":"info","message":"[ACPModelConfigProvider] Loaded 9 models"}
{"timestamp":"2026-08-24T10:10:35.576Z","level":"info","message":"[ACPEventAdapter] Execution yielded {\"executionId\":\"5d3536ae-8688-41e8-bcb9-68df979eec52\"}","conversationId":"sess_0e234331-0804-49b2-b1a6-4ad458d727e5","turnId":"5d3536ae-8688-41e8-bcb9-68df979eec52","rootTurnId":"5d3536ae-8688-41e8-bcb9-68df979eec52"}
{"timestamp":"2026-08-24T10:10:35.578Z","level":"info","message":"acp.policy-eval.complete {\"toolId\":\"run_command\",\"effect\":\"ask\"}","conversationId":"sess_0e234331-0804-49b2-b1a6-4ad458d727e5","turnId":"5d3536ae-8688-41e8-bcb9-68df979eec52","rootTurnId":"5d3536ae-8688-41e8-bcb9-68df979eec52"}
{"timestamp":"2026-08-24T10:10:35.590Z","level":"info","message":"[ACP ToolApproval] Requesting permission for toolId=run_command, operationId=run_command_tooluse_oe7937C0qaU5lDTIMHXCSs, sessionId=sess_0e234331-0804-49b2-b1a6-4ad458d727e5","conversationId":"sess_0e234331-0804-49b2-b1a6-4ad458d727e5","turnId":"5d3536ae-8688-41e8-bcb9-68df979eec52","rootTurnId":"5d3536ae-8688-41e8-bcb9-68df979eec52"}
{"timestamp":"2026-08-24T10:10:35.598Z","level":"info","message":"fs.appendMessages.ok {\"system\":\"fs\",\"sessionId\":\"sess_0e234331-0804-49b2-b1a6-4ad458d727e5\",\"messageCount\":1,\"durationMs\":9}","conversationId":"sess_0e234331-0804-49b2-b1a6-4ad458d727e5","turnId":"5d3536ae-8688-41e8-bcb9-68df979eec52","rootTurnId":"5d3536ae-8688-41e8-bcb9-68df979eec52"}
{"timestamp":"2026-08-24T10:10:35.606Z","level":"info","message":"fs.appendMessages.ok {\"system\":\"fs\",\"sessionId\":\"sess_0e234331-0804-49b2-b1a6-4ad458d727e5\",\"messageCount\":1,\"durationMs\":8}","conversationId":"sess_0e234331-0804-49b2-b1a6-4ad458d727e5","turnId":"5d3536ae-8688-41e8-bcb9-68df979eec52","rootTurnId":"5d3536ae-8688-41e8-bcb9-68df979eec52"}
{"timestamp":"2026-08-24T10:10:35.616Z","level":"info","message":"fs.appendMessages.ok {\"system\":\"fs\",\"sessionId\":\"sess_0e234331-0804-49b2-b1a6-4ad458d727e5\",\"messageCount\":1,\"durationMs\":10}","conversationId":"sess_0e234331-0804-49b2-b1a6-4ad458d727e5","turnId":"5d3536ae-8688-41e8-bcb9-68df979eec52","rootTurnId":"5d3536ae-8688-41e8-bcb9-68df979eec52"}
{"timestamp":"2026-08-24T10:10:40.864Z","level":"info","message":"fs.appendMessages.ok {\"system\":\"fs\",\"sessionId\":\"sess_0e234331-0804-49b2-b1a6-4ad458d727e5\",\"messageCount\":1,\"durationMs\":2}","conversationId":"sess_0e234331-0804-49b2-b1a6-4ad458d727e5","turnId":"5d3536ae-8688-41e8-bcb9-68df979eec52","rootTurnId":"5d3536ae-8688-41e8-bcb9-68df979eec52"}
{"timestamp":"2026-08-24T10:10:40.864Z","level":"info","message":"[ACP ToolApproval] Got response: {\"optionId\":\"always-accept\",\"outcome\":\"selected\"}","conversationId":"sess_0e234331-0804-49b2-b1a6-4ad458d727e5","turnId":"5d3536ae-8688-41e8-bcb9-68df979eec52","rootTurnId":"5d3536ae-8688-41e8-bcb9-68df979eec52"}
{"timestamp":"2026-08-24T10:10:41.061Z","level":"info","message":"[PolicySession] rebuild() complete: 17 rules parsed, engineActive=true, fatal=false","conversationId":"sess_0e234331-0804-49b2-b1a6-4ad458d727e5","turnId":"5d3536ae-8688-41e8-bcb9-68df979eec52","rootTurnId":"5d3536ae-8688-41e8-bcb9-68df979eec52"}
{"timestamp":"2026-08-24T10:10:41.061Z","level":"info","message":"[PolicySession] Persisted allow rule for shell matching \"Set-Content -Path \"src\\store\\dataStore.ts\" -Value $store -Encoding UTF8\" at scope=user","conversationId":"sess_0e234331-0804-49b2-b1a6-4ad458d727e5","turnId":"5d3536ae-8688-41e8-bcb9-68df979eec52","rootTurnId":"5d3536ae-8688-41e8-bcb9-68df979eec52"}
{"timestamp":"2026-08-24T10:10:41.076Z","level":"info","message":"[ACP ToolApproval] Requesting permission for toolId=run_command, operationId=run_command_tooluse_oe7937C0qaU5lDTIMHXCSs, sessionId=sess_0e234331-0804-49b2-b1a6-4ad458d727e5","conversationId":"sess_0e234331-0804-49b2-b1a6-4ad458d727e5","turnId":"5d3536ae-8688-41e8-bcb9-68df979eec52","rootTurnId":"5d3536ae-8688-41e8-bcb9-68df979eec52"}
{"timestamp":"2026-08-24T10:10:41.080Z","level":"info","message":"fs.appendMessages.ok {\"system\":\"fs\",\"sessionId\":\"sess_0e234331-0804-49b2-b1a6-4ad458d727e5\",\"messageCount\":1,\"durationMs\":4}","conversationId":"sess_0e234331-0804-49b2-b1a6-4ad458d727e5","turnId":"5d3536ae-8688-41e8-bcb9-68df979eec52","rootTurnId":"5d3536ae-8688-41e8-bcb9-68df979eec52"}
{"timestamp":"2026-08-24T10:10:45.056Z","level":"info","message":"fs.appendMessages.ok {\"system\":\"fs\",\"sessionId\":\"sess_0e234331-0804-49b2-b1a6-4ad458d727e5\",\"messageCount\":1,\"durationMs\":2}","conversationId":"sess_0e234331-0804-49b2-b1a6-4ad458d727e5","turnId":"5d3536ae-8688-41e8-bcb9-68df979eec52","rootTurnId":"5d3536ae-8688-41e8-bcb9-68df979eec52"}
{"timestamp":"2026-08-24T10:10:45.056Z","level":"info","message":"[ACP ToolApproval] Got response: {\"optionId\":\"always-accept\",\"outcome\":\"selected\"}","conversationId":"sess_0e234331-0804-49b2-b1a6-4ad458d727e5","turnId":"5d3536ae-8688-41e8-bcb9-68df979eec52","rootTurnId":"5d3536ae-8688-41e8-bcb9-68df979eec52"}
{"timestamp":"2026-08-24T10:10:45.245Z","level":"info","message":"[PolicySession] rebuild() complete: 17 rules parsed, engineActive=true, fatal=false","conversationId":"sess_0e234331-0804-49b2-b1a6-4ad458d727e5","turnId":"5d3536ae-8688-41e8-bcb9-68df979eec52","rootTurnId":"5d3536ae-8688-41e8-bcb9-68df979eec52"}
{"timestamp":"2026-08-24T10:10:45.245Z","level":"info","message":"[PolicySession] Persisted allow rule for shell matching \"Write-Host \"dataStore.ts done\"\" at scope=user","conversationId":"sess_0e234331-0804-49b2-b1a6-4ad458d727e5","turnId":"5d3536ae-8688-41e8-bcb9-68df979eec52","rootTurnId":"5d3536ae-8688-41e8-bcb9-68df979eec52"}
{"timestamp":"2026-08-24T10:10:45.250Z","level":"info","message":"[ACPEventAdapter] Execution resumed {\"executionId\":\"5d3536ae-8688-41e8-bcb9-68df979eec52\"}","conversationId":"sess_0e234331-0804-49b2-b1a6-4ad458d727e5","turnId":"5d3536ae-8688-41e8-bcb9-68df979eec52","rootTurnId":"5d3536ae-8688-41e8-bcb9-68df979eec52"}
{"timestamp":"2026-08-24T10:10:45.250Z","level":"info","message":"acp.policy-eval.complete {\"toolId\":\"list_directory\",\"effect\":\"allow\",\"capability\":\"fs_read\"}","conversationId":"sess_0e234331-0804-49b2-b1a6-4ad458d727e5","turnId":"5d3536ae-8688-41e8-bcb9-68df979eec52","rootTurnId":"5d3536ae-8688-41e8-bcb9-68df979eec52"}
{"timestamp":"2026-08-24T10:10:51.079Z","level":"info","message":"[AgentIterator] Parallel invoking agent","conversationId":"sess_0e234331-0804-49b2-b1a6-4ad458d727e5","turnId":"5d3536ae-8688-41e8-bcb9-68df979eec52","rootTurnId":"5d3536ae-8688-41e8-bcb9-68df979eec52"}
{"timestamp":"2026-08-24T10:10:51.079Z","level":"info","message":"[Steering] Populating steering for execution 5d3536ae-8688-41e8-bcb9-68df979eec52","conversationId":"sess_0e234331-0804-49b2-b1a6-4ad458d727e5","turnId":"5d3536ae-8688-41e8-bcb9-68df979eec52","rootTurnId":"5d3536ae-8688-41e8-bcb9-68df979eec52"}
{"timestamp":"2026-08-24T10:10:51.079Z","level":"info","message":"[Steering] ExistingFiles: /c:/Users/Student/.kiro/workspace-roots/regen-railway/vite.config.ts in 5d3536ae-8688-41e8-bcb9-68df979eec52","conversationId":"sess_0e234331-0804-49b2-b1a6-4ad458d727e5","turnId":"5d3536ae-8688-41e8-bcb9-68df979eec52","rootTurnId":"5d3536ae-8688-41e8-bcb9-68df979eec52"}
{"timestamp":"2026-08-24T10:10:51.082Z","level":"info","message":"[q-developer-converse] Sending GenerateAssistantResponse modelId=auto agentMode=vibe origin=AI_EDITOR streaming=true conversationId=sess_0e234331-0804-49b2-b1a6-4ad458d727e5","conversationId":"sess_0e234331-0804-49b2-b1a6-4ad458d727e5","turnId":"5d3536ae-8688-41e8-bcb9-68df979eec52","rootTurnId":"5d3536ae-8688-41e8-bcb9-68df979eec52"}
{"timestamp":"2026-08-24T10:10:51.083Z","level":"info","message":"[q-developer-converse] Request payload: 275492 chars, 80 history messages, conversationId=sess_0e234331-0804-49b2-b1a6-4ad458d727e5","conversationId":"sess_0e234331-0804-49b2-b1a6-4ad458d727e5","turnId":"5d3536ae-8688-41e8-bcb9-68df979eec52","rootTurnId":"5d3536ae-8688-41e8-bcb9-68df979eec52"}
{"timestamp":"2026-08-24T10:10:51.091Z","level":"info","message":"fs.appendMessages.ok {\"system\":\"fs\",\"sessionId\":\"sess_0e234331-0804-49b2-b1a6-4ad458d727e5\",\"messageCount\":2,\"durationMs\":16}","conversationId":"sess_0e234331-0804-49b2-b1a6-4ad458d727e5","turnId":"5d3536ae-8688-41e8-bcb9-68df979eec52","rootTurnId":"5d3536ae-8688-41e8-bcb9-68df979eec52"}
{"timestamp":"2026-08-24T10:10:55.551Z","level":"info","message":"[AgentIterator] Synchronizing results","conversationId":"sess_0e234331-0804-49b2-b1a6-4ad458d727e5","turnId":"5d3536ae-8688-41e8-bcb9-68df979eec52","rootTurnId":"5d3536ae-8688-41e8-bcb9-68df979eec52"}
{"timestamp":"2026-08-24T10:10:55.551Z","level":"info","message":"[AgentIterator] Processing intent detection result","conversationId":"sess_0e234331-0804-49b2-b1a6-4ad458d727e5","turnId":"5d3536ae-8688-41e8-bcb9-68df979eec52","rootTurnId":"5d3536ae-8688-41e8-bcb9-68df979eec52"}
{"timestamp":"2026-08-24T10:10:55.551Z","level":"info","message":"[ChatAgent] Processing model response stream","conversationId":"sess_0e234331-0804-49b2-b1a6-4ad458d727e5","turnId":"5d3536ae-8688-41e8-bcb9-68df979eec52","rootTurnId":"5d3536ae-8688-41e8-bcb9-68df979eec52"}
{"timestamp":"2026-08-24T10:10:55.551Z","level":"info","message":"[Steering] Populating steering for execution 5d3536ae-8688-41e8-bcb9-68df979eec52","conversationId":"sess_0e234331-0804-49b2-b1a6-4ad458d727e5","turnId":"5d3536ae-8688-41e8-bcb9-68df979eec52","rootTurnId":"5d3536ae-8688-41e8-bcb9-68df979eec52"}
{"timestamp":"2026-08-24T10:10:55.551Z","level":"info","message":"[Steering] ExistingFiles: /c:/Users/Student/.kiro/workspace-roots/regen-railway/vite.config.ts in 5d3536ae-8688-41e8-bcb9-68df979eec52","conversationId":"sess_0e234331-0804-49b2-b1a6-4ad458d727e5","turnId":"5d3536ae-8688-41e8-bcb9-68df979eec52","rootTurnId":"5d3536ae-8688-41e8-bcb9-68df979eec52"}
{"timestamp":"2026-08-24T10:10:59.966Z","level":"info","message":"[AgentIterator] Parallel invoking agent","conversationId":"sess_0e234331-0804-49b2-b1a6-4ad458d727e5","turnId":"5d3536ae-8688-41e8-bcb9-68df979eec52","rootTurnId":"5d3536ae-8688-41e8-bcb9-68df979eec52"}
{"timestamp":"2026-08-24T10:10:59.966Z","level":"info","message":"[Steering] Populating steering for execution 5d3536ae-8688-41e8-bcb9-68df979eec52","conversationId":"sess_0e234331-0804-49b2-b1a6-4ad458d727e5","turnId":"5d3536ae-8688-41e8-bcb9-68df979eec52","rootTurnId":"5d3536ae-8688-41e8-bcb9-68df979eec52"}
{"timestamp":"2026-08-24T10:10:59.967Z","level":"info","message":"[Steering] ExistingFiles: /c:/Users/Student/.kiro/workspace-roots/regen-railway/vite.config.ts in 5d3536ae-8688-41e8-bcb9-68df979eec52","conversationId":"sess_0e234331-0804-49b2-b1a6-4ad458d727e5","turnId":"5d3536ae-8688-41e8-bcb9-68df979eec52","rootTurnId":"5d3536ae-8688-41e8-bcb9-68df979eec52"}
{"timestamp":"2026-08-24T10:10:59.969Z","level":"info","message":"Injecting todo list context into conversation","conversationId":"sess_0e234331-0804-49b2-b1a6-4ad458d727e5","turnId":"5d3536ae-8688-41e8-bcb9-68df979eec52","rootTurnId":"5d3536ae-8688-41e8-bcb9-68df979eec52"}
{"timestamp":"2026-08-24T10:10:59.971Z","level":"info","message":"[q-developer-converse] Sending GenerateAssistantResponse modelId=auto agentMode=vibe origin=AI_EDITOR streaming=true conversationId=sess_0e234331-0804-49b2-b1a6-4ad458d727e5","conversationId":"sess_0e234331-0804-49b2-b1a6-4ad458d727e5","turnId":"5d3536ae-8688-41e8-bcb9-68df979eec52","rootTurnId":"5d3536ae-8688-41e8-bcb9-68df979eec52"}
{"timestamp":"2026-08-24T10:10:59.972Z","level":"info","message":"[q-developer-converse] Request payload: 282323 chars, 84 history messages, conversationId=sess_0e234331-0804-49b2-b1a6-4ad458d727e5","conversationId":"sess_0e234331-0804-49b2-b1a6-4ad458d727e5","turnId":"5d3536ae-8688-41e8-bcb9-68df979eec52","rootTurnId":"5d3536ae-8688-41e8-bcb9-68df979eec52"}
{"timestamp":"2026-08-24T10:10:59.980Z","level":"info","message":"fs.appendMessages.ok {\"system\":\"fs\",\"sessionId\":\"sess_0e234331-0804-49b2-b1a6-4ad458d727e5\",\"messageCount\":2,\"durationMs\":17}","conversationId":"sess_0e234331-0804-49b2-b1a6-4ad458d727e5","turnId":"5d3536ae-8688-41e8-bcb9-68df979eec52","rootTurnId":"5d3536ae-8688-41e8-bcb9-68df979eec52"}
{"timestamp":"2026-08-24T10:10:59.986Z","level":"info","message":"fs.appendMessages.ok {\"system\":\"fs\",\"sessionId\":\"sess_0e234331-0804-49b2-b1a6-4ad458d727e5\",\"messageCount\":1,\"durationMs\":6}","conversationId":"sess_0e234331-0804-49b2-b1a6-4ad458d727e5","turnId":"5d3536ae-8688-41e8-bcb9-68df979eec52","rootTurnId":"5d3536ae-8688-41e8-bcb9-68df979eec52"}
{"timestamp":"2026-08-24T10:10:59.990Z","level":"info","message":"fs.appendMessages.ok {\"system\":\"fs\",\"sessionId\":\"sess_0e234331-0804-49b2-b1a6-4ad458d727e5\",\"messageCount\":1,\"durationMs\":5}","conversationId":"sess_0e234331-0804-49b2-b1a6-4ad458d727e5","turnId":"5d3536ae-8688-41e8-bcb9-68df979eec52","rootTurnId":"5d3536ae-8688-41e8-bcb9-68df979eec52"}
{"timestamp":"2026-08-24T10:11:03.389Z","level":"info","message":"[AgentIterator] Synchronizing results","conversationId":"sess_0e234331-0804-49b2-b1a6-4ad458d727e5","turnId":"5d3536ae-8688-41e8-bcb9-68df979eec52","rootTurnId":"5d3536ae-8688-41e8-bcb9-68df979eec52"}
{"timestamp":"2026-08-24T10:11:03.389Z","level":"info","message":"[AgentIterator] Processing intent detection result","conversationId":"sess_0e234331-0804-49b2-b1a6-4ad458d727e5","turnId":"5d3536ae-8688-41e8-bcb9-68df979eec52","rootTurnId":"5d3536ae-8688-41e8-bcb9-68df979eec52"}
{"timestamp":"2026-08-24T10:11:03.390Z","level":"info","message":"[ChatAgent] Processing model response stream","conversationId":"sess_0e234331-0804-49b2-b1a6-4ad458d727e5","turnId":"5d3536ae-8688-41e8-bcb9-68df979eec52","rootTurnId":"5d3536ae-8688-41e8-bcb9-68df979eec52"}
{"timestamp":"2026-08-24T10:11:03.390Z","level":"info","message":"[Steering] Populating steering for execution 5d3536ae-8688-41e8-bcb9-68df979eec52","conversationId":"sess_0e234331-0804-49b2-b1a6-4ad458d727e5","turnId":"5d3536ae-8688-41e8-bcb9-68df979eec52","rootTurnId":"5d3536ae-8688-41e8-bcb9-68df979eec52"}
{"timestamp":"2026-08-24T10:11:03.390Z","level":"info","message":"[Steering] ExistingFiles: /c:/Users/Student/.kiro/workspace-roots/regen-railway/vite.config.ts in 5d3536ae-8688-41e8-bcb9-68df979eec52","conversationId":"sess_0e234331-0804-49b2-b1a6-4ad458d727e5","turnId":"5d3536ae-8688-41e8-bcb9-68df979eec52","rootTurnId":"5d3536ae-8688-41e8-bcb9-68df979eec52"}
{"timestamp":"2026-08-24T10:11:04.412Z","level":"info","message":"fs.appendMessages.ok {\"system\":\"fs\",\"sessionId\":\"sess_0e234331-0804-49b2-b1a6-4ad458d727e5\",\"messageCount\":1,\"durationMs\":2}","conversationId":"sess_0e234331-0804-49b2-b1a6-4ad458d727e5","turnId":"5d3536ae-8688-41e8-bcb9-68df979eec52","rootTurnId":"5d3536ae-8688-41e8-bcb9-68df979eec52"}
{"timestamp":"2026-08-24T10:11:05.752Z","level":"info","message":"[AgentIterator] Parallel invoking agent","conversationId":"sess_0e234331-0804-49b2-b1a6-4ad458d727e5","turnId":"5d3536ae-8688-41e8-bcb9-68df979eec52","rootTurnId":"5d3536ae-8688-41e8-bcb9-68df979eec52"}
{"timestamp":"2026-08-24T10:11:05.752Z","level":"info","message":"[Steering] Populating steering for execution 5d3536ae-8688-41e8-bcb9-68df979eec52","conversationId":"sess_0e234331-0804-49b2-b1a6-4ad458d727e5","turnId":"5d3536ae-8688-41e8-bcb9-68df979eec52","rootTurnId":"5d3536ae-8688-41e8-bcb9-68df979eec52"}
{"timestamp":"2026-08-24T10:11:05.752Z","level":"info","message":"[Steering] ExistingFiles: /c:/Users/Student/.kiro/workspace-roots/regen-railway/vite.config.ts in 5d3536ae-8688-41e8-bcb9-68df979eec52","conversationId":"sess_0e234331-0804-49b2-b1a6-4ad458d727e5","turnId":"5d3536ae-8688-41e8-bcb9-68df979eec52","rootTurnId":"5d3536ae-8688-41e8-bcb9-68df979eec52"}
{"timestamp":"2026-08-24T10:11:05.756Z","level":"info","message":"[q-developer-converse] Sending GenerateAssistantResponse modelId=auto agentMode=vibe origin=AI_EDITOR streaming=true conversationId=sess_0e234331-0804-49b2-b1a6-4ad458d727e5","conversationId":"sess_0e234331-0804-49b2-b1a6-4ad458d727e5","turnId":"5d3536ae-8688-41e8-bcb9-68df979eec52","rootTurnId":"5d3536ae-8688-41e8-bcb9-68df979eec52"}
{"timestamp":"2026-08-24T10:11:05.757Z","level":"info","message":"[q-developer-converse] Request payload: 283166 chars, 86 history messages, conversationId=sess_0e234331-0804-49b2-b1a6-4ad458d727e5","conversationId":"sess_0e234331-0804-49b2-b1a6-4ad458d727e5","turnId":"5d3536ae-8688-41e8-bcb9-68df979eec52","rootTurnId":"5d3536ae-8688-41e8-bcb9-68df979eec52"}
{"timestamp":"2026-08-24T10:11:05.764Z","level":"info","message":"[SessionPersistence] Updated metadata for session sess_0e234331-0804-49b2-b1a6-4ad458d727e5","conversationId":"sess_0e234331-0804-49b2-b1a6-4ad458d727e5","turnId":"5d3536ae-8688-41e8-bcb9-68df979eec52","rootTurnId":"5d3536ae-8688-41e8-bcb9-68df979eec52"}
{"timestamp":"2026-08-24T10:11:05.773Z","level":"info","message":"fs.appendMessages.ok {\"system\":\"fs\",\"sessionId\":\"sess_0e234331-0804-49b2-b1a6-4ad458d727e5\",\"messageCount\":2,\"durationMs\":25}","conversationId":"sess_0e234331-0804-49b2-b1a6-4ad458d727e5","turnId":"5d3536ae-8688-41e8-bcb9-68df979eec52","rootTurnId":"5d3536ae-8688-41e8-bcb9-68df979eec52"}
{"timestamp":"2026-08-24T10:11:05.779Z","level":"info","message":"fs.appendMessages.ok {\"system\":\"fs\",\"sessionId\":\"sess_0e234331-0804-49b2-b1a6-4ad458d727e5\",\"messageCount\":1,\"durationMs\":6}","conversationId":"sess_0e234331-0804-49b2-b1a6-4ad458d727e5","turnId":"5d3536ae-8688-41e8-bcb9-68df979eec52","rootTurnId":"5d3536ae-8688-41e8-bcb9-68df979eec52"}
{"timestamp":"2026-08-24T10:11:05.785Z","level":"info","message":"fs.appendMessages.ok {\"system\":\"fs\",\"sessionId\":\"sess_0e234331-0804-49b2-b1a6-4ad458d727e5\",\"messageCount\":1,\"durationMs\":7}","conversationId":"sess_0e234331-0804-49b2-b1a6-4ad458d727e5","turnId":"5d3536ae-8688-41e8-bcb9-68df979eec52","rootTurnId":"5d3536ae-8688-41e8-bcb9-68df979eec52"}
{"timestamp":"2026-08-24T10:11:09.383Z","level":"info","message":"[AgentIterator] Synchronizing results","conversationId":"sess_0e234331-0804-49b2-b1a6-4ad458d727e5","turnId":"5d3536ae-8688-41e8-bcb9-68df979eec52","rootTurnId":"5d3536ae-8688-41e8-bcb9-68df979eec52"}
{"timestamp":"2026-08-24T10:11:09.383Z","level":"info","message":"[AgentIterator] Processing intent detection result","conversationId":"sess_0e234331-0804-49b2-b1a6-4ad458d727e5","turnId":"5d3536ae-8688-41e8-bcb9-68df979eec52","rootTurnId":"5d3536ae-8688-41e8-bcb9-68df979eec52"}
{"timestamp":"2026-08-24T10:11:09.384Z","level":"info","message":"[ChatAgent] Processing model response stream","conversationId":"sess_0e234331-0804-49b2-b1a6-4ad458d727e5","turnId":"5d3536ae-8688-41e8-bcb9-68df979eec52","rootTurnId":"5d3536ae-8688-41e8-bcb9-68df979eec52"}
{"timestamp":"2026-08-24T10:11:09.384Z","level":"info","message":"[Steering] Populating steering for execution 5d3536ae-8688-41e8-bcb9-68df979eec52","conversationId":"sess_0e234331-0804-49b2-b1a6-4ad458d727e5","turnId":"5d3536ae-8688-41e8-bcb9-68df979eec52","rootTurnId":"5d3536ae-8688-41e8-bcb9-68df979eec52"}
{"timestamp":"2026-08-24T10:11:09.384Z","level":"info","message":"[Steering] ExistingFiles: /c:/Users/Student/.kiro/workspace-roots/regen-railway/vite.config.ts in 5d3536ae-8688-41e8-bcb9-68df979eec52","conversationId":"sess_0e234331-0804-49b2-b1a6-4ad458d727e5","turnId":"5d3536ae-8688-41e8-bcb9-68df979eec52","rootTurnId":"5d3536ae-8688-41e8-bcb9-68df979eec52"}
{"timestamp":"2026-08-24T10:11:56.592Z","level":"info","message":"[ACPEventAdapter] Execution yielded {\"executionId\":\"5d3536ae-8688-41e8-bcb9-68df979eec52\"}","conversationId":"sess_0e234331-0804-49b2-b1a6-4ad458d727e5","turnId":"5d3536ae-8688-41e8-bcb9-68df979eec52","rootTurnId":"5d3536ae-8688-41e8-bcb9-68df979eec52"}
{"timestamp":"2026-08-24T10:11:56.594Z","level":"info","message":"acp.policy-eval.complete {\"toolId\":\"run_command\",\"effect\":\"ask\"}","conversationId":"sess_0e234331-0804-49b2-b1a6-4ad458d727e5","turnId":"5d3536ae-8688-41e8-bcb9-68df979eec52","rootTurnId":"5d3536ae-8688-41e8-bcb9-68df979eec52"}
{"timestamp":"2026-08-24T10:11:56.606Z","level":"info","message":"[ACP ToolApproval] Requesting permission for toolId=run_command, operationId=run_command_tooluse_ha6pye9WNxUay8ohqoRw58, sessionId=sess_0e234331-0804-49b2-b1a6-4ad458d727e5","conversationId":"sess_0e234331-0804-49b2-b1a6-4ad458d727e5","turnId":"5d3536ae-8688-41e8-bcb9-68df979eec52","rootTurnId":"5d3536ae-8688-41e8-bcb9-68df979eec52"}
{"timestamp":"2026-08-24T10:11:56.613Z","level":"info","message":"fs.appendMessages.ok {\"system\":\"fs\",\"sessionId\":\"sess_0e234331-0804-49b2-b1a6-4ad458d727e5\",\"messageCount\":1,\"durationMs\":7}","conversationId":"sess_0e234331-0804-49b2-b1a6-4ad458d727e5","turnId":"5d3536ae-8688-41e8-bcb9-68df979eec52","rootTurnId":"5d3536ae-8688-41e8-bcb9-68df979eec52"}
{"timestamp":"2026-08-24T10:11:56.621Z","level":"info","message":"fs.appendMessages.ok {\"system\":\"fs\",\"sessionId\":\"sess_0e234331-0804-49b2-b1a6-4ad458d727e5\",\"messageCount\":1,\"durationMs\":8}","conversationId":"sess_0e234331-0804-49b2-b1a6-4ad458d727e5","turnId":"5d3536ae-8688-41e8-bcb9-68df979eec52","rootTurnId":"5d3536ae-8688-41e8-bcb9-68df979eec52"}
{"timestamp":"2026-08-24T10:11:56.628Z","level":"info","message":"fs.appendMessages.ok {\"system\":\"fs\",\"sessionId\":\"sess_0e234331-0804-49b2-b1a6-4ad458d727e5\",\"messageCount\":1,\"durationMs\":7}","conversationId":"sess_0e234331-0804-49b2-b1a6-4ad458d727e5","turnId":"5d3536ae-8688-41e8-bcb9-68df979eec52","rootTurnId":"5d3536ae-8688-41e8-bcb9-68df979eec52"}
{"timestamp":"2026-08-24T10:12:01.080Z","level":"info","message":"fs.appendMessages.ok {\"system\":\"fs\",\"sessionId\":\"sess_0e234331-0804-49b2-b1a6-4ad458d727e5\",\"messageCount\":1,\"durationMs\":2}","conversationId":"sess_0e234331-0804-49b2-b1a6-4ad458d727e5","turnId":"5d3536ae-8688-41e8-bcb9-68df979eec52","rootTurnId":"5d3536ae-8688-41e8-bcb9-68df979eec52"}
{"timestamp":"2026-08-24T10:12:01.080Z","level":"info","message":"[ACP ToolApproval] Got response: {\"optionId\":\"always-accept\",\"outcome\":\"selected\"}","conversationId":"sess_0e234331-0804-49b2-b1a6-4ad458d727e5","turnId":"5d3536ae-8688-41e8-bcb9-68df979eec52","rootTurnId":"5d3536ae-8688-41e8-bcb9-68df979eec52"}
{"timestamp":"2026-08-24T10:12:01.280Z","level":"info","message":"[PolicySession] rebuild() complete: 17 rules parsed, engineActive=true, fatal=false","conversationId":"sess_0e234331-0804-49b2-b1a6-4ad458d727e5","turnId":"5d3536ae-8688-41e8-bcb9-68df979eec52","rootTurnId":"5d3536ae-8688-41e8-bcb9-68df979eec52"}
{"timestamp":"2026-08-24T10:12:01.280Z","level":"info","message":"[PolicySession] Persisted allow rule for shell matching \"Set-Content -Path \"src\\components\\ui\\index.tsx\" -Value $uiComponents -Encoding UTF8\" at scope=user","conversationId":"sess_0e234331-0804-49b2-b1a6-4ad458d727e5","turnId":"5d3536ae-8688-41e8-bcb9-68df979eec52","rootTurnId":"5d3536ae-8688-41e8-bcb9-68df979eec52"}
{"timestamp":"2026-08-24T10:12:01.294Z","level":"info","message":"[ACP ToolApproval] Requesting permission for toolId=run_command, operationId=run_command_tooluse_ha6pye9WNxUay8ohqoRw58, sessionId=sess_0e234331-0804-49b2-b1a6-4ad458d727e5","conversationId":"sess_0e234331-0804-49b2-b1a6-4ad458d727e5","turnId":"5d3536ae-8688-41e8-bcb9-68df979eec52","rootTurnId":"5d3536ae-8688-41e8-bcb9-68df979eec52"}
{"timestamp":"2026-08-24T10:12:01.300Z","level":"info","message":"fs.appendMessages.ok {\"system\":\"fs\",\"sessionId\":\"sess_0e234331-0804-49b2-b1a6-4ad458d727e5\",\"messageCount\":1,\"durationMs\":5}","conversationId":"sess_0e234331-0804-49b2-b1a6-4ad458d727e5","turnId":"5d3536ae-8688-41e8-bcb9-68df979eec52","rootTurnId":"5d3536ae-8688-41e8-bcb9-68df979eec52"}
{"timestamp":"2026-08-24T10:12:03.552Z","level":"info","message":"fs.appendMessages.ok {\"system\":\"fs\",\"sessionId\":\"sess_0e234331-0804-49b2-b1a6-4ad458d727e5\",\"messageCount\":1,\"durationMs\":2}","conversationId":"sess_0e234331-0804-49b2-b1a6-4ad458d727e5","turnId":"5d3536ae-8688-41e8-bcb9-68df979eec52","rootTurnId":"5d3536ae-8688-41e8-bcb9-68df979eec52"}
{"timestamp":"2026-08-24T10:12:03.552Z","level":"info","message":"[ACP ToolApproval] Got response: {\"optionId\":\"always-accept\",\"outcome\":\"selected\"}","conversationId":"sess_0e234331-0804-49b2-b1a6-4ad458d727e5","turnId":"5d3536ae-8688-41e8-bcb9-68df979eec52","rootTurnId":"5d3536ae-8688-41e8-bcb9-68df979eec52"}
{"timestamp":"2026-08-24T10:12:03.744Z","level":"info","message":"[PolicySession] rebuild() complete: 17 rules parsed, engineActive=true, fatal=false","conversationId":"sess_0e234331-0804-49b2-b1a6-4ad458d727e5","turnId":"5d3536ae-8688-41e8-bcb9-68df979eec52","rootTurnId":"5d3536ae-8688-41e8-bcb9-68df979eec52"}
{"timestamp":"2026-08-24T10:12:03.744Z","level":"info","message":"[PolicySession] Persisted allow rule for shell matching \"Write-Host \"UI components done\"\" at scope=user","conversationId":"sess_0e234331-0804-49b2-b1a6-4ad458d727e5","turnId":"5d3536ae-8688-41e8-bcb9-68df979eec52","rootTurnId":"5d3536ae-8688-41e8-bcb9-68df979eec52"}
{"timestamp":"2026-08-24T10:12:03.748Z","level":"info","message":"[ACPEventAdapter] Execution resumed {\"executionId\":\"5d3536ae-8688-41e8-bcb9-68df979eec52\"}","conversationId":"sess_0e234331-0804-49b2-b1a6-4ad458d727e5","turnId":"5d3536ae-8688-41e8-bcb9-68df979eec52","rootTurnId":"5d3536ae-8688-41e8-bcb9-68df979eec52"}
{"timestamp":"2026-08-24T10:12:03.749Z","level":"info","message":"acp.policy-eval.complete {\"toolId\":\"list_directory\",\"effect\":\"allow\",\"capability\":\"fs_read\"}","conversationId":"sess_0e234331-0804-49b2-b1a6-4ad458d727e5","turnId":"5d3536ae-8688-41e8-bcb9-68df979eec52","rootTurnId":"5d3536ae-8688-41e8-bcb9-68df979eec52"}
{"timestamp":"2026-08-24T10:12:05.489Z","level":"info","message":"[AgentIterator] Parallel invoking agent","conversationId":"sess_0e234331-0804-49b2-b1a6-4ad458d727e5","turnId":"5d3536ae-8688-41e8-bcb9-68df979eec52","rootTurnId":"5d3536ae-8688-41e8-bcb9-68df979eec52"}
{"timestamp":"2026-08-24T10:12:05.489Z","level":"info","message":"[Steering] Populating steering for execution 5d3536ae-8688-41e8-bcb9-68df979eec52","conversationId":"sess_0e234331-0804-49b2-b1a6-4ad458d727e5","turnId":"5d3536ae-8688-41e8-bcb9-68df979eec52","rootTurnId":"5d3536ae-8688-41e8-bcb9-68df979eec52"}
{"timestamp":"2026-08-24T10:12:05.489Z","level":"info","message":"[Steering] ExistingFiles: /c:/Users/Student/.kiro/workspace-roots/regen-railway/vite.config.ts in 5d3536ae-8688-41e8-bcb9-68df979eec52","conversationId":"sess_0e234331-0804-49b2-b1a6-4ad458d727e5","turnId":"5d3536ae-8688-41e8-bcb9-68df979eec52","rootTurnId":"5d3536ae-8688-41e8-bcb9-68df979eec52"}
{"timestamp":"2026-08-24T10:12:05.493Z","level":"info","message":"[q-developer-converse] Sending GenerateAssistantResponse modelId=auto agentMode=vibe origin=AI_EDITOR streaming=true conversationId=sess_0e234331-0804-49b2-b1a6-4ad458d727e5","conversationId":"sess_0e234331-0804-49b2-b1a6-4ad458d727e5","turnId":"5d3536ae-8688-41e8-bcb9-68df979eec52","rootTurnId":"5d3536ae-8688-41e8-bcb9-68df979eec52"}
{"timestamp":"2026-08-24T10:12:05.493Z","level":"info","message":"[q-developer-converse] Request payload: 297281 chars, 88 history messages, conversationId=sess_0e234331-0804-49b2-b1a6-4ad458d727e5","conversationId":"sess_0e234331-0804-49b2-b1a6-4ad458d727e5","turnId":"5d3536ae-8688-41e8-bcb9-68df979eec52","rootTurnId":"5d3536ae-8688-41e8-bcb9-68df979eec52"}
{"timestamp":"2026-08-24T10:12:05.502Z","level":"info","message":"fs.appendMessages.ok {\"system\":\"fs\",\"sessionId\":\"sess_0e234331-0804-49b2-b1a6-4ad458d727e5\",\"messageCount\":2,\"durationMs\":16}","conversationId":"sess_0e234331-0804-49b2-b1a6-4ad458d727e5","turnId":"5d3536ae-8688-41e8-bcb9-68df979eec52","rootTurnId":"5d3536ae-8688-41e8-bcb9-68df979eec52"}
{"timestamp":"2026-08-24T10:12:09.309Z","level":"info","message":"[AgentIterator] Synchronizing results","conversationId":"sess_0e234331-0804-49b2-b1a6-4ad458d727e5","turnId":"5d3536ae-8688-41e8-bcb9-68df979eec52","rootTurnId":"5d3536ae-8688-41e8-bcb9-68df979eec52"}
{"timestamp":"2026-08-24T10:12:09.309Z","level":"info","message":"[AgentIterator] Processing intent detection result","conversationId":"sess_0e234331-0804-49b2-b1a6-4ad458d727e5","turnId":"5d3536ae-8688-41e8-bcb9-68df979eec52","rootTurnId":"5d3536ae-8688-41e8-bcb9-68df979eec52"}
{"timestamp":"2026-08-24T10:12:09.310Z","level":"info","message":"[ChatAgent] Processing model response stream","conversationId":"sess_0e234331-0804-49b2-b1a6-4ad458d727e5","turnId":"5d3536ae-8688-41e8-bcb9-68df979eec52","rootTurnId":"5d3536ae-8688-41e8-bcb9-68df979eec52"}
{"timestamp":"2026-08-24T10:12:09.310Z","level":"info","message":"[Steering] Populating steering for execution 5d3536ae-8688-41e8-bcb9-68df979eec52","conversationId":"sess_0e234331-0804-49b2-b1a6-4ad458d727e5","turnId":"5d3536ae-8688-41e8-bcb9-68df979eec52","rootTurnId":"5d3536ae-8688-41e8-bcb9-68df979eec52"}
{"timestamp":"2026-08-24T10:12:09.310Z","level":"info","message":"[Steering] ExistingFiles: /c:/Users/Student/.kiro/workspace-roots/regen-railway/vite.config.ts in 5d3536ae-8688-41e8-bcb9-68df979eec52","conversationId":"sess_0e234331-0804-49b2-b1a6-4ad458d727e5","turnId":"5d3536ae-8688-41e8-bcb9-68df979eec52","rootTurnId":"5d3536ae-8688-41e8-bcb9-68df979eec52"}
{"timestamp":"2026-08-24T10:12:35.951Z","level":"info","message":"[ACPEventAdapter] Execution yielded {\"executionId\":\"5d3536ae-8688-41e8-bcb9-68df979eec52\"}","conversationId":"sess_0e234331-0804-49b2-b1a6-4ad458d727e5","turnId":"5d3536ae-8688-41e8-bcb9-68df979eec52","rootTurnId":"5d3536ae-8688-41e8-bcb9-68df979eec52"}
{"timestamp":"2026-08-24T10:12:35.954Z","level":"info","message":"acp.policy-eval.complete {\"toolId\":\"run_command\",\"effect\":\"ask\"}","conversationId":"sess_0e234331-0804-49b2-b1a6-4ad458d727e5","turnId":"5d3536ae-8688-41e8-bcb9-68df979eec52","rootTurnId":"5d3536ae-8688-41e8-bcb9-68df979eec52"}
{"timestamp":"2026-08-24T10:12:35.965Z","level":"info","message":"[ACP ToolApproval] Requesting permission for toolId=run_command, operationId=run_command_tooluse_6uVoFlKl6yx3YJukg86ZGc, sessionId=sess_0e234331-0804-49b2-b1a6-4ad458d727e5","conversationId":"sess_0e234331-0804-49b2-b1a6-4ad458d727e5","turnId":"5d3536ae-8688-41e8-bcb9-68df979eec52","rootTurnId":"5d3536ae-8688-41e8-bcb9-68df979eec52"}
{"timestamp":"2026-08-24T10:12:35.970Z","level":"info","message":"fs.appendMessages.ok {\"system\":\"fs\",\"sessionId\":\"sess_0e234331-0804-49b2-b1a6-4ad458d727e5\",\"messageCount\":1,\"durationMs\":6}","conversationId":"sess_0e234331-0804-49b2-b1a6-4ad458d727e5","turnId":"5d3536ae-8688-41e8-bcb9-68df979eec52","rootTurnId":"5d3536ae-8688-41e8-bcb9-68df979eec52"}
{"timestamp":"2026-08-24T10:12:35.981Z","level":"info","message":"fs.appendMessages.ok {\"system\":\"fs\",\"sessionId\":\"sess_0e234331-0804-49b2-b1a6-4ad458d727e5\",\"messageCount\":1,\"durationMs\":10}","conversationId":"sess_0e234331-0804-49b2-b1a6-4ad458d727e5","turnId":"5d3536ae-8688-41e8-bcb9-68df979eec52","rootTurnId":"5d3536ae-8688-41e8-bcb9-68df979eec52"}
{"timestamp":"2026-08-24T10:12:35.988Z","level":"info","message":"fs.appendMessages.ok {\"system\":\"fs\",\"sessionId\":\"sess_0e234331-0804-49b2-b1a6-4ad458d727e5\",\"messageCount\":1,\"durationMs\":7}","conversationId":"sess_0e234331-0804-49b2-b1a6-4ad458d727e5","turnId":"5d3536ae-8688-41e8-bcb9-68df979eec52","rootTurnId":"5d3536ae-8688-41e8-bcb9-68df979eec52"}
{"timestamp":"2026-08-24T10:12:40.664Z","level":"info","message":"fs.appendMessages.ok {\"system\":\"fs\",\"sessionId\":\"sess_0e234331-0804-49b2-b1a6-4ad458d727e5\",\"messageCount\":1,\"durationMs\":2}","conversationId":"sess_0e234331-0804-49b2-b1a6-4ad458d727e5","turnId":"5d3536ae-8688-41e8-bcb9-68df979eec52","rootTurnId":"5d3536ae-8688-41e8-bcb9-68df979eec52"}
{"timestamp":"2026-08-24T10:12:40.664Z","level":"info","message":"[ACP ToolApproval] Got response: {\"optionId\":\"always-accept\",\"outcome\":\"selected\"}","conversationId":"sess_0e234331-0804-49b2-b1a6-4ad458d727e5","turnId":"5d3536ae-8688-41e8-bcb9-68df979eec52","rootTurnId":"5d3536ae-8688-41e8-bcb9-68df979eec52"}
{"timestamp":"2026-08-24T10:12:40.858Z","level":"info","message":"[PolicySession] rebuild() complete: 17 rules parsed, engineActive=true, fatal=false","conversationId":"sess_0e234331-0804-49b2-b1a6-4ad458d727e5","turnId":"5d3536ae-8688-41e8-bcb9-68df979eec52","rootTurnId":"5d3536ae-8688-41e8-bcb9-68df979eec52"}
{"timestamp":"2026-08-24T10:12:40.858Z","level":"info","message":"[PolicySession] Persisted allow rule for shell matching \"Set-Content -Path \"src\\components\\layout\\Layout.tsx\" -Value $layout -Encoding UTF8\" at scope=user","conversationId":"sess_0e234331-0804-49b2-b1a6-4ad458d727e5","turnId":"5d3536ae-8688-41e8-bcb9-68df979eec52","rootTurnId":"5d3536ae-8688-41e8-bcb9-68df979eec52"}
{"timestamp":"2026-08-24T10:12:40.872Z","level":"info","message":"[ACP ToolApproval] Requesting permission for toolId=run_command, operationId=run_command_tooluse_6uVoFlKl6yx3YJukg86ZGc, sessionId=sess_0e234331-0804-49b2-b1a6-4ad458d727e5","conversationId":"sess_0e234331-0804-49b2-b1a6-4ad458d727e5","turnId":"5d3536ae-8688-41e8-bcb9-68df979eec52","rootTurnId":"5d3536ae-8688-41e8-bcb9-68df979eec52"}
{"timestamp":"2026-08-24T10:12:40.875Z","level":"info","message":"fs.appendMessages.ok {\"system\":\"fs\",\"sessionId\":\"sess_0e234331-0804-49b2-b1a6-4ad458d727e5\",\"messageCount\":1,\"durationMs\":3}","conversationId":"sess_0e234331-0804-49b2-b1a6-4ad458d727e5","turnId":"5d3536ae-8688-41e8-bcb9-68df979eec52","rootTurnId":"5d3536ae-8688-41e8-bcb9-68df979eec52"}
{"timestamp":"2026-08-24T10:12:42.816Z","level":"info","message":"fs.appendMessages.ok {\"system\":\"fs\",\"sessionId\":\"sess_0e234331-0804-49b2-b1a6-4ad458d727e5\",\"messageCount\":1,\"durationMs\":2}","conversationId":"sess_0e234331-0804-49b2-b1a6-4ad458d727e5","turnId":"5d3536ae-8688-41e8-bcb9-68df979eec52","rootTurnId":"5d3536ae-8688-41e8-bcb9-68df979eec52"}
{"timestamp":"2026-08-24T10:12:42.816Z","level":"info","message":"[ACP ToolApproval] Got response: {\"optionId\":\"always-accept\",\"outcome\":\"selected\"}","conversationId":"sess_0e234331-0804-49b2-b1a6-4ad458d727e5","turnId":"5d3536ae-8688-41e8-bcb9-68df979eec52","rootTurnId":"5d3536ae-8688-41e8-bcb9-68df979eec52"}
{"timestamp":"2026-08-24T10:12:43.006Z","level":"info","message":"[PolicySession] rebuild() complete: 17 rules parsed, engineActive=true, fatal=false","conversationId":"sess_0e234331-0804-49b2-b1a6-4ad458d727e5","turnId":"5d3536ae-8688-41e8-bcb9-68df979eec52","rootTurnId":"5d3536ae-8688-41e8-bcb9-68df979eec52"}
{"timestamp":"2026-08-24T10:12:43.006Z","level":"info","message":"[PolicySession] Persisted allow rule for shell matching \"Write-Host \"Layout done\"\" at scope=user","conversationId":"sess_0e234331-0804-49b2-b1a6-4ad458d727e5","turnId":"5d3536ae-8688-41e8-bcb9-68df979eec52","rootTurnId":"5d3536ae-8688-41e8-bcb9-68df979eec52"}
{"timestamp":"2026-08-24T10:12:43.010Z","level":"info","message":"[ACPEventAdapter] Execution resumed {\"executionId\":\"5d3536ae-8688-41e8-bcb9-68df979eec52\"}","conversationId":"sess_0e234331-0804-49b2-b1a6-4ad458d727e5","turnId":"5d3536ae-8688-41e8-bcb9-68df979eec52","rootTurnId":"5d3536ae-8688-41e8-bcb9-68df979eec52"}
{"timestamp":"2026-08-24T10:12:43.011Z","level":"info","message":"acp.policy-eval.complete {\"toolId\":\"list_directory\",\"effect\":\"allow\",\"capability\":\"fs_read\"}","conversationId":"sess_0e234331-0804-49b2-b1a6-4ad458d727e5","turnId":"5d3536ae-8688-41e8-bcb9-68df979eec52","rootTurnId":"5d3536ae-8688-41e8-bcb9-68df979eec52"}
{"timestamp":"2026-08-24T10:12:49.606Z","level":"info","message":"[AgentIterator] Parallel invoking agent","conversationId":"sess_0e234331-0804-49b2-b1a6-4ad458d727e5","turnId":"5d3536ae-8688-41e8-bcb9-68df979eec52","rootTurnId":"5d3536ae-8688-41e8-bcb9-68df979eec52"}
{"timestamp":"2026-08-24T10:12:49.606Z","level":"info","message":"[Steering] Populating steering for execution 5d3536ae-8688-41e8-bcb9-68df979eec52","conversationId":"sess_0e234331-0804-49b2-b1a6-4ad458d727e5","turnId":"5d3536ae-8688-41e8-bcb9-68df979eec52","rootTurnId":"5d3536ae-8688-41e8-bcb9-68df979eec52"}
{"timestamp":"2026-08-24T10:12:49.606Z","level":"info","message":"[Steering] ExistingFiles: /c:/Users/Student/.kiro/workspace-roots/regen-railway/vite.config.ts in 5d3536ae-8688-41e8-bcb9-68df979eec52","conversationId":"sess_0e234331-0804-49b2-b1a6-4ad458d727e5","turnId":"5d3536ae-8688-41e8-bcb9-68df979eec52","rootTurnId":"5d3536ae-8688-41e8-bcb9-68df979eec52"}
{"timestamp":"2026-08-24T10:12:49.610Z","level":"info","message":"[q-developer-converse] Sending GenerateAssistantResponse modelId=auto agentMode=vibe origin=AI_EDITOR streaming=true conversationId=sess_0e234331-0804-49b2-b1a6-4ad458d727e5","conversationId":"sess_0e234331-0804-49b2-b1a6-4ad458d727e5","turnId":"5d3536ae-8688-41e8-bcb9-68df979eec52","rootTurnId":"5d3536ae-8688-41e8-bcb9-68df979eec52"}
{"timestamp":"2026-08-24T10:12:49.611Z","level":"info","message":"[q-developer-converse] Request payload: 305012 chars, 90 history messages, conversationId=sess_0e234331-0804-49b2-b1a6-4ad458d727e5","conversationId":"sess_0e234331-0804-49b2-b1a6-4ad458d727e5","turnId":"5d3536ae-8688-41e8-bcb9-68df979eec52","rootTurnId":"5d3536ae-8688-41e8-bcb9-68df979eec52"}
{"timestamp":"2026-08-24T10:12:49.619Z","level":"info","message":"fs.appendMessages.ok {\"system\":\"fs\",\"sessionId\":\"sess_0e234331-0804-49b2-b1a6-4ad458d727e5\",\"messageCount\":2,\"durationMs\":16}","conversationId":"sess_0e234331-0804-49b2-b1a6-4ad458d727e5","turnId":"5d3536ae-8688-41e8-bcb9-68df979eec52","rootTurnId":"5d3536ae-8688-41e8-bcb9-68df979eec52"}
{"timestamp":"2026-08-24T10:12:53.496Z","level":"info","message":"[AgentIterator] Synchronizing results","conversationId":"sess_0e234331-0804-49b2-b1a6-4ad458d727e5","turnId":"5d3536ae-8688-41e8-bcb9-68df979eec52","rootTurnId":"5d3536ae-8688-41e8-bcb9-68df979eec52"}
{"timestamp":"2026-08-24T10:12:53.496Z","level":"info","message":"[AgentIterator] Processing intent detection result","conversationId":"sess_0e234331-0804-49b2-b1a6-4ad458d727e5","turnId":"5d3536ae-8688-41e8-bcb9-68df979eec52","rootTurnId":"5d3536ae-8688-41e8-bcb9-68df979eec52"}
{"timestamp":"2026-08-24T10:12:53.496Z","level":"info","message":"[ChatAgent] Processing model response stream","conversationId":"sess_0e234331-0804-49b2-b1a6-4ad458d727e5","turnId":"5d3536ae-8688-41e8-bcb9-68df979eec52","rootTurnId":"5d3536ae-8688-41e8-bcb9-68df979eec52"}
{"timestamp":"2026-08-24T10:12:53.497Z","level":"info","message":"[Steering] Populating steering for execution 5d3536ae-8688-41e8-bcb9-68df979eec52","conversationId":"sess_0e234331-0804-49b2-b1a6-4ad458d727e5","turnId":"5d3536ae-8688-41e8-bcb9-68df979eec52","rootTurnId":"5d3536ae-8688-41e8-bcb9-68df979eec52"}
{"timestamp":"2026-08-24T10:12:53.497Z","level":"info","message":"[Steering] ExistingFiles: /c:/Users/Student/.kiro/workspace-roots/regen-railway/vite.config.ts in 5d3536ae-8688-41e8-bcb9-68df979eec52","conversationId":"sess_0e234331-0804-49b2-b1a6-4ad458d727e5","turnId":"5d3536ae-8688-41e8-bcb9-68df979eec52","rootTurnId":"5d3536ae-8688-41e8-bcb9-68df979eec52"}
{"timestamp":"2026-08-24T10:12:57.450Z","level":"info","message":"[AgentIterator] Parallel invoking agent","conversationId":"sess_0e234331-0804-49b2-b1a6-4ad458d727e5","turnId":"5d3536ae-8688-41e8-bcb9-68df979eec52","rootTurnId":"5d3536ae-8688-41e8-bcb9-68df979eec52"}
{"timestamp":"2026-08-24T10:12:57.450Z","level":"info","message":"[Steering] Populating steering for execution 5d3536ae-8688-41e8-bcb9-68df979eec52","conversationId":"sess_0e234331-0804-49b2-b1a6-4ad458d727e5","turnId":"5d3536ae-8688-41e8-bcb9-68df979eec52","rootTurnId":"5d3536ae-8688-41e8-bcb9-68df979eec52"}
{"timestamp":"2026-08-24T10:12:57.450Z","level":"info","message":"[Steering] ExistingFiles: /c:/Users/Student/.kiro/workspace-roots/regen-railway/vite.config.ts in 5d3536ae-8688-41e8-bcb9-68df979eec52","conversationId":"sess_0e234331-0804-49b2-b1a6-4ad458d727e5","turnId":"5d3536ae-8688-41e8-bcb9-68df979eec52","rootTurnId":"5d3536ae-8688-41e8-bcb9-68df979eec52"}
{"timestamp":"2026-08-24T10:12:57.453Z","level":"info","message":"Injecting todo list context into conversation","conversationId":"sess_0e234331-0804-49b2-b1a6-4ad458d727e5","turnId":"5d3536ae-8688-41e8-bcb9-68df979eec52","rootTurnId":"5d3536ae-8688-41e8-bcb9-68df979eec52"}
{"timestamp":"2026-08-24T10:12:57.455Z","level":"info","message":"[q-developer-converse] Sending GenerateAssistantResponse modelId=auto agentMode=vibe origin=AI_EDITOR streaming=true conversationId=sess_0e234331-0804-49b2-b1a6-4ad458d727e5","conversationId":"sess_0e234331-0804-49b2-b1a6-4ad458d727e5","turnId":"5d3536ae-8688-41e8-bcb9-68df979eec52","rootTurnId":"5d3536ae-8688-41e8-bcb9-68df979eec52"}
{"timestamp":"2026-08-24T10:12:57.456Z","level":"info","message":"[q-developer-converse] Request payload: 312478 chars, 94 history messages, conversationId=sess_0e234331-0804-49b2-b1a6-4ad458d727e5","conversationId":"sess_0e234331-0804-49b2-b1a6-4ad458d727e5","turnId":"5d3536ae-8688-41e8-bcb9-68df979eec52","rootTurnId":"5d3536ae-8688-41e8-bcb9-68df979eec52"}
{"timestamp":"2026-08-24T10:12:57.464Z","level":"info","message":"fs.appendMessages.ok {\"system\":\"fs\",\"sessionId\":\"sess_0e234331-0804-49b2-b1a6-4ad458d727e5\",\"messageCount\":2,\"durationMs\":18}","conversationId":"sess_0e234331-0804-49b2-b1a6-4ad458d727e5","turnId":"5d3536ae-8688-41e8-bcb9-68df979eec52","rootTurnId":"5d3536ae-8688-41e8-bcb9-68df979eec52"}
{"timestamp":"2026-08-24T10:12:57.472Z","level":"info","message":"fs.appendMessages.ok {\"system\":\"fs\",\"sessionId\":\"sess_0e234331-0804-49b2-b1a6-4ad458d727e5\",\"messageCount\":1,\"durationMs\":8}","conversationId":"sess_0e234331-0804-49b2-b1a6-4ad458d727e5","turnId":"5d3536ae-8688-41e8-bcb9-68df979eec52","rootTurnId":"5d3536ae-8688-41e8-bcb9-68df979eec52"}
{"timestamp":"2026-08-24T10:12:57.479Z","level":"info","message":"fs.appendMessages.ok {\"system\":\"fs\",\"sessionId\":\"sess_0e234331-0804-49b2-b1a6-4ad458d727e5\",\"messageCount\":1,\"durationMs\":6}","conversationId":"sess_0e234331-0804-49b2-b1a6-4ad458d727e5","turnId":"5d3536ae-8688-41e8-bcb9-68df979eec52","rootTurnId":"5d3536ae-8688-41e8-bcb9-68df979eec52"}
{"timestamp":"2026-08-24T10:13:02.000Z","level":"info","message":"[AgentIterator] Synchronizing results","conversationId":"sess_0e234331-0804-49b2-b1a6-4ad458d727e5","turnId":"5d3536ae-8688-41e8-bcb9-68df979eec52","rootTurnId":"5d3536ae-8688-41e8-bcb9-68df979eec52"}
{"timestamp":"2026-08-24T10:13:02.000Z","level":"info","message":"[AgentIterator] Processing intent detection result","conversationId":"sess_0e234331-0804-49b2-b1a6-4ad458d727e5","turnId":"5d3536ae-8688-41e8-bcb9-68df979eec52","rootTurnId":"5d3536ae-8688-41e8-bcb9-68df979eec52"}
{"timestamp":"2026-08-24T10:13:02.000Z","level":"info","message":"[ChatAgent] Processing model response stream","conversationId":"sess_0e234331-0804-49b2-b1a6-4ad458d727e5","turnId":"5d3536ae-8688-41e8-bcb9-68df979eec52","rootTurnId":"5d3536ae-8688-41e8-bcb9-68df979eec52"}
{"timestamp":"2026-08-24T10:13:02.000Z","level":"info","message":"[Steering] Populating steering for execution 5d3536ae-8688-41e8-bcb9-68df979eec52","conversationId":"sess_0e234331-0804-49b2-b1a6-4ad458d727e5","turnId":"5d3536ae-8688-41e8-bcb9-68df979eec52","rootTurnId":"5d3536ae-8688-41e8-bcb9-68df979eec52"}
{"timestamp":"2026-08-24T10:13:02.000Z","level":"info","message":"[Steering] ExistingFiles: /c:/Users/Student/.kiro/workspace-roots/regen-railway/vite.config.ts in 5d3536ae-8688-41e8-bcb9-68df979eec52","conversationId":"sess_0e234331-0804-49b2-b1a6-4ad458d727e5","turnId":"5d3536ae-8688-41e8-bcb9-68df979eec52","rootTurnId":"5d3536ae-8688-41e8-bcb9-68df979eec52"}
{"timestamp":"2026-08-24T10:13:02.612Z","level":"info","message":"fs.appendMessages.ok {\"system\":\"fs\",\"sessionId\":\"sess_0e234331-0804-49b2-b1a6-4ad458d727e5\",\"messageCount\":1,\"durationMs\":2}","conversationId":"sess_0e234331-0804-49b2-b1a6-4ad458d727e5","turnId":"5d3536ae-8688-41e8-bcb9-68df979eec52","rootTurnId":"5d3536ae-8688-41e8-bcb9-68df979eec52"}
{"timestamp":"2026-08-24T10:13:58.157Z","level":"info","message":"[ACPEventAdapter] Execution yielded {\"executionId\":\"5d3536ae-8688-41e8-bcb9-68df979eec52\"}","conversationId":"sess_0e234331-0804-49b2-b1a6-4ad458d727e5","turnId":"5d3536ae-8688-41e8-bcb9-68df979eec52","rootTurnId":"5d3536ae-8688-41e8-bcb9-68df979eec52"}
{"timestamp":"2026-08-24T10:13:58.160Z","level":"info","message":"acp.policy-eval.complete {\"toolId\":\"run_command\",\"effect\":\"ask\"}","conversationId":"sess_0e234331-0804-49b2-b1a6-4ad458d727e5","turnId":"5d3536ae-8688-41e8-bcb9-68df979eec52","rootTurnId":"5d3536ae-8688-41e8-bcb9-68df979eec52"}
{"timestamp":"2026-08-24T10:13:58.172Z","level":"info","message":"[ACP ToolApproval] Requesting permission for toolId=run_command, operationId=run_command_tooluse_SHwtnfm8Zt8tGLRMoMDbAF, sessionId=sess_0e234331-0804-49b2-b1a6-4ad458d727e5","conversationId":"sess_0e234331-0804-49b2-b1a6-4ad458d727e5","turnId":"5d3536ae-8688-41e8-bcb9-68df979eec52","rootTurnId":"5d3536ae-8688-41e8-bcb9-68df979eec52"}
{"timestamp":"2026-08-24T10:13:58.182Z","level":"info","message":"fs.appendMessages.ok {\"system\":\"fs\",\"sessionId\":\"sess_0e234331-0804-49b2-b1a6-4ad458d727e5\",\"messageCount\":1,\"durationMs\":9}","conversationId":"sess_0e234331-0804-49b2-b1a6-4ad458d727e5","turnId":"5d3536ae-8688-41e8-bcb9-68df979eec52","rootTurnId":"5d3536ae-8688-41e8-bcb9-68df979eec52"}
{"timestamp":"2026-08-24T10:13:58.194Z","level":"info","message":"fs.appendMessages.ok {\"system\":\"fs\",\"sessionId\":\"sess_0e234331-0804-49b2-b1a6-4ad458d727e5\",\"messageCount\":1,\"durationMs\":12}","conversationId":"sess_0e234331-0804-49b2-b1a6-4ad458d727e5","turnId":"5d3536ae-8688-41e8-bcb9-68df979eec52","rootTurnId":"5d3536ae-8688-41e8-bcb9-68df979eec52"}
{"timestamp":"2026-08-24T10:13:58.202Z","level":"info","message":"fs.appendMessages.ok {\"system\":\"fs\",\"sessionId\":\"sess_0e234331-0804-49b2-b1a6-4ad458d727e5\",\"messageCount\":1,\"durationMs\":9}","conversationId":"sess_0e234331-0804-49b2-b1a6-4ad458d727e5","turnId":"5d3536ae-8688-41e8-bcb9-68df979eec52","rootTurnId":"5d3536ae-8688-41e8-bcb9-68df979eec52"}
{"timestamp":"2026-08-24T10:14:02.752Z","level":"info","message":"fs.appendMessages.ok {\"system\":\"fs\",\"sessionId\":\"sess_0e234331-0804-49b2-b1a6-4ad458d727e5\",\"messageCount\":1,\"durationMs\":2}","conversationId":"sess_0e234331-0804-49b2-b1a6-4ad458d727e5","turnId":"5d3536ae-8688-41e8-bcb9-68df979eec52","rootTurnId":"5d3536ae-8688-41e8-bcb9-68df979eec52"}
{"timestamp":"2026-08-24T10:14:02.752Z","level":"info","message":"[ACP ToolApproval] Got response: {\"optionId\":\"always-accept\",\"outcome\":\"selected\"}","conversationId":"sess_0e234331-0804-49b2-b1a6-4ad458d727e5","turnId":"5d3536ae-8688-41e8-bcb9-68df979eec52","rootTurnId":"5d3536ae-8688-41e8-bcb9-68df979eec52"}
{"timestamp":"2026-08-24T10:14:02.948Z","level":"info","message":"[PolicySession] rebuild() complete: 17 rules parsed, engineActive=true, fatal=false","conversationId":"sess_0e234331-0804-49b2-b1a6-4ad458d727e5","turnId":"5d3536ae-8688-41e8-bcb9-68df979eec52","rootTurnId":"5d3536ae-8688-41e8-bcb9-68df979eec52"}
{"timestamp":"2026-08-24T10:14:02.948Z","level":"info","message":"[PolicySession] Persisted allow rule for shell matching \"Set-Content -Path \"src\\pages\\Dashboard.tsx\" -Value $dashboard -Encoding UTF8\" at scope=user","conversationId":"sess_0e234331-0804-49b2-b1a6-4ad458d727e5","turnId":"5d3536ae-8688-41e8-bcb9-68df979eec52","rootTurnId":"5d3536ae-8688-41e8-bcb9-68df979eec52"}
{"timestamp":"2026-08-24T10:14:02.963Z","level":"info","message":"[ACP ToolApproval] Requesting permission for toolId=run_command, operationId=run_command_tooluse_SHwtnfm8Zt8tGLRMoMDbAF, sessionId=sess_0e234331-0804-49b2-b1a6-4ad458d727e5","conversationId":"sess_0e234331-0804-49b2-b1a6-4ad458d727e5","turnId":"5d3536ae-8688-41e8-bcb9-68df979eec52","rootTurnId":"5d3536ae-8688-41e8-bcb9-68df979eec52"}
{"timestamp":"2026-08-24T10:14:02.966Z","level":"info","message":"fs.appendMessages.ok {\"system\":\"fs\",\"sessionId\":\"sess_0e234331-0804-49b2-b1a6-4ad458d727e5\",\"messageCount\":1,\"durationMs\":3}","conversationId":"sess_0e234331-0804-49b2-b1a6-4ad458d727e5","turnId":"5d3536ae-8688-41e8-bcb9-68df979eec52","rootTurnId":"5d3536ae-8688-41e8-bcb9-68df979eec52"}
{"timestamp":"2026-08-24T10:14:04.264Z","level":"info","message":"fs.appendMessages.ok {\"system\":\"fs\",\"sessionId\":\"sess_0e234331-0804-49b2-b1a6-4ad458d727e5\",\"messageCount\":1,\"durationMs\":2}","conversationId":"sess_0e234331-0804-49b2-b1a6-4ad458d727e5","turnId":"5d3536ae-8688-41e8-bcb9-68df979eec52","rootTurnId":"5d3536ae-8688-41e8-bcb9-68df979eec52"}
{"timestamp":"2026-08-24T10:14:04.265Z","level":"info","message":"[ACP ToolApproval] Got response: {\"optionId\":\"always-accept\",\"outcome\":\"selected\"}","conversationId":"sess_0e234331-0804-49b2-b1a6-4ad458d727e5","turnId":"5d3536ae-8688-41e8-bcb9-68df979eec52","rootTurnId":"5d3536ae-8688-41e8-bcb9-68df979eec52"}
{"timestamp":"2026-08-24T10:14:04.459Z","level":"info","message":"[PolicySession] rebuild() complete: 17 rules parsed, engineActive=true, fatal=false","conversationId":"sess_0e234331-0804-49b2-b1a6-4ad458d727e5","turnId":"5d3536ae-8688-41e8-bcb9-68df979eec52","rootTurnId":"5d3536ae-8688-41e8-bcb9-68df979eec52"}
{"timestamp":"2026-08-24T10:14:04.459Z","level":"info","message":"[PolicySession] Persisted allow rule for shell matching \"Write-Host \"Dashboard done\"\" at scope=user","conversationId":"sess_0e234331-0804-49b2-b1a6-4ad458d727e5","turnId":"5d3536ae-8688-41e8-bcb9-68df979eec52","rootTurnId":"5d3536ae-8688-41e8-bcb9-68df979eec52"}
{"timestamp":"2026-08-24T10:14:04.464Z","level":"info","message":"[ACPEventAdapter] Execution resumed {\"executionId\":\"5d3536ae-8688-41e8-bcb9-68df979eec52\"}","conversationId":"sess_0e234331-0804-49b2-b1a6-4ad458d727e5","turnId":"5d3536ae-8688-41e8-bcb9-68df979eec52","rootTurnId":"5d3536ae-8688-41e8-bcb9-68df979eec52"}
{"timestamp":"2026-08-24T10:14:04.464Z","level":"info","message":"acp.policy-eval.complete {\"toolId\":\"list_directory\",\"effect\":\"allow\",\"capability\":\"fs_read\"}","conversationId":"sess_0e234331-0804-49b2-b1a6-4ad458d727e5","turnId":"5d3536ae-8688-41e8-bcb9-68df979eec52","rootTurnId":"5d3536ae-8688-41e8-bcb9-68df979eec52"}
{"timestamp":"2026-08-24T10:14:11.546Z","level":"info","message":"[AgentIterator] Parallel invoking agent","conversationId":"sess_0e234331-0804-49b2-b1a6-4ad458d727e5","turnId":"5d3536ae-8688-41e8-bcb9-68df979eec52","rootTurnId":"5d3536ae-8688-41e8-bcb9-68df979eec52"}
{"timestamp":"2026-08-24T10:14:11.546Z","level":"info","message":"[Steering] Populating steering for execution 5d3536ae-8688-41e8-bcb9-68df979eec52","conversationId":"sess_0e234331-0804-49b2-b1a6-4ad458d727e5","turnId":"5d3536ae-8688-41e8-bcb9-68df979eec52","rootTurnId":"5d3536ae-8688-41e8-bcb9-68df979eec52"}
{"timestamp":"2026-08-24T10:14:11.546Z","level":"info","message":"[Steering] ExistingFiles: /c:/Users/Student/.kiro/workspace-roots/regen-railway/vite.config.ts in 5d3536ae-8688-41e8-bcb9-68df979eec52","conversationId":"sess_0e234331-0804-49b2-b1a6-4ad458d727e5","turnId":"5d3536ae-8688-41e8-bcb9-68df979eec52","rootTurnId":"5d3536ae-8688-41e8-bcb9-68df979eec52"}
{"timestamp":"2026-08-24T10:14:11.549Z","level":"info","message":"[q-developer-converse] Sending GenerateAssistantResponse modelId=auto agentMode=vibe origin=AI_EDITOR streaming=true conversationId=sess_0e234331-0804-49b2-b1a6-4ad458d727e5","conversationId":"sess_0e234331-0804-49b2-b1a6-4ad458d727e5","turnId":"5d3536ae-8688-41e8-bcb9-68df979eec52","rootTurnId":"5d3536ae-8688-41e8-bcb9-68df979eec52"}
{"timestamp":"2026-08-24T10:14:11.550Z","level":"info","message":"[q-developer-converse] Request payload: 330407 chars, 96 history messages, conversationId=sess_0e234331-0804-49b2-b1a6-4ad458d727e5","conversationId":"sess_0e234331-0804-49b2-b1a6-4ad458d727e5","turnId":"5d3536ae-8688-41e8-bcb9-68df979eec52","rootTurnId":"5d3536ae-8688-41e8-bcb9-68df979eec52"}
{"timestamp":"2026-08-24T10:14:11.562Z","level":"info","message":"fs.appendMessages.ok {\"system\":\"fs\",\"sessionId\":\"sess_0e234331-0804-49b2-b1a6-4ad458d727e5\",\"messageCount\":2,\"durationMs\":19}","conversationId":"sess_0e234331-0804-49b2-b1a6-4ad458d727e5","turnId":"5d3536ae-8688-41e8-bcb9-68df979eec52","rootTurnId":"5d3536ae-8688-41e8-bcb9-68df979eec52"}
{"timestamp":"2026-08-24T10:14:15.100Z","level":"info","message":"[AgentIterator] Synchronizing results","conversationId":"sess_0e234331-0804-49b2-b1a6-4ad458d727e5","turnId":"5d3536ae-8688-41e8-bcb9-68df979eec52","rootTurnId":"5d3536ae-8688-41e8-bcb9-68df979eec52"}
{"timestamp":"2026-08-24T10:14:15.100Z","level":"info","message":"[AgentIterator] Processing intent detection result","conversationId":"sess_0e234331-0804-49b2-b1a6-4ad458d727e5","turnId":"5d3536ae-8688-41e8-bcb9-68df979eec52","rootTurnId":"5d3536ae-8688-41e8-bcb9-68df979eec52"}
{"timestamp":"2026-08-24T10:14:15.101Z","level":"info","message":"[ChatAgent] Processing model response stream","conversationId":"sess_0e234331-0804-49b2-b1a6-4ad458d727e5","turnId":"5d3536ae-8688-41e8-bcb9-68df979eec52","rootTurnId":"5d3536ae-8688-41e8-bcb9-68df979eec52"}
{"timestamp":"2026-08-24T10:14:15.101Z","level":"info","message":"[Steering] Populating steering for execution 5d3536ae-8688-41e8-bcb9-68df979eec52","conversationId":"sess_0e234331-0804-49b2-b1a6-4ad458d727e5","turnId":"5d3536ae-8688-41e8-bcb9-68df979eec52","rootTurnId":"5d3536ae-8688-41e8-bcb9-68df979eec52"}
{"timestamp":"2026-08-24T10:14:15.101Z","level":"info","message":"[Steering] ExistingFiles: /c:/Users/Student/.kiro/workspace-roots/regen-railway/vite.config.ts in 5d3536ae-8688-41e8-bcb9-68df979eec52","conversationId":"sess_0e234331-0804-49b2-b1a6-4ad458d727e5","turnId":"5d3536ae-8688-41e8-bcb9-68df979eec52","rootTurnId":"5d3536ae-8688-41e8-bcb9-68df979eec52"}
{"timestamp":"2026-08-24T10:15:20.364Z","level":"info","message":"[ACPEventAdapter] Execution yielded {\"executionId\":\"5d3536ae-8688-41e8-bcb9-68df979eec52\"}","conversationId":"sess_0e234331-0804-49b2-b1a6-4ad458d727e5","turnId":"5d3536ae-8688-41e8-bcb9-68df979eec52","rootTurnId":"5d3536ae-8688-41e8-bcb9-68df979eec52"}
{"timestamp":"2026-08-24T10:15:20.366Z","level":"info","message":"acp.policy-eval.complete {\"toolId\":\"run_command\",\"effect\":\"ask\"}","conversationId":"sess_0e234331-0804-49b2-b1a6-4ad458d727e5","turnId":"5d3536ae-8688-41e8-bcb9-68df979eec52","rootTurnId":"5d3536ae-8688-41e8-bcb9-68df979eec52"}
{"timestamp":"2026-08-24T10:15:20.379Z","level":"info","message":"[ACP ToolApproval] Requesting permission for toolId=run_command, operationId=run_command_tooluse_7Zcx35pVy1z9oy6ZRRvC0Z, sessionId=sess_0e234331-0804-49b2-b1a6-4ad458d727e5","conversationId":"sess_0e234331-0804-49b2-b1a6-4ad458d727e5","turnId":"5d3536ae-8688-41e8-bcb9-68df979eec52","rootTurnId":"5d3536ae-8688-41e8-bcb9-68df979eec52"}
{"timestamp":"2026-08-24T10:15:20.388Z","level":"info","message":"fs.appendMessages.ok {\"system\":\"fs\",\"sessionId\":\"sess_0e234331-0804-49b2-b1a6-4ad458d727e5\",\"messageCount\":1,\"durationMs\":9}","conversationId":"sess_0e234331-0804-49b2-b1a6-4ad458d727e5","turnId":"5d3536ae-8688-41e8-bcb9-68df979eec52","rootTurnId":"5d3536ae-8688-41e8-bcb9-68df979eec52"}
{"timestamp":"2026-08-24T10:15:20.398Z","level":"info","message":"fs.appendMessages.ok {\"system\":\"fs\",\"sessionId\":\"sess_0e234331-0804-49b2-b1a6-4ad458d727e5\",\"messageCount\":1,\"durationMs\":10}","conversationId":"sess_0e234331-0804-49b2-b1a6-4ad458d727e5","turnId":"5d3536ae-8688-41e8-bcb9-68df979eec52","rootTurnId":"5d3536ae-8688-41e8-bcb9-68df979eec52"}
{"timestamp":"2026-08-24T10:15:20.405Z","level":"info","message":"fs.appendMessages.ok {\"system\":\"fs\",\"sessionId\":\"sess_0e234331-0804-49b2-b1a6-4ad458d727e5\",\"messageCount\":1,\"durationMs\":7}","conversationId":"sess_0e234331-0804-49b2-b1a6-4ad458d727e5","turnId":"5d3536ae-8688-41e8-bcb9-68df979eec52","rootTurnId":"5d3536ae-8688-41e8-bcb9-68df979eec52"}
{"timestamp":"2026-08-24T10:15:23.052Z","level":"info","message":"network.listAvailableModels.ok {\"system\":\"network\",\"durationMs\":1102}"}
{"timestamp":"2026-08-24T10:15:23.052Z","level":"info","message":"[ACPModelConfigProvider] Loaded 9 models"}
{"timestamp":"2026-08-24T10:15:25.065Z","level":"info","message":"fs.appendMessages.ok {\"system\":\"fs\",\"sessionId\":\"sess_0e234331-0804-49b2-b1a6-4ad458d727e5\",\"messageCount\":1,\"durationMs\":2}","conversationId":"sess_0e234331-0804-49b2-b1a6-4ad458d727e5","turnId":"5d3536ae-8688-41e8-bcb9-68df979eec52","rootTurnId":"5d3536ae-8688-41e8-bcb9-68df979eec52"}
{"timestamp":"2026-08-24T10:15:25.065Z","level":"info","message":"[ACP ToolApproval] Got response: {\"optionId\":\"always-accept\",\"outcome\":\"selected\"}","conversationId":"sess_0e234331-0804-49b2-b1a6-4ad458d727e5","turnId":"5d3536ae-8688-41e8-bcb9-68df979eec52","rootTurnId":"5d3536ae-8688-41e8-bcb9-68df979eec52"}
{"timestamp":"2026-08-24T10:15:25.262Z","level":"info","message":"[PolicySession] rebuild() complete: 17 rules parsed, engineActive=true, fatal=false","conversationId":"sess_0e234331-0804-49b2-b1a6-4ad458d727e5","turnId":"5d3536ae-8688-41e8-bcb9-68df979eec52","rootTurnId":"5d3536ae-8688-41e8-bcb9-68df979eec52"}
{"timestamp":"2026-08-24T10:15:25.262Z","level":"info","message":"[PolicySession] Persisted allow rule for shell matching \"Set-Content -Path \"src\\pages\\Network.tsx\" -Value $networkMap -Encoding UTF8\" at scope=user","conversationId":"sess_0e234331-0804-49b2-b1a6-4ad458d727e5","turnId":"5d3536ae-8688-41e8-bcb9-68df979eec52","rootTurnId":"5d3536ae-8688-41e8-bcb9-68df979eec52"}
{"timestamp":"2026-08-24T10:15:25.277Z","level":"info","message":"[ACP ToolApproval] Requesting permission for toolId=run_command, operationId=run_command_tooluse_7Zcx35pVy1z9oy6ZRRvC0Z, sessionId=sess_0e234331-0804-49b2-b1a6-4ad458d727e5","conversationId":"sess_0e234331-0804-49b2-b1a6-4ad458d727e5","turnId":"5d3536ae-8688-41e8-bcb9-68df979eec52","rootTurnId":"5d3536ae-8688-41e8-bcb9-68df979eec52"}
{"timestamp":"2026-08-24T10:15:25.280Z","level":"info","message":"fs.appendMessages.ok {\"system\":\"fs\",\"sessionId\":\"sess_0e234331-0804-49b2-b1a6-4ad458d727e5\",\"messageCount\":1,\"durationMs\":3}","conversationId":"sess_0e234331-0804-49b2-b1a6-4ad458d727e5","turnId":"5d3536ae-8688-41e8-bcb9-68df979eec52","rootTurnId":"5d3536ae-8688-41e8-bcb9-68df979eec52"}
{"timestamp":"2026-08-24T10:15:26.384Z","level":"info","message":"fs.appendMessages.ok {\"system\":\"fs\",\"sessionId\":\"sess_0e234331-0804-49b2-b1a6-4ad458d727e5\",\"messageCount\":1,\"durationMs\":2}","conversationId":"sess_0e234331-0804-49b2-b1a6-4ad458d727e5","turnId":"5d3536ae-8688-41e8-bcb9-68df979eec52","rootTurnId":"5d3536ae-8688-41e8-bcb9-68df979eec52"}
{"timestamp":"2026-08-24T10:15:26.384Z","level":"info","message":"[ACP ToolApproval] Got response: {\"optionId\":\"always-accept\",\"outcome\":\"selected\"}","conversationId":"sess_0e234331-0804-49b2-b1a6-4ad458d727e5","turnId":"5d3536ae-8688-41e8-bcb9-68df979eec52","rootTurnId":"5d3536ae-8688-41e8-bcb9-68df979eec52"}
{"timestamp":"2026-08-24T10:15:26.581Z","level":"info","message":"[PolicySession] rebuild() complete: 17 rules parsed, engineActive=true, fatal=false","conversationId":"sess_0e234331-0804-49b2-b1a6-4ad458d727e5","turnId":"5d3536ae-8688-41e8-bcb9-68df979eec52","rootTurnId":"5d3536ae-8688-41e8-bcb9-68df979eec52"}
{"timestamp":"2026-08-24T10:15:26.581Z","level":"info","message":"[PolicySession] Persisted allow rule for shell matching \"Write-Host \"Network map done\"\" at scope=user","conversationId":"sess_0e234331-0804-49b2-b1a6-4ad458d727e5","turnId":"5d3536ae-8688-41e8-bcb9-68df979eec52","rootTurnId":"5d3536ae-8688-41e8-bcb9-68df979eec52"}
{"timestamp":"2026-08-24T10:15:26.586Z","level":"info","message":"[ACPEventAdapter] Execution resumed {\"executionId\":\"5d3536ae-8688-41e8-bcb9-68df979eec52\"}","conversationId":"sess_0e234331-0804-49b2-b1a6-4ad458d727e5","turnId":"5d3536ae-8688-41e8-bcb9-68df979eec52","rootTurnId":"5d3536ae-8688-41e8-bcb9-68df979eec52"}
{"timestamp":"2026-08-24T10:15:26.587Z","level":"info","message":"acp.policy-eval.complete {\"toolId\":\"list_directory\",\"effect\":\"allow\",\"capability\":\"fs_read\"}","conversationId":"sess_0e234331-0804-49b2-b1a6-4ad458d727e5","turnId":"5d3536ae-8688-41e8-bcb9-68df979eec52","rootTurnId":"5d3536ae-8688-41e8-bcb9-68df979eec52"}
{"timestamp":"2026-08-24T10:15:33.719Z","level":"info","message":"[AgentIterator] Parallel invoking agent","conversationId":"sess_0e234331-0804-49b2-b1a6-4ad458d727e5","turnId":"5d3536ae-8688-41e8-bcb9-68df979eec52","rootTurnId":"5d3536ae-8688-41e8-bcb9-68df979eec52"}
{"timestamp":"2026-08-24T10:15:33.719Z","level":"info","message":"[Steering] Populating steering for execution 5d3536ae-8688-41e8-bcb9-68df979eec52","conversationId":"sess_0e234331-0804-49b2-b1a6-4ad458d727e5","turnId":"5d3536ae-8688-41e8-bcb9-68df979eec52","rootTurnId":"5d3536ae-8688-41e8-bcb9-68df979eec52"}
{"timestamp":"2026-08-24T10:15:33.719Z","level":"info","message":"[Steering] ExistingFiles: /c:/Users/Student/.kiro/workspace-roots/regen-railway/vite.config.ts in 5d3536ae-8688-41e8-bcb9-68df979eec52","conversationId":"sess_0e234331-0804-49b2-b1a6-4ad458d727e5","turnId":"5d3536ae-8688-41e8-bcb9-68df979eec52","rootTurnId":"5d3536ae-8688-41e8-bcb9-68df979eec52"}
{"timestamp":"2026-08-24T10:15:33.722Z","level":"info","message":"[q-developer-converse] Sending GenerateAssistantResponse modelId=auto agentMode=vibe origin=AI_EDITOR streaming=true conversationId=sess_0e234331-0804-49b2-b1a6-4ad458d727e5","conversationId":"sess_0e234331-0804-49b2-b1a6-4ad458d727e5","turnId":"5d3536ae-8688-41e8-bcb9-68df979eec52","rootTurnId":"5d3536ae-8688-41e8-bcb9-68df979eec52"}
{"timestamp":"2026-08-24T10:15:33.723Z","level":"info","message":"[q-developer-converse] Request payload: 348592 chars, 98 history messages, conversationId=sess_0e234331-0804-49b2-b1a6-4ad458d727e5","conversationId":"sess_0e234331-0804-49b2-b1a6-4ad458d727e5","turnId":"5d3536ae-8688-41e8-bcb9-68df979eec52","rootTurnId":"5d3536ae-8688-41e8-bcb9-68df979eec52"}
{"timestamp":"2026-08-24T10:15:33.736Z","level":"info","message":"fs.appendMessages.ok {\"system\":\"fs\",\"sessionId\":\"sess_0e234331-0804-49b2-b1a6-4ad458d727e5\",\"messageCount\":2,\"durationMs\":20}","conversationId":"sess_0e234331-0804-49b2-b1a6-4ad458d727e5","turnId":"5d3536ae-8688-41e8-bcb9-68df979eec52","rootTurnId":"5d3536ae-8688-41e8-bcb9-68df979eec52"}
{"timestamp":"2026-08-24T10:15:39.844Z","level":"info","message":"[AgentIterator] Synchronizing results","conversationId":"sess_0e234331-0804-49b2-b1a6-4ad458d727e5","turnId":"5d3536ae-8688-41e8-bcb9-68df979eec52","rootTurnId":"5d3536ae-8688-41e8-bcb9-68df979eec52"}
{"timestamp":"2026-08-24T10:15:39.844Z","level":"info","message":"[AgentIterator] Processing intent detection result","conversationId":"sess_0e234331-0804-49b2-b1a6-4ad458d727e5","turnId":"5d3536ae-8688-41e8-bcb9-68df979eec52","rootTurnId":"5d3536ae-8688-41e8-bcb9-68df979eec52"}
{"timestamp":"2026-08-24T10:15:39.845Z","level":"info","message":"[ChatAgent] Processing model response stream","conversationId":"sess_0e234331-0804-49b2-b1a6-4ad458d727e5","turnId":"5d3536ae-8688-41e8-bcb9-68df979eec52","rootTurnId":"5d3536ae-8688-41e8-bcb9-68df979eec52"}
{"timestamp":"2026-08-24T10:15:39.845Z","level":"info","message":"[Steering] Populating steering for execution 5d3536ae-8688-41e8-bcb9-68df979eec52","conversationId":"sess_0e234331-0804-49b2-b1a6-4ad458d727e5","turnId":"5d3536ae-8688-41e8-bcb9-68df979eec52","rootTurnId":"5d3536ae-8688-41e8-bcb9-68df979eec52"}
{"timestamp":"2026-08-24T10:15:39.845Z","level":"info","message":"[Steering] ExistingFiles: /c:/Users/Student/.kiro/workspace-roots/regen-railway/vite.config.ts in 5d3536ae-8688-41e8-bcb9-68df979eec52","conversationId":"sess_0e234331-0804-49b2-b1a6-4ad458d727e5","turnId":"5d3536ae-8688-41e8-bcb9-68df979eec52","rootTurnId":"5d3536ae-8688-41e8-bcb9-68df979eec52"}
{"timestamp":"2026-08-24T10:16:18.524Z","level":"info","message":"[ACPEventAdapter] Execution yielded {\"executionId\":\"5d3536ae-8688-41e8-bcb9-68df979eec52\"}","conversationId":"sess_0e234331-0804-49b2-b1a6-4ad458d727e5","turnId":"5d3536ae-8688-41e8-bcb9-68df979eec52","rootTurnId":"5d3536ae-8688-41e8-bcb9-68df979eec52"}
{"timestamp":"2026-08-24T10:16:18.526Z","level":"info","message":"acp.policy-eval.complete {\"toolId\":\"run_command\",\"effect\":\"ask\"}","conversationId":"sess_0e234331-0804-49b2-b1a6-4ad458d727e5","turnId":"5d3536ae-8688-41e8-bcb9-68df979eec52","rootTurnId":"5d3536ae-8688-41e8-bcb9-68df979eec52"}
{"timestamp":"2026-08-24T10:16:18.539Z","level":"info","message":"[ACP ToolApproval] Requesting permission for toolId=run_command, operationId=run_command_tooluse_dIKnI6pLKn96yledjUqJqW, sessionId=sess_0e234331-0804-49b2-b1a6-4ad458d727e5","conversationId":"sess_0e234331-0804-49b2-b1a6-4ad458d727e5","turnId":"5d3536ae-8688-41e8-bcb9-68df979eec52","rootTurnId":"5d3536ae-8688-41e8-bcb9-68df979eec52"}
{"timestamp":"2026-08-24T10:16:18.546Z","level":"info","message":"fs.appendMessages.ok {\"system\":\"fs\",\"sessionId\":\"sess_0e234331-0804-49b2-b1a6-4ad458d727e5\",\"messageCount\":1,\"durationMs\":7}","conversationId":"sess_0e234331-0804-49b2-b1a6-4ad458d727e5","turnId":"5d3536ae-8688-41e8-bcb9-68df979eec52","rootTurnId":"5d3536ae-8688-41e8-bcb9-68df979eec52"}
{"timestamp":"2026-08-24T10:16:18.558Z","level":"info","message":"fs.appendMessages.ok {\"system\":\"fs\",\"sessionId\":\"sess_0e234331-0804-49b2-b1a6-4ad458d727e5\",\"messageCount\":1,\"durationMs\":12}","conversationId":"sess_0e234331-0804-49b2-b1a6-4ad458d727e5","turnId":"5d3536ae-8688-41e8-bcb9-68df979eec52","rootTurnId":"5d3536ae-8688-41e8-bcb9-68df979eec52"}
{"timestamp":"2026-08-24T10:16:18.566Z","level":"info","message":"fs.appendMessages.ok {\"system\":\"fs\",\"sessionId\":\"sess_0e234331-0804-49b2-b1a6-4ad458d727e5\",\"messageCount\":1,\"durationMs\":8}","conversationId":"sess_0e234331-0804-49b2-b1a6-4ad458d727e5","turnId":"5d3536ae-8688-41e8-bcb9-68df979eec52","rootTurnId":"5d3536ae-8688-41e8-bcb9-68df979eec52"}
{"timestamp":"2026-08-24T10:16:29.568Z","level":"info","message":"fs.appendMessages.ok {\"system\":\"fs\",\"sessionId\":\"sess_0e234331-0804-49b2-b1a6-4ad458d727e5\",\"messageCount\":1,\"durationMs\":2}","conversationId":"sess_0e234331-0804-49b2-b1a6-4ad458d727e5","turnId":"5d3536ae-8688-41e8-bcb9-68df979eec52","rootTurnId":"5d3536ae-8688-41e8-bcb9-68df979eec52"}
{"timestamp":"2026-08-24T10:16:29.568Z","level":"info","message":"[ACP ToolApproval] Got response: {\"optionId\":\"always-accept\",\"outcome\":\"selected\"}","conversationId":"sess_0e234331-0804-49b2-b1a6-4ad458d727e5","turnId":"5d3536ae-8688-41e8-bcb9-68df979eec52","rootTurnId":"5d3536ae-8688-41e8-bcb9-68df979eec52"}
{"timestamp":"2026-08-24T10:16:29.767Z","level":"info","message":"[PolicySession] rebuild() complete: 17 rules parsed, engineActive=true, fatal=false","conversationId":"sess_0e234331-0804-49b2-b1a6-4ad458d727e5","turnId":"5d3536ae-8688-41e8-bcb9-68df979eec52","rootTurnId":"5d3536ae-8688-41e8-bcb9-68df979eec52"}
{"timestamp":"2026-08-24T10:16:29.767Z","level":"info","message":"[PolicySession] Persisted allow rule for shell matching \"Set-Content -Path \"src\\pages\\TrackCircuits.tsx\" -Value $trackCircuits -Encoding UTF8\" at scope=user","conversationId":"sess_0e234331-0804-49b2-b1a6-4ad458d727e5","turnId":"5d3536ae-8688-41e8-bcb9-68df979eec52","rootTurnId":"5d3536ae-8688-41e8-bcb9-68df979eec52"}
{"timestamp":"2026-08-24T10:16:29.782Z","level":"info","message":"[ACP ToolApproval] Requesting permission for toolId=run_command, operationId=run_command_tooluse_dIKnI6pLKn96yledjUqJqW, sessionId=sess_0e234331-0804-49b2-b1a6-4ad458d727e5","conversationId":"sess_0e234331-0804-49b2-b1a6-4ad458d727e5","turnId":"5d3536ae-8688-41e8-bcb9-68df979eec52","rootTurnId":"5d3536ae-8688-41e8-bcb9-68df979eec52"}
{"timestamp":"2026-08-24T10:16:29.785Z","level":"info","message":"fs.appendMessages.ok {\"system\":\"fs\",\"sessionId\":\"sess_0e234331-0804-49b2-b1a6-4ad458d727e5\",\"messageCount\":1,\"durationMs\":3}","conversationId":"sess_0e234331-0804-49b2-b1a6-4ad458d727e5","turnId":"5d3536ae-8688-41e8-bcb9-68df979eec52","rootTurnId":"5d3536ae-8688-41e8-bcb9-68df979eec52"}
{"timestamp":"2026-08-24T10:16:30.992Z","level":"info","message":"fs.appendMessages.ok {\"system\":\"fs\",\"sessionId\":\"sess_0e234331-0804-49b2-b1a6-4ad458d727e5\",\"messageCount\":1,\"durationMs\":2}","conversationId":"sess_0e234331-0804-49b2-b1a6-4ad458d727e5","turnId":"5d3536ae-8688-41e8-bcb9-68df979eec52","rootTurnId":"5d3536ae-8688-41e8-bcb9-68df979eec52"}
{"timestamp":"2026-08-24T10:16:30.992Z","level":"info","message":"[ACP ToolApproval] Got response: {\"optionId\":\"always-accept\",\"outcome\":\"selected\"}","conversationId":"sess_0e234331-0804-49b2-b1a6-4ad458d727e5","turnId":"5d3536ae-8688-41e8-bcb9-68df979eec52","rootTurnId":"5d3536ae-8688-41e8-bcb9-68df979eec52"}
{"timestamp":"2026-08-24T10:16:31.189Z","level":"info","message":"[PolicySession] rebuild() complete: 17 rules parsed, engineActive=true, fatal=false","conversationId":"sess_0e234331-0804-49b2-b1a6-4ad458d727e5","turnId":"5d3536ae-8688-41e8-bcb9-68df979eec52","rootTurnId":"5d3536ae-8688-41e8-bcb9-68df979eec52"}
{"timestamp":"2026-08-24T10:16:31.189Z","level":"info","message":"[PolicySession] Persisted allow rule for shell matching \"Write-Host \"TrackCircuits done\"\" at scope=user","conversationId":"sess_0e234331-0804-49b2-b1a6-4ad458d727e5","turnId":"5d3536ae-8688-41e8-bcb9-68df979eec52","rootTurnId":"5d3536ae-8688-41e8-bcb9-68df979eec52"}
{"timestamp":"2026-08-24T10:16:31.194Z","level":"info","message":"[ACPEventAdapter] Execution resumed {\"executionId\":\"5d3536ae-8688-41e8-bcb9-68df979eec52\"}","conversationId":"sess_0e234331-0804-49b2-b1a6-4ad458d727e5","turnId":"5d3536ae-8688-41e8-bcb9-68df979eec52","rootTurnId":"5d3536ae-8688-41e8-bcb9-68df979eec52"}
{"timestamp":"2026-08-24T10:16:31.194Z","level":"info","message":"acp.policy-eval.complete {\"toolId\":\"list_directory\",\"effect\":\"allow\",\"capability\":\"fs_read\"}","conversationId":"sess_0e234331-0804-49b2-b1a6-4ad458d727e5","turnId":"5d3536ae-8688-41e8-bcb9-68df979eec52","rootTurnId":"5d3536ae-8688-41e8-bcb9-68df979eec52"}
{"timestamp":"2026-08-24T10:16:38.048Z","level":"info","message":"[AgentIterator] Parallel invoking agent","conversationId":"sess_0e234331-0804-49b2-b1a6-4ad458d727e5","turnId":"5d3536ae-8688-41e8-bcb9-68df979eec52","rootTurnId":"5d3536ae-8688-41e8-bcb9-68df979eec52"}
{"timestamp":"2026-08-24T10:16:38.048Z","level":"info","message":"[Steering] Populating steering for execution 5d3536ae-8688-41e8-bcb9-68df979eec52","conversationId":"sess_0e234331-0804-49b2-b1a6-4ad458d727e5","turnId":"5d3536ae-8688-41e8-bcb9-68df979eec52","rootTurnId":"5d3536ae-8688-41e8-bcb9-68df979eec52"}
{"timestamp":"2026-08-24T10:16:38.048Z","level":"info","message":"[Steering] ExistingFiles: /c:/Users/Student/.kiro/workspace-roots/regen-railway/vite.config.ts in 5d3536ae-8688-41e8-bcb9-68df979eec52","conversationId":"sess_0e234331-0804-49b2-b1a6-4ad458d727e5","turnId":"5d3536ae-8688-41e8-bcb9-68df979eec52","rootTurnId":"5d3536ae-8688-41e8-bcb9-68df979eec52"}
{"timestamp":"2026-08-24T10:16:38.051Z","level":"info","message":"[q-developer-converse] Sending GenerateAssistantResponse modelId=auto agentMode=vibe origin=AI_EDITOR streaming=true conversationId=sess_0e234331-0804-49b2-b1a6-4ad458d727e5","conversationId":"sess_0e234331-0804-49b2-b1a6-4ad458d727e5","turnId":"5d3536ae-8688-41e8-bcb9-68df979eec52","rootTurnId":"5d3536ae-8688-41e8-bcb9-68df979eec52"}
{"timestamp":"2026-08-24T10:16:38.052Z","level":"info","message":"[q-developer-converse] Request payload: 361718 chars, 100 history messages, conversationId=sess_0e234331-0804-49b2-b1a6-4ad458d727e5","conversationId":"sess_0e234331-0804-49b2-b1a6-4ad458d727e5","turnId":"5d3536ae-8688-41e8-bcb9-68df979eec52","rootTurnId":"5d3536ae-8688-41e8-bcb9-68df979eec52"}
{"timestamp":"2026-08-24T10:16:38.061Z","level":"info","message":"fs.appendMessages.ok {\"system\":\"fs\",\"sessionId\":\"sess_0e234331-0804-49b2-b1a6-4ad458d727e5\",\"messageCount\":2,\"durationMs\":17}","conversationId":"sess_0e234331-0804-49b2-b1a6-4ad458d727e5","turnId":"5d3536ae-8688-41e8-bcb9-68df979eec52","rootTurnId":"5d3536ae-8688-41e8-bcb9-68df979eec52"}
{"timestamp":"2026-08-24T10:16:41.930Z","level":"info","message":"[AgentIterator] Synchronizing results","conversationId":"sess_0e234331-0804-49b2-b1a6-4ad458d727e5","turnId":"5d3536ae-8688-41e8-bcb9-68df979eec52","rootTurnId":"5d3536ae-8688-41e8-bcb9-68df979eec52"}
{"timestamp":"2026-08-24T10:16:41.930Z","level":"info","message":"[AgentIterator] Processing intent detection result","conversationId":"sess_0e234331-0804-49b2-b1a6-4ad458d727e5","turnId":"5d3536ae-8688-41e8-bcb9-68df979eec52","rootTurnId":"5d3536ae-8688-41e8-bcb9-68df979eec52"}
{"timestamp":"2026-08-24T10:16:41.931Z","level":"info","message":"[ChatAgent] Processing model response stream","conversationId":"sess_0e234331-0804-49b2-b1a6-4ad458d727e5","turnId":"5d3536ae-8688-41e8-bcb9-68df979eec52","rootTurnId":"5d3536ae-8688-41e8-bcb9-68df979eec52"}
{"timestamp":"2026-08-24T10:16:41.931Z","level":"info","message":"[Steering] Populating steering for execution 5d3536ae-8688-41e8-bcb9-68df979eec52","conversationId":"sess_0e234331-0804-49b2-b1a6-4ad458d727e5","turnId":"5d3536ae-8688-41e8-bcb9-68df979eec52","rootTurnId":"5d3536ae-8688-41e8-bcb9-68df979eec52"}
{"timestamp":"2026-08-24T10:16:41.931Z","level":"info","message":"[Steering] ExistingFiles: /c:/Users/Student/.kiro/workspace-roots/regen-railway/vite.config.ts in 5d3536ae-8688-41e8-bcb9-68df979eec52","conversationId":"sess_0e234331-0804-49b2-b1a6-4ad458d727e5","turnId":"5d3536ae-8688-41e8-bcb9-68df979eec52","rootTurnId":"5d3536ae-8688-41e8-bcb9-68df979eec52"}
{"timestamp":"2026-08-24T10:17:31.784Z","level":"info","message":"[ACPEventAdapter] Execution yielded {\"executionId\":\"5d3536ae-8688-41e8-bcb9-68df979eec52\"}","conversationId":"sess_0e234331-0804-49b2-b1a6-4ad458d727e5","turnId":"5d3536ae-8688-41e8-bcb9-68df979eec52","rootTurnId":"5d3536ae-8688-41e8-bcb9-68df979eec52"}
{"timestamp":"2026-08-24T10:17:31.786Z","level":"info","message":"acp.policy-eval.complete {\"toolId\":\"run_command\",\"effect\":\"ask\"}","conversationId":"sess_0e234331-0804-49b2-b1a6-4ad458d727e5","turnId":"5d3536ae-8688-41e8-bcb9-68df979eec52","rootTurnId":"5d3536ae-8688-41e8-bcb9-68df979eec52"}
{"timestamp":"2026-08-24T10:17:31.800Z","level":"info","message":"[ACP ToolApproval] Requesting permission for toolId=run_command, operationId=run_command_tooluse_wppHg4vaHQIit729ZQx5un, sessionId=sess_0e234331-0804-49b2-b1a6-4ad458d727e5","conversationId":"sess_0e234331-0804-49b2-b1a6-4ad458d727e5","turnId":"5d3536ae-8688-41e8-bcb9-68df979eec52","rootTurnId":"5d3536ae-8688-41e8-bcb9-68df979eec52"}
{"timestamp":"2026-08-24T10:17:31.807Z","level":"info","message":"fs.appendMessages.ok {\"system\":\"fs\",\"sessionId\":\"sess_0e234331-0804-49b2-b1a6-4ad458d727e5\",\"messageCount\":1,\"durationMs\":7}","conversationId":"sess_0e234331-0804-49b2-b1a6-4ad458d727e5","turnId":"5d3536ae-8688-41e8-bcb9-68df979eec52","rootTurnId":"5d3536ae-8688-41e8-bcb9-68df979eec52"}
{"timestamp":"2026-08-24T10:17:31.817Z","level":"info","message":"fs.appendMessages.ok {\"system\":\"fs\",\"sessionId\":\"sess_0e234331-0804-49b2-b1a6-4ad458d727e5\",\"messageCount\":1,\"durationMs\":10}","conversationId":"sess_0e234331-0804-49b2-b1a6-4ad458d727e5","turnId":"5d3536ae-8688-41e8-bcb9-68df979eec52","rootTurnId":"5d3536ae-8688-41e8-bcb9-68df979eec52"}
{"timestamp":"2026-08-24T10:17:31.826Z","level":"info","message":"fs.appendMessages.ok {\"system\":\"fs\",\"sessionId\":\"sess_0e234331-0804-49b2-b1a6-4ad458d727e5\",\"messageCount\":1,\"durationMs\":9}","conversationId":"sess_0e234331-0804-49b2-b1a6-4ad458d727e5","turnId":"5d3536ae-8688-41e8-bcb9-68df979eec52","rootTurnId":"5d3536ae-8688-41e8-bcb9-68df979eec52"}
{"timestamp":"2026-08-24T10:17:40.408Z","level":"info","message":"fs.appendMessages.ok {\"system\":\"fs\",\"sessionId\":\"sess_0e234331-0804-49b2-b1a6-4ad458d727e5\",\"messageCount\":1,\"durationMs\":2}","conversationId":"sess_0e234331-0804-49b2-b1a6-4ad458d727e5","turnId":"5d3536ae-8688-41e8-bcb9-68df979eec52","rootTurnId":"5d3536ae-8688-41e8-bcb9-68df979eec52"}
{"timestamp":"2026-08-24T10:17:40.408Z","level":"info","message":"[ACP ToolApproval] Got response: {\"optionId\":\"always-accept\",\"outcome\":\"selected\"}","conversationId":"sess_0e234331-0804-49b2-b1a6-4ad458d727e5","turnId":"5d3536ae-8688-41e8-bcb9-68df979eec52","rootTurnId":"5d3536ae-8688-41e8-bcb9-68df979eec52"}
{"timestamp":"2026-08-24T10:17:40.605Z","level":"info","message":"[PolicySession] rebuild() complete: 17 rules parsed, engineActive=true, fatal=false","conversationId":"sess_0e234331-0804-49b2-b1a6-4ad458d727e5","turnId":"5d3536ae-8688-41e8-bcb9-68df979eec52","rootTurnId":"5d3536ae-8688-41e8-bcb9-68df979eec52"}
{"timestamp":"2026-08-24T10:17:40.605Z","level":"info","message":"[PolicySession] Persisted allow rule for shell matching \"Set-Content -Path \"src\\pages\\Assets.tsx\" -Value $assets -Encoding UTF8\" at scope=user","conversationId":"sess_0e234331-0804-49b2-b1a6-4ad458d727e5","turnId":"5d3536ae-8688-41e8-bcb9-68df979eec52","rootTurnId":"5d3536ae-8688-41e8-bcb9-68df979eec52"}
{"timestamp":"2026-08-24T10:17:40.621Z","level":"info","message":"[ACP ToolApproval] Requesting permission for toolId=run_command, operationId=run_command_tooluse_wppHg4vaHQIit729ZQx5un, sessionId=sess_0e234331-0804-49b2-b1a6-4ad458d727e5","conversationId":"sess_0e234331-0804-49b2-b1a6-4ad458d727e5","turnId":"5d3536ae-8688-41e8-bcb9-68df979eec52","rootTurnId":"5d3536ae-8688-41e8-bcb9-68df979eec52"}
{"timestamp":"2026-08-24T10:17:40.624Z","level":"info","message":"fs.appendMessages.ok {\"system\":\"fs\",\"sessionId\":\"sess_0e234331-0804-49b2-b1a6-4ad458d727e5\",\"messageCount\":1,\"durationMs\":3}","conversationId":"sess_0e234331-0804-49b2-b1a6-4ad458d727e5","turnId":"5d3536ae-8688-41e8-bcb9-68df979eec52","rootTurnId":"5d3536ae-8688-41e8-bcb9-68df979eec52"}
{"timestamp":"2026-08-24T10:17:41.912Z","level":"info","message":"fs.appendMessages.ok {\"system\":\"fs\",\"sessionId\":\"sess_0e234331-0804-49b2-b1a6-4ad458d727e5\",\"messageCount\":1,\"durationMs\":2}","conversationId":"sess_0e234331-0804-49b2-b1a6-4ad458d727e5","turnId":"5d3536ae-8688-41e8-bcb9-68df979eec52","rootTurnId":"5d3536ae-8688-41e8-bcb9-68df979eec52"}
{"timestamp":"2026-08-24T10:17:41.912Z","level":"info","message":"[ACP ToolApproval] Got response: {\"optionId\":\"always-accept\",\"outcome\":\"selected\"}","conversationId":"sess_0e234331-0804-49b2-b1a6-4ad458d727e5","turnId":"5d3536ae-8688-41e8-bcb9-68df979eec52","rootTurnId":"5d3536ae-8688-41e8-bcb9-68df979eec52"}
{"timestamp":"2026-08-24T10:17:42.112Z","level":"info","message":"[PolicySession] rebuild() complete: 17 rules parsed, engineActive=true, fatal=false","conversationId":"sess_0e234331-0804-49b2-b1a6-4ad458d727e5","turnId":"5d3536ae-8688-41e8-bcb9-68df979eec52","rootTurnId":"5d3536ae-8688-41e8-bcb9-68df979eec52"}
{"timestamp":"2026-08-24T10:17:42.112Z","level":"info","message":"[PolicySession] Persisted allow rule for shell matching \"Write-Host \"Assets done\"\" at scope=user","conversationId":"sess_0e234331-0804-49b2-b1a6-4ad458d727e5","turnId":"5d3536ae-8688-41e8-bcb9-68df979eec52","rootTurnId":"5d3536ae-8688-41e8-bcb9-68df979eec52"}
{"timestamp":"2026-08-24T10:17:42.117Z","level":"info","message":"[ACPEventAdapter] Execution resumed {\"executionId\":\"5d3536ae-8688-41e8-bcb9-68df979eec52\"}","conversationId":"sess_0e234331-0804-49b2-b1a6-4ad458d727e5","turnId":"5d3536ae-8688-41e8-bcb9-68df979eec52","rootTurnId":"5d3536ae-8688-41e8-bcb9-68df979eec52"}
{"timestamp":"2026-08-24T10:17:42.118Z","level":"info","message":"acp.policy-eval.complete {\"toolId\":\"list_directory\",\"effect\":\"allow\",\"capability\":\"fs_read\"}","conversationId":"sess_0e234331-0804-49b2-b1a6-4ad458d727e5","turnId":"5d3536ae-8688-41e8-bcb9-68df979eec52","rootTurnId":"5d3536ae-8688-41e8-bcb9-68df979eec52"}
{"timestamp":"2026-08-24T10:17:49.283Z","level":"info","message":"[AgentIterator] Parallel invoking agent","conversationId":"sess_0e234331-0804-49b2-b1a6-4ad458d727e5","turnId":"5d3536ae-8688-41e8-bcb9-68df979eec52","rootTurnId":"5d3536ae-8688-41e8-bcb9-68df979eec52"}
{"timestamp":"2026-08-24T10:17:49.283Z","level":"info","message":"[Steering] Populating steering for execution 5d3536ae-8688-41e8-bcb9-68df979eec52","conversationId":"sess_0e234331-0804-49b2-b1a6-4ad458d727e5","turnId":"5d3536ae-8688-41e8-bcb9-68df979eec52","rootTurnId":"5d3536ae-8688-41e8-bcb9-68df979eec52"}
{"timestamp":"2026-08-24T10:17:49.283Z","level":"info","message":"[Steering] ExistingFiles: /c:/Users/Student/.kiro/workspace-roots/regen-railway/vite.config.ts in 5d3536ae-8688-41e8-bcb9-68df979eec52","conversationId":"sess_0e234331-0804-49b2-b1a6-4ad458d727e5","turnId":"5d3536ae-8688-41e8-bcb9-68df979eec52","rootTurnId":"5d3536ae-8688-41e8-bcb9-68df979eec52"}
{"timestamp":"2026-08-24T10:17:49.287Z","level":"info","message":"[q-developer-converse] Sending GenerateAssistantResponse modelId=auto agentMode=vibe origin=AI_EDITOR streaming=true conversationId=sess_0e234331-0804-49b2-b1a6-4ad458d727e5","conversationId":"sess_0e234331-0804-49b2-b1a6-4ad458d727e5","turnId":"5d3536ae-8688-41e8-bcb9-68df979eec52","rootTurnId":"5d3536ae-8688-41e8-bcb9-68df979eec52"}
{"timestamp":"2026-08-24T10:17:49.288Z","level":"info","message":"[q-developer-converse] Request payload: 380211 chars, 102 history messages, conversationId=sess_0e234331-0804-49b2-b1a6-4ad458d727e5","conversationId":"sess_0e234331-0804-49b2-b1a6-4ad458d727e5","turnId":"5d3536ae-8688-41e8-bcb9-68df979eec52","rootTurnId":"5d3536ae-8688-41e8-bcb9-68df979eec52"}
{"timestamp":"2026-08-24T10:17:49.297Z","level":"info","message":"fs.appendMessages.ok {\"system\":\"fs\",\"sessionId\":\"sess_0e234331-0804-49b2-b1a6-4ad458d727e5\",\"messageCount\":2,\"durationMs\":17}","conversationId":"sess_0e234331-0804-49b2-b1a6-4ad458d727e5","turnId":"5d3536ae-8688-41e8-bcb9-68df979eec52","rootTurnId":"5d3536ae-8688-41e8-bcb9-68df979eec52"}
{"timestamp":"2026-08-24T10:17:53.743Z","level":"info","message":"[AgentIterator] Synchronizing results","conversationId":"sess_0e234331-0804-49b2-b1a6-4ad458d727e5","turnId":"5d3536ae-8688-41e8-bcb9-68df979eec52","rootTurnId":"5d3536ae-8688-41e8-bcb9-68df979eec52"}
{"timestamp":"2026-08-24T10:17:53.743Z","level":"info","message":"[AgentIterator] Processing intent detection result","conversationId":"sess_0e234331-0804-49b2-b1a6-4ad458d727e5","turnId":"5d3536ae-8688-41e8-bcb9-68df979eec52","rootTurnId":"5d3536ae-8688-41e8-bcb9-68df979eec52"}
{"timestamp":"2026-08-24T10:17:53.744Z","level":"info","message":"[ChatAgent] Processing model response stream","conversationId":"sess_0e234331-0804-49b2-b1a6-4ad458d727e5","turnId":"5d3536ae-8688-41e8-bcb9-68df979eec52","rootTurnId":"5d3536ae-8688-41e8-bcb9-68df979eec52"}
{"timestamp":"2026-08-24T10:17:53.744Z","level":"info","message":"[Steering] Populating steering for execution 5d3536ae-8688-41e8-bcb9-68df979eec52","conversationId":"sess_0e234331-0804-49b2-b1a6-4ad458d727e5","turnId":"5d3536ae-8688-41e8-bcb9-68df979eec52","rootTurnId":"5d3536ae-8688-41e8-bcb9-68df979eec52"}
{"timestamp":"2026-08-24T10:17:53.744Z","level":"info","message":"[Steering] ExistingFiles: /c:/Users/Student/.kiro/workspace-roots/regen-railway/vite.config.ts in 5d3536ae-8688-41e8-bcb9-68df979eec52","conversationId":"sess_0e234331-0804-49b2-b1a6-4ad458d727e5","turnId":"5d3536ae-8688-41e8-bcb9-68df979eec52","rootTurnId":"5d3536ae-8688-41e8-bcb9-68df979eec52"}
{"timestamp":"2026-08-24T10:18:44.778Z","level":"info","message":"[ACPEventAdapter] Execution yielded {\"executionId\":\"5d3536ae-8688-41e8-bcb9-68df979eec52\"}","conversationId":"sess_0e234331-0804-49b2-b1a6-4ad458d727e5","turnId":"5d3536ae-8688-41e8-bcb9-68df979eec52","rootTurnId":"5d3536ae-8688-41e8-bcb9-68df979eec52"}
{"timestamp":"2026-08-24T10:18:44.780Z","level":"info","message":"acp.policy-eval.complete {\"toolId\":\"run_command\",\"effect\":\"ask\"}","conversationId":"sess_0e234331-0804-49b2-b1a6-4ad458d727e5","turnId":"5d3536ae-8688-41e8-bcb9-68df979eec52","rootTurnId":"5d3536ae-8688-41e8-bcb9-68df979eec52"}
{"timestamp":"2026-08-24T10:18:44.794Z","level":"info","message":"[ACP ToolApproval] Requesting permission for toolId=run_command, operationId=run_command_tooluse_2NgRjsTo3qAEIDMoHKi10b, sessionId=sess_0e234331-0804-49b2-b1a6-4ad458d727e5","conversationId":"sess_0e234331-0804-49b2-b1a6-4ad458d727e5","turnId":"5d3536ae-8688-41e8-bcb9-68df979eec52","rootTurnId":"5d3536ae-8688-41e8-bcb9-68df979eec52"}
{"timestamp":"2026-08-24T10:18:44.801Z","level":"info","message":"fs.appendMessages.ok {\"system\":\"fs\",\"sessionId\":\"sess_0e234331-0804-49b2-b1a6-4ad458d727e5\",\"messageCount\":1,\"durationMs\":7}","conversationId":"sess_0e234331-0804-49b2-b1a6-4ad458d727e5","turnId":"5d3536ae-8688-41e8-bcb9-68df979eec52","rootTurnId":"5d3536ae-8688-41e8-bcb9-68df979eec52"}
{"timestamp":"2026-08-24T10:18:44.810Z","level":"info","message":"fs.appendMessages.ok {\"system\":\"fs\",\"sessionId\":\"sess_0e234331-0804-49b2-b1a6-4ad458d727e5\",\"messageCount\":1,\"durationMs\":10}","conversationId":"sess_0e234331-0804-49b2-b1a6-4ad458d727e5","turnId":"5d3536ae-8688-41e8-bcb9-68df979eec52","rootTurnId":"5d3536ae-8688-41e8-bcb9-68df979eec52"}
{"timestamp":"2026-08-24T10:18:44.821Z","level":"info","message":"fs.appendMessages.ok {\"system\":\"fs\",\"sessionId\":\"sess_0e234331-0804-49b2-b1a6-4ad458d727e5\",\"messageCount\":1,\"durationMs\":11}","conversationId":"sess_0e234331-0804-49b2-b1a6-4ad458d727e5","turnId":"5d3536ae-8688-41e8-bcb9-68df979eec52","rootTurnId":"5d3536ae-8688-41e8-bcb9-68df979eec52"}
{"timestamp":"2026-08-24T10:18:48.872Z","level":"info","message":"fs.appendMessages.ok {\"system\":\"fs\",\"sessionId\":\"sess_0e234331-0804-49b2-b1a6-4ad458d727e5\",\"messageCount\":1,\"durationMs\":2}","conversationId":"sess_0e234331-0804-49b2-b1a6-4ad458d727e5","turnId":"5d3536ae-8688-41e8-bcb9-68df979eec52","rootTurnId":"5d3536ae-8688-41e8-bcb9-68df979eec52"}
{"timestamp":"2026-08-24T10:18:48.872Z","level":"info","message":"[ACP ToolApproval] Got response: {\"optionId\":\"always-accept\",\"outcome\":\"selected\"}","conversationId":"sess_0e234331-0804-49b2-b1a6-4ad458d727e5","turnId":"5d3536ae-8688-41e8-bcb9-68df979eec52","rootTurnId":"5d3536ae-8688-41e8-bcb9-68df979eec52"}
{"timestamp":"2026-08-24T10:18:49.072Z","level":"info","message":"[PolicySession] rebuild() complete: 17 rules parsed, engineActive=true, fatal=false","conversationId":"sess_0e234331-0804-49b2-b1a6-4ad458d727e5","turnId":"5d3536ae-8688-41e8-bcb9-68df979eec52","rootTurnId":"5d3536ae-8688-41e8-bcb9-68df979eec52"}
{"timestamp":"2026-08-24T10:18:49.072Z","level":"info","message":"[PolicySession] Persisted allow rule for shell matching \"Set-Content -Path \"src\\pages\\FbgMonitoring.tsx\" -Value $fbg -Encoding UTF8\" at scope=user","conversationId":"sess_0e234331-0804-49b2-b1a6-4ad458d727e5","turnId":"5d3536ae-8688-41e8-bcb9-68df979eec52","rootTurnId":"5d3536ae-8688-41e8-bcb9-68df979eec52"}
{"timestamp":"2026-08-24T10:18:49.087Z","level":"info","message":"[ACP ToolApproval] Requesting permission for toolId=run_command, operationId=run_command_tooluse_2NgRjsTo3qAEIDMoHKi10b, sessionId=sess_0e234331-0804-49b2-b1a6-4ad458d727e5","conversationId":"sess_0e234331-0804-49b2-b1a6-4ad458d727e5","turnId":"5d3536ae-8688-41e8-bcb9-68df979eec52","rootTurnId":"5d3536ae-8688-41e8-bcb9-68df979eec52"}
{"timestamp":"2026-08-24T10:18:49.091Z","level":"info","message":"fs.appendMessages.ok {\"system\":\"fs\",\"sessionId\":\"sess_0e234331-0804-49b2-b1a6-4ad458d727e5\",\"messageCount\":1,\"durationMs\":3}","conversationId":"sess_0e234331-0804-49b2-b1a6-4ad458d727e5","turnId":"5d3536ae-8688-41e8-bcb9-68df979eec52","rootTurnId":"5d3536ae-8688-41e8-bcb9-68df979eec52"}
{"timestamp":"2026-08-24T10:18:51.936Z","level":"info","message":"fs.appendMessages.ok {\"system\":\"fs\",\"sessionId\":\"sess_0e234331-0804-49b2-b1a6-4ad458d727e5\",\"messageCount\":1,\"durationMs\":2}","conversationId":"sess_0e234331-0804-49b2-b1a6-4ad458d727e5","turnId":"5d3536ae-8688-41e8-bcb9-68df979eec52","rootTurnId":"5d3536ae-8688-41e8-bcb9-68df979eec52"}
{"timestamp":"2026-08-24T10:18:51.936Z","level":"info","message":"[ACP ToolApproval] Got response: {\"optionId\":\"always-accept\",\"outcome\":\"selected\"}","conversationId":"sess_0e234331-0804-49b2-b1a6-4ad458d727e5","turnId":"5d3536ae-8688-41e8-bcb9-68df979eec52","rootTurnId":"5d3536ae-8688-41e8-bcb9-68df979eec52"}
{"timestamp":"2026-08-24T10:18:52.137Z","level":"info","message":"[PolicySession] rebuild() complete: 17 rules parsed, engineActive=true, fatal=false","conversationId":"sess_0e234331-0804-49b2-b1a6-4ad458d727e5","turnId":"5d3536ae-8688-41e8-bcb9-68df979eec52","rootTurnId":"5d3536ae-8688-41e8-bcb9-68df979eec52"}
{"timestamp":"2026-08-24T10:18:52.138Z","level":"info","message":"[PolicySession] Persisted allow rule for shell matching \"Write-Host \"FBG monitoring done\"\" at scope=user","conversationId":"sess_0e234331-0804-49b2-b1a6-4ad458d727e5","turnId":"5d3536ae-8688-41e8-bcb9-68df979eec52","rootTurnId":"5d3536ae-8688-41e8-bcb9-68df979eec52"}
{"timestamp":"2026-08-24T10:18:52.142Z","level":"info","message":"[ACPEventAdapter] Execution resumed {\"executionId\":\"5d3536ae-8688-41e8-bcb9-68df979eec52\"}","conversationId":"sess_0e234331-0804-49b2-b1a6-4ad458d727e5","turnId":"5d3536ae-8688-41e8-bcb9-68df979eec52","rootTurnId":"5d3536ae-8688-41e8-bcb9-68df979eec52"}
{"timestamp":"2026-08-24T10:18:52.143Z","level":"info","message":"acp.policy-eval.complete {\"toolId\":\"list_directory\",\"effect\":\"allow\",\"capability\":\"fs_read\"}","conversationId":"sess_0e234331-0804-49b2-b1a6-4ad458d727e5","turnId":"5d3536ae-8688-41e8-bcb9-68df979eec52","rootTurnId":"5d3536ae-8688-41e8-bcb9-68df979eec52"}
{"timestamp":"2026-08-24T10:18:59.176Z","level":"info","message":"[AgentIterator] Parallel invoking agent","conversationId":"sess_0e234331-0804-49b2-b1a6-4ad458d727e5","turnId":"5d3536ae-8688-41e8-bcb9-68df979eec52","rootTurnId":"5d3536ae-8688-41e8-bcb9-68df979eec52"}
{"timestamp":"2026-08-24T10:18:59.176Z","level":"info","message":"[Steering] Populating steering for execution 5d3536ae-8688-41e8-bcb9-68df979eec52","conversationId":"sess_0e234331-0804-49b2-b1a6-4ad458d727e5","turnId":"5d3536ae-8688-41e8-bcb9-68df979eec52","rootTurnId":"5d3536ae-8688-41e8-bcb9-68df979eec52"}
{"timestamp":"2026-08-24T10:18:59.176Z","level":"info","message":"[Steering] ExistingFiles: /c:/Users/Student/.kiro/workspace-roots/regen-railway/vite.config.ts in 5d3536ae-8688-41e8-bcb9-68df979eec52","conversationId":"sess_0e234331-0804-49b2-b1a6-4ad458d727e5","turnId":"5d3536ae-8688-41e8-bcb9-68df979eec52","rootTurnId":"5d3536ae-8688-41e8-bcb9-68df979eec52"}
{"timestamp":"2026-08-24T10:18:59.179Z","level":"info","message":"[q-developer-converse] Sending GenerateAssistantResponse modelId=auto agentMode=vibe origin=AI_EDITOR streaming=true conversationId=sess_0e234331-0804-49b2-b1a6-4ad458d727e5","conversationId":"sess_0e234331-0804-49b2-b1a6-4ad458d727e5","turnId":"5d3536ae-8688-41e8-bcb9-68df979eec52","rootTurnId":"5d3536ae-8688-41e8-bcb9-68df979eec52"}
{"timestamp":"2026-08-24T10:18:59.180Z","level":"info","message":"[q-developer-converse] Request payload: 397470 chars, 104 history messages, conversationId=sess_0e234331-0804-49b2-b1a6-4ad458d727e5","conversationId":"sess_0e234331-0804-49b2-b1a6-4ad458d727e5","turnId":"5d3536ae-8688-41e8-bcb9-68df979eec52","rootTurnId":"5d3536ae-8688-41e8-bcb9-68df979eec52"}
{"timestamp":"2026-08-24T10:18:59.189Z","level":"info","message":"fs.appendMessages.ok {\"system\":\"fs\",\"sessionId\":\"sess_0e234331-0804-49b2-b1a6-4ad458d727e5\",\"messageCount\":2,\"durationMs\":17}","conversationId":"sess_0e234331-0804-49b2-b1a6-4ad458d727e5","turnId":"5d3536ae-8688-41e8-bcb9-68df979eec52","rootTurnId":"5d3536ae-8688-41e8-bcb9-68df979eec52"}
{"timestamp":"2026-08-24T10:19:02.893Z","level":"info","message":"[AgentIterator] Synchronizing results","conversationId":"sess_0e234331-0804-49b2-b1a6-4ad458d727e5","turnId":"5d3536ae-8688-41e8-bcb9-68df979eec52","rootTurnId":"5d3536ae-8688-41e8-bcb9-68df979eec52"}
{"timestamp":"2026-08-24T10:19:02.893Z","level":"info","message":"[AgentIterator] Processing intent detection result","conversationId":"sess_0e234331-0804-49b2-b1a6-4ad458d727e5","turnId":"5d3536ae-8688-41e8-bcb9-68df979eec52","rootTurnId":"5d3536ae-8688-41e8-bcb9-68df979eec52"}
{"timestamp":"2026-08-24T10:19:02.894Z","level":"info","message":"[ChatAgent] Processing model response stream","conversationId":"sess_0e234331-0804-49b2-b1a6-4ad458d727e5","turnId":"5d3536ae-8688-41e8-bcb9-68df979eec52","rootTurnId":"5d3536ae-8688-41e8-bcb9-68df979eec52"}
{"timestamp":"2026-08-24T10:19:02.894Z","level":"info","message":"[Steering] Populating steering for execution 5d3536ae-8688-41e8-bcb9-68df979eec52","conversationId":"sess_0e234331-0804-49b2-b1a6-4ad458d727e5","turnId":"5d3536ae-8688-41e8-bcb9-68df979eec52","rootTurnId":"5d3536ae-8688-41e8-bcb9-68df979eec52"}
{"timestamp":"2026-08-24T10:19:02.894Z","level":"info","message":"[Steering] ExistingFiles: /c:/Users/Student/.kiro/workspace-roots/regen-railway/vite.config.ts in 5d3536ae-8688-41e8-bcb9-68df979eec52","conversationId":"sess_0e234331-0804-49b2-b1a6-4ad458d727e5","turnId":"5d3536ae-8688-41e8-bcb9-68df979eec52","rootTurnId":"5d3536ae-8688-41e8-bcb9-68df979eec52"}
{"timestamp":"2026-08-24T10:19:55.993Z","level":"info","message":"[ACPEventAdapter] Execution yielded {\"executionId\":\"5d3536ae-8688-41e8-bcb9-68df979eec52\"}","conversationId":"sess_0e234331-0804-49b2-b1a6-4ad458d727e5","turnId":"5d3536ae-8688-41e8-bcb9-68df979eec52","rootTurnId":"5d3536ae-8688-41e8-bcb9-68df979eec52"}
{"timestamp":"2026-08-24T10:19:55.996Z","level":"info","message":"acp.policy-eval.complete {\"toolId\":\"run_command\",\"effect\":\"ask\"}","conversationId":"sess_0e234331-0804-49b2-b1a6-4ad458d727e5","turnId":"5d3536ae-8688-41e8-bcb9-68df979eec52","rootTurnId":"5d3536ae-8688-41e8-bcb9-68df979eec52"}
{"timestamp":"2026-08-24T10:19:56.009Z","level":"info","message":"[ACP ToolApproval] Requesting permission for toolId=run_command, operationId=run_command_tooluse_HGJExdWB5BdAxtbbE5gWFa, sessionId=sess_0e234331-0804-49b2-b1a6-4ad458d727e5","conversationId":"sess_0e234331-0804-49b2-b1a6-4ad458d727e5","turnId":"5d3536ae-8688-41e8-bcb9-68df979eec52","rootTurnId":"5d3536ae-8688-41e8-bcb9-68df979eec52"}
{"timestamp":"2026-08-24T10:19:56.017Z","level":"info","message":"fs.appendMessages.ok {\"system\":\"fs\",\"sessionId\":\"sess_0e234331-0804-49b2-b1a6-4ad458d727e5\",\"messageCount\":1,\"durationMs\":8}","conversationId":"sess_0e234331-0804-49b2-b1a6-4ad458d727e5","turnId":"5d3536ae-8688-41e8-bcb9-68df979eec52","rootTurnId":"5d3536ae-8688-41e8-bcb9-68df979eec52"}
{"timestamp":"2026-08-24T10:19:56.025Z","level":"info","message":"fs.appendMessages.ok {\"system\":\"fs\",\"sessionId\":\"sess_0e234331-0804-49b2-b1a6-4ad458d727e5\",\"messageCount\":1,\"durationMs\":9}","conversationId":"sess_0e234331-0804-49b2-b1a6-4ad458d727e5","turnId":"5d3536ae-8688-41e8-bcb9-68df979eec52","rootTurnId":"5d3536ae-8688-41e8-bcb9-68df979eec52"}
{"timestamp":"2026-08-24T10:19:56.034Z","level":"info","message":"fs.appendMessages.ok {\"system\":\"fs\",\"sessionId\":\"sess_0e234331-0804-49b2-b1a6-4ad458d727e5\",\"messageCount\":1,\"durationMs\":8}","conversationId":"sess_0e234331-0804-49b2-b1a6-4ad458d727e5","turnId":"5d3536ae-8688-41e8-bcb9-68df979eec52","rootTurnId":"5d3536ae-8688-41e8-bcb9-68df979eec52"}
{"timestamp":"2026-08-24T10:20:00.752Z","level":"info","message":"fs.appendMessages.ok {\"system\":\"fs\",\"sessionId\":\"sess_0e234331-0804-49b2-b1a6-4ad458d727e5\",\"messageCount\":1,\"durationMs\":2}","conversationId":"sess_0e234331-0804-49b2-b1a6-4ad458d727e5","turnId":"5d3536ae-8688-41e8-bcb9-68df979eec52","rootTurnId":"5d3536ae-8688-41e8-bcb9-68df979eec52"}
{"timestamp":"2026-08-24T10:20:00.752Z","level":"info","message":"[ACP ToolApproval] Got response: {\"optionId\":\"always-accept\",\"outcome\":\"selected\"}","conversationId":"sess_0e234331-0804-49b2-b1a6-4ad458d727e5","turnId":"5d3536ae-8688-41e8-bcb9-68df979eec52","rootTurnId":"5d3536ae-8688-41e8-bcb9-68df979eec52"}
{"timestamp":"2026-08-24T10:20:00.954Z","level":"info","message":"[PolicySession] rebuild() complete: 17 rules parsed, engineActive=true, fatal=false","conversationId":"sess_0e234331-0804-49b2-b1a6-4ad458d727e5","turnId":"5d3536ae-8688-41e8-bcb9-68df979eec52","rootTurnId":"5d3536ae-8688-41e8-bcb9-68df979eec52"}
{"timestamp":"2026-08-24T10:20:00.954Z","level":"info","message":"[PolicySession] Persisted allow rule for shell matching \"Set-Content -Path \"src\\pages\\Alerts.tsx\" -Value $alerts -Encoding UTF8\" at scope=user","conversationId":"sess_0e234331-0804-49b2-b1a6-4ad458d727e5","turnId":"5d3536ae-8688-41e8-bcb9-68df979eec52","rootTurnId":"5d3536ae-8688-41e8-bcb9-68df979eec52"}
{"timestamp":"2026-08-24T10:20:00.970Z","level":"info","message":"[ACP ToolApproval] Requesting permission for toolId=run_command, operationId=run_command_tooluse_HGJExdWB5BdAxtbbE5gWFa, sessionId=sess_0e234331-0804-49b2-b1a6-4ad458d727e5","conversationId":"sess_0e234331-0804-49b2-b1a6-4ad458d727e5","turnId":"5d3536ae-8688-41e8-bcb9-68df979eec52","rootTurnId":"5d3536ae-8688-41e8-bcb9-68df979eec52"}
{"timestamp":"2026-08-24T10:20:00.974Z","level":"info","message":"fs.appendMessages.ok {\"system\":\"fs\",\"sessionId\":\"sess_0e234331-0804-49b2-b1a6-4ad458d727e5\",\"messageCount\":1,\"durationMs\":3}","conversationId":"sess_0e234331-0804-49b2-b1a6-4ad458d727e5","turnId":"5d3536ae-8688-41e8-bcb9-68df979eec52","rootTurnId":"5d3536ae-8688-41e8-bcb9-68df979eec52"}
{"timestamp":"2026-08-24T10:20:02.655Z","level":"info","message":"fs.appendMessages.ok {\"system\":\"fs\",\"sessionId\":\"sess_0e234331-0804-49b2-b1a6-4ad458d727e5\",\"messageCount\":1,\"durationMs\":2}","conversationId":"sess_0e234331-0804-49b2-b1a6-4ad458d727e5","turnId":"5d3536ae-8688-41e8-bcb9-68df979eec52","rootTurnId":"5d3536ae-8688-41e8-bcb9-68df979eec52"}
{"timestamp":"2026-08-24T10:20:02.655Z","level":"info","message":"[ACP ToolApproval] Got response: {\"optionId\":\"always-accept\",\"outcome\":\"selected\"}","conversationId":"sess_0e234331-0804-49b2-b1a6-4ad458d727e5","turnId":"5d3536ae-8688-41e8-bcb9-68df979eec52","rootTurnId":"5d3536ae-8688-41e8-bcb9-68df979eec52"}
{"timestamp":"2026-08-24T10:20:02.860Z","level":"info","message":"[PolicySession] rebuild() complete: 17 rules parsed, engineActive=true, fatal=false","conversationId":"sess_0e234331-0804-49b2-b1a6-4ad458d727e5","turnId":"5d3536ae-8688-41e8-bcb9-68df979eec52","rootTurnId":"5d3536ae-8688-41e8-bcb9-68df979eec52"}
{"timestamp":"2026-08-24T10:20:02.860Z","level":"info","message":"[PolicySession] Persisted allow rule for shell matching \"Write-Host \"Alerts done\"\" at scope=user","conversationId":"sess_0e234331-0804-49b2-b1a6-4ad458d727e5","turnId":"5d3536ae-8688-41e8-bcb9-68df979eec52","rootTurnId":"5d3536ae-8688-41e8-bcb9-68df979eec52"}
{"timestamp":"2026-08-24T10:20:02.865Z","level":"info","message":"[ACPEventAdapter] Execution resumed {\"executionId\":\"5d3536ae-8688-41e8-bcb9-68df979eec52\"}","conversationId":"sess_0e234331-0804-49b2-b1a6-4ad458d727e5","turnId":"5d3536ae-8688-41e8-bcb9-68df979eec52","rootTurnId":"5d3536ae-8688-41e8-bcb9-68df979eec52"}
{"timestamp":"2026-08-24T10:20:02.866Z","level":"info","message":"acp.policy-eval.complete {\"toolId\":\"list_directory\",\"effect\":\"allow\",\"capability\":\"fs_read\"}","conversationId":"sess_0e234331-0804-49b2-b1a6-4ad458d727e5","turnId":"5d3536ae-8688-41e8-bcb9-68df979eec52","rootTurnId":"5d3536ae-8688-41e8-bcb9-68df979eec52"}
{"timestamp":"2026-08-24T10:20:09.963Z","level":"info","message":"[AgentIterator] Parallel invoking agent","conversationId":"sess_0e234331-0804-49b2-b1a6-4ad458d727e5","turnId":"5d3536ae-8688-41e8-bcb9-68df979eec52","rootTurnId":"5d3536ae-8688-41e8-bcb9-68df979eec52"}
{"timestamp":"2026-08-24T10:20:09.963Z","level":"info","message":"[Steering] Populating steering for execution 5d3536ae-8688-41e8-bcb9-68df979eec52","conversationId":"sess_0e234331-0804-49b2-b1a6-4ad458d727e5","turnId":"5d3536ae-8688-41e8-bcb9-68df979eec52","rootTurnId":"5d3536ae-8688-41e8-bcb9-68df979eec52"}
{"timestamp":"2026-08-24T10:20:09.963Z","level":"info","message":"[Steering] ExistingFiles: /c:/Users/Student/.kiro/workspace-roots/regen-railway/vite.config.ts in 5d3536ae-8688-41e8-bcb9-68df979eec52","conversationId":"sess_0e234331-0804-49b2-b1a6-4ad458d727e5","turnId":"5d3536ae-8688-41e8-bcb9-68df979eec52","rootTurnId":"5d3536ae-8688-41e8-bcb9-68df979eec52"}
{"timestamp":"2026-08-24T10:20:09.967Z","level":"info","message":"[q-developer-converse] Sending GenerateAssistantResponse modelId=auto agentMode=vibe origin=AI_EDITOR streaming=true conversationId=sess_0e234331-0804-49b2-b1a6-4ad458d727e5","conversationId":"sess_0e234331-0804-49b2-b1a6-4ad458d727e5","turnId":"5d3536ae-8688-41e8-bcb9-68df979eec52","rootTurnId":"5d3536ae-8688-41e8-bcb9-68df979eec52"}
{"timestamp":"2026-08-24T10:20:09.968Z","level":"info","message":"[q-developer-converse] Request payload: 415612 chars, 106 history messages, conversationId=sess_0e234331-0804-49b2-b1a6-4ad458d727e5","conversationId":"sess_0e234331-0804-49b2-b1a6-4ad458d727e5","turnId":"5d3536ae-8688-41e8-bcb9-68df979eec52","rootTurnId":"5d3536ae-8688-41e8-bcb9-68df979eec52"}
{"timestamp":"2026-08-24T10:20:09.977Z","level":"info","message":"fs.appendMessages.ok {\"system\":\"fs\",\"sessionId\":\"sess_0e234331-0804-49b2-b1a6-4ad458d727e5\",\"messageCount\":2,\"durationMs\":18}","conversationId":"sess_0e234331-0804-49b2-b1a6-4ad458d727e5","turnId":"5d3536ae-8688-41e8-bcb9-68df979eec52","rootTurnId":"5d3536ae-8688-41e8-bcb9-68df979eec52"}
{"timestamp":"2026-08-24T10:20:14.187Z","level":"info","message":"[AgentIterator] Synchronizing results","conversationId":"sess_0e234331-0804-49b2-b1a6-4ad458d727e5","turnId":"5d3536ae-8688-41e8-bcb9-68df979eec52","rootTurnId":"5d3536ae-8688-41e8-bcb9-68df979eec52"}
{"timestamp":"2026-08-24T10:20:14.187Z","level":"info","message":"[AgentIterator] Processing intent detection result","conversationId":"sess_0e234331-0804-49b2-b1a6-4ad458d727e5","turnId":"5d3536ae-8688-41e8-bcb9-68df979eec52","rootTurnId":"5d3536ae-8688-41e8-bcb9-68df979eec52"}
{"timestamp":"2026-08-24T10:20:14.187Z","level":"info","message":"[ChatAgent] Processing model response stream","conversationId":"sess_0e234331-0804-49b2-b1a6-4ad458d727e5","turnId":"5d3536ae-8688-41e8-bcb9-68df979eec52","rootTurnId":"5d3536ae-8688-41e8-bcb9-68df979eec52"}
{"timestamp":"2026-08-24T10:20:14.188Z","level":"info","message":"[Steering] Populating steering for execution 5d3536ae-8688-41e8-bcb9-68df979eec52","conversationId":"sess_0e234331-0804-49b2-b1a6-4ad458d727e5","turnId":"5d3536ae-8688-41e8-bcb9-68df979eec52","rootTurnId":"5d3536ae-8688-41e8-bcb9-68df979eec52"}
{"timestamp":"2026-08-24T10:20:14.188Z","level":"info","message":"[Steering] ExistingFiles: /c:/Users/Student/.kiro/workspace-roots/regen-railway/vite.config.ts in 5d3536ae-8688-41e8-bcb9-68df979eec52","conversationId":"sess_0e234331-0804-49b2-b1a6-4ad458d727e5","turnId":"5d3536ae-8688-41e8-bcb9-68df979eec52","rootTurnId":"5d3536ae-8688-41e8-bcb9-68df979eec52"}
{"timestamp":"2026-08-24T10:20:24.505Z","level":"info","message":"network.listAvailableModels.ok {\"system\":\"network\",\"durationMs\":1441}"}
{"timestamp":"2026-08-24T10:20:24.505Z","level":"info","message":"[ACPModelConfigProvider] Loaded 9 models"}
{"timestamp":"2026-08-24T10:21:15.539Z","level":"info","message":"[ACPEventAdapter] Execution yielded {\"executionId\":\"5d3536ae-8688-41e8-bcb9-68df979eec52\"}","conversationId":"sess_0e234331-0804-49b2-b1a6-4ad458d727e5","turnId":"5d3536ae-8688-41e8-bcb9-68df979eec52","rootTurnId":"5d3536ae-8688-41e8-bcb9-68df979eec52"}
{"timestamp":"2026-08-24T10:21:15.577Z","level":"info","message":"acp.policy-eval.complete {\"toolId\":\"run_command\",\"effect\":\"ask\"}","conversationId":"sess_0e234331-0804-49b2-b1a6-4ad458d727e5","turnId":"5d3536ae-8688-41e8-bcb9-68df979eec52","rootTurnId":"5d3536ae-8688-41e8-bcb9-68df979eec52"}
{"timestamp":"2026-08-24T10:21:15.621Z","level":"info","message":"[ACP ToolApproval] Requesting permission for toolId=run_command, operationId=run_command_tooluse_XBQ1NNFY91svP40P5KO3dB, sessionId=sess_0e234331-0804-49b2-b1a6-4ad458d727e5","conversationId":"sess_0e234331-0804-49b2-b1a6-4ad458d727e5","turnId":"5d3536ae-8688-41e8-bcb9-68df979eec52","rootTurnId":"5d3536ae-8688-41e8-bcb9-68df979eec52"}
{"timestamp":"2026-08-24T10:21:15.667Z","level":"info","message":"fs.appendMessages.ok {\"system\":\"fs\",\"sessionId\":\"sess_0e234331-0804-49b2-b1a6-4ad458d727e5\",\"messageCount\":1,\"durationMs\":46}","conversationId":"sess_0e234331-0804-49b2-b1a6-4ad458d727e5","turnId":"5d3536ae-8688-41e8-bcb9-68df979eec52","rootTurnId":"5d3536ae-8688-41e8-bcb9-68df979eec52"}
{"timestamp":"2026-08-24T10:21:15.678Z","level":"info","message":"fs.appendMessages.ok {\"system\":\"fs\",\"sessionId\":\"sess_0e234331-0804-49b2-b1a6-4ad458d727e5\",\"messageCount\":1,\"durationMs\":11}","conversationId":"sess_0e234331-0804-49b2-b1a6-4ad458d727e5","turnId":"5d3536ae-8688-41e8-bcb9-68df979eec52","rootTurnId":"5d3536ae-8688-41e8-bcb9-68df979eec52"}
{"timestamp":"2026-08-24T10:21:15.692Z","level":"info","message":"fs.appendMessages.ok {\"system\":\"fs\",\"sessionId\":\"sess_0e234331-0804-49b2-b1a6-4ad458d727e5\",\"messageCount\":1,\"durationMs\":14}","conversationId":"sess_0e234331-0804-49b2-b1a6-4ad458d727e5","turnId":"5d3536ae-8688-41e8-bcb9-68df979eec52","rootTurnId":"5d3536ae-8688-41e8-bcb9-68df979eec52"}
{"timestamp":"2026-08-24T10:21:18.472Z","level":"info","message":"fs.appendMessages.ok {\"system\":\"fs\",\"sessionId\":\"sess_0e234331-0804-49b2-b1a6-4ad458d727e5\",\"messageCount\":1,\"durationMs\":2}","conversationId":"sess_0e234331-0804-49b2-b1a6-4ad458d727e5","turnId":"5d3536ae-8688-41e8-bcb9-68df979eec52","rootTurnId":"5d3536ae-8688-41e8-bcb9-68df979eec52"}
{"timestamp":"2026-08-24T10:21:18.472Z","level":"info","message":"[ACP ToolApproval] Got response: {\"optionId\":\"always-accept\",\"outcome\":\"selected\"}","conversationId":"sess_0e234331-0804-49b2-b1a6-4ad458d727e5","turnId":"5d3536ae-8688-41e8-bcb9-68df979eec52","rootTurnId":"5d3536ae-8688-41e8-bcb9-68df979eec52"}
{"timestamp":"2026-08-24T10:21:18.741Z","level":"info","message":"[PolicySession] rebuild() complete: 17 rules parsed, engineActive=true, fatal=false","conversationId":"sess_0e234331-0804-49b2-b1a6-4ad458d727e5","turnId":"5d3536ae-8688-41e8-bcb9-68df979eec52","rootTurnId":"5d3536ae-8688-41e8-bcb9-68df979eec52"}
{"timestamp":"2026-08-24T10:21:18.741Z","level":"info","message":"[PolicySession] Persisted allow rule for shell matching \"Set-Content -Path \"src\\pages\\Inspections.tsx\" -Value $inspections -Encoding UTF8\" at scope=user","conversationId":"sess_0e234331-0804-49b2-b1a6-4ad458d727e5","turnId":"5d3536ae-8688-41e8-bcb9-68df979eec52","rootTurnId":"5d3536ae-8688-41e8-bcb9-68df979eec52"}
{"timestamp":"2026-08-24T10:21:18.776Z","level":"info","message":"[ACP ToolApproval] Requesting permission for toolId=run_command, operationId=run_command_tooluse_XBQ1NNFY91svP40P5KO3dB, sessionId=sess_0e234331-0804-49b2-b1a6-4ad458d727e5","conversationId":"sess_0e234331-0804-49b2-b1a6-4ad458d727e5","turnId":"5d3536ae-8688-41e8-bcb9-68df979eec52","rootTurnId":"5d3536ae-8688-41e8-bcb9-68df979eec52"}
{"timestamp":"2026-08-24T10:21:18.781Z","level":"info","message":"fs.appendMessages.ok {\"system\":\"fs\",\"sessionId\":\"sess_0e234331-0804-49b2-b1a6-4ad458d727e5\",\"messageCount\":1,\"durationMs\":4}","conversationId":"sess_0e234331-0804-49b2-b1a6-4ad458d727e5","turnId":"5d3536ae-8688-41e8-bcb9-68df979eec52","rootTurnId":"5d3536ae-8688-41e8-bcb9-68df979eec52"}
{"timestamp":"2026-08-24T10:21:20.208Z","level":"info","message":"fs.appendMessages.ok {\"system\":\"fs\",\"sessionId\":\"sess_0e234331-0804-49b2-b1a6-4ad458d727e5\",\"messageCount\":1,\"durationMs\":2}","conversationId":"sess_0e234331-0804-49b2-b1a6-4ad458d727e5","turnId":"5d3536ae-8688-41e8-bcb9-68df979eec52","rootTurnId":"5d3536ae-8688-41e8-bcb9-68df979eec52"}
{"timestamp":"2026-08-24T10:21:20.208Z","level":"info","message":"[ACP ToolApproval] Got response: {\"optionId\":\"always-accept\",\"outcome\":\"selected\"}","conversationId":"sess_0e234331-0804-49b2-b1a6-4ad458d727e5","turnId":"5d3536ae-8688-41e8-bcb9-68df979eec52","rootTurnId":"5d3536ae-8688-41e8-bcb9-68df979eec52"}
{"timestamp":"2026-08-24T10:21:20.415Z","level":"info","message":"[PolicySession] rebuild() complete: 17 rules parsed, engineActive=true, fatal=false","conversationId":"sess_0e234331-0804-49b2-b1a6-4ad458d727e5","turnId":"5d3536ae-8688-41e8-bcb9-68df979eec52","rootTurnId":"5d3536ae-8688-41e8-bcb9-68df979eec52"}
{"timestamp":"2026-08-24T10:21:20.415Z","level":"info","message":"[PolicySession] Persisted allow rule for shell matching \"Write-Host \"Inspections done\"\" at scope=user","conversationId":"sess_0e234331-0804-49b2-b1a6-4ad458d727e5","turnId":"5d3536ae-8688-41e8-bcb9-68df979eec52","rootTurnId":"5d3536ae-8688-41e8-bcb9-68df979eec52"}
{"timestamp":"2026-08-24T10:21:20.420Z","level":"info","message":"[ACPEventAdapter] Execution resumed {\"executionId\":\"5d3536ae-8688-41e8-bcb9-68df979eec52\"}","conversationId":"sess_0e234331-0804-49b2-b1a6-4ad458d727e5","turnId":"5d3536ae-8688-41e8-bcb9-68df979eec52","rootTurnId":"5d3536ae-8688-41e8-bcb9-68df979eec52"}
{"timestamp":"2026-08-24T10:21:20.421Z","level":"info","message":"acp.policy-eval.complete {\"toolId\":\"list_directory\",\"effect\":\"allow\",\"capability\":\"fs_read\"}","conversationId":"sess_0e234331-0804-49b2-b1a6-4ad458d727e5","turnId":"5d3536ae-8688-41e8-bcb9-68df979eec52","rootTurnId":"5d3536ae-8688-41e8-bcb9-68df979eec52"}
{"timestamp":"2026-08-24T10:21:27.688Z","level":"info","message":"[AgentIterator] Parallel invoking agent","conversationId":"sess_0e234331-0804-49b2-b1a6-4ad458d727e5","turnId":"5d3536ae-8688-41e8-bcb9-68df979eec52","rootTurnId":"5d3536ae-8688-41e8-bcb9-68df979eec52"}
{"timestamp":"2026-08-24T10:21:27.688Z","level":"info","message":"[Steering] Populating steering for execution 5d3536ae-8688-41e8-bcb9-68df979eec52","conversationId":"sess_0e234331-0804-49b2-b1a6-4ad458d727e5","turnId":"5d3536ae-8688-41e8-bcb9-68df979eec52","rootTurnId":"5d3536ae-8688-41e8-bcb9-68df979eec52"}
{"timestamp":"2026-08-24T10:21:27.688Z","level":"info","message":"[Steering] ExistingFiles: /c:/Users/Student/.kiro/workspace-roots/regen-railway/vite.config.ts in 5d3536ae-8688-41e8-bcb9-68df979eec52","conversationId":"sess_0e234331-0804-49b2-b1a6-4ad458d727e5","turnId":"5d3536ae-8688-41e8-bcb9-68df979eec52","rootTurnId":"5d3536ae-8688-41e8-bcb9-68df979eec52"}
{"timestamp":"2026-08-24T10:21:27.691Z","level":"info","message":"[q-developer-converse] Sending GenerateAssistantResponse modelId=auto agentMode=vibe origin=AI_EDITOR streaming=true conversationId=sess_0e234331-0804-49b2-b1a6-4ad458d727e5","conversationId":"sess_0e234331-0804-49b2-b1a6-4ad458d727e5","turnId":"5d3536ae-8688-41e8-bcb9-68df979eec52","rootTurnId":"5d3536ae-8688-41e8-bcb9-68df979eec52"}
{"timestamp":"2026-08-24T10:21:27.692Z","level":"info","message":"[q-developer-converse] Request payload: 436949 chars, 108 history messages, conversationId=sess_0e234331-0804-49b2-b1a6-4ad458d727e5","conversationId":"sess_0e234331-0804-49b2-b1a6-4ad458d727e5","turnId":"5d3536ae-8688-41e8-bcb9-68df979eec52","rootTurnId":"5d3536ae-8688-41e8-bcb9-68df979eec52"}
{"timestamp":"2026-08-24T10:21:27.702Z","level":"info","message":"fs.appendMessages.ok {\"system\":\"fs\",\"sessionId\":\"sess_0e234331-0804-49b2-b1a6-4ad458d727e5\",\"messageCount\":2,\"durationMs\":18}","conversationId":"sess_0e234331-0804-49b2-b1a6-4ad458d727e5","turnId":"5d3536ae-8688-41e8-bcb9-68df979eec52","rootTurnId":"5d3536ae-8688-41e8-bcb9-68df979eec52"}
{"timestamp":"2026-08-24T10:21:31.387Z","level":"info","message":"[AgentIterator] Synchronizing results","conversationId":"sess_0e234331-0804-49b2-b1a6-4ad458d727e5","turnId":"5d3536ae-8688-41e8-bcb9-68df979eec52","rootTurnId":"5d3536ae-8688-41e8-bcb9-68df979eec52"}
{"timestamp":"2026-08-24T10:21:31.387Z","level":"info","message":"[AgentIterator] Processing intent detection result","conversationId":"sess_0e234331-0804-49b2-b1a6-4ad458d727e5","turnId":"5d3536ae-8688-41e8-bcb9-68df979eec52","rootTurnId":"5d3536ae-8688-41e8-bcb9-68df979eec52"}
{"timestamp":"2026-08-24T10:21:31.388Z","level":"info","message":"[ChatAgent] Processing model response stream","conversationId":"sess_0e234331-0804-49b2-b1a6-4ad458d727e5","turnId":"5d3536ae-8688-41e8-bcb9-68df979eec52","rootTurnId":"5d3536ae-8688-41e8-bcb9-68df979eec52"}
{"timestamp":"2026-08-24T10:21:31.388Z","level":"info","message":"[Steering] Populating steering for execution 5d3536ae-8688-41e8-bcb9-68df979eec52","conversationId":"sess_0e234331-0804-49b2-b1a6-4ad458d727e5","turnId":"5d3536ae-8688-41e8-bcb9-68df979eec52","rootTurnId":"5d3536ae-8688-41e8-bcb9-68df979eec52"}
{"timestamp":"2026-08-24T10:21:31.388Z","level":"info","message":"[Steering] ExistingFiles: /c:/Users/Student/.kiro/workspace-roots/regen-railway/vite.config.ts in 5d3536ae-8688-41e8-bcb9-68df979eec52","conversationId":"sess_0e234331-0804-49b2-b1a6-4ad458d727e5","turnId":"5d3536ae-8688-41e8-bcb9-68df979eec52","rootTurnId":"5d3536ae-8688-41e8-bcb9-68df979eec52"}
{"timestamp":"2026-08-24T10:22:32.335Z","level":"info","message":"[ACPEventAdapter] Execution yielded {\"executionId\":\"5d3536ae-8688-41e8-bcb9-68df979eec52\"}","conversationId":"sess_0e234331-0804-49b2-b1a6-4ad458d727e5","turnId":"5d3536ae-8688-41e8-bcb9-68df979eec52","rootTurnId":"5d3536ae-8688-41e8-bcb9-68df979eec52"}
{"timestamp":"2026-08-24T10:22:32.337Z","level":"info","message":"acp.policy-eval.complete {\"toolId\":\"run_command\",\"effect\":\"ask\"}","conversationId":"sess_0e234331-0804-49b2-b1a6-4ad458d727e5","turnId":"5d3536ae-8688-41e8-bcb9-68df979eec52","rootTurnId":"5d3536ae-8688-41e8-bcb9-68df979eec52"}
{"timestamp":"2026-08-24T10:22:32.352Z","level":"info","message":"[ACP ToolApproval] Requesting permission for toolId=run_command, operationId=run_command_tooluse_6MDCsSXJfZMMBsFDXR0gDG, sessionId=sess_0e234331-0804-49b2-b1a6-4ad458d727e5","conversationId":"sess_0e234331-0804-49b2-b1a6-4ad458d727e5","turnId":"5d3536ae-8688-41e8-bcb9-68df979eec52","rootTurnId":"5d3536ae-8688-41e8-bcb9-68df979eec52"}
{"timestamp":"2026-08-24T10:22:32.360Z","level":"info","message":"fs.appendMessages.ok {\"system\":\"fs\",\"sessionId\":\"sess_0e234331-0804-49b2-b1a6-4ad458d727e5\",\"messageCount\":1,\"durationMs\":8}","conversationId":"sess_0e234331-0804-49b2-b1a6-4ad458d727e5","turnId":"5d3536ae-8688-41e8-bcb9-68df979eec52","rootTurnId":"5d3536ae-8688-41e8-bcb9-68df979eec52"}
{"timestamp":"2026-08-24T10:22:32.372Z","level":"info","message":"fs.appendMessages.ok {\"system\":\"fs\",\"sessionId\":\"sess_0e234331-0804-49b2-b1a6-4ad458d727e5\",\"messageCount\":1,\"durationMs\":12}","conversationId":"sess_0e234331-0804-49b2-b1a6-4ad458d727e5","turnId":"5d3536ae-8688-41e8-bcb9-68df979eec52","rootTurnId":"5d3536ae-8688-41e8-bcb9-68df979eec52"}
{"timestamp":"2026-08-24T10:22:32.380Z","level":"info","message":"fs.appendMessages.ok {\"system\":\"fs\",\"sessionId\":\"sess_0e234331-0804-49b2-b1a6-4ad458d727e5\",\"messageCount\":1,\"durationMs\":8}","conversationId":"sess_0e234331-0804-49b2-b1a6-4ad458d727e5","turnId":"5d3536ae-8688-41e8-bcb9-68df979eec52","rootTurnId":"5d3536ae-8688-41e8-bcb9-68df979eec52"}
{"timestamp":"2026-08-24T10:22:35.912Z","level":"info","message":"fs.appendMessages.ok {\"system\":\"fs\",\"sessionId\":\"sess_0e234331-0804-49b2-b1a6-4ad458d727e5\",\"messageCount\":1,\"durationMs\":2}","conversationId":"sess_0e234331-0804-49b2-b1a6-4ad458d727e5","turnId":"5d3536ae-8688-41e8-bcb9-68df979eec52","rootTurnId":"5d3536ae-8688-41e8-bcb9-68df979eec52"}
{"timestamp":"2026-08-24T10:22:35.912Z","level":"info","message":"[ACP ToolApproval] Got response: {\"optionId\":\"always-accept\",\"outcome\":\"selected\"}","conversationId":"sess_0e234331-0804-49b2-b1a6-4ad458d727e5","turnId":"5d3536ae-8688-41e8-bcb9-68df979eec52","rootTurnId":"5d3536ae-8688-41e8-bcb9-68df979eec52"}
{"timestamp":"2026-08-24T10:22:36.117Z","level":"info","message":"[PolicySession] rebuild() complete: 17 rules parsed, engineActive=true, fatal=false","conversationId":"sess_0e234331-0804-49b2-b1a6-4ad458d727e5","turnId":"5d3536ae-8688-41e8-bcb9-68df979eec52","rootTurnId":"5d3536ae-8688-41e8-bcb9-68df979eec52"}
{"timestamp":"2026-08-24T10:22:36.117Z","level":"info","message":"[PolicySession] Persisted allow rule for shell matching \"Set-Content -Path \"src\\pages\\Maintenance.tsx\" -Value $maintenance -Encoding UTF8\" at scope=user","conversationId":"sess_0e234331-0804-49b2-b1a6-4ad458d727e5","turnId":"5d3536ae-8688-41e8-bcb9-68df979eec52","rootTurnId":"5d3536ae-8688-41e8-bcb9-68df979eec52"}
{"timestamp":"2026-08-24T10:22:36.135Z","level":"info","message":"[ACP ToolApproval] Requesting permission for toolId=run_command, operationId=run_command_tooluse_6MDCsSXJfZMMBsFDXR0gDG, sessionId=sess_0e234331-0804-49b2-b1a6-4ad458d727e5","conversationId":"sess_0e234331-0804-49b2-b1a6-4ad458d727e5","turnId":"5d3536ae-8688-41e8-bcb9-68df979eec52","rootTurnId":"5d3536ae-8688-41e8-bcb9-68df979eec52"}
{"timestamp":"2026-08-24T10:22:36.138Z","level":"info","message":"fs.appendMessages.ok {\"system\":\"fs\",\"sessionId\":\"sess_0e234331-0804-49b2-b1a6-4ad458d727e5\",\"messageCount\":1,\"durationMs\":3}","conversationId":"sess_0e234331-0804-49b2-b1a6-4ad458d727e5","turnId":"5d3536ae-8688-41e8-bcb9-68df979eec52","rootTurnId":"5d3536ae-8688-41e8-bcb9-68df979eec52"}
{"timestamp":"2026-08-24T10:22:37.616Z","level":"info","message":"fs.appendMessages.ok {\"system\":\"fs\",\"sessionId\":\"sess_0e234331-0804-49b2-b1a6-4ad458d727e5\",\"messageCount\":1,\"durationMs\":2}","conversationId":"sess_0e234331-0804-49b2-b1a6-4ad458d727e5","turnId":"5d3536ae-8688-41e8-bcb9-68df979eec52","rootTurnId":"5d3536ae-8688-41e8-bcb9-68df979eec52"}
{"timestamp":"2026-08-24T10:22:37.616Z","level":"info","message":"[ACP ToolApproval] Got response: {\"optionId\":\"always-accept\",\"outcome\":\"selected\"}","conversationId":"sess_0e234331-0804-49b2-b1a6-4ad458d727e5","turnId":"5d3536ae-8688-41e8-bcb9-68df979eec52","rootTurnId":"5d3536ae-8688-41e8-bcb9-68df979eec52"}
{"timestamp":"2026-08-24T10:22:37.824Z","level":"info","message":"[PolicySession] rebuild() complete: 17 rules parsed, engineActive=true, fatal=false","conversationId":"sess_0e234331-0804-49b2-b1a6-4ad458d727e5","turnId":"5d3536ae-8688-41e8-bcb9-68df979eec52","rootTurnId":"5d3536ae-8688-41e8-bcb9-68df979eec52"}
{"timestamp":"2026-08-24T10:22:37.824Z","level":"info","message":"[PolicySession] Persisted allow rule for shell matching \"Write-Host \"Maintenance done\"\" at scope=user","conversationId":"sess_0e234331-0804-49b2-b1a6-4ad458d727e5","turnId":"5d3536ae-8688-41e8-bcb9-68df979eec52","rootTurnId":"5d3536ae-8688-41e8-bcb9-68df979eec52"}
{"timestamp":"2026-08-24T10:22:37.829Z","level":"info","message":"[ACPEventAdapter] Execution resumed {\"executionId\":\"5d3536ae-8688-41e8-bcb9-68df979eec52\"}","conversationId":"sess_0e234331-0804-49b2-b1a6-4ad458d727e5","turnId":"5d3536ae-8688-41e8-bcb9-68df979eec52","rootTurnId":"5d3536ae-8688-41e8-bcb9-68df979eec52"}
{"timestamp":"2026-08-24T10:22:37.830Z","level":"info","message":"acp.policy-eval.complete {\"toolId\":\"list_directory\",\"effect\":\"allow\",\"capability\":\"fs_read\"}","conversationId":"sess_0e234331-0804-49b2-b1a6-4ad458d727e5","turnId":"5d3536ae-8688-41e8-bcb9-68df979eec52","rootTurnId":"5d3536ae-8688-41e8-bcb9-68df979eec52"}
{"timestamp":"2026-08-24T10:22:45.029Z","level":"info","message":"[AgentIterator] Parallel invoking agent","conversationId":"sess_0e234331-0804-49b2-b1a6-4ad458d727e5","turnId":"5d3536ae-8688-41e8-bcb9-68df979eec52","rootTurnId":"5d3536ae-8688-41e8-bcb9-68df979eec52"}
{"timestamp":"2026-08-24T10:22:45.029Z","level":"info","message":"[Steering] Populating steering for execution 5d3536ae-8688-41e8-bcb9-68df979eec52","conversationId":"sess_0e234331-0804-49b2-b1a6-4ad458d727e5","turnId":"5d3536ae-8688-41e8-bcb9-68df979eec52","rootTurnId":"5d3536ae-8688-41e8-bcb9-68df979eec52"}
{"timestamp":"2026-08-24T10:22:45.029Z","level":"info","message":"[Steering] ExistingFiles: /c:/Users/Student/.kiro/workspace-roots/regen-railway/vite.config.ts in 5d3536ae-8688-41e8-bcb9-68df979eec52","conversationId":"sess_0e234331-0804-49b2-b1a6-4ad458d727e5","turnId":"5d3536ae-8688-41e8-bcb9-68df979eec52","rootTurnId":"5d3536ae-8688-41e8-bcb9-68df979eec52"}
{"timestamp":"2026-08-24T10:22:45.033Z","level":"info","message":"[q-developer-converse] Sending GenerateAssistantResponse modelId=auto agentMode=vibe origin=AI_EDITOR streaming=true conversationId=sess_0e234331-0804-49b2-b1a6-4ad458d727e5","conversationId":"sess_0e234331-0804-49b2-b1a6-4ad458d727e5","turnId":"5d3536ae-8688-41e8-bcb9-68df979eec52","rootTurnId":"5d3536ae-8688-41e8-bcb9-68df979eec52"}
{"timestamp":"2026-08-24T10:22:45.034Z","level":"info","message":"[q-developer-converse] Request payload: 457724 chars, 110 history messages, conversationId=sess_0e234331-0804-49b2-b1a6-4ad458d727e5","conversationId":"sess_0e234331-0804-49b2-b1a6-4ad458d727e5","turnId":"5d3536ae-8688-41e8-bcb9-68df979eec52","rootTurnId":"5d3536ae-8688-41e8-bcb9-68df979eec52"}
{"timestamp":"2026-08-24T10:22:45.076Z","level":"info","message":"fs.appendMessages.ok {\"system\":\"fs\",\"sessionId\":\"sess_0e234331-0804-49b2-b1a6-4ad458d727e5\",\"messageCount\":2,\"durationMs\":50}","conversationId":"sess_0e234331-0804-49b2-b1a6-4ad458d727e5","turnId":"5d3536ae-8688-41e8-bcb9-68df979eec52","rootTurnId":"5d3536ae-8688-41e8-bcb9-68df979eec52"}
{"timestamp":"2026-08-24T10:22:49.146Z","level":"info","message":"[AgentIterator] Synchronizing results","conversationId":"sess_0e234331-0804-49b2-b1a6-4ad458d727e5","turnId":"5d3536ae-8688-41e8-bcb9-68df979eec52","rootTurnId":"5d3536ae-8688-41e8-bcb9-68df979eec52"}
{"timestamp":"2026-08-24T10:22:49.146Z","level":"info","message":"[AgentIterator] Processing intent detection result","conversationId":"sess_0e234331-0804-49b2-b1a6-4ad458d727e5","turnId":"5d3536ae-8688-41e8-bcb9-68df979eec52","rootTurnId":"5d3536ae-8688-41e8-bcb9-68df979eec52"}
{"timestamp":"2026-08-24T10:22:49.146Z","level":"info","message":"[ChatAgent] Processing model response stream","conversationId":"sess_0e234331-0804-49b2-b1a6-4ad458d727e5","turnId":"5d3536ae-8688-41e8-bcb9-68df979eec52","rootTurnId":"5d3536ae-8688-41e8-bcb9-68df979eec52"}
{"timestamp":"2026-08-24T10:22:49.146Z","level":"info","message":"[Steering] Populating steering for execution 5d3536ae-8688-41e8-bcb9-68df979eec52","conversationId":"sess_0e234331-0804-49b2-b1a6-4ad458d727e5","turnId":"5d3536ae-8688-41e8-bcb9-68df979eec52","rootTurnId":"5d3536ae-8688-41e8-bcb9-68df979eec52"}
{"timestamp":"2026-08-24T10:22:49.146Z","level":"info","message":"[Steering] ExistingFiles: /c:/Users/Student/.kiro/workspace-roots/regen-railway/vite.config.ts in 5d3536ae-8688-41e8-bcb9-68df979eec52","conversationId":"sess_0e234331-0804-49b2-b1a6-4ad458d727e5","turnId":"5d3536ae-8688-41e8-bcb9-68df979eec52","rootTurnId":"5d3536ae-8688-41e8-bcb9-68df979eec52"}
{"timestamp":"2026-08-24T10:23:53.467Z","level":"info","message":"[ACPEventAdapter] Execution yielded {\"executionId\":\"5d3536ae-8688-41e8-bcb9-68df979eec52\"}","conversationId":"sess_0e234331-0804-49b2-b1a6-4ad458d727e5","turnId":"5d3536ae-8688-41e8-bcb9-68df979eec52","rootTurnId":"5d3536ae-8688-41e8-bcb9-68df979eec52"}
{"timestamp":"2026-08-24T10:23:53.470Z","level":"info","message":"acp.policy-eval.complete {\"toolId\":\"run_command\",\"effect\":\"ask\"}","conversationId":"sess_0e234331-0804-49b2-b1a6-4ad458d727e5","turnId":"5d3536ae-8688-41e8-bcb9-68df979eec52","rootTurnId":"5d3536ae-8688-41e8-bcb9-68df979eec52"}
{"timestamp":"2026-08-24T10:23:53.484Z","level":"info","message":"[ACP ToolApproval] Requesting permission for toolId=run_command, operationId=run_command_tooluse_KitGaUqvuKE1bBthNLL0up, sessionId=sess_0e234331-0804-49b2-b1a6-4ad458d727e5","conversationId":"sess_0e234331-0804-49b2-b1a6-4ad458d727e5","turnId":"5d3536ae-8688-41e8-bcb9-68df979eec52","rootTurnId":"5d3536ae-8688-41e8-bcb9-68df979eec52"}
{"timestamp":"2026-08-24T10:23:53.494Z","level":"info","message":"fs.appendMessages.ok {\"system\":\"fs\",\"sessionId\":\"sess_0e234331-0804-49b2-b1a6-4ad458d727e5\",\"messageCount\":1,\"durationMs\":10}","conversationId":"sess_0e234331-0804-49b2-b1a6-4ad458d727e5","turnId":"5d3536ae-8688-41e8-bcb9-68df979eec52","rootTurnId":"5d3536ae-8688-41e8-bcb9-68df979eec52"}
{"timestamp":"2026-08-24T10:23:53.508Z","level":"info","message":"fs.appendMessages.ok {\"system\":\"fs\",\"sessionId\":\"sess_0e234331-0804-49b2-b1a6-4ad458d727e5\",\"messageCount\":1,\"durationMs\":14}","conversationId":"sess_0e234331-0804-49b2-b1a6-4ad458d727e5","turnId":"5d3536ae-8688-41e8-bcb9-68df979eec52","rootTurnId":"5d3536ae-8688-41e8-bcb9-68df979eec52"}
{"timestamp":"2026-08-24T10:23:53.516Z","level":"info","message":"fs.appendMessages.ok {\"system\":\"fs\",\"sessionId\":\"sess_0e234331-0804-49b2-b1a6-4ad458d727e5\",\"messageCount\":1,\"durationMs\":8}","conversationId":"sess_0e234331-0804-49b2-b1a6-4ad458d727e5","turnId":"5d3536ae-8688-41e8-bcb9-68df979eec52","rootTurnId":"5d3536ae-8688-41e8-bcb9-68df979eec52"}
{"timestamp":"2026-08-24T10:23:57.055Z","level":"info","message":"fs.appendMessages.ok {\"system\":\"fs\",\"sessionId\":\"sess_0e234331-0804-49b2-b1a6-4ad458d727e5\",\"messageCount\":1,\"durationMs\":1}","conversationId":"sess_0e234331-0804-49b2-b1a6-4ad458d727e5","turnId":"5d3536ae-8688-41e8-bcb9-68df979eec52","rootTurnId":"5d3536ae-8688-41e8-bcb9-68df979eec52"}
{"timestamp":"2026-08-24T10:23:57.056Z","level":"info","message":"[ACP ToolApproval] Got response: {\"optionId\":\"always-accept\",\"outcome\":\"selected\"}","conversationId":"sess_0e234331-0804-49b2-b1a6-4ad458d727e5","turnId":"5d3536ae-8688-41e8-bcb9-68df979eec52","rootTurnId":"5d3536ae-8688-41e8-bcb9-68df979eec52"}
{"timestamp":"2026-08-24T10:23:57.267Z","level":"info","message":"[PolicySession] rebuild() complete: 17 rules parsed, engineActive=true, fatal=false","conversationId":"sess_0e234331-0804-49b2-b1a6-4ad458d727e5","turnId":"5d3536ae-8688-41e8-bcb9-68df979eec52","rootTurnId":"5d3536ae-8688-41e8-bcb9-68df979eec52"}
{"timestamp":"2026-08-24T10:23:57.267Z","level":"info","message":"[PolicySession] Persisted allow rule for shell matching \"Set-Content -Path \"src\\pages\\Reports.tsx\" -Value $reports -Encoding UTF8\" at scope=user","conversationId":"sess_0e234331-0804-49b2-b1a6-4ad458d727e5","turnId":"5d3536ae-8688-41e8-bcb9-68df979eec52","rootTurnId":"5d3536ae-8688-41e8-bcb9-68df979eec52"}
{"timestamp":"2026-08-24T10:23:57.284Z","level":"info","message":"[ACP ToolApproval] Requesting permission for toolId=run_command, operationId=run_command_tooluse_KitGaUqvuKE1bBthNLL0up, sessionId=sess_0e234331-0804-49b2-b1a6-4ad458d727e5","conversationId":"sess_0e234331-0804-49b2-b1a6-4ad458d727e5","turnId":"5d3536ae-8688-41e8-bcb9-68df979eec52","rootTurnId":"5d3536ae-8688-41e8-bcb9-68df979eec52"}
{"timestamp":"2026-08-24T10:23:57.287Z","level":"info","message":"fs.appendMessages.ok {\"system\":\"fs\",\"sessionId\":\"sess_0e234331-0804-49b2-b1a6-4ad458d727e5\",\"messageCount\":1,\"durationMs\":3}","conversationId":"sess_0e234331-0804-49b2-b1a6-4ad458d727e5","turnId":"5d3536ae-8688-41e8-bcb9-68df979eec52","rootTurnId":"5d3536ae-8688-41e8-bcb9-68df979eec52"}
{"timestamp":"2026-08-24T10:23:59.871Z","level":"info","message":"fs.appendMessages.ok {\"system\":\"fs\",\"sessionId\":\"sess_0e234331-0804-49b2-b1a6-4ad458d727e5\",\"messageCount\":1,\"durationMs\":2}","conversationId":"sess_0e234331-0804-49b2-b1a6-4ad458d727e5","turnId":"5d3536ae-8688-41e8-bcb9-68df979eec52","rootTurnId":"5d3536ae-8688-41e8-bcb9-68df979eec52"}
{"timestamp":"2026-08-24T10:23:59.872Z","level":"info","message":"[ACP ToolApproval] Got response: {\"optionId\":\"always-accept\",\"outcome\":\"selected\"}","conversationId":"sess_0e234331-0804-49b2-b1a6-4ad458d727e5","turnId":"5d3536ae-8688-41e8-bcb9-68df979eec52","rootTurnId":"5d3536ae-8688-41e8-bcb9-68df979eec52"}
{"timestamp":"2026-08-24T10:24:00.077Z","level":"info","message":"[PolicySession] rebuild() complete: 17 rules parsed, engineActive=true, fatal=false","conversationId":"sess_0e234331-0804-49b2-b1a6-4ad458d727e5","turnId":"5d3536ae-8688-41e8-bcb9-68df979eec52","rootTurnId":"5d3536ae-8688-41e8-bcb9-68df979eec52"}
{"timestamp":"2026-08-24T10:24:00.077Z","level":"info","message":"[PolicySession] Persisted allow rule for shell matching \"Write-Host \"Reports done\"\" at scope=user","conversationId":"sess_0e234331-0804-49b2-b1a6-4ad458d727e5","turnId":"5d3536ae-8688-41e8-bcb9-68df979eec52","rootTurnId":"5d3536ae-8688-41e8-bcb9-68df979eec52"}
{"timestamp":"2026-08-24T10:24:00.082Z","level":"info","message":"[ACPEventAdapter] Execution resumed {\"executionId\":\"5d3536ae-8688-41e8-bcb9-68df979eec52\"}","conversationId":"sess_0e234331-0804-49b2-b1a6-4ad458d727e5","turnId":"5d3536ae-8688-41e8-bcb9-68df979eec52","rootTurnId":"5d3536ae-8688-41e8-bcb9-68df979eec52"}
{"timestamp":"2026-08-24T10:24:00.083Z","level":"info","message":"acp.policy-eval.complete {\"toolId\":\"list_directory\",\"effect\":\"allow\",\"capability\":\"fs_read\"}","conversationId":"sess_0e234331-0804-49b2-b1a6-4ad458d727e5","turnId":"5d3536ae-8688-41e8-bcb9-68df979eec52","rootTurnId":"5d3536ae-8688-41e8-bcb9-68df979eec52"}
{"timestamp":"2026-08-24T10:24:07.325Z","level":"info","message":"[AgentIterator] Parallel invoking agent","conversationId":"sess_0e234331-0804-49b2-b1a6-4ad458d727e5","turnId":"5d3536ae-8688-41e8-bcb9-68df979eec52","rootTurnId":"5d3536ae-8688-41e8-bcb9-68df979eec52"}
{"timestamp":"2026-08-24T10:24:07.326Z","level":"info","message":"[Steering] Populating steering for execution 5d3536ae-8688-41e8-bcb9-68df979eec52","conversationId":"sess_0e234331-0804-49b2-b1a6-4ad458d727e5","turnId":"5d3536ae-8688-41e8-bcb9-68df979eec52","rootTurnId":"5d3536ae-8688-41e8-bcb9-68df979eec52"}
{"timestamp":"2026-08-24T10:24:07.326Z","level":"info","message":"[Steering] ExistingFiles: /c:/Users/Student/.kiro/workspace-roots/regen-railway/vite.config.ts in 5d3536ae-8688-41e8-bcb9-68df979eec52","conversationId":"sess_0e234331-0804-49b2-b1a6-4ad458d727e5","turnId":"5d3536ae-8688-41e8-bcb9-68df979eec52","rootTurnId":"5d3536ae-8688-41e8-bcb9-68df979eec52"}
{"timestamp":"2026-08-24T10:24:07.361Z","level":"info","message":"[q-developer-converse] Sending GenerateAssistantResponse modelId=auto agentMode=vibe origin=AI_EDITOR streaming=true conversationId=sess_0e234331-0804-49b2-b1a6-4ad458d727e5","conversationId":"sess_0e234331-0804-49b2-b1a6-4ad458d727e5","turnId":"5d3536ae-8688-41e8-bcb9-68df979eec52","rootTurnId":"5d3536ae-8688-41e8-bcb9-68df979eec52"}
{"timestamp":"2026-08-24T10:24:07.362Z","level":"info","message":"[q-developer-converse] Request payload: 479149 chars, 112 history messages, conversationId=sess_0e234331-0804-49b2-b1a6-4ad458d727e5","conversationId":"sess_0e234331-0804-49b2-b1a6-4ad458d727e5","turnId":"5d3536ae-8688-41e8-bcb9-68df979eec52","rootTurnId":"5d3536ae-8688-41e8-bcb9-68df979eec52"}
{"timestamp":"2026-08-24T10:24:07.372Z","level":"info","message":"fs.appendMessages.ok {\"system\":\"fs\",\"sessionId\":\"sess_0e234331-0804-49b2-b1a6-4ad458d727e5\",\"messageCount\":2,\"durationMs\":50}","conversationId":"sess_0e234331-0804-49b2-b1a6-4ad458d727e5","turnId":"5d3536ae-8688-41e8-bcb9-68df979eec52","rootTurnId":"5d3536ae-8688-41e8-bcb9-68df979eec52"}
{"timestamp":"2026-08-24T10:24:11.336Z","level":"info","message":"[AgentIterator] Synchronizing results","conversationId":"sess_0e234331-0804-49b2-b1a6-4ad458d727e5","turnId":"5d3536ae-8688-41e8-bcb9-68df979eec52","rootTurnId":"5d3536ae-8688-41e8-bcb9-68df979eec52"}
{"timestamp":"2026-08-24T10:24:11.336Z","level":"info","message":"[AgentIterator] Processing intent detection result","conversationId":"sess_0e234331-0804-49b2-b1a6-4ad458d727e5","turnId":"5d3536ae-8688-41e8-bcb9-68df979eec52","rootTurnId":"5d3536ae-8688-41e8-bcb9-68df979eec52"}
{"timestamp":"2026-08-24T10:24:11.337Z","level":"info","message":"[ChatAgent] Processing model response stream","conversationId":"sess_0e234331-0804-49b2-b1a6-4ad458d727e5","turnId":"5d3536ae-8688-41e8-bcb9-68df979eec52","rootTurnId":"5d3536ae-8688-41e8-bcb9-68df979eec52"}
{"timestamp":"2026-08-24T10:24:11.337Z","level":"info","message":"[Steering] Populating steering for execution 5d3536ae-8688-41e8-bcb9-68df979eec52","conversationId":"sess_0e234331-0804-49b2-b1a6-4ad458d727e5","turnId":"5d3536ae-8688-41e8-bcb9-68df979eec52","rootTurnId":"5d3536ae-8688-41e8-bcb9-68df979eec52"}
{"timestamp":"2026-08-24T10:24:11.337Z","level":"info","message":"[Steering] ExistingFiles: /c:/Users/Student/.kiro/workspace-roots/regen-railway/vite.config.ts in 5d3536ae-8688-41e8-bcb9-68df979eec52","conversationId":"sess_0e234331-0804-49b2-b1a6-4ad458d727e5","turnId":"5d3536ae-8688-41e8-bcb9-68df979eec52","rootTurnId":"5d3536ae-8688-41e8-bcb9-68df979eec52"}
{"timestamp":"2026-08-24T10:24:11.938Z","level":"info","message":"fs.appendMessages.ok {\"system\":\"fs\",\"sessionId\":\"sess_0e234331-0804-49b2-b1a6-4ad458d727e5\",\"messageCount\":1,\"durationMs\":2}","conversationId":"sess_0e234331-0804-49b2-b1a6-4ad458d727e5","turnId":"5d3536ae-8688-41e8-bcb9-68df979eec52","rootTurnId":"5d3536ae-8688-41e8-bcb9-68df979eec52"}
{"timestamp":"2026-08-24T10:24:34.354Z","level":"info","message":"[ACPEventAdapter] Execution yielded {\"executionId\":\"5d3536ae-8688-41e8-bcb9-68df979eec52\"}","conversationId":"sess_0e234331-0804-49b2-b1a6-4ad458d727e5","turnId":"5d3536ae-8688-41e8-bcb9-68df979eec52","rootTurnId":"5d3536ae-8688-41e8-bcb9-68df979eec52"}
{"timestamp":"2026-08-24T10:24:34.356Z","level":"info","message":"acp.policy-eval.complete {\"toolId\":\"run_command\",\"effect\":\"ask\"}","conversationId":"sess_0e234331-0804-49b2-b1a6-4ad458d727e5","turnId":"5d3536ae-8688-41e8-bcb9-68df979eec52","rootTurnId":"5d3536ae-8688-41e8-bcb9-68df979eec52"}
{"timestamp":"2026-08-24T10:24:34.368Z","level":"info","message":"[ACP ToolApproval] Requesting permission for toolId=run_command, operationId=run_command_tooluse_vqW8qxfrliG8boTtyJXV8V, sessionId=sess_0e234331-0804-49b2-b1a6-4ad458d727e5","conversationId":"sess_0e234331-0804-49b2-b1a6-4ad458d727e5","turnId":"5d3536ae-8688-41e8-bcb9-68df979eec52","rootTurnId":"5d3536ae-8688-41e8-bcb9-68df979eec52"}
{"timestamp":"2026-08-24T10:24:34.374Z","level":"info","message":"fs.appendMessages.ok {\"system\":\"fs\",\"sessionId\":\"sess_0e234331-0804-49b2-b1a6-4ad458d727e5\",\"messageCount\":1,\"durationMs\":6}","conversationId":"sess_0e234331-0804-49b2-b1a6-4ad458d727e5","turnId":"5d3536ae-8688-41e8-bcb9-68df979eec52","rootTurnId":"5d3536ae-8688-41e8-bcb9-68df979eec52"}
{"timestamp":"2026-08-24T10:24:34.383Z","level":"info","message":"fs.appendMessages.ok {\"system\":\"fs\",\"sessionId\":\"sess_0e234331-0804-49b2-b1a6-4ad458d727e5\",\"messageCount\":1,\"durationMs\":9}","conversationId":"sess_0e234331-0804-49b2-b1a6-4ad458d727e5","turnId":"5d3536ae-8688-41e8-bcb9-68df979eec52","rootTurnId":"5d3536ae-8688-41e8-bcb9-68df979eec52"}
{"timestamp":"2026-08-24T10:24:34.392Z","level":"info","message":"fs.appendMessages.ok {\"system\":\"fs\",\"sessionId\":\"sess_0e234331-0804-49b2-b1a6-4ad458d727e5\",\"messageCount\":1,\"durationMs\":9}","conversationId":"sess_0e234331-0804-49b2-b1a6-4ad458d727e5","turnId":"5d3536ae-8688-41e8-bcb9-68df979eec52","rootTurnId":"5d3536ae-8688-41e8-bcb9-68df979eec52"}
{"timestamp":"2026-08-24T10:24:38.232Z","level":"info","message":"fs.appendMessages.ok {\"system\":\"fs\",\"sessionId\":\"sess_0e234331-0804-49b2-b1a6-4ad458d727e5\",\"messageCount\":1,\"durationMs\":2}","conversationId":"sess_0e234331-0804-49b2-b1a6-4ad458d727e5","turnId":"5d3536ae-8688-41e8-bcb9-68df979eec52","rootTurnId":"5d3536ae-8688-41e8-bcb9-68df979eec52"}
{"timestamp":"2026-08-24T10:24:38.232Z","level":"info","message":"[ACP ToolApproval] Got response: {\"optionId\":\"always-accept\",\"outcome\":\"selected\"}","conversationId":"sess_0e234331-0804-49b2-b1a6-4ad458d727e5","turnId":"5d3536ae-8688-41e8-bcb9-68df979eec52","rootTurnId":"5d3536ae-8688-41e8-bcb9-68df979eec52"}
{"timestamp":"2026-08-24T10:24:38.445Z","level":"info","message":"[PolicySession] rebuild() complete: 17 rules parsed, engineActive=true, fatal=false","conversationId":"sess_0e234331-0804-49b2-b1a6-4ad458d727e5","turnId":"5d3536ae-8688-41e8-bcb9-68df979eec52","rootTurnId":"5d3536ae-8688-41e8-bcb9-68df979eec52"}
{"timestamp":"2026-08-24T10:24:38.445Z","level":"info","message":"[PolicySession] Persisted allow rule for shell matching \"Set-Content -Path \"src\\store\\simulation.ts\" -Value $simulation -Encoding UTF8\" at scope=user","conversationId":"sess_0e234331-0804-49b2-b1a6-4ad458d727e5","turnId":"5d3536ae-8688-41e8-bcb9-68df979eec52","rootTurnId":"5d3536ae-8688-41e8-bcb9-68df979eec52"}
{"timestamp":"2026-08-24T10:24:38.460Z","level":"info","message":"[ACP ToolApproval] Requesting permission for toolId=run_command, operationId=run_command_tooluse_vqW8qxfrliG8boTtyJXV8V, sessionId=sess_0e234331-0804-49b2-b1a6-4ad458d727e5","conversationId":"sess_0e234331-0804-49b2-b1a6-4ad458d727e5","turnId":"5d3536ae-8688-41e8-bcb9-68df979eec52","rootTurnId":"5d3536ae-8688-41e8-bcb9-68df979eec52"}
{"timestamp":"2026-08-24T10:24:38.465Z","level":"info","message":"fs.appendMessages.ok {\"system\":\"fs\",\"sessionId\":\"sess_0e234331-0804-49b2-b1a6-4ad458d727e5\",\"messageCount\":1,\"durationMs\":4}","conversationId":"sess_0e234331-0804-49b2-b1a6-4ad458d727e5","turnId":"5d3536ae-8688-41e8-bcb9-68df979eec52","rootTurnId":"5d3536ae-8688-41e8-bcb9-68df979eec52"}
{"timestamp":"2026-08-24T10:24:39.752Z","level":"info","message":"fs.appendMessages.ok {\"system\":\"fs\",\"sessionId\":\"sess_0e234331-0804-49b2-b1a6-4ad458d727e5\",\"messageCount\":1,\"durationMs\":2}","conversationId":"sess_0e234331-0804-49b2-b1a6-4ad458d727e5","turnId":"5d3536ae-8688-41e8-bcb9-68df979eec52","rootTurnId":"5d3536ae-8688-41e8-bcb9-68df979eec52"}
{"timestamp":"2026-08-24T10:24:39.752Z","level":"info","message":"[ACP ToolApproval] Got response: {\"optionId\":\"always-accept\",\"outcome\":\"selected\"}","conversationId":"sess_0e234331-0804-49b2-b1a6-4ad458d727e5","turnId":"5d3536ae-8688-41e8-bcb9-68df979eec52","rootTurnId":"5d3536ae-8688-41e8-bcb9-68df979eec52"}
{"timestamp":"2026-08-24T10:24:39.962Z","level":"info","message":"[PolicySession] rebuild() complete: 17 rules parsed, engineActive=true, fatal=false","conversationId":"sess_0e234331-0804-49b2-b1a6-4ad458d727e5","turnId":"5d3536ae-8688-41e8-bcb9-68df979eec52","rootTurnId":"5d3536ae-8688-41e8-bcb9-68df979eec52"}
{"timestamp":"2026-08-24T10:24:39.962Z","level":"info","message":"[PolicySession] Persisted allow rule for shell matching \"Write-Host \"Simulation engine done\"\" at scope=user","conversationId":"sess_0e234331-0804-49b2-b1a6-4ad458d727e5","turnId":"5d3536ae-8688-41e8-bcb9-68df979eec52","rootTurnId":"5d3536ae-8688-41e8-bcb9-68df979eec52"}
{"timestamp":"2026-08-24T10:24:39.967Z","level":"info","message":"[ACPEventAdapter] Execution resumed {\"executionId\":\"5d3536ae-8688-41e8-bcb9-68df979eec52\"}","conversationId":"sess_0e234331-0804-49b2-b1a6-4ad458d727e5","turnId":"5d3536ae-8688-41e8-bcb9-68df979eec52","rootTurnId":"5d3536ae-8688-41e8-bcb9-68df979eec52"}
{"timestamp":"2026-08-24T10:24:39.968Z","level":"info","message":"acp.policy-eval.complete {\"toolId\":\"list_directory\",\"effect\":\"allow\",\"capability\":\"fs_read\"}","conversationId":"sess_0e234331-0804-49b2-b1a6-4ad458d727e5","turnId":"5d3536ae-8688-41e8-bcb9-68df979eec52","rootTurnId":"5d3536ae-8688-41e8-bcb9-68df979eec52"}
{"timestamp":"2026-08-24T10:24:46.482Z","level":"info","message":"[AgentIterator] Parallel invoking agent","conversationId":"sess_0e234331-0804-49b2-b1a6-4ad458d727e5","turnId":"5d3536ae-8688-41e8-bcb9-68df979eec52","rootTurnId":"5d3536ae-8688-41e8-bcb9-68df979eec52"}
{"timestamp":"2026-08-24T10:24:46.483Z","level":"info","message":"[Steering] Populating steering for execution 5d3536ae-8688-41e8-bcb9-68df979eec52","conversationId":"sess_0e234331-0804-49b2-b1a6-4ad458d727e5","turnId":"5d3536ae-8688-41e8-bcb9-68df979eec52","rootTurnId":"5d3536ae-8688-41e8-bcb9-68df979eec52"}
{"timestamp":"2026-08-24T10:24:46.483Z","level":"info","message":"[Steering] ExistingFiles: /c:/Users/Student/.kiro/workspace-roots/regen-railway/vite.config.ts in 5d3536ae-8688-41e8-bcb9-68df979eec52","conversationId":"sess_0e234331-0804-49b2-b1a6-4ad458d727e5","turnId":"5d3536ae-8688-41e8-bcb9-68df979eec52","rootTurnId":"5d3536ae-8688-41e8-bcb9-68df979eec52"}
{"timestamp":"2026-08-24T10:24:46.486Z","level":"info","message":"[q-developer-converse] Sending GenerateAssistantResponse modelId=auto agentMode=vibe origin=AI_EDITOR streaming=true conversationId=sess_0e234331-0804-49b2-b1a6-4ad458d727e5","conversationId":"sess_0e234331-0804-49b2-b1a6-4ad458d727e5","turnId":"5d3536ae-8688-41e8-bcb9-68df979eec52","rootTurnId":"5d3536ae-8688-41e8-bcb9-68df979eec52"}
{"timestamp":"2026-08-24T10:24:46.487Z","level":"info","message":"[q-developer-converse] Request payload: 485323 chars, 114 history messages, conversationId=sess_0e234331-0804-49b2-b1a6-4ad458d727e5","conversationId":"sess_0e234331-0804-49b2-b1a6-4ad458d727e5","turnId":"5d3536ae-8688-41e8-bcb9-68df979eec52","rootTurnId":"5d3536ae-8688-41e8-bcb9-68df979eec52"}
{"timestamp":"2026-08-24T10:24:46.496Z","level":"info","message":"fs.appendMessages.ok {\"system\":\"fs\",\"sessionId\":\"sess_0e234331-0804-49b2-b1a6-4ad458d727e5\",\"messageCount\":2,\"durationMs\":17}","conversationId":"sess_0e234331-0804-49b2-b1a6-4ad458d727e5","turnId":"5d3536ae-8688-41e8-bcb9-68df979eec52","rootTurnId":"5d3536ae-8688-41e8-bcb9-68df979eec52"}
{"timestamp":"2026-08-24T10:24:50.550Z","level":"info","message":"[AgentIterator] Synchronizing results","conversationId":"sess_0e234331-0804-49b2-b1a6-4ad458d727e5","turnId":"5d3536ae-8688-41e8-bcb9-68df979eec52","rootTurnId":"5d3536ae-8688-41e8-bcb9-68df979eec52"}
{"timestamp":"2026-08-24T10:24:50.550Z","level":"info","message":"[AgentIterator] Processing intent detection result","conversationId":"sess_0e234331-0804-49b2-b1a6-4ad458d727e5","turnId":"5d3536ae-8688-41e8-bcb9-68df979eec52","rootTurnId":"5d3536ae-8688-41e8-bcb9-68df979eec52"}
{"timestamp":"2026-08-24T10:24:50.551Z","level":"info","message":"[ChatAgent] Processing model response stream","conversationId":"sess_0e234331-0804-49b2-b1a6-4ad458d727e5","turnId":"5d3536ae-8688-41e8-bcb9-68df979eec52","rootTurnId":"5d3536ae-8688-41e8-bcb9-68df979eec52"}
{"timestamp":"2026-08-24T10:24:50.551Z","level":"info","message":"[Steering] Populating steering for execution 5d3536ae-8688-41e8-bcb9-68df979eec52","conversationId":"sess_0e234331-0804-49b2-b1a6-4ad458d727e5","turnId":"5d3536ae-8688-41e8-bcb9-68df979eec52","rootTurnId":"5d3536ae-8688-41e8-bcb9-68df979eec52"}
{"timestamp":"2026-08-24T10:24:50.551Z","level":"info","message":"[Steering] ExistingFiles: /c:/Users/Student/.kiro/workspace-roots/regen-railway/vite.config.ts in 5d3536ae-8688-41e8-bcb9-68df979eec52","conversationId":"sess_0e234331-0804-49b2-b1a6-4ad458d727e5","turnId":"5d3536ae-8688-41e8-bcb9-68df979eec52","rootTurnId":"5d3536ae-8688-41e8-bcb9-68df979eec52"}
{"timestamp":"2026-08-24T10:24:57.190Z","level":"info","message":"[ACPEventAdapter] Execution yielded {\"executionId\":\"5d3536ae-8688-41e8-bcb9-68df979eec52\"}","conversationId":"sess_0e234331-0804-49b2-b1a6-4ad458d727e5","turnId":"5d3536ae-8688-41e8-bcb9-68df979eec52","rootTurnId":"5d3536ae-8688-41e8-bcb9-68df979eec52"}
{"timestamp":"2026-08-24T10:24:57.192Z","level":"info","message":"acp.policy-eval.complete {\"toolId\":\"run_command\",\"effect\":\"ask\"}","conversationId":"sess_0e234331-0804-49b2-b1a6-4ad458d727e5","turnId":"5d3536ae-8688-41e8-bcb9-68df979eec52","rootTurnId":"5d3536ae-8688-41e8-bcb9-68df979eec52"}
{"timestamp":"2026-08-24T10:24:57.204Z","level":"info","message":"[ACP ToolApproval] Requesting permission for toolId=run_command, operationId=run_command_tooluse_zZaotMIE6bNzTqC5MLVbpD, sessionId=sess_0e234331-0804-49b2-b1a6-4ad458d727e5","conversationId":"sess_0e234331-0804-49b2-b1a6-4ad458d727e5","turnId":"5d3536ae-8688-41e8-bcb9-68df979eec52","rootTurnId":"5d3536ae-8688-41e8-bcb9-68df979eec52"}
{"timestamp":"2026-08-24T10:24:57.209Z","level":"info","message":"fs.appendMessages.ok {\"system\":\"fs\",\"sessionId\":\"sess_0e234331-0804-49b2-b1a6-4ad458d727e5\",\"messageCount\":1,\"durationMs\":5}","conversationId":"sess_0e234331-0804-49b2-b1a6-4ad458d727e5","turnId":"5d3536ae-8688-41e8-bcb9-68df979eec52","rootTurnId":"5d3536ae-8688-41e8-bcb9-68df979eec52"}
{"timestamp":"2026-08-24T10:24:57.218Z","level":"info","message":"fs.appendMessages.ok {\"system\":\"fs\",\"sessionId\":\"sess_0e234331-0804-49b2-b1a6-4ad458d727e5\",\"messageCount\":1,\"durationMs\":9}","conversationId":"sess_0e234331-0804-49b2-b1a6-4ad458d727e5","turnId":"5d3536ae-8688-41e8-bcb9-68df979eec52","rootTurnId":"5d3536ae-8688-41e8-bcb9-68df979eec52"}
{"timestamp":"2026-08-24T10:24:57.224Z","level":"info","message":"fs.appendMessages.ok {\"system\":\"fs\",\"sessionId\":\"sess_0e234331-0804-49b2-b1a6-4ad458d727e5\",\"messageCount\":1,\"durationMs\":6}","conversationId":"sess_0e234331-0804-49b2-b1a6-4ad458d727e5","turnId":"5d3536ae-8688-41e8-bcb9-68df979eec52","rootTurnId":"5d3536ae-8688-41e8-bcb9-68df979eec52"}
{"timestamp":"2026-08-24T10:25:00.328Z","level":"info","message":"fs.appendMessages.ok {\"system\":\"fs\",\"sessionId\":\"sess_0e234331-0804-49b2-b1a6-4ad458d727e5\",\"messageCount\":1,\"durationMs\":2}","conversationId":"sess_0e234331-0804-49b2-b1a6-4ad458d727e5","turnId":"5d3536ae-8688-41e8-bcb9-68df979eec52","rootTurnId":"5d3536ae-8688-41e8-bcb9-68df979eec52"}
{"timestamp":"2026-08-24T10:25:00.328Z","level":"info","message":"[ACP ToolApproval] Got response: {\"optionId\":\"always-accept\",\"outcome\":\"selected\"}","conversationId":"sess_0e234331-0804-49b2-b1a6-4ad458d727e5","turnId":"5d3536ae-8688-41e8-bcb9-68df979eec52","rootTurnId":"5d3536ae-8688-41e8-bcb9-68df979eec52"}
{"timestamp":"2026-08-24T10:25:00.540Z","level":"info","message":"[PolicySession] rebuild() complete: 17 rules parsed, engineActive=true, fatal=false","conversationId":"sess_0e234331-0804-49b2-b1a6-4ad458d727e5","turnId":"5d3536ae-8688-41e8-bcb9-68df979eec52","rootTurnId":"5d3536ae-8688-41e8-bcb9-68df979eec52"}
{"timestamp":"2026-08-24T10:25:00.540Z","level":"info","message":"[PolicySession] Persisted allow rule for shell matching \"Set-Content -Path \"src\\App.tsx\" -Value $app -Encoding UTF8\" at scope=user","conversationId":"sess_0e234331-0804-49b2-b1a6-4ad458d727e5","turnId":"5d3536ae-8688-41e8-bcb9-68df979eec52","rootTurnId":"5d3536ae-8688-41e8-bcb9-68df979eec52"}
{"timestamp":"2026-08-24T10:25:00.555Z","level":"info","message":"[ACP ToolApproval] Requesting permission for toolId=run_command, operationId=run_command_tooluse_zZaotMIE6bNzTqC5MLVbpD, sessionId=sess_0e234331-0804-49b2-b1a6-4ad458d727e5","conversationId":"sess_0e234331-0804-49b2-b1a6-4ad458d727e5","turnId":"5d3536ae-8688-41e8-bcb9-68df979eec52","rootTurnId":"5d3536ae-8688-41e8-bcb9-68df979eec52"}
{"timestamp":"2026-08-24T10:25:00.558Z","level":"info","message":"fs.appendMessages.ok {\"system\":\"fs\",\"sessionId\":\"sess_0e234331-0804-49b2-b1a6-4ad458d727e5\",\"messageCount\":1,\"durationMs\":3}","conversationId":"sess_0e234331-0804-49b2-b1a6-4ad458d727e5","turnId":"5d3536ae-8688-41e8-bcb9-68df979eec52","rootTurnId":"5d3536ae-8688-41e8-bcb9-68df979eec52"}
{"timestamp":"2026-08-24T10:25:01.928Z","level":"info","message":"fs.appendMessages.ok {\"system\":\"fs\",\"sessionId\":\"sess_0e234331-0804-49b2-b1a6-4ad458d727e5\",\"messageCount\":1,\"durationMs\":2}","conversationId":"sess_0e234331-0804-49b2-b1a6-4ad458d727e5","turnId":"5d3536ae-8688-41e8-bcb9-68df979eec52","rootTurnId":"5d3536ae-8688-41e8-bcb9-68df979eec52"}
{"timestamp":"2026-08-24T10:25:01.928Z","level":"info","message":"[ACP ToolApproval] Got response: {\"optionId\":\"always-accept\",\"outcome\":\"selected\"}","conversationId":"sess_0e234331-0804-49b2-b1a6-4ad458d727e5","turnId":"5d3536ae-8688-41e8-bcb9-68df979eec52","rootTurnId":"5d3536ae-8688-41e8-bcb9-68df979eec52"}
{"timestamp":"2026-08-24T10:25:02.137Z","level":"info","message":"[PolicySession] rebuild() complete: 17 rules parsed, engineActive=true, fatal=false","conversationId":"sess_0e234331-0804-49b2-b1a6-4ad458d727e5","turnId":"5d3536ae-8688-41e8-bcb9-68df979eec52","rootTurnId":"5d3536ae-8688-41e8-bcb9-68df979eec52"}
{"timestamp":"2026-08-24T10:25:02.137Z","level":"info","message":"[PolicySession] Persisted allow rule for shell matching \"Write-Host \"App.tsx done\"\" at scope=user","conversationId":"sess_0e234331-0804-49b2-b1a6-4ad458d727e5","turnId":"5d3536ae-8688-41e8-bcb9-68df979eec52","rootTurnId":"5d3536ae-8688-41e8-bcb9-68df979eec52"}
{"timestamp":"2026-08-24T10:25:02.142Z","level":"info","message":"[ACPEventAdapter] Execution resumed {\"executionId\":\"5d3536ae-8688-41e8-bcb9-68df979eec52\"}","conversationId":"sess_0e234331-0804-49b2-b1a6-4ad458d727e5","turnId":"5d3536ae-8688-41e8-bcb9-68df979eec52","rootTurnId":"5d3536ae-8688-41e8-bcb9-68df979eec52"}
{"timestamp":"2026-08-24T10:25:02.142Z","level":"info","message":"acp.policy-eval.complete {\"toolId\":\"list_directory\",\"effect\":\"allow\",\"capability\":\"fs_read\"}","conversationId":"sess_0e234331-0804-49b2-b1a6-4ad458d727e5","turnId":"5d3536ae-8688-41e8-bcb9-68df979eec52","rootTurnId":"5d3536ae-8688-41e8-bcb9-68df979eec52"}
{"timestamp":"2026-08-24T10:25:07.510Z","level":"info","message":"[AgentIterator] Parallel invoking agent","conversationId":"sess_0e234331-0804-49b2-b1a6-4ad458d727e5","turnId":"5d3536ae-8688-41e8-bcb9-68df979eec52","rootTurnId":"5d3536ae-8688-41e8-bcb9-68df979eec52"}
{"timestamp":"2026-08-24T10:25:07.510Z","level":"info","message":"[Steering] Populating steering for execution 5d3536ae-8688-41e8-bcb9-68df979eec52","conversationId":"sess_0e234331-0804-49b2-b1a6-4ad458d727e5","turnId":"5d3536ae-8688-41e8-bcb9-68df979eec52","rootTurnId":"5d3536ae-8688-41e8-bcb9-68df979eec52"}
{"timestamp":"2026-08-24T10:25:07.510Z","level":"info","message":"[Steering] ExistingFiles: /c:/Users/Student/.kiro/workspace-roots/regen-railway/vite.config.ts in 5d3536ae-8688-41e8-bcb9-68df979eec52","conversationId":"sess_0e234331-0804-49b2-b1a6-4ad458d727e5","turnId":"5d3536ae-8688-41e8-bcb9-68df979eec52","rootTurnId":"5d3536ae-8688-41e8-bcb9-68df979eec52"}
{"timestamp":"2026-08-24T10:25:07.513Z","level":"info","message":"[q-developer-converse] Sending GenerateAssistantResponse modelId=auto agentMode=vibe origin=AI_EDITOR streaming=true conversationId=sess_0e234331-0804-49b2-b1a6-4ad458d727e5","conversationId":"sess_0e234331-0804-49b2-b1a6-4ad458d727e5","turnId":"5d3536ae-8688-41e8-bcb9-68df979eec52","rootTurnId":"5d3536ae-8688-41e8-bcb9-68df979eec52"}
{"timestamp":"2026-08-24T10:25:07.515Z","level":"info","message":"[q-developer-converse] Request payload: 488175 chars, 116 history messages, conversationId=sess_0e234331-0804-49b2-b1a6-4ad458d727e5","conversationId":"sess_0e234331-0804-49b2-b1a6-4ad458d727e5","turnId":"5d3536ae-8688-41e8-bcb9-68df979eec52","rootTurnId":"5d3536ae-8688-41e8-bcb9-68df979eec52"}
{"timestamp":"2026-08-24T10:25:07.524Z","level":"info","message":"fs.appendMessages.ok {\"system\":\"fs\",\"sessionId\":\"sess_0e234331-0804-49b2-b1a6-4ad458d727e5\",\"messageCount\":2,\"durationMs\":17}","conversationId":"sess_0e234331-0804-49b2-b1a6-4ad458d727e5","turnId":"5d3536ae-8688-41e8-bcb9-68df979eec52","rootTurnId":"5d3536ae-8688-41e8-bcb9-68df979eec52"}
{"timestamp":"2026-08-24T10:25:11.523Z","level":"info","message":"[AgentIterator] Synchronizing results","conversationId":"sess_0e234331-0804-49b2-b1a6-4ad458d727e5","turnId":"5d3536ae-8688-41e8-bcb9-68df979eec52","rootTurnId":"5d3536ae-8688-41e8-bcb9-68df979eec52"}
{"timestamp":"2026-08-24T10:25:11.523Z","level":"info","message":"[AgentIterator] Processing intent detection result","conversationId":"sess_0e234331-0804-49b2-b1a6-4ad458d727e5","turnId":"5d3536ae-8688-41e8-bcb9-68df979eec52","rootTurnId":"5d3536ae-8688-41e8-bcb9-68df979eec52"}
{"timestamp":"2026-08-24T10:25:11.523Z","level":"info","message":"[ChatAgent] Processing model response stream","conversationId":"sess_0e234331-0804-49b2-b1a6-4ad458d727e5","turnId":"5d3536ae-8688-41e8-bcb9-68df979eec52","rootTurnId":"5d3536ae-8688-41e8-bcb9-68df979eec52"}
{"timestamp":"2026-08-24T10:25:11.523Z","level":"info","message":"[Steering] Populating steering for execution 5d3536ae-8688-41e8-bcb9-68df979eec52","conversationId":"sess_0e234331-0804-49b2-b1a6-4ad458d727e5","turnId":"5d3536ae-8688-41e8-bcb9-68df979eec52","rootTurnId":"5d3536ae-8688-41e8-bcb9-68df979eec52"}
{"timestamp":"2026-08-24T10:25:11.523Z","level":"info","message":"[Steering] ExistingFiles: /c:/Users/Student/.kiro/workspace-roots/regen-railway/vite.config.ts in 5d3536ae-8688-41e8-bcb9-68df979eec52","conversationId":"sess_0e234331-0804-49b2-b1a6-4ad458d727e5","turnId":"5d3536ae-8688-41e8-bcb9-68df979eec52","rootTurnId":"5d3536ae-8688-41e8-bcb9-68df979eec52"}
{"timestamp":"2026-08-24T10:25:15.161Z","level":"info","message":"[ACPEventAdapter] Execution yielded {\"executionId\":\"5d3536ae-8688-41e8-bcb9-68df979eec52\"}","conversationId":"sess_0e234331-0804-49b2-b1a6-4ad458d727e5","turnId":"5d3536ae-8688-41e8-bcb9-68df979eec52","rootTurnId":"5d3536ae-8688-41e8-bcb9-68df979eec52"}
{"timestamp":"2026-08-24T10:25:15.163Z","level":"info","message":"acp.policy-eval.complete {\"toolId\":\"run_command\",\"effect\":\"ask\"}","conversationId":"sess_0e234331-0804-49b2-b1a6-4ad458d727e5","turnId":"5d3536ae-8688-41e8-bcb9-68df979eec52","rootTurnId":"5d3536ae-8688-41e8-bcb9-68df979eec52"}
{"timestamp":"2026-08-24T10:25:15.178Z","level":"info","message":"[ACP ToolApproval] Requesting permission for toolId=run_command, operationId=run_command_tooluse_S7ByeG38Is3pF7pGZ93dyd, sessionId=sess_0e234331-0804-49b2-b1a6-4ad458d727e5","conversationId":"sess_0e234331-0804-49b2-b1a6-4ad458d727e5","turnId":"5d3536ae-8688-41e8-bcb9-68df979eec52","rootTurnId":"5d3536ae-8688-41e8-bcb9-68df979eec52"}
{"timestamp":"2026-08-24T10:25:15.182Z","level":"info","message":"fs.appendMessages.ok {\"system\":\"fs\",\"sessionId\":\"sess_0e234331-0804-49b2-b1a6-4ad458d727e5\",\"messageCount\":1,\"durationMs\":4}","conversationId":"sess_0e234331-0804-49b2-b1a6-4ad458d727e5","turnId":"5d3536ae-8688-41e8-bcb9-68df979eec52","rootTurnId":"5d3536ae-8688-41e8-bcb9-68df979eec52"}
{"timestamp":"2026-08-24T10:25:15.191Z","level":"info","message":"fs.appendMessages.ok {\"system\":\"fs\",\"sessionId\":\"sess_0e234331-0804-49b2-b1a6-4ad458d727e5\",\"messageCount\":1,\"durationMs\":8}","conversationId":"sess_0e234331-0804-49b2-b1a6-4ad458d727e5","turnId":"5d3536ae-8688-41e8-bcb9-68df979eec52","rootTurnId":"5d3536ae-8688-41e8-bcb9-68df979eec52"}
{"timestamp":"2026-08-24T10:25:15.200Z","level":"info","message":"fs.appendMessages.ok {\"system\":\"fs\",\"sessionId\":\"sess_0e234331-0804-49b2-b1a6-4ad458d727e5\",\"messageCount\":1,\"durationMs\":9}","conversationId":"sess_0e234331-0804-49b2-b1a6-4ad458d727e5","turnId":"5d3536ae-8688-41e8-bcb9-68df979eec52","rootTurnId":"5d3536ae-8688-41e8-bcb9-68df979eec52"}
{"timestamp":"2026-08-24T10:25:25.633Z","level":"info","message":"network.listAvailableModels.ok {\"system\":\"network\",\"durationMs\":1116}"}
{"timestamp":"2026-08-24T10:25:25.633Z","level":"info","message":"[ACPModelConfigProvider] Loaded 9 models"}
{"timestamp":"2026-08-24T10:25:34.496Z","level":"info","message":"fs.appendMessages.ok {\"system\":\"fs\",\"sessionId\":\"sess_0e234331-0804-49b2-b1a6-4ad458d727e5\",\"messageCount\":1,\"durationMs\":2}","conversationId":"sess_0e234331-0804-49b2-b1a6-4ad458d727e5","turnId":"5d3536ae-8688-41e8-bcb9-68df979eec52","rootTurnId":"5d3536ae-8688-41e8-bcb9-68df979eec52"}
{"timestamp":"2026-08-24T10:25:34.496Z","level":"info","message":"[ACP ToolApproval] Got response: {\"optionId\":\"always-accept\",\"outcome\":\"selected\"}","conversationId":"sess_0e234331-0804-49b2-b1a6-4ad458d727e5","turnId":"5d3536ae-8688-41e8-bcb9-68df979eec52","rootTurnId":"5d3536ae-8688-41e8-bcb9-68df979eec52"}
{"timestamp":"2026-08-24T10:25:34.705Z","level":"info","message":"[PolicySession] rebuild() complete: 17 rules parsed, engineActive=true, fatal=false","conversationId":"sess_0e234331-0804-49b2-b1a6-4ad458d727e5","turnId":"5d3536ae-8688-41e8-bcb9-68df979eec52","rootTurnId":"5d3536ae-8688-41e8-bcb9-68df979eec52"}
{"timestamp":"2026-08-24T10:25:34.705Z","level":"info","message":"[PolicySession] Persisted allow rule for shell matching \"Set-Content -Path \"src\\main.tsx\" -Value $main -Encoding UTF8\" at scope=user","conversationId":"sess_0e234331-0804-49b2-b1a6-4ad458d727e5","turnId":"5d3536ae-8688-41e8-bcb9-68df979eec52","rootTurnId":"5d3536ae-8688-41e8-bcb9-68df979eec52"}
{"timestamp":"2026-08-24T10:25:34.723Z","level":"info","message":"[ACP ToolApproval] Requesting permission for toolId=run_command, operationId=run_command_tooluse_S7ByeG38Is3pF7pGZ93dyd, sessionId=sess_0e234331-0804-49b2-b1a6-4ad458d727e5","conversationId":"sess_0e234331-0804-49b2-b1a6-4ad458d727e5","turnId":"5d3536ae-8688-41e8-bcb9-68df979eec52","rootTurnId":"5d3536ae-8688-41e8-bcb9-68df979eec52"}
{"timestamp":"2026-08-24T10:25:34.726Z","level":"info","message":"fs.appendMessages.ok {\"system\":\"fs\",\"sessionId\":\"sess_0e234331-0804-49b2-b1a6-4ad458d727e5\",\"messageCount\":1,\"durationMs\":3}","conversationId":"sess_0e234331-0804-49b2-b1a6-4ad458d727e5","turnId":"5d3536ae-8688-41e8-bcb9-68df979eec52","rootTurnId":"5d3536ae-8688-41e8-bcb9-68df979eec52"}
{"timestamp":"2026-08-24T10:25:35.952Z","level":"info","message":"fs.appendMessages.ok {\"system\":\"fs\",\"sessionId\":\"sess_0e234331-0804-49b2-b1a6-4ad458d727e5\",\"messageCount\":1,\"durationMs\":2}","conversationId":"sess_0e234331-0804-49b2-b1a6-4ad458d727e5","turnId":"5d3536ae-8688-41e8-bcb9-68df979eec52","rootTurnId":"5d3536ae-8688-41e8-bcb9-68df979eec52"}
{"timestamp":"2026-08-24T10:25:35.952Z","level":"info","message":"[ACP ToolApproval] Got response: {\"optionId\":\"always-accept\",\"outcome\":\"selected\"}","conversationId":"sess_0e234331-0804-49b2-b1a6-4ad458d727e5","turnId":"5d3536ae-8688-41e8-bcb9-68df979eec52","rootTurnId":"5d3536ae-8688-41e8-bcb9-68df979eec52"}
{"timestamp":"2026-08-24T10:25:36.165Z","level":"info","message":"[PolicySession] rebuild() complete: 17 rules parsed, engineActive=true, fatal=false","conversationId":"sess_0e234331-0804-49b2-b1a6-4ad458d727e5","turnId":"5d3536ae-8688-41e8-bcb9-68df979eec52","rootTurnId":"5d3536ae-8688-41e8-bcb9-68df979eec52"}
{"timestamp":"2026-08-24T10:25:36.165Z","level":"info","message":"[PolicySession] Persisted allow rule for shell matching \"Set-Content -Path \"index.html\" -Value $html -Encoding UTF8\" at scope=user","conversationId":"sess_0e234331-0804-49b2-b1a6-4ad458d727e5","turnId":"5d3536ae-8688-41e8-bcb9-68df979eec52","rootTurnId":"5d3536ae-8688-41e8-bcb9-68df979eec52"}
{"timestamp":"2026-08-24T10:25:36.182Z","level":"info","message":"[ACP ToolApproval] Requesting permission for toolId=run_command, operationId=run_command_tooluse_S7ByeG38Is3pF7pGZ93dyd, sessionId=sess_0e234331-0804-49b2-b1a6-4ad458d727e5","conversationId":"sess_0e234331-0804-49b2-b1a6-4ad458d727e5","turnId":"5d3536ae-8688-41e8-bcb9-68df979eec52","rootTurnId":"5d3536ae-8688-41e8-bcb9-68df979eec52"}
{"timestamp":"2026-08-24T10:25:36.186Z","level":"info","message":"fs.appendMessages.ok {\"system\":\"fs\",\"sessionId\":\"sess_0e234331-0804-49b2-b1a6-4ad458d727e5\",\"messageCount\":1,\"durationMs\":4}","conversationId":"sess_0e234331-0804-49b2-b1a6-4ad458d727e5","turnId":"5d3536ae-8688-41e8-bcb9-68df979eec52","rootTurnId":"5d3536ae-8688-41e8-bcb9-68df979eec52"}
{"timestamp":"2026-08-24T10:25:37.376Z","level":"info","message":"fs.appendMessages.ok {\"system\":\"fs\",\"sessionId\":\"sess_0e234331-0804-49b2-b1a6-4ad458d727e5\",\"messageCount\":1,\"durationMs\":2}","conversationId":"sess_0e234331-0804-49b2-b1a6-4ad458d727e5","turnId":"5d3536ae-8688-41e8-bcb9-68df979eec52","rootTurnId":"5d3536ae-8688-41e8-bcb9-68df979eec52"}
{"timestamp":"2026-08-24T10:25:37.376Z","level":"info","message":"[ACP ToolApproval] Got response: {\"optionId\":\"always-accept\",\"outcome\":\"selected\"}","conversationId":"sess_0e234331-0804-49b2-b1a6-4ad458d727e5","turnId":"5d3536ae-8688-41e8-bcb9-68df979eec52","rootTurnId":"5d3536ae-8688-41e8-bcb9-68df979eec52"}
{"timestamp":"2026-08-24T10:25:37.590Z","level":"info","message":"[PolicySession] rebuild() complete: 17 rules parsed, engineActive=true, fatal=false","conversationId":"sess_0e234331-0804-49b2-b1a6-4ad458d727e5","turnId":"5d3536ae-8688-41e8-bcb9-68df979eec52","rootTurnId":"5d3536ae-8688-41e8-bcb9-68df979eec52"}
{"timestamp":"2026-08-24T10:25:37.590Z","level":"info","message":"[PolicySession] Persisted allow rule for shell matching \"Write-Host \"main.tsx and index.html done\"\" at scope=user","conversationId":"sess_0e234331-0804-49b2-b1a6-4ad458d727e5","turnId":"5d3536ae-8688-41e8-bcb9-68df979eec52","rootTurnId":"5d3536ae-8688-41e8-bcb9-68df979eec52"}
{"timestamp":"2026-08-24T10:25:37.595Z","level":"info","message":"[ACPEventAdapter] Execution resumed {\"executionId\":\"5d3536ae-8688-41e8-bcb9-68df979eec52\"}","conversationId":"sess_0e234331-0804-49b2-b1a6-4ad458d727e5","turnId":"5d3536ae-8688-41e8-bcb9-68df979eec52","rootTurnId":"5d3536ae-8688-41e8-bcb9-68df979eec52"}
{"timestamp":"2026-08-24T10:25:37.596Z","level":"info","message":"acp.policy-eval.complete {\"toolId\":\"list_directory\",\"effect\":\"allow\",\"capability\":\"fs_read\"}","conversationId":"sess_0e234331-0804-49b2-b1a6-4ad458d727e5","turnId":"5d3536ae-8688-41e8-bcb9-68df979eec52","rootTurnId":"5d3536ae-8688-41e8-bcb9-68df979eec52"}
{"timestamp":"2026-08-24T10:25:38.768Z","level":"info","message":"[AgentIterator] Parallel invoking agent","conversationId":"sess_0e234331-0804-49b2-b1a6-4ad458d727e5","turnId":"5d3536ae-8688-41e8-bcb9-68df979eec52","rootTurnId":"5d3536ae-8688-41e8-bcb9-68df979eec52"}
{"timestamp":"2026-08-24T10:25:38.768Z","level":"info","message":"[Steering] Populating steering for execution 5d3536ae-8688-41e8-bcb9-68df979eec52","conversationId":"sess_0e234331-0804-49b2-b1a6-4ad458d727e5","turnId":"5d3536ae-8688-41e8-bcb9-68df979eec52","rootTurnId":"5d3536ae-8688-41e8-bcb9-68df979eec52"}
{"timestamp":"2026-08-24T10:25:38.768Z","level":"info","message":"[Steering] ExistingFiles: /c:/Users/Student/.kiro/workspace-roots/regen-railway/vite.config.ts in 5d3536ae-8688-41e8-bcb9-68df979eec52","conversationId":"sess_0e234331-0804-49b2-b1a6-4ad458d727e5","turnId":"5d3536ae-8688-41e8-bcb9-68df979eec52","rootTurnId":"5d3536ae-8688-41e8-bcb9-68df979eec52"}
{"timestamp":"2026-08-24T10:25:38.772Z","level":"info","message":"[q-developer-converse] Sending GenerateAssistantResponse modelId=auto agentMode=vibe origin=AI_EDITOR streaming=true conversationId=sess_0e234331-0804-49b2-b1a6-4ad458d727e5","conversationId":"sess_0e234331-0804-49b2-b1a6-4ad458d727e5","turnId":"5d3536ae-8688-41e8-bcb9-68df979eec52","rootTurnId":"5d3536ae-8688-41e8-bcb9-68df979eec52"}
{"timestamp":"2026-08-24T10:25:38.773Z","level":"info","message":"[q-developer-converse] Request payload: 489829 chars, 118 history messages, conversationId=sess_0e234331-0804-49b2-b1a6-4ad458d727e5","conversationId":"sess_0e234331-0804-49b2-b1a6-4ad458d727e5","turnId":"5d3536ae-8688-41e8-bcb9-68df979eec52","rootTurnId":"5d3536ae-8688-41e8-bcb9-68df979eec52"}
{"timestamp":"2026-08-24T10:25:38.783Z","level":"info","message":"fs.appendMessages.ok {\"system\":\"fs\",\"sessionId\":\"sess_0e234331-0804-49b2-b1a6-4ad458d727e5\",\"messageCount\":2,\"durationMs\":18}","conversationId":"sess_0e234331-0804-49b2-b1a6-4ad458d727e5","turnId":"5d3536ae-8688-41e8-bcb9-68df979eec52","rootTurnId":"5d3536ae-8688-41e8-bcb9-68df979eec52"}
{"timestamp":"2026-08-24T10:25:42.743Z","level":"info","message":"[AgentIterator] Synchronizing results","conversationId":"sess_0e234331-0804-49b2-b1a6-4ad458d727e5","turnId":"5d3536ae-8688-41e8-bcb9-68df979eec52","rootTurnId":"5d3536ae-8688-41e8-bcb9-68df979eec52"}
{"timestamp":"2026-08-24T10:25:42.743Z","level":"info","message":"[AgentIterator] Processing intent detection result","conversationId":"sess_0e234331-0804-49b2-b1a6-4ad458d727e5","turnId":"5d3536ae-8688-41e8-bcb9-68df979eec52","rootTurnId":"5d3536ae-8688-41e8-bcb9-68df979eec52"}
{"timestamp":"2026-08-24T10:25:42.744Z","level":"info","message":"[ChatAgent] Processing model response stream","conversationId":"sess_0e234331-0804-49b2-b1a6-4ad458d727e5","turnId":"5d3536ae-8688-41e8-bcb9-68df979eec52","rootTurnId":"5d3536ae-8688-41e8-bcb9-68df979eec52"}
{"timestamp":"2026-08-24T10:25:42.744Z","level":"info","message":"[Steering] Populating steering for execution 5d3536ae-8688-41e8-bcb9-68df979eec52","conversationId":"sess_0e234331-0804-49b2-b1a6-4ad458d727e5","turnId":"5d3536ae-8688-41e8-bcb9-68df979eec52","rootTurnId":"5d3536ae-8688-41e8-bcb9-68df979eec52"}
{"timestamp":"2026-08-24T10:25:42.744Z","level":"info","message":"[Steering] ExistingFiles: /c:/Users/Student/.kiro/workspace-roots/regen-railway/vite.config.ts in 5d3536ae-8688-41e8-bcb9-68df979eec52","conversationId":"sess_0e234331-0804-49b2-b1a6-4ad458d727e5","turnId":"5d3536ae-8688-41e8-bcb9-68df979eec52","rootTurnId":"5d3536ae-8688-41e8-bcb9-68df979eec52"}
{"timestamp":"2026-08-24T10:25:43.131Z","level":"info","message":"fs.appendMessages.ok {\"system\":\"fs\",\"sessionId\":\"sess_0e234331-0804-49b2-b1a6-4ad458d727e5\",\"messageCount\":1,\"durationMs\":2}","conversationId":"sess_0e234331-0804-49b2-b1a6-4ad458d727e5","turnId":"5d3536ae-8688-41e8-bcb9-68df979eec52","rootTurnId":"5d3536ae-8688-41e8-bcb9-68df979eec52"}
{"timestamp":"2026-08-24T10:25:44.916Z","level":"info","message":"[ACPEventAdapter] Execution yielded {\"executionId\":\"5d3536ae-8688-41e8-bcb9-68df979eec52\"}","conversationId":"sess_0e234331-0804-49b2-b1a6-4ad458d727e5","turnId":"5d3536ae-8688-41e8-bcb9-68df979eec52","rootTurnId":"5d3536ae-8688-41e8-bcb9-68df979eec52"}
{"timestamp":"2026-08-24T10:25:44.918Z","level":"info","message":"acp.policy-eval.complete {\"toolId\":\"run_command\",\"effect\":\"ask\"}","conversationId":"sess_0e234331-0804-49b2-b1a6-4ad458d727e5","turnId":"5d3536ae-8688-41e8-bcb9-68df979eec52","rootTurnId":"5d3536ae-8688-41e8-bcb9-68df979eec52"}
{"timestamp":"2026-08-24T10:25:44.933Z","level":"info","message":"[ACP ToolApproval] Requesting permission for toolId=run_command, operationId=run_command_tooluse_RhlsOo2G9ABvJZsjnxhT30, sessionId=sess_0e234331-0804-49b2-b1a6-4ad458d727e5","conversationId":"sess_0e234331-0804-49b2-b1a6-4ad458d727e5","turnId":"5d3536ae-8688-41e8-bcb9-68df979eec52","rootTurnId":"5d3536ae-8688-41e8-bcb9-68df979eec52"}
{"timestamp":"2026-08-24T10:25:44.938Z","level":"info","message":"fs.appendMessages.ok {\"system\":\"fs\",\"sessionId\":\"sess_0e234331-0804-49b2-b1a6-4ad458d727e5\",\"messageCount\":1,\"durationMs\":5}","conversationId":"sess_0e234331-0804-49b2-b1a6-4ad458d727e5","turnId":"5d3536ae-8688-41e8-bcb9-68df979eec52","rootTurnId":"5d3536ae-8688-41e8-bcb9-68df979eec52"}
{"timestamp":"2026-08-24T10:25:44.947Z","level":"info","message":"fs.appendMessages.ok {\"system\":\"fs\",\"sessionId\":\"sess_0e234331-0804-49b2-b1a6-4ad458d727e5\",\"messageCount\":1,\"durationMs\":9}","conversationId":"sess_0e234331-0804-49b2-b1a6-4ad458d727e5","turnId":"5d3536ae-8688-41e8-bcb9-68df979eec52","rootTurnId":"5d3536ae-8688-41e8-bcb9-68df979eec52"}
{"timestamp":"2026-08-24T10:25:44.957Z","level":"info","message":"fs.appendMessages.ok {\"system\":\"fs\",\"sessionId\":\"sess_0e234331-0804-49b2-b1a6-4ad458d727e5\",\"messageCount\":1,\"durationMs\":9}","conversationId":"sess_0e234331-0804-49b2-b1a6-4ad458d727e5","turnId":"5d3536ae-8688-41e8-bcb9-68df979eec52","rootTurnId":"5d3536ae-8688-41e8-bcb9-68df979eec52"}
{"timestamp":"2026-08-24T10:25:48.584Z","level":"info","message":"fs.appendMessages.ok {\"system\":\"fs\",\"sessionId\":\"sess_0e234331-0804-49b2-b1a6-4ad458d727e5\",\"messageCount\":1,\"durationMs\":2}","conversationId":"sess_0e234331-0804-49b2-b1a6-4ad458d727e5","turnId":"5d3536ae-8688-41e8-bcb9-68df979eec52","rootTurnId":"5d3536ae-8688-41e8-bcb9-68df979eec52"}
{"timestamp":"2026-08-24T10:25:48.584Z","level":"info","message":"[ACP ToolApproval] Got response: {\"optionId\":\"always-accept\",\"outcome\":\"selected\"}","conversationId":"sess_0e234331-0804-49b2-b1a6-4ad458d727e5","turnId":"5d3536ae-8688-41e8-bcb9-68df979eec52","rootTurnId":"5d3536ae-8688-41e8-bcb9-68df979eec52"}
{"timestamp":"2026-08-24T10:25:48.797Z","level":"info","message":"[PolicySession] rebuild() complete: 17 rules parsed, engineActive=true, fatal=false","conversationId":"sess_0e234331-0804-49b2-b1a6-4ad458d727e5","turnId":"5d3536ae-8688-41e8-bcb9-68df979eec52","rootTurnId":"5d3536ae-8688-41e8-bcb9-68df979eec52"}
{"timestamp":"2026-08-24T10:25:48.797Z","level":"info","message":"[PolicySession] Persisted allow rule for shell matching \"npx tsc --noEmit 2>&1\" at scope=user","conversationId":"sess_0e234331-0804-49b2-b1a6-4ad458d727e5","turnId":"5d3536ae-8688-41e8-bcb9-68df979eec52","rootTurnId":"5d3536ae-8688-41e8-bcb9-68df979eec52"}
{"timestamp":"2026-08-24T10:25:48.811Z","level":"info","message":"[ACP ToolApproval] Requesting permission for toolId=run_command, operationId=run_command_tooluse_RhlsOo2G9ABvJZsjnxhT30, sessionId=sess_0e234331-0804-49b2-b1a6-4ad458d727e5","conversationId":"sess_0e234331-0804-49b2-b1a6-4ad458d727e5","turnId":"5d3536ae-8688-41e8-bcb9-68df979eec52","rootTurnId":"5d3536ae-8688-41e8-bcb9-68df979eec52"}
{"timestamp":"2026-08-24T10:25:48.815Z","level":"info","message":"fs.appendMessages.ok {\"system\":\"fs\",\"sessionId\":\"sess_0e234331-0804-49b2-b1a6-4ad458d727e5\",\"messageCount\":1,\"durationMs\":4}","conversationId":"sess_0e234331-0804-49b2-b1a6-4ad458d727e5","turnId":"5d3536ae-8688-41e8-bcb9-68df979eec52","rootTurnId":"5d3536ae-8688-41e8-bcb9-68df979eec52"}
{"timestamp":"2026-08-24T10:25:49.800Z","level":"info","message":"fs.appendMessages.ok {\"system\":\"fs\",\"sessionId\":\"sess_0e234331-0804-49b2-b1a6-4ad458d727e5\",\"messageCount\":1,\"durationMs\":2}","conversationId":"sess_0e234331-0804-49b2-b1a6-4ad458d727e5","turnId":"5d3536ae-8688-41e8-bcb9-68df979eec52","rootTurnId":"5d3536ae-8688-41e8-bcb9-68df979eec52"}
{"timestamp":"2026-08-24T10:25:49.800Z","level":"info","message":"[ACP ToolApproval] Got response: {\"optionId\":\"always-accept\",\"outcome\":\"selected\"}","conversationId":"sess_0e234331-0804-49b2-b1a6-4ad458d727e5","turnId":"5d3536ae-8688-41e8-bcb9-68df979eec52","rootTurnId":"5d3536ae-8688-41e8-bcb9-68df979eec52"}
{"timestamp":"2026-08-24T10:25:50.013Z","level":"info","message":"[PolicySession] rebuild() complete: 17 rules parsed, engineActive=true, fatal=false","conversationId":"sess_0e234331-0804-49b2-b1a6-4ad458d727e5","turnId":"5d3536ae-8688-41e8-bcb9-68df979eec52","rootTurnId":"5d3536ae-8688-41e8-bcb9-68df979eec52"}
{"timestamp":"2026-08-24T10:25:50.013Z","level":"info","message":"[PolicySession] Persisted allow rule for shell matching \"head -60\" at scope=user","conversationId":"sess_0e234331-0804-49b2-b1a6-4ad458d727e5","turnId":"5d3536ae-8688-41e8-bcb9-68df979eec52","rootTurnId":"5d3536ae-8688-41e8-bcb9-68df979eec52"}
{"timestamp":"2026-08-24T10:25:50.017Z","level":"info","message":"[ACPEventAdapter] Execution resumed {\"executionId\":\"5d3536ae-8688-41e8-bcb9-68df979eec52\"}","conversationId":"sess_0e234331-0804-49b2-b1a6-4ad458d727e5","turnId":"5d3536ae-8688-41e8-bcb9-68df979eec52","rootTurnId":"5d3536ae-8688-41e8-bcb9-68df979eec52"}
{"timestamp":"2026-08-24T10:25:50.018Z","level":"info","message":"acp.policy-eval.complete {\"toolId\":\"list_directory\",\"effect\":\"allow\",\"capability\":\"fs_read\"}","conversationId":"sess_0e234331-0804-49b2-b1a6-4ad458d727e5","turnId":"5d3536ae-8688-41e8-bcb9-68df979eec52","rootTurnId":"5d3536ae-8688-41e8-bcb9-68df979eec52"}
{"timestamp":"2026-08-24T10:25:55.526Z","level":"info","message":"[AgentIterator] Parallel invoking agent","conversationId":"sess_0e234331-0804-49b2-b1a6-4ad458d727e5","turnId":"5d3536ae-8688-41e8-bcb9-68df979eec52","rootTurnId":"5d3536ae-8688-41e8-bcb9-68df979eec52"}
{"timestamp":"2026-08-24T10:25:55.526Z","level":"info","message":"[Steering] Populating steering for execution 5d3536ae-8688-41e8-bcb9-68df979eec52","conversationId":"sess_0e234331-0804-49b2-b1a6-4ad458d727e5","turnId":"5d3536ae-8688-41e8-bcb9-68df979eec52","rootTurnId":"5d3536ae-8688-41e8-bcb9-68df979eec52"}
{"timestamp":"2026-08-24T10:25:55.526Z","level":"info","message":"[Steering] ExistingFiles: /c:/Users/Student/.kiro/workspace-roots/regen-railway/vite.config.ts in 5d3536ae-8688-41e8-bcb9-68df979eec52","conversationId":"sess_0e234331-0804-49b2-b1a6-4ad458d727e5","turnId":"5d3536ae-8688-41e8-bcb9-68df979eec52","rootTurnId":"5d3536ae-8688-41e8-bcb9-68df979eec52"}
{"timestamp":"2026-08-24T10:25:55.529Z","level":"info","message":"[q-developer-converse] Sending GenerateAssistantResponse modelId=auto agentMode=vibe origin=AI_EDITOR streaming=true conversationId=sess_0e234331-0804-49b2-b1a6-4ad458d727e5","conversationId":"sess_0e234331-0804-49b2-b1a6-4ad458d727e5","turnId":"5d3536ae-8688-41e8-bcb9-68df979eec52","rootTurnId":"5d3536ae-8688-41e8-bcb9-68df979eec52"}
{"timestamp":"2026-08-24T10:25:55.531Z","level":"info","message":"[q-developer-converse] Request payload: 491001 chars, 120 history messages, conversationId=sess_0e234331-0804-49b2-b1a6-4ad458d727e5","conversationId":"sess_0e234331-0804-49b2-b1a6-4ad458d727e5","turnId":"5d3536ae-8688-41e8-bcb9-68df979eec52","rootTurnId":"5d3536ae-8688-41e8-bcb9-68df979eec52"}
{"timestamp":"2026-08-24T10:25:55.540Z","level":"info","message":"fs.appendMessages.ok {\"system\":\"fs\",\"sessionId\":\"sess_0e234331-0804-49b2-b1a6-4ad458d727e5\",\"messageCount\":2,\"durationMs\":17}","conversationId":"sess_0e234331-0804-49b2-b1a6-4ad458d727e5","turnId":"5d3536ae-8688-41e8-bcb9-68df979eec52","rootTurnId":"5d3536ae-8688-41e8-bcb9-68df979eec52"}
{"timestamp":"2026-08-24T10:26:00.077Z","level":"info","message":"[AgentIterator] Synchronizing results","conversationId":"sess_0e234331-0804-49b2-b1a6-4ad458d727e5","turnId":"5d3536ae-8688-41e8-bcb9-68df979eec52","rootTurnId":"5d3536ae-8688-41e8-bcb9-68df979eec52"}
{"timestamp":"2026-08-24T10:26:00.077Z","level":"info","message":"[AgentIterator] Processing intent detection result","conversationId":"sess_0e234331-0804-49b2-b1a6-4ad458d727e5","turnId":"5d3536ae-8688-41e8-bcb9-68df979eec52","rootTurnId":"5d3536ae-8688-41e8-bcb9-68df979eec52"}
{"timestamp":"2026-08-24T10:26:00.077Z","level":"info","message":"[ChatAgent] Processing model response stream","conversationId":"sess_0e234331-0804-49b2-b1a6-4ad458d727e5","turnId":"5d3536ae-8688-41e8-bcb9-68df979eec52","rootTurnId":"5d3536ae-8688-41e8-bcb9-68df979eec52"}
{"timestamp":"2026-08-24T10:26:00.077Z","level":"info","message":"[Steering] Populating steering for execution 5d3536ae-8688-41e8-bcb9-68df979eec52","conversationId":"sess_0e234331-0804-49b2-b1a6-4ad458d727e5","turnId":"5d3536ae-8688-41e8-bcb9-68df979eec52","rootTurnId":"5d3536ae-8688-41e8-bcb9-68df979eec52"}
{"timestamp":"2026-08-24T10:26:00.077Z","level":"info","message":"[Steering] ExistingFiles: /c:/Users/Student/.kiro/workspace-roots/regen-railway/vite.config.ts in 5d3536ae-8688-41e8-bcb9-68df979eec52","conversationId":"sess_0e234331-0804-49b2-b1a6-4ad458d727e5","turnId":"5d3536ae-8688-41e8-bcb9-68df979eec52","rootTurnId":"5d3536ae-8688-41e8-bcb9-68df979eec52"}
{"timestamp":"2026-08-24T10:26:00.908Z","level":"info","message":"[ACPEventAdapter] Execution yielded {\"executionId\":\"5d3536ae-8688-41e8-bcb9-68df979eec52\"}","conversationId":"sess_0e234331-0804-49b2-b1a6-4ad458d727e5","turnId":"5d3536ae-8688-41e8-bcb9-68df979eec52","rootTurnId":"5d3536ae-8688-41e8-bcb9-68df979eec52"}
{"timestamp":"2026-08-24T10:26:00.910Z","level":"info","message":"acp.policy-eval.complete {\"toolId\":\"run_command\",\"effect\":\"ask\"}","conversationId":"sess_0e234331-0804-49b2-b1a6-4ad458d727e5","turnId":"5d3536ae-8688-41e8-bcb9-68df979eec52","rootTurnId":"5d3536ae-8688-41e8-bcb9-68df979eec52"}
{"timestamp":"2026-08-24T10:26:00.922Z","level":"info","message":"[ACP ToolApproval] Requesting permission for toolId=run_command, operationId=run_command_tooluse_jUD3sS0nUck3kXoSFh0DQ7, sessionId=sess_0e234331-0804-49b2-b1a6-4ad458d727e5","conversationId":"sess_0e234331-0804-49b2-b1a6-4ad458d727e5","turnId":"5d3536ae-8688-41e8-bcb9-68df979eec52","rootTurnId":"5d3536ae-8688-41e8-bcb9-68df979eec52"}
{"timestamp":"2026-08-24T10:26:00.927Z","level":"info","message":"fs.appendMessages.ok {\"system\":\"fs\",\"sessionId\":\"sess_0e234331-0804-49b2-b1a6-4ad458d727e5\",\"messageCount\":1,\"durationMs\":5}","conversationId":"sess_0e234331-0804-49b2-b1a6-4ad458d727e5","turnId":"5d3536ae-8688-41e8-bcb9-68df979eec52","rootTurnId":"5d3536ae-8688-41e8-bcb9-68df979eec52"}
{"timestamp":"2026-08-24T10:26:00.937Z","level":"info","message":"fs.appendMessages.ok {\"system\":\"fs\",\"sessionId\":\"sess_0e234331-0804-49b2-b1a6-4ad458d727e5\",\"messageCount\":1,\"durationMs\":10}","conversationId":"sess_0e234331-0804-49b2-b1a6-4ad458d727e5","turnId":"5d3536ae-8688-41e8-bcb9-68df979eec52","rootTurnId":"5d3536ae-8688-41e8-bcb9-68df979eec52"}
{"timestamp":"2026-08-24T10:26:00.946Z","level":"info","message":"fs.appendMessages.ok {\"system\":\"fs\",\"sessionId\":\"sess_0e234331-0804-49b2-b1a6-4ad458d727e5\",\"messageCount\":1,\"durationMs\":9}","conversationId":"sess_0e234331-0804-49b2-b1a6-4ad458d727e5","turnId":"5d3536ae-8688-41e8-bcb9-68df979eec52","rootTurnId":"5d3536ae-8688-41e8-bcb9-68df979eec52"}
{"timestamp":"2026-08-24T10:26:04.384Z","level":"info","message":"fs.appendMessages.ok {\"system\":\"fs\",\"sessionId\":\"sess_0e234331-0804-49b2-b1a6-4ad458d727e5\",\"messageCount\":1,\"durationMs\":2}","conversationId":"sess_0e234331-0804-49b2-b1a6-4ad458d727e5","turnId":"5d3536ae-8688-41e8-bcb9-68df979eec52","rootTurnId":"5d3536ae-8688-41e8-bcb9-68df979eec52"}
{"timestamp":"2026-08-24T10:26:04.384Z","level":"info","message":"[ACP ToolApproval] Got response: {\"optionId\":\"always-accept\",\"outcome\":\"selected\"}","conversationId":"sess_0e234331-0804-49b2-b1a6-4ad458d727e5","turnId":"5d3536ae-8688-41e8-bcb9-68df979eec52","rootTurnId":"5d3536ae-8688-41e8-bcb9-68df979eec52"}
{"timestamp":"2026-08-24T10:26:04.599Z","level":"info","message":"[PolicySession] rebuild() complete: 17 rules parsed, engineActive=true, fatal=false","conversationId":"sess_0e234331-0804-49b2-b1a6-4ad458d727e5","turnId":"5d3536ae-8688-41e8-bcb9-68df979eec52","rootTurnId":"5d3536ae-8688-41e8-bcb9-68df979eec52"}
{"timestamp":"2026-08-24T10:26:04.599Z","level":"info","message":"[PolicySession] Persisted allow rule for shell matching \"Select-Object -First 80\" at scope=user","conversationId":"sess_0e234331-0804-49b2-b1a6-4ad458d727e5","turnId":"5d3536ae-8688-41e8-bcb9-68df979eec52","rootTurnId":"5d3536ae-8688-41e8-bcb9-68df979eec52"}
{"timestamp":"2026-08-24T10:26:04.603Z","level":"info","message":"[ACPEventAdapter] Execution resumed {\"executionId\":\"5d3536ae-8688-41e8-bcb9-68df979eec52\"}","conversationId":"sess_0e234331-0804-49b2-b1a6-4ad458d727e5","turnId":"5d3536ae-8688-41e8-bcb9-68df979eec52","rootTurnId":"5d3536ae-8688-41e8-bcb9-68df979eec52"}
{"timestamp":"2026-08-24T10:26:04.604Z","level":"info","message":"acp.policy-eval.complete {\"toolId\":\"list_directory\",\"effect\":\"allow\",\"capability\":\"fs_read\"}","conversationId":"sess_0e234331-0804-49b2-b1a6-4ad458d727e5","turnId":"5d3536ae-8688-41e8-bcb9-68df979eec52","rootTurnId":"5d3536ae-8688-41e8-bcb9-68df979eec52"}
{"timestamp":"2026-08-24T10:26:05.260Z","level":"info","message":"[AgentIterator] Parallel invoking agent","conversationId":"sess_0e234331-0804-49b2-b1a6-4ad458d727e5","turnId":"5d3536ae-8688-41e8-bcb9-68df979eec52","rootTurnId":"5d3536ae-8688-41e8-bcb9-68df979eec52"}
{"timestamp":"2026-08-24T10:26:05.260Z","level":"info","message":"[Steering] Populating steering for execution 5d3536ae-8688-41e8-bcb9-68df979eec52","conversationId":"sess_0e234331-0804-49b2-b1a6-4ad458d727e5","turnId":"5d3536ae-8688-41e8-bcb9-68df979eec52","rootTurnId":"5d3536ae-8688-41e8-bcb9-68df979eec52"}
{"timestamp":"2026-08-24T10:26:05.260Z","level":"info","message":"[Steering] ExistingFiles: /c:/Users/Student/.kiro/workspace-roots/regen-railway/vite.config.ts in 5d3536ae-8688-41e8-bcb9-68df979eec52","conversationId":"sess_0e234331-0804-49b2-b1a6-4ad458d727e5","turnId":"5d3536ae-8688-41e8-bcb9-68df979eec52","rootTurnId":"5d3536ae-8688-41e8-bcb9-68df979eec52"}
{"timestamp":"2026-08-24T10:26:05.263Z","level":"info","message":"[q-developer-converse] Sending GenerateAssistantResponse modelId=auto agentMode=vibe origin=AI_EDITOR streaming=true conversationId=sess_0e234331-0804-49b2-b1a6-4ad458d727e5","conversationId":"sess_0e234331-0804-49b2-b1a6-4ad458d727e5","turnId":"5d3536ae-8688-41e8-bcb9-68df979eec52","rootTurnId":"5d3536ae-8688-41e8-bcb9-68df979eec52"}
{"timestamp":"2026-08-24T10:26:05.265Z","level":"info","message":"[q-developer-converse] Request payload: 491743 chars, 122 history messages, conversationId=sess_0e234331-0804-49b2-b1a6-4ad458d727e5","conversationId":"sess_0e234331-0804-49b2-b1a6-4ad458d727e5","turnId":"5d3536ae-8688-41e8-bcb9-68df979eec52","rootTurnId":"5d3536ae-8688-41e8-bcb9-68df979eec52"}
{"timestamp":"2026-08-24T10:26:05.276Z","level":"info","message":"fs.appendMessages.ok {\"system\":\"fs\",\"sessionId\":\"sess_0e234331-0804-49b2-b1a6-4ad458d727e5\",\"messageCount\":2,\"durationMs\":19}","conversationId":"sess_0e234331-0804-49b2-b1a6-4ad458d727e5","turnId":"5d3536ae-8688-41e8-bcb9-68df979eec52","rootTurnId":"5d3536ae-8688-41e8-bcb9-68df979eec52"}
{"timestamp":"2026-08-24T10:26:08.996Z","level":"info","message":"[AgentIterator] Synchronizing results","conversationId":"sess_0e234331-0804-49b2-b1a6-4ad458d727e5","turnId":"5d3536ae-8688-41e8-bcb9-68df979eec52","rootTurnId":"5d3536ae-8688-41e8-bcb9-68df979eec52"}
{"timestamp":"2026-08-24T10:26:08.996Z","level":"info","message":"[AgentIterator] Processing intent detection result","conversationId":"sess_0e234331-0804-49b2-b1a6-4ad458d727e5","turnId":"5d3536ae-8688-41e8-bcb9-68df979eec52","rootTurnId":"5d3536ae-8688-41e8-bcb9-68df979eec52"}
{"timestamp":"2026-08-24T10:26:08.996Z","level":"info","message":"[ChatAgent] Processing model response stream","conversationId":"sess_0e234331-0804-49b2-b1a6-4ad458d727e5","turnId":"5d3536ae-8688-41e8-bcb9-68df979eec52","rootTurnId":"5d3536ae-8688-41e8-bcb9-68df979eec52"}
{"timestamp":"2026-08-24T10:26:08.996Z","level":"info","message":"[Steering] Populating steering for execution 5d3536ae-8688-41e8-bcb9-68df979eec52","conversationId":"sess_0e234331-0804-49b2-b1a6-4ad458d727e5","turnId":"5d3536ae-8688-41e8-bcb9-68df979eec52","rootTurnId":"5d3536ae-8688-41e8-bcb9-68df979eec52"}
{"timestamp":"2026-08-24T10:26:08.996Z","level":"info","message":"[Steering] ExistingFiles: /c:/Users/Student/.kiro/workspace-roots/regen-railway/vite.config.ts in 5d3536ae-8688-41e8-bcb9-68df979eec52","conversationId":"sess_0e234331-0804-49b2-b1a6-4ad458d727e5","turnId":"5d3536ae-8688-41e8-bcb9-68df979eec52","rootTurnId":"5d3536ae-8688-41e8-bcb9-68df979eec52"}
{"timestamp":"2026-08-24T10:26:09.588Z","level":"info","message":"fs.appendMessages.ok {\"system\":\"fs\",\"sessionId\":\"sess_0e234331-0804-49b2-b1a6-4ad458d727e5\",\"messageCount\":1,\"durationMs\":2}","conversationId":"sess_0e234331-0804-49b2-b1a6-4ad458d727e5","turnId":"5d3536ae-8688-41e8-bcb9-68df979eec52","rootTurnId":"5d3536ae-8688-41e8-bcb9-68df979eec52"}
{"timestamp":"2026-08-24T10:26:10.362Z","level":"info","message":"[ACPEventAdapter] Execution yielded {\"executionId\":\"5d3536ae-8688-41e8-bcb9-68df979eec52\"}","conversationId":"sess_0e234331-0804-49b2-b1a6-4ad458d727e5","turnId":"5d3536ae-8688-41e8-bcb9-68df979eec52","rootTurnId":"5d3536ae-8688-41e8-bcb9-68df979eec52"}
{"timestamp":"2026-08-24T10:26:10.363Z","level":"info","message":"acp.policy-eval.complete {\"toolId\":\"run_command\",\"effect\":\"ask\"}","conversationId":"sess_0e234331-0804-49b2-b1a6-4ad458d727e5","turnId":"5d3536ae-8688-41e8-bcb9-68df979eec52","rootTurnId":"5d3536ae-8688-41e8-bcb9-68df979eec52"}
{"timestamp":"2026-08-24T10:26:10.379Z","level":"info","message":"[ACP ToolApproval] Requesting permission for toolId=run_command, operationId=run_command_tooluse_scInhczISIFCoRDDn458Iz, sessionId=sess_0e234331-0804-49b2-b1a6-4ad458d727e5","conversationId":"sess_0e234331-0804-49b2-b1a6-4ad458d727e5","turnId":"5d3536ae-8688-41e8-bcb9-68df979eec52","rootTurnId":"5d3536ae-8688-41e8-bcb9-68df979eec52"}
{"timestamp":"2026-08-24T10:26:10.384Z","level":"info","message":"fs.appendMessages.ok {\"system\":\"fs\",\"sessionId\":\"sess_0e234331-0804-49b2-b1a6-4ad458d727e5\",\"messageCount\":1,\"durationMs\":5}","conversationId":"sess_0e234331-0804-49b2-b1a6-4ad458d727e5","turnId":"5d3536ae-8688-41e8-bcb9-68df979eec52","rootTurnId":"5d3536ae-8688-41e8-bcb9-68df979eec52"}
{"timestamp":"2026-08-24T10:26:10.390Z","level":"info","message":"fs.appendMessages.ok {\"system\":\"fs\",\"sessionId\":\"sess_0e234331-0804-49b2-b1a6-4ad458d727e5\",\"messageCount\":1,\"durationMs\":6}","conversationId":"sess_0e234331-0804-49b2-b1a6-4ad458d727e5","turnId":"5d3536ae-8688-41e8-bcb9-68df979eec52","rootTurnId":"5d3536ae-8688-41e8-bcb9-68df979eec52"}
{"timestamp":"2026-08-24T10:26:10.397Z","level":"info","message":"fs.appendMessages.ok {\"system\":\"fs\",\"sessionId\":\"sess_0e234331-0804-49b2-b1a6-4ad458d727e5\",\"messageCount\":1,\"durationMs\":7}","conversationId":"sess_0e234331-0804-49b2-b1a6-4ad458d727e5","turnId":"5d3536ae-8688-41e8-bcb9-68df979eec52","rootTurnId":"5d3536ae-8688-41e8-bcb9-68df979eec52"}
{"timestamp":"2026-08-24T10:26:12.576Z","level":"info","message":"fs.appendMessages.ok {\"system\":\"fs\",\"sessionId\":\"sess_0e234331-0804-49b2-b1a6-4ad458d727e5\",\"messageCount\":1,\"durationMs\":2}","conversationId":"sess_0e234331-0804-49b2-b1a6-4ad458d727e5","turnId":"5d3536ae-8688-41e8-bcb9-68df979eec52","rootTurnId":"5d3536ae-8688-41e8-bcb9-68df979eec52"}
{"timestamp":"2026-08-24T10:26:12.576Z","level":"info","message":"[ACP ToolApproval] Got response: {\"optionId\":\"always-accept\",\"outcome\":\"selected\"}","conversationId":"sess_0e234331-0804-49b2-b1a6-4ad458d727e5","turnId":"5d3536ae-8688-41e8-bcb9-68df979eec52","rootTurnId":"5d3536ae-8688-41e8-bcb9-68df979eec52"}
{"timestamp":"2026-08-24T10:26:12.789Z","level":"info","message":"[PolicySession] rebuild() complete: 17 rules parsed, engineActive=true, fatal=false","conversationId":"sess_0e234331-0804-49b2-b1a6-4ad458d727e5","turnId":"5d3536ae-8688-41e8-bcb9-68df979eec52","rootTurnId":"5d3536ae-8688-41e8-bcb9-68df979eec52"}
{"timestamp":"2026-08-24T10:26:12.790Z","level":"info","message":"[PolicySession] Persisted allow rule for shell matching \"npm run build 2>&1\" at scope=user","conversationId":"sess_0e234331-0804-49b2-b1a6-4ad458d727e5","turnId":"5d3536ae-8688-41e8-bcb9-68df979eec52","rootTurnId":"5d3536ae-8688-41e8-bcb9-68df979eec52"}
{"timestamp":"2026-08-24T10:26:12.804Z","level":"info","message":"[ACP ToolApproval] Requesting permission for toolId=run_command, operationId=run_command_tooluse_scInhczISIFCoRDDn458Iz, sessionId=sess_0e234331-0804-49b2-b1a6-4ad458d727e5","conversationId":"sess_0e234331-0804-49b2-b1a6-4ad458d727e5","turnId":"5d3536ae-8688-41e8-bcb9-68df979eec52","rootTurnId":"5d3536ae-8688-41e8-bcb9-68df979eec52"}
{"timestamp":"2026-08-24T10:26:12.807Z","level":"info","message":"fs.appendMessages.ok {\"system\":\"fs\",\"sessionId\":\"sess_0e234331-0804-49b2-b1a6-4ad458d727e5\",\"messageCount\":1,\"durationMs\":3}","conversationId":"sess_0e234331-0804-49b2-b1a6-4ad458d727e5","turnId":"5d3536ae-8688-41e8-bcb9-68df979eec52","rootTurnId":"5d3536ae-8688-41e8-bcb9-68df979eec52"}
{"timestamp":"2026-08-24T10:26:13.880Z","level":"info","message":"fs.appendMessages.ok {\"system\":\"fs\",\"sessionId\":\"sess_0e234331-0804-49b2-b1a6-4ad458d727e5\",\"messageCount\":1,\"durationMs\":2}","conversationId":"sess_0e234331-0804-49b2-b1a6-4ad458d727e5","turnId":"5d3536ae-8688-41e8-bcb9-68df979eec52","rootTurnId":"5d3536ae-8688-41e8-bcb9-68df979eec52"}
{"timestamp":"2026-08-24T10:26:13.880Z","level":"info","message":"[ACP ToolApproval] Got response: {\"optionId\":\"always-accept\",\"outcome\":\"selected\"}","conversationId":"sess_0e234331-0804-49b2-b1a6-4ad458d727e5","turnId":"5d3536ae-8688-41e8-bcb9-68df979eec52","rootTurnId":"5d3536ae-8688-41e8-bcb9-68df979eec52"}
{"timestamp":"2026-08-24T10:26:14.096Z","level":"info","message":"[PolicySession] rebuild() complete: 17 rules parsed, engineActive=true, fatal=false","conversationId":"sess_0e234331-0804-49b2-b1a6-4ad458d727e5","turnId":"5d3536ae-8688-41e8-bcb9-68df979eec52","rootTurnId":"5d3536ae-8688-41e8-bcb9-68df979eec52"}
{"timestamp":"2026-08-24T10:26:14.096Z","level":"info","message":"[PolicySession] Persisted allow rule for shell matching \"Select-Object -First 60\" at scope=user","conversationId":"sess_0e234331-0804-49b2-b1a6-4ad458d727e5","turnId":"5d3536ae-8688-41e8-bcb9-68df979eec52","rootTurnId":"5d3536ae-8688-41e8-bcb9-68df979eec52"}
{"timestamp":"2026-08-24T10:26:14.100Z","level":"info","message":"[ACPEventAdapter] Execution resumed {\"executionId\":\"5d3536ae-8688-41e8-bcb9-68df979eec52\"}","conversationId":"sess_0e234331-0804-49b2-b1a6-4ad458d727e5","turnId":"5d3536ae-8688-41e8-bcb9-68df979eec52","rootTurnId":"5d3536ae-8688-41e8-bcb9-68df979eec52"}
{"timestamp":"2026-08-24T10:26:14.101Z","level":"info","message":"acp.policy-eval.complete {\"toolId\":\"list_directory\",\"effect\":\"allow\",\"capability\":\"fs_read\"}","conversationId":"sess_0e234331-0804-49b2-b1a6-4ad458d727e5","turnId":"5d3536ae-8688-41e8-bcb9-68df979eec52","rootTurnId":"5d3536ae-8688-41e8-bcb9-68df979eec52"}
{"timestamp":"2026-08-24T10:26:15.822Z","level":"info","message":"[AgentIterator] Parallel invoking agent","conversationId":"sess_0e234331-0804-49b2-b1a6-4ad458d727e5","turnId":"5d3536ae-8688-41e8-bcb9-68df979eec52","rootTurnId":"5d3536ae-8688-41e8-bcb9-68df979eec52"}
{"timestamp":"2026-08-24T10:26:15.822Z","level":"info","message":"[Steering] Populating steering for execution 5d3536ae-8688-41e8-bcb9-68df979eec52","conversationId":"sess_0e234331-0804-49b2-b1a6-4ad458d727e5","turnId":"5d3536ae-8688-41e8-bcb9-68df979eec52","rootTurnId":"5d3536ae-8688-41e8-bcb9-68df979eec52"}
{"timestamp":"2026-08-24T10:26:15.823Z","level":"info","message":"[Steering] ExistingFiles: /c:/Users/Student/.kiro/workspace-roots/regen-railway/vite.config.ts in 5d3536ae-8688-41e8-bcb9-68df979eec52","conversationId":"sess_0e234331-0804-49b2-b1a6-4ad458d727e5","turnId":"5d3536ae-8688-41e8-bcb9-68df979eec52","rootTurnId":"5d3536ae-8688-41e8-bcb9-68df979eec52"}
{"timestamp":"2026-08-24T10:26:15.826Z","level":"info","message":"[q-developer-converse] Sending GenerateAssistantResponse modelId=auto agentMode=vibe origin=AI_EDITOR streaming=true conversationId=sess_0e234331-0804-49b2-b1a6-4ad458d727e5","conversationId":"sess_0e234331-0804-49b2-b1a6-4ad458d727e5","turnId":"5d3536ae-8688-41e8-bcb9-68df979eec52","rootTurnId":"5d3536ae-8688-41e8-bcb9-68df979eec52"}
{"timestamp":"2026-08-24T10:26:15.827Z","level":"info","message":"[q-developer-converse] Request payload: 498347 chars, 124 history messages, conversationId=sess_0e234331-0804-49b2-b1a6-4ad458d727e5","conversationId":"sess_0e234331-0804-49b2-b1a6-4ad458d727e5","turnId":"5d3536ae-8688-41e8-bcb9-68df979eec52","rootTurnId":"5d3536ae-8688-41e8-bcb9-68df979eec52"}
{"timestamp":"2026-08-24T10:26:15.838Z","level":"info","message":"fs.appendMessages.ok {\"system\":\"fs\",\"sessionId\":\"sess_0e234331-0804-49b2-b1a6-4ad458d727e5\",\"messageCount\":2,\"durationMs\":19}","conversationId":"sess_0e234331-0804-49b2-b1a6-4ad458d727e5","turnId":"5d3536ae-8688-41e8-bcb9-68df979eec52","rootTurnId":"5d3536ae-8688-41e8-bcb9-68df979eec52"}
{"timestamp":"2026-08-24T10:26:19.603Z","level":"info","message":"[AgentIterator] Synchronizing results","conversationId":"sess_0e234331-0804-49b2-b1a6-4ad458d727e5","turnId":"5d3536ae-8688-41e8-bcb9-68df979eec52","rootTurnId":"5d3536ae-8688-41e8-bcb9-68df979eec52"}
{"timestamp":"2026-08-24T10:26:19.603Z","level":"info","message":"[AgentIterator] Processing intent detection result","conversationId":"sess_0e234331-0804-49b2-b1a6-4ad458d727e5","turnId":"5d3536ae-8688-41e8-bcb9-68df979eec52","rootTurnId":"5d3536ae-8688-41e8-bcb9-68df979eec52"}
{"timestamp":"2026-08-24T10:26:19.604Z","level":"info","message":"[ChatAgent] Processing model response stream","conversationId":"sess_0e234331-0804-49b2-b1a6-4ad458d727e5","turnId":"5d3536ae-8688-41e8-bcb9-68df979eec52","rootTurnId":"5d3536ae-8688-41e8-bcb9-68df979eec52"}
{"timestamp":"2026-08-24T10:26:19.604Z","level":"info","message":"[Steering] Populating steering for execution 5d3536ae-8688-41e8-bcb9-68df979eec52","conversationId":"sess_0e234331-0804-49b2-b1a6-4ad458d727e5","turnId":"5d3536ae-8688-41e8-bcb9-68df979eec52","rootTurnId":"5d3536ae-8688-41e8-bcb9-68df979eec52"}
{"timestamp":"2026-08-24T10:26:19.604Z","level":"info","message":"[Steering] ExistingFiles: /c:/Users/Student/.kiro/workspace-roots/regen-railway/vite.config.ts in 5d3536ae-8688-41e8-bcb9-68df979eec52","conversationId":"sess_0e234331-0804-49b2-b1a6-4ad458d727e5","turnId":"5d3536ae-8688-41e8-bcb9-68df979eec52","rootTurnId":"5d3536ae-8688-41e8-bcb9-68df979eec52"}
{"timestamp":"2026-08-24T10:26:20.314Z","level":"info","message":"fs.appendMessages.ok {\"system\":\"fs\",\"sessionId\":\"sess_0e234331-0804-49b2-b1a6-4ad458d727e5\",\"messageCount\":1,\"durationMs\":2}","conversationId":"sess_0e234331-0804-49b2-b1a6-4ad458d727e5","turnId":"5d3536ae-8688-41e8-bcb9-68df979eec52","rootTurnId":"5d3536ae-8688-41e8-bcb9-68df979eec52"}
{"timestamp":"2026-08-24T10:26:31.552Z","level":"info","message":"[ACPEventAdapter] Execution yielded {\"executionId\":\"5d3536ae-8688-41e8-bcb9-68df979eec52\"}","conversationId":"sess_0e234331-0804-49b2-b1a6-4ad458d727e5","turnId":"5d3536ae-8688-41e8-bcb9-68df979eec52","rootTurnId":"5d3536ae-8688-41e8-bcb9-68df979eec52"}
{"timestamp":"2026-08-24T10:26:31.556Z","level":"info","message":"acp.policy-eval.complete {\"toolId\":\"run_command\",\"effect\":\"ask\"}","conversationId":"sess_0e234331-0804-49b2-b1a6-4ad458d727e5","turnId":"5d3536ae-8688-41e8-bcb9-68df979eec52","rootTurnId":"5d3536ae-8688-41e8-bcb9-68df979eec52"}
{"timestamp":"2026-08-24T10:26:31.581Z","level":"info","message":"[ACP ToolApproval] Requesting permission for toolId=run_command, operationId=run_command_tooluse_az2GAsem1KIS1ntKoU9mgj, sessionId=sess_0e234331-0804-49b2-b1a6-4ad458d727e5","conversationId":"sess_0e234331-0804-49b2-b1a6-4ad458d727e5","turnId":"5d3536ae-8688-41e8-bcb9-68df979eec52","rootTurnId":"5d3536ae-8688-41e8-bcb9-68df979eec52"}
{"timestamp":"2026-08-24T10:26:31.586Z","level":"info","message":"fs.appendMessages.ok {\"system\":\"fs\",\"sessionId\":\"sess_0e234331-0804-49b2-b1a6-4ad458d727e5\",\"messageCount\":1,\"durationMs\":6}","conversationId":"sess_0e234331-0804-49b2-b1a6-4ad458d727e5","turnId":"5d3536ae-8688-41e8-bcb9-68df979eec52","rootTurnId":"5d3536ae-8688-41e8-bcb9-68df979eec52"}
{"timestamp":"2026-08-24T10:26:31.594Z","level":"info","message":"fs.appendMessages.ok {\"system\":\"fs\",\"sessionId\":\"sess_0e234331-0804-49b2-b1a6-4ad458d727e5\",\"messageCount\":1,\"durationMs\":8}","conversationId":"sess_0e234331-0804-49b2-b1a6-4ad458d727e5","turnId":"5d3536ae-8688-41e8-bcb9-68df979eec52","rootTurnId":"5d3536ae-8688-41e8-bcb9-68df979eec52"}
{"timestamp":"2026-08-24T10:26:31.602Z","level":"info","message":"fs.appendMessages.ok {\"system\":\"fs\",\"sessionId\":\"sess_0e234331-0804-49b2-b1a6-4ad458d727e5\",\"messageCount\":1,\"durationMs\":8}","conversationId":"sess_0e234331-0804-49b2-b1a6-4ad458d727e5","turnId":"5d3536ae-8688-41e8-bcb9-68df979eec52","rootTurnId":"5d3536ae-8688-41e8-bcb9-68df979eec52"}
{"timestamp":"2026-08-24T10:26:34.015Z","level":"info","message":"fs.appendMessages.ok {\"system\":\"fs\",\"sessionId\":\"sess_0e234331-0804-49b2-b1a6-4ad458d727e5\",\"messageCount\":1,\"durationMs\":1}","conversationId":"sess_0e234331-0804-49b2-b1a6-4ad458d727e5","turnId":"5d3536ae-8688-41e8-bcb9-68df979eec52","rootTurnId":"5d3536ae-8688-41e8-bcb9-68df979eec52"}
{"timestamp":"2026-08-24T10:26:34.015Z","level":"info","message":"[ACP ToolApproval] Got response: {\"optionId\":\"always-accept\",\"outcome\":\"selected\"}","conversationId":"sess_0e234331-0804-49b2-b1a6-4ad458d727e5","turnId":"5d3536ae-8688-41e8-bcb9-68df979eec52","rootTurnId":"5d3536ae-8688-41e8-bcb9-68df979eec52"}
{"timestamp":"2026-08-24T10:26:34.232Z","level":"info","message":"[PolicySession] rebuild() complete: 17 rules parsed, engineActive=true, fatal=false","conversationId":"sess_0e234331-0804-49b2-b1a6-4ad458d727e5","turnId":"5d3536ae-8688-41e8-bcb9-68df979eec52","rootTurnId":"5d3536ae-8688-41e8-bcb9-68df979eec52"}
{"timestamp":"2026-08-24T10:26:34.232Z","level":"info","message":"[PolicySession] Persisted allow rule for shell matching \"Get-Content \"src\\App.tsx\"\" at scope=user","conversationId":"sess_0e234331-0804-49b2-b1a6-4ad458d727e5","turnId":"5d3536ae-8688-41e8-bcb9-68df979eec52","rootTurnId":"5d3536ae-8688-41e8-bcb9-68df979eec52"}
{"timestamp":"2026-08-24T10:26:34.258Z","level":"info","message":"[ACP ToolApproval] Requesting permission for toolId=run_command, operationId=run_command_tooluse_az2GAsem1KIS1ntKoU9mgj, sessionId=sess_0e234331-0804-49b2-b1a6-4ad458d727e5","conversationId":"sess_0e234331-0804-49b2-b1a6-4ad458d727e5","turnId":"5d3536ae-8688-41e8-bcb9-68df979eec52","rootTurnId":"5d3536ae-8688-41e8-bcb9-68df979eec52"}
{"timestamp":"2026-08-24T10:26:34.261Z","level":"info","message":"fs.appendMessages.ok {\"system\":\"fs\",\"sessionId\":\"sess_0e234331-0804-49b2-b1a6-4ad458d727e5\",\"messageCount\":1,\"durationMs\":3}","conversationId":"sess_0e234331-0804-49b2-b1a6-4ad458d727e5","turnId":"5d3536ae-8688-41e8-bcb9-68df979eec52","rootTurnId":"5d3536ae-8688-41e8-bcb9-68df979eec52"}
{"timestamp":"2026-08-24T10:26:35.575Z","level":"info","message":"fs.appendMessages.ok {\"system\":\"fs\",\"sessionId\":\"sess_0e234331-0804-49b2-b1a6-4ad458d727e5\",\"messageCount\":1,\"durationMs\":2}","conversationId":"sess_0e234331-0804-49b2-b1a6-4ad458d727e5","turnId":"5d3536ae-8688-41e8-bcb9-68df979eec52","rootTurnId":"5d3536ae-8688-41e8-bcb9-68df979eec52"}
{"timestamp":"2026-08-24T10:26:35.575Z","level":"info","message":"[ACP ToolApproval] Got response: {\"optionId\":\"always-accept\",\"outcome\":\"selected\"}","conversationId":"sess_0e234331-0804-49b2-b1a6-4ad458d727e5","turnId":"5d3536ae-8688-41e8-bcb9-68df979eec52","rootTurnId":"5d3536ae-8688-41e8-bcb9-68df979eec52"}
{"timestamp":"2026-08-24T10:26:35.791Z","level":"info","message":"[PolicySession] rebuild() complete: 17 rules parsed, engineActive=true, fatal=false","conversationId":"sess_0e234331-0804-49b2-b1a6-4ad458d727e5","turnId":"5d3536ae-8688-41e8-bcb9-68df979eec52","rootTurnId":"5d3536ae-8688-41e8-bcb9-68df979eec52"}
{"timestamp":"2026-08-24T10:26:35.792Z","level":"info","message":"[PolicySession] Persisted allow rule for shell matching \"Set-Content \"src\\App.tsx\" -Encoding UTF8\" at scope=user","conversationId":"sess_0e234331-0804-49b2-b1a6-4ad458d727e5","turnId":"5d3536ae-8688-41e8-bcb9-68df979eec52","rootTurnId":"5d3536ae-8688-41e8-bcb9-68df979eec52"}
{"timestamp":"2026-08-24T10:26:35.818Z","level":"info","message":"[ACP ToolApproval] Requesting permission for toolId=run_command, operationId=run_command_tooluse_az2GAsem1KIS1ntKoU9mgj, sessionId=sess_0e234331-0804-49b2-b1a6-4ad458d727e5","conversationId":"sess_0e234331-0804-49b2-b1a6-4ad458d727e5","turnId":"5d3536ae-8688-41e8-bcb9-68df979eec52","rootTurnId":"5d3536ae-8688-41e8-bcb9-68df979eec52"}
{"timestamp":"2026-08-24T10:26:35.821Z","level":"info","message":"fs.appendMessages.ok {\"system\":\"fs\",\"sessionId\":\"sess_0e234331-0804-49b2-b1a6-4ad458d727e5\",\"messageCount\":1,\"durationMs\":3}","conversationId":"sess_0e234331-0804-49b2-b1a6-4ad458d727e5","turnId":"5d3536ae-8688-41e8-bcb9-68df979eec52","rootTurnId":"5d3536ae-8688-41e8-bcb9-68df979eec52"}
{"timestamp":"2026-08-24T10:26:37.031Z","level":"info","message":"fs.appendMessages.ok {\"system\":\"fs\",\"sessionId\":\"sess_0e234331-0804-49b2-b1a6-4ad458d727e5\",\"messageCount\":1,\"durationMs\":2}","conversationId":"sess_0e234331-0804-49b2-b1a6-4ad458d727e5","turnId":"5d3536ae-8688-41e8-bcb9-68df979eec52","rootTurnId":"5d3536ae-8688-41e8-bcb9-68df979eec52"}
{"timestamp":"2026-08-24T10:26:37.031Z","level":"info","message":"[ACP ToolApproval] Got response: {\"optionId\":\"always-accept\",\"outcome\":\"selected\"}","conversationId":"sess_0e234331-0804-49b2-b1a6-4ad458d727e5","turnId":"5d3536ae-8688-41e8-bcb9-68df979eec52","rootTurnId":"5d3536ae-8688-41e8-bcb9-68df979eec52"}
{"timestamp":"2026-08-24T10:26:37.248Z","level":"info","message":"[PolicySession] rebuild() complete: 17 rules parsed, engineActive=true, fatal=false","conversationId":"sess_0e234331-0804-49b2-b1a6-4ad458d727e5","turnId":"5d3536ae-8688-41e8-bcb9-68df979eec52","rootTurnId":"5d3536ae-8688-41e8-bcb9-68df979eec52"}
{"timestamp":"2026-08-24T10:26:37.248Z","level":"info","message":"[PolicySession] Persisted allow rule for shell matching \"Get-Content \"src\\data\\seed.ts\" -Raw\" at scope=user","conversationId":"sess_0e234331-0804-49b2-b1a6-4ad458d727e5","turnId":"5d3536ae-8688-41e8-bcb9-68df979eec52","rootTurnId":"5d3536ae-8688-41e8-bcb9-68df979eec52"}
{"timestamp":"2026-08-24T10:26:37.274Z","level":"info","message":"[ACP ToolApproval] Requesting permission for toolId=run_command, operationId=run_command_tooluse_az2GAsem1KIS1ntKoU9mgj, sessionId=sess_0e234331-0804-49b2-b1a6-4ad458d727e5","conversationId":"sess_0e234331-0804-49b2-b1a6-4ad458d727e5","turnId":"5d3536ae-8688-41e8-bcb9-68df979eec52","rootTurnId":"5d3536ae-8688-41e8-bcb9-68df979eec52"}
{"timestamp":"2026-08-24T10:26:37.280Z","level":"info","message":"fs.appendMessages.ok {\"system\":\"fs\",\"sessionId\":\"sess_0e234331-0804-49b2-b1a6-4ad458d727e5\",\"messageCount\":1,\"durationMs\":5}","conversationId":"sess_0e234331-0804-49b2-b1a6-4ad458d727e5","turnId":"5d3536ae-8688-41e8-bcb9-68df979eec52","rootTurnId":"5d3536ae-8688-41e8-bcb9-68df979eec52"}
{"timestamp":"2026-08-24T10:26:38.391Z","level":"info","message":"fs.appendMessages.ok {\"system\":\"fs\",\"sessionId\":\"sess_0e234331-0804-49b2-b1a6-4ad458d727e5\",\"messageCount\":1,\"durationMs\":2}","conversationId":"sess_0e234331-0804-49b2-b1a6-4ad458d727e5","turnId":"5d3536ae-8688-41e8-bcb9-68df979eec52","rootTurnId":"5d3536ae-8688-41e8-bcb9-68df979eec52"}
{"timestamp":"2026-08-24T10:26:38.391Z","level":"info","message":"[ACP ToolApproval] Got response: {\"optionId\":\"always-accept\",\"outcome\":\"selected\"}","conversationId":"sess_0e234331-0804-49b2-b1a6-4ad458d727e5","turnId":"5d3536ae-8688-41e8-bcb9-68df979eec52","rootTurnId":"5d3536ae-8688-41e8-bcb9-68df979eec52"}
{"timestamp":"2026-08-24T10:26:38.611Z","level":"info","message":"[PolicySession] rebuild() complete: 17 rules parsed, engineActive=true, fatal=false","conversationId":"sess_0e234331-0804-49b2-b1a6-4ad458d727e5","turnId":"5d3536ae-8688-41e8-bcb9-68df979eec52","rootTurnId":"5d3536ae-8688-41e8-bcb9-68df979eec52"}
{"timestamp":"2026-08-24T10:26:38.611Z","level":"info","message":"[PolicySession] Persisted allow rule for shell matching \"Set-Content \"src\\data\\seed.ts\" -Value $seedContent -Encoding UTF8\" at scope=user","conversationId":"sess_0e234331-0804-49b2-b1a6-4ad458d727e5","turnId":"5d3536ae-8688-41e8-bcb9-68df979eec52","rootTurnId":"5d3536ae-8688-41e8-bcb9-68df979eec52"}
{"timestamp":"2026-08-24T10:26:38.638Z","level":"info","message":"[ACP ToolApproval] Requesting permission for toolId=run_command, operationId=run_command_tooluse_az2GAsem1KIS1ntKoU9mgj, sessionId=sess_0e234331-0804-49b2-b1a6-4ad458d727e5","conversationId":"sess_0e234331-0804-49b2-b1a6-4ad458d727e5","turnId":"5d3536ae-8688-41e8-bcb9-68df979eec52","rootTurnId":"5d3536ae-8688-41e8-bcb9-68df979eec52"}
{"timestamp":"2026-08-24T10:26:38.641Z","level":"info","message":"fs.appendMessages.ok {\"system\":\"fs\",\"sessionId\":\"sess_0e234331-0804-49b2-b1a6-4ad458d727e5\",\"messageCount\":1,\"durationMs\":3}","conversationId":"sess_0e234331-0804-49b2-b1a6-4ad458d727e5","turnId":"5d3536ae-8688-41e8-bcb9-68df979eec52","rootTurnId":"5d3536ae-8688-41e8-bcb9-68df979eec52"}
{"timestamp":"2026-08-24T10:26:39.831Z","level":"info","message":"fs.appendMessages.ok {\"system\":\"fs\",\"sessionId\":\"sess_0e234331-0804-49b2-b1a6-4ad458d727e5\",\"messageCount\":1,\"durationMs\":1}","conversationId":"sess_0e234331-0804-49b2-b1a6-4ad458d727e5","turnId":"5d3536ae-8688-41e8-bcb9-68df979eec52","rootTurnId":"5d3536ae-8688-41e8-bcb9-68df979eec52"}
{"timestamp":"2026-08-24T10:26:39.831Z","level":"info","message":"[ACP ToolApproval] Got response: {\"optionId\":\"always-accept\",\"outcome\":\"selected\"}","conversationId":"sess_0e234331-0804-49b2-b1a6-4ad458d727e5","turnId":"5d3536ae-8688-41e8-bcb9-68df979eec52","rootTurnId":"5d3536ae-8688-41e8-bcb9-68df979eec52"}
{"timestamp":"2026-08-24T10:26:40.049Z","level":"info","message":"[PolicySession] rebuild() complete: 17 rules parsed, engineActive=true, fatal=false","conversationId":"sess_0e234331-0804-49b2-b1a6-4ad458d727e5","turnId":"5d3536ae-8688-41e8-bcb9-68df979eec52","rootTurnId":"5d3536ae-8688-41e8-bcb9-68df979eec52"}
{"timestamp":"2026-08-24T10:26:40.049Z","level":"info","message":"[PolicySession] Persisted allow rule for shell matching \"Write-Host \"Fixes applied\"\" at scope=user","conversationId":"sess_0e234331-0804-49b2-b1a6-4ad458d727e5","turnId":"5d3536ae-8688-41e8-bcb9-68df979eec52","rootTurnId":"5d3536ae-8688-41e8-bcb9-68df979eec52"}
{"timestamp":"2026-08-24T10:26:40.055Z","level":"info","message":"[ACPEventAdapter] Execution resumed {\"executionId\":\"5d3536ae-8688-41e8-bcb9-68df979eec52\"}","conversationId":"sess_0e234331-0804-49b2-b1a6-4ad458d727e5","turnId":"5d3536ae-8688-41e8-bcb9-68df979eec52","rootTurnId":"5d3536ae-8688-41e8-bcb9-68df979eec52"}
{"timestamp":"2026-08-24T10:26:40.056Z","level":"info","message":"acp.policy-eval.complete {\"toolId\":\"list_directory\",\"effect\":\"allow\",\"capability\":\"fs_read\"}","conversationId":"sess_0e234331-0804-49b2-b1a6-4ad458d727e5","turnId":"5d3536ae-8688-41e8-bcb9-68df979eec52","rootTurnId":"5d3536ae-8688-41e8-bcb9-68df979eec52"}
{"timestamp":"2026-08-24T10:26:40.764Z","level":"info","message":"[AgentIterator] Parallel invoking agent","conversationId":"sess_0e234331-0804-49b2-b1a6-4ad458d727e5","turnId":"5d3536ae-8688-41e8-bcb9-68df979eec52","rootTurnId":"5d3536ae-8688-41e8-bcb9-68df979eec52"}
{"timestamp":"2026-08-24T10:26:40.764Z","level":"info","message":"[Steering] Populating steering for execution 5d3536ae-8688-41e8-bcb9-68df979eec52","conversationId":"sess_0e234331-0804-49b2-b1a6-4ad458d727e5","turnId":"5d3536ae-8688-41e8-bcb9-68df979eec52","rootTurnId":"5d3536ae-8688-41e8-bcb9-68df979eec52"}
{"timestamp":"2026-08-24T10:26:40.764Z","level":"info","message":"[Steering] ExistingFiles: /c:/Users/Student/.kiro/workspace-roots/regen-railway/vite.config.ts in 5d3536ae-8688-41e8-bcb9-68df979eec52","conversationId":"sess_0e234331-0804-49b2-b1a6-4ad458d727e5","turnId":"5d3536ae-8688-41e8-bcb9-68df979eec52","rootTurnId":"5d3536ae-8688-41e8-bcb9-68df979eec52"}
{"timestamp":"2026-08-24T10:26:40.768Z","level":"info","message":"[q-developer-converse] Sending GenerateAssistantResponse modelId=auto agentMode=vibe origin=AI_EDITOR streaming=true conversationId=sess_0e234331-0804-49b2-b1a6-4ad458d727e5","conversationId":"sess_0e234331-0804-49b2-b1a6-4ad458d727e5","turnId":"5d3536ae-8688-41e8-bcb9-68df979eec52","rootTurnId":"5d3536ae-8688-41e8-bcb9-68df979eec52"}
{"timestamp":"2026-08-24T10:26:40.769Z","level":"info","message":"[q-developer-converse] Request payload: 502511 chars, 126 history messages, conversationId=sess_0e234331-0804-49b2-b1a6-4ad458d727e5","conversationId":"sess_0e234331-0804-49b2-b1a6-4ad458d727e5","turnId":"5d3536ae-8688-41e8-bcb9-68df979eec52","rootTurnId":"5d3536ae-8688-41e8-bcb9-68df979eec52"}
{"timestamp":"2026-08-24T10:26:40.778Z","level":"info","message":"fs.appendMessages.ok {\"system\":\"fs\",\"sessionId\":\"sess_0e234331-0804-49b2-b1a6-4ad458d727e5\",\"messageCount\":2,\"durationMs\":17}","conversationId":"sess_0e234331-0804-49b2-b1a6-4ad458d727e5","turnId":"5d3536ae-8688-41e8-bcb9-68df979eec52","rootTurnId":"5d3536ae-8688-41e8-bcb9-68df979eec52"}
{"timestamp":"2026-08-24T10:26:44.619Z","level":"info","message":"[AgentIterator] Synchronizing results","conversationId":"sess_0e234331-0804-49b2-b1a6-4ad458d727e5","turnId":"5d3536ae-8688-41e8-bcb9-68df979eec52","rootTurnId":"5d3536ae-8688-41e8-bcb9-68df979eec52"}
{"timestamp":"2026-08-24T10:26:44.619Z","level":"info","message":"[AgentIterator] Processing intent detection result","conversationId":"sess_0e234331-0804-49b2-b1a6-4ad458d727e5","turnId":"5d3536ae-8688-41e8-bcb9-68df979eec52","rootTurnId":"5d3536ae-8688-41e8-bcb9-68df979eec52"}
{"timestamp":"2026-08-24T10:26:44.619Z","level":"info","message":"[ChatAgent] Processing model response stream","conversationId":"sess_0e234331-0804-49b2-b1a6-4ad458d727e5","turnId":"5d3536ae-8688-41e8-bcb9-68df979eec52","rootTurnId":"5d3536ae-8688-41e8-bcb9-68df979eec52"}
{"timestamp":"2026-08-24T10:26:44.619Z","level":"info","message":"[Steering] Populating steering for execution 5d3536ae-8688-41e8-bcb9-68df979eec52","conversationId":"sess_0e234331-0804-49b2-b1a6-4ad458d727e5","turnId":"5d3536ae-8688-41e8-bcb9-68df979eec52","rootTurnId":"5d3536ae-8688-41e8-bcb9-68df979eec52"}
{"timestamp":"2026-08-24T10:26:44.619Z","level":"info","message":"[Steering] ExistingFiles: /c:/Users/Student/.kiro/workspace-roots/regen-railway/vite.config.ts in 5d3536ae-8688-41e8-bcb9-68df979eec52","conversationId":"sess_0e234331-0804-49b2-b1a6-4ad458d727e5","turnId":"5d3536ae-8688-41e8-bcb9-68df979eec52","rootTurnId":"5d3536ae-8688-41e8-bcb9-68df979eec52"}
{"timestamp":"2026-08-24T10:26:45.547Z","level":"info","message":"[ACPEventAdapter] Execution yielded {\"executionId\":\"5d3536ae-8688-41e8-bcb9-68df979eec52\"}","conversationId":"sess_0e234331-0804-49b2-b1a6-4ad458d727e5","turnId":"5d3536ae-8688-41e8-bcb9-68df979eec52","rootTurnId":"5d3536ae-8688-41e8-bcb9-68df979eec52"}
{"timestamp":"2026-08-24T10:26:45.549Z","level":"info","message":"acp.policy-eval.complete {\"toolId\":\"run_command\",\"effect\":\"allow\",\"capability\":\"shell\"}","conversationId":"sess_0e234331-0804-49b2-b1a6-4ad458d727e5","turnId":"5d3536ae-8688-41e8-bcb9-68df979eec52","rootTurnId":"5d3536ae-8688-41e8-bcb9-68df979eec52"}
{"timestamp":"2026-08-24T10:26:45.549Z","level":"info","message":"[ACPEventAdapter] Execution resumed {\"executionId\":\"5d3536ae-8688-41e8-bcb9-68df979eec52\"}","conversationId":"sess_0e234331-0804-49b2-b1a6-4ad458d727e5","turnId":"5d3536ae-8688-41e8-bcb9-68df979eec52","rootTurnId":"5d3536ae-8688-41e8-bcb9-68df979eec52"}
{"timestamp":"2026-08-24T10:26:45.549Z","level":"info","message":"acp.policy-eval.complete {\"toolId\":\"list_directory\",\"effect\":\"allow\",\"capability\":\"fs_read\"}","conversationId":"sess_0e234331-0804-49b2-b1a6-4ad458d727e5","turnId":"5d3536ae-8688-41e8-bcb9-68df979eec52","rootTurnId":"5d3536ae-8688-41e8-bcb9-68df979eec52"}
{"timestamp":"2026-08-24T10:26:45.556Z","level":"info","message":"fs.appendMessages.ok {\"system\":\"fs\",\"sessionId\":\"sess_0e234331-0804-49b2-b1a6-4ad458d727e5\",\"messageCount\":1,\"durationMs\":4}","conversationId":"sess_0e234331-0804-49b2-b1a6-4ad458d727e5","turnId":"5d3536ae-8688-41e8-bcb9-68df979eec52","rootTurnId":"5d3536ae-8688-41e8-bcb9-68df979eec52"}
{"timestamp":"2026-08-24T10:26:45.565Z","level":"info","message":"fs.appendMessages.ok {\"system\":\"fs\",\"sessionId\":\"sess_0e234331-0804-49b2-b1a6-4ad458d727e5\",\"messageCount\":1,\"durationMs\":9}","conversationId":"sess_0e234331-0804-49b2-b1a6-4ad458d727e5","turnId":"5d3536ae-8688-41e8-bcb9-68df979eec52","rootTurnId":"5d3536ae-8688-41e8-bcb9-68df979eec52"}
{"timestamp":"2026-08-24T10:26:47.194Z","level":"info","message":"[AgentIterator] Parallel invoking agent","conversationId":"sess_0e234331-0804-49b2-b1a6-4ad458d727e5","turnId":"5d3536ae-8688-41e8-bcb9-68df979eec52","rootTurnId":"5d3536ae-8688-41e8-bcb9-68df979eec52"}
{"timestamp":"2026-08-24T10:26:47.194Z","level":"info","message":"[Steering] Populating steering for execution 5d3536ae-8688-41e8-bcb9-68df979eec52","conversationId":"sess_0e234331-0804-49b2-b1a6-4ad458d727e5","turnId":"5d3536ae-8688-41e8-bcb9-68df979eec52","rootTurnId":"5d3536ae-8688-41e8-bcb9-68df979eec52"}
{"timestamp":"2026-08-24T10:26:47.194Z","level":"info","message":"[Steering] ExistingFiles: /c:/Users/Student/.kiro/workspace-roots/regen-railway/vite.config.ts in 5d3536ae-8688-41e8-bcb9-68df979eec52","conversationId":"sess_0e234331-0804-49b2-b1a6-4ad458d727e5","turnId":"5d3536ae-8688-41e8-bcb9-68df979eec52","rootTurnId":"5d3536ae-8688-41e8-bcb9-68df979eec52"}
{"timestamp":"2026-08-24T10:26:47.197Z","level":"info","message":"[q-developer-converse] Sending GenerateAssistantResponse modelId=auto agentMode=vibe origin=AI_EDITOR streaming=true conversationId=sess_0e234331-0804-49b2-b1a6-4ad458d727e5","conversationId":"sess_0e234331-0804-49b2-b1a6-4ad458d727e5","turnId":"5d3536ae-8688-41e8-bcb9-68df979eec52","rootTurnId":"5d3536ae-8688-41e8-bcb9-68df979eec52"}
{"timestamp":"2026-08-24T10:26:47.199Z","level":"info","message":"[q-developer-converse] Request payload: 512532 chars, 128 history messages, conversationId=sess_0e234331-0804-49b2-b1a6-4ad458d727e5","conversationId":"sess_0e234331-0804-49b2-b1a6-4ad458d727e5","turnId":"5d3536ae-8688-41e8-bcb9-68df979eec52","rootTurnId":"5d3536ae-8688-41e8-bcb9-68df979eec52"}
{"timestamp":"2026-08-24T10:26:47.208Z","level":"info","message":"fs.appendMessages.ok {\"system\":\"fs\",\"sessionId\":\"sess_0e234331-0804-49b2-b1a6-4ad458d727e5\",\"messageCount\":2,\"durationMs\":18}","conversationId":"sess_0e234331-0804-49b2-b1a6-4ad458d727e5","turnId":"5d3536ae-8688-41e8-bcb9-68df979eec52","rootTurnId":"5d3536ae-8688-41e8-bcb9-68df979eec52"}
{"timestamp":"2026-08-24T10:26:50.953Z","level":"info","message":"[AgentIterator] Synchronizing results","conversationId":"sess_0e234331-0804-49b2-b1a6-4ad458d727e5","turnId":"5d3536ae-8688-41e8-bcb9-68df979eec52","rootTurnId":"5d3536ae-8688-41e8-bcb9-68df979eec52"}
{"timestamp":"2026-08-24T10:26:50.953Z","level":"info","message":"[AgentIterator] Processing intent detection result","conversationId":"sess_0e234331-0804-49b2-b1a6-4ad458d727e5","turnId":"5d3536ae-8688-41e8-bcb9-68df979eec52","rootTurnId":"5d3536ae-8688-41e8-bcb9-68df979eec52"}
{"timestamp":"2026-08-24T10:26:50.954Z","level":"info","message":"[ChatAgent] Processing model response stream","conversationId":"sess_0e234331-0804-49b2-b1a6-4ad458d727e5","turnId":"5d3536ae-8688-41e8-bcb9-68df979eec52","rootTurnId":"5d3536ae-8688-41e8-bcb9-68df979eec52"}
{"timestamp":"2026-08-24T10:26:50.954Z","level":"info","message":"[Steering] Populating steering for execution 5d3536ae-8688-41e8-bcb9-68df979eec52","conversationId":"sess_0e234331-0804-49b2-b1a6-4ad458d727e5","turnId":"5d3536ae-8688-41e8-bcb9-68df979eec52","rootTurnId":"5d3536ae-8688-41e8-bcb9-68df979eec52"}
{"timestamp":"2026-08-24T10:26:50.954Z","level":"info","message":"[Steering] ExistingFiles: /c:/Users/Student/.kiro/workspace-roots/regen-railway/vite.config.ts in 5d3536ae-8688-41e8-bcb9-68df979eec52","conversationId":"sess_0e234331-0804-49b2-b1a6-4ad458d727e5","turnId":"5d3536ae-8688-41e8-bcb9-68df979eec52","rootTurnId":"5d3536ae-8688-41e8-bcb9-68df979eec52"}
{"timestamp":"2026-08-24T10:26:51.413Z","level":"info","message":"fs.appendMessages.ok {\"system\":\"fs\",\"sessionId\":\"sess_0e234331-0804-49b2-b1a6-4ad458d727e5\",\"messageCount\":1,\"durationMs\":2}","conversationId":"sess_0e234331-0804-49b2-b1a6-4ad458d727e5","turnId":"5d3536ae-8688-41e8-bcb9-68df979eec52","rootTurnId":"5d3536ae-8688-41e8-bcb9-68df979eec52"}
{"timestamp":"2026-08-24T10:26:55.705Z","level":"info","message":"[ACPEventAdapter] Execution yielded {\"executionId\":\"5d3536ae-8688-41e8-bcb9-68df979eec52\"}","conversationId":"sess_0e234331-0804-49b2-b1a6-4ad458d727e5","turnId":"5d3536ae-8688-41e8-bcb9-68df979eec52","rootTurnId":"5d3536ae-8688-41e8-bcb9-68df979eec52"}
{"timestamp":"2026-08-24T10:26:55.707Z","level":"info","message":"acp.policy-eval.complete {\"toolId\":\"run_command\",\"effect\":\"ask\"}","conversationId":"sess_0e234331-0804-49b2-b1a6-4ad458d727e5","turnId":"5d3536ae-8688-41e8-bcb9-68df979eec52","rootTurnId":"5d3536ae-8688-41e8-bcb9-68df979eec52"}
{"timestamp":"2026-08-24T10:26:55.722Z","level":"info","message":"[ACP ToolApproval] Requesting permission for toolId=run_command, operationId=run_command_tooluse_VeP5KqbL6nNbkKxs1rlsgB, sessionId=sess_0e234331-0804-49b2-b1a6-4ad458d727e5","conversationId":"sess_0e234331-0804-49b2-b1a6-4ad458d727e5","turnId":"5d3536ae-8688-41e8-bcb9-68df979eec52","rootTurnId":"5d3536ae-8688-41e8-bcb9-68df979eec52"}
{"timestamp":"2026-08-24T10:26:55.726Z","level":"info","message":"fs.appendMessages.ok {\"system\":\"fs\",\"sessionId\":\"sess_0e234331-0804-49b2-b1a6-4ad458d727e5\",\"messageCount\":1,\"durationMs\":4}","conversationId":"sess_0e234331-0804-49b2-b1a6-4ad458d727e5","turnId":"5d3536ae-8688-41e8-bcb9-68df979eec52","rootTurnId":"5d3536ae-8688-41e8-bcb9-68df979eec52"}
{"timestamp":"2026-08-24T10:26:55.734Z","level":"info","message":"fs.appendMessages.ok {\"system\":\"fs\",\"sessionId\":\"sess_0e234331-0804-49b2-b1a6-4ad458d727e5\",\"messageCount\":1,\"durationMs\":8}","conversationId":"sess_0e234331-0804-49b2-b1a6-4ad458d727e5","turnId":"5d3536ae-8688-41e8-bcb9-68df979eec52","rootTurnId":"5d3536ae-8688-41e8-bcb9-68df979eec52"}
{"timestamp":"2026-08-24T10:26:55.743Z","level":"info","message":"fs.appendMessages.ok {\"system\":\"fs\",\"sessionId\":\"sess_0e234331-0804-49b2-b1a6-4ad458d727e5\",\"messageCount\":1,\"durationMs\":9}","conversationId":"sess_0e234331-0804-49b2-b1a6-4ad458d727e5","turnId":"5d3536ae-8688-41e8-bcb9-68df979eec52","rootTurnId":"5d3536ae-8688-41e8-bcb9-68df979eec52"}
{"timestamp":"2026-08-24T10:27:00.175Z","level":"info","message":"fs.appendMessages.ok {\"system\":\"fs\",\"sessionId\":\"sess_0e234331-0804-49b2-b1a6-4ad458d727e5\",\"messageCount\":1,\"durationMs\":2}","conversationId":"sess_0e234331-0804-49b2-b1a6-4ad458d727e5","turnId":"5d3536ae-8688-41e8-bcb9-68df979eec52","rootTurnId":"5d3536ae-8688-41e8-bcb9-68df979eec52"}
{"timestamp":"2026-08-24T10:27:00.175Z","level":"info","message":"[ACP ToolApproval] Got response: {\"optionId\":\"always-accept\",\"outcome\":\"selected\"}","conversationId":"sess_0e234331-0804-49b2-b1a6-4ad458d727e5","turnId":"5d3536ae-8688-41e8-bcb9-68df979eec52","rootTurnId":"5d3536ae-8688-41e8-bcb9-68df979eec52"}
{"timestamp":"2026-08-24T10:27:00.399Z","level":"info","message":"[PolicySession] rebuild() complete: 17 rules parsed, engineActive=true, fatal=false","conversationId":"sess_0e234331-0804-49b2-b1a6-4ad458d727e5","turnId":"5d3536ae-8688-41e8-bcb9-68df979eec52","rootTurnId":"5d3536ae-8688-41e8-bcb9-68df979eec52"}
{"timestamp":"2026-08-24T10:27:00.399Z","level":"info","message":"[PolicySession] Persisted allow rule for shell matching \"Get-Content \"src\\store\\dataStore.ts\" -Raw\" at scope=user","conversationId":"sess_0e234331-0804-49b2-b1a6-4ad458d727e5","turnId":"5d3536ae-8688-41e8-bcb9-68df979eec52","rootTurnId":"5d3536ae-8688-41e8-bcb9-68df979eec52"}
{"timestamp":"2026-08-24T10:27:00.416Z","level":"info","message":"[ACP ToolApproval] Requesting permission for toolId=run_command, operationId=run_command_tooluse_VeP5KqbL6nNbkKxs1rlsgB, sessionId=sess_0e234331-0804-49b2-b1a6-4ad458d727e5","conversationId":"sess_0e234331-0804-49b2-b1a6-4ad458d727e5","turnId":"5d3536ae-8688-41e8-bcb9-68df979eec52","rootTurnId":"5d3536ae-8688-41e8-bcb9-68df979eec52"}
{"timestamp":"2026-08-24T10:27:00.420Z","level":"info","message":"fs.appendMessages.ok {\"system\":\"fs\",\"sessionId\":\"sess_0e234331-0804-49b2-b1a6-4ad458d727e5\",\"messageCount\":1,\"durationMs\":3}","conversationId":"sess_0e234331-0804-49b2-b1a6-4ad458d727e5","turnId":"5d3536ae-8688-41e8-bcb9-68df979eec52","rootTurnId":"5d3536ae-8688-41e8-bcb9-68df979eec52"}
{"timestamp":"2026-08-24T10:27:01.527Z","level":"info","message":"fs.appendMessages.ok {\"system\":\"fs\",\"sessionId\":\"sess_0e234331-0804-49b2-b1a6-4ad458d727e5\",\"messageCount\":1,\"durationMs\":2}","conversationId":"sess_0e234331-0804-49b2-b1a6-4ad458d727e5","turnId":"5d3536ae-8688-41e8-bcb9-68df979eec52","rootTurnId":"5d3536ae-8688-41e8-bcb9-68df979eec52"}
{"timestamp":"2026-08-24T10:27:01.527Z","level":"info","message":"[ACP ToolApproval] Got response: {\"optionId\":\"always-accept\",\"outcome\":\"selected\"}","conversationId":"sess_0e234331-0804-49b2-b1a6-4ad458d727e5","turnId":"5d3536ae-8688-41e8-bcb9-68df979eec52","rootTurnId":"5d3536ae-8688-41e8-bcb9-68df979eec52"}
{"timestamp":"2026-08-24T10:27:01.748Z","level":"info","message":"[PolicySession] rebuild() complete: 17 rules parsed, engineActive=true, fatal=false","conversationId":"sess_0e234331-0804-49b2-b1a6-4ad458d727e5","turnId":"5d3536ae-8688-41e8-bcb9-68df979eec52","rootTurnId":"5d3536ae-8688-41e8-bcb9-68df979eec52"}
{"timestamp":"2026-08-24T10:27:01.748Z","level":"info","message":"[PolicySession] Persisted allow rule for shell matching \"Set-Content \"src\\store\\dataStore.ts\" -Value $ds -Encoding UTF8\" at scope=user","conversationId":"sess_0e234331-0804-49b2-b1a6-4ad458d727e5","turnId":"5d3536ae-8688-41e8-bcb9-68df979eec52","rootTurnId":"5d3536ae-8688-41e8-bcb9-68df979eec52"}
{"timestamp":"2026-08-24T10:27:01.766Z","level":"info","message":"[ACP ToolApproval] Requesting permission for toolId=run_command, operationId=run_command_tooluse_VeP5KqbL6nNbkKxs1rlsgB, sessionId=sess_0e234331-0804-49b2-b1a6-4ad458d727e5","conversationId":"sess_0e234331-0804-49b2-b1a6-4ad458d727e5","turnId":"5d3536ae-8688-41e8-bcb9-68df979eec52","rootTurnId":"5d3536ae-8688-41e8-bcb9-68df979eec52"}
{"timestamp":"2026-08-24T10:27:01.769Z","level":"info","message":"fs.appendMessages.ok {\"system\":\"fs\",\"sessionId\":\"sess_0e234331-0804-49b2-b1a6-4ad458d727e5\",\"messageCount\":1,\"durationMs\":3}","conversationId":"sess_0e234331-0804-49b2-b1a6-4ad458d727e5","turnId":"5d3536ae-8688-41e8-bcb9-68df979eec52","rootTurnId":"5d3536ae-8688-41e8-bcb9-68df979eec52"}
{"timestamp":"2026-08-24T10:27:02.759Z","level":"info","message":"fs.appendMessages.ok {\"system\":\"fs\",\"sessionId\":\"sess_0e234331-0804-49b2-b1a6-4ad458d727e5\",\"messageCount\":1,\"durationMs\":2}","conversationId":"sess_0e234331-0804-49b2-b1a6-4ad458d727e5","turnId":"5d3536ae-8688-41e8-bcb9-68df979eec52","rootTurnId":"5d3536ae-8688-41e8-bcb9-68df979eec52"}
{"timestamp":"2026-08-24T10:27:02.759Z","level":"info","message":"[ACP ToolApproval] Got response: {\"optionId\":\"always-accept\",\"outcome\":\"selected\"}","conversationId":"sess_0e234331-0804-49b2-b1a6-4ad458d727e5","turnId":"5d3536ae-8688-41e8-bcb9-68df979eec52","rootTurnId":"5d3536ae-8688-41e8-bcb9-68df979eec52"}
{"timestamp":"2026-08-24T10:27:02.980Z","level":"info","message":"[PolicySession] rebuild() complete: 17 rules parsed, engineActive=true, fatal=false","conversationId":"sess_0e234331-0804-49b2-b1a6-4ad458d727e5","turnId":"5d3536ae-8688-41e8-bcb9-68df979eec52","rootTurnId":"5d3536ae-8688-41e8-bcb9-68df979eec52"}
{"timestamp":"2026-08-24T10:27:02.980Z","level":"info","message":"[PolicySession] Persisted allow rule for shell matching \"Write-Host \"done\"\" at scope=user","conversationId":"sess_0e234331-0804-49b2-b1a6-4ad458d727e5","turnId":"5d3536ae-8688-41e8-bcb9-68df979eec52","rootTurnId":"5d3536ae-8688-41e8-bcb9-68df979eec52"}
{"timestamp":"2026-08-24T10:27:02.985Z","level":"info","message":"[ACPEventAdapter] Execution resumed {\"executionId\":\"5d3536ae-8688-41e8-bcb9-68df979eec52\"}","conversationId":"sess_0e234331-0804-49b2-b1a6-4ad458d727e5","turnId":"5d3536ae-8688-41e8-bcb9-68df979eec52","rootTurnId":"5d3536ae-8688-41e8-bcb9-68df979eec52"}
{"timestamp":"2026-08-24T10:27:02.986Z","level":"info","message":"acp.policy-eval.complete {\"toolId\":\"list_directory\",\"effect\":\"allow\",\"capability\":\"fs_read\"}","conversationId":"sess_0e234331-0804-49b2-b1a6-4ad458d727e5","turnId":"5d3536ae-8688-41e8-bcb9-68df979eec52","rootTurnId":"5d3536ae-8688-41e8-bcb9-68df979eec52"}
{"timestamp":"2026-08-24T10:27:03.154Z","level":"info","message":"[AgentIterator] Parallel invoking agent","conversationId":"sess_0e234331-0804-49b2-b1a6-4ad458d727e5","turnId":"5d3536ae-8688-41e8-bcb9-68df979eec52","rootTurnId":"5d3536ae-8688-41e8-bcb9-68df979eec52"}
{"timestamp":"2026-08-24T10:27:03.154Z","level":"info","message":"[Steering] Populating steering for execution 5d3536ae-8688-41e8-bcb9-68df979eec52","conversationId":"sess_0e234331-0804-49b2-b1a6-4ad458d727e5","turnId":"5d3536ae-8688-41e8-bcb9-68df979eec52","rootTurnId":"5d3536ae-8688-41e8-bcb9-68df979eec52"}
{"timestamp":"2026-08-24T10:27:03.154Z","level":"info","message":"[Steering] ExistingFiles: /c:/Users/Student/.kiro/workspace-roots/regen-railway/vite.config.ts in 5d3536ae-8688-41e8-bcb9-68df979eec52","conversationId":"sess_0e234331-0804-49b2-b1a6-4ad458d727e5","turnId":"5d3536ae-8688-41e8-bcb9-68df979eec52","rootTurnId":"5d3536ae-8688-41e8-bcb9-68df979eec52"}
{"timestamp":"2026-08-24T10:27:03.158Z","level":"info","message":"[q-developer-converse] Sending GenerateAssistantResponse modelId=auto agentMode=vibe origin=AI_EDITOR streaming=true conversationId=sess_0e234331-0804-49b2-b1a6-4ad458d727e5","conversationId":"sess_0e234331-0804-49b2-b1a6-4ad458d727e5","turnId":"5d3536ae-8688-41e8-bcb9-68df979eec52","rootTurnId":"5d3536ae-8688-41e8-bcb9-68df979eec52"}
{"timestamp":"2026-08-24T10:27:03.159Z","level":"info","message":"[q-developer-converse] Request payload: 513861 chars, 130 history messages, conversationId=sess_0e234331-0804-49b2-b1a6-4ad458d727e5","conversationId":"sess_0e234331-0804-49b2-b1a6-4ad458d727e5","turnId":"5d3536ae-8688-41e8-bcb9-68df979eec52","rootTurnId":"5d3536ae-8688-41e8-bcb9-68df979eec52"}
{"timestamp":"2026-08-24T10:27:03.168Z","level":"info","message":"fs.appendMessages.ok {\"system\":\"fs\",\"sessionId\":\"sess_0e234331-0804-49b2-b1a6-4ad458d727e5\",\"messageCount\":2,\"durationMs\":17}","conversationId":"sess_0e234331-0804-49b2-b1a6-4ad458d727e5","turnId":"5d3536ae-8688-41e8-bcb9-68df979eec52","rootTurnId":"5d3536ae-8688-41e8-bcb9-68df979eec52"}
{"timestamp":"2026-08-24T10:27:07.131Z","level":"info","message":"[AgentIterator] Synchronizing results","conversationId":"sess_0e234331-0804-49b2-b1a6-4ad458d727e5","turnId":"5d3536ae-8688-41e8-bcb9-68df979eec52","rootTurnId":"5d3536ae-8688-41e8-bcb9-68df979eec52"}
{"timestamp":"2026-08-24T10:27:07.131Z","level":"info","message":"[AgentIterator] Processing intent detection result","conversationId":"sess_0e234331-0804-49b2-b1a6-4ad458d727e5","turnId":"5d3536ae-8688-41e8-bcb9-68df979eec52","rootTurnId":"5d3536ae-8688-41e8-bcb9-68df979eec52"}
{"timestamp":"2026-08-24T10:27:07.131Z","level":"info","message":"[ChatAgent] Processing model response stream","conversationId":"sess_0e234331-0804-49b2-b1a6-4ad458d727e5","turnId":"5d3536ae-8688-41e8-bcb9-68df979eec52","rootTurnId":"5d3536ae-8688-41e8-bcb9-68df979eec52"}
{"timestamp":"2026-08-24T10:27:07.131Z","level":"info","message":"[Steering] Populating steering for execution 5d3536ae-8688-41e8-bcb9-68df979eec52","conversationId":"sess_0e234331-0804-49b2-b1a6-4ad458d727e5","turnId":"5d3536ae-8688-41e8-bcb9-68df979eec52","rootTurnId":"5d3536ae-8688-41e8-bcb9-68df979eec52"}
{"timestamp":"2026-08-24T10:27:07.131Z","level":"info","message":"[Steering] ExistingFiles: /c:/Users/Student/.kiro/workspace-roots/regen-railway/vite.config.ts in 5d3536ae-8688-41e8-bcb9-68df979eec52","conversationId":"sess_0e234331-0804-49b2-b1a6-4ad458d727e5","turnId":"5d3536ae-8688-41e8-bcb9-68df979eec52","rootTurnId":"5d3536ae-8688-41e8-bcb9-68df979eec52"}
{"timestamp":"2026-08-24T10:27:42.256Z","level":"info","message":"[ACPEventAdapter] Execution yielded {\"executionId\":\"5d3536ae-8688-41e8-bcb9-68df979eec52\"}","conversationId":"sess_0e234331-0804-49b2-b1a6-4ad458d727e5","turnId":"5d3536ae-8688-41e8-bcb9-68df979eec52","rootTurnId":"5d3536ae-8688-41e8-bcb9-68df979eec52"}
{"timestamp":"2026-08-24T10:27:42.260Z","level":"info","message":"acp.policy-eval.complete {\"toolId\":\"run_command\",\"effect\":\"ask\"}","conversationId":"sess_0e234331-0804-49b2-b1a6-4ad458d727e5","turnId":"5d3536ae-8688-41e8-bcb9-68df979eec52","rootTurnId":"5d3536ae-8688-41e8-bcb9-68df979eec52"}
{"timestamp":"2026-08-24T10:27:42.283Z","level":"info","message":"[ACP ToolApproval] Requesting permission for toolId=run_command, operationId=run_command_tooluse_t8Y0zv82YZhcQ6kIhYDwOY, sessionId=sess_0e234331-0804-49b2-b1a6-4ad458d727e5","conversationId":"sess_0e234331-0804-49b2-b1a6-4ad458d727e5","turnId":"5d3536ae-8688-41e8-bcb9-68df979eec52","rootTurnId":"5d3536ae-8688-41e8-bcb9-68df979eec52"}
{"timestamp":"2026-08-24T10:27:42.296Z","level":"info","message":"fs.appendMessages.ok {\"system\":\"fs\",\"sessionId\":\"sess_0e234331-0804-49b2-b1a6-4ad458d727e5\",\"messageCount\":1,\"durationMs\":13}","conversationId":"sess_0e234331-0804-49b2-b1a6-4ad458d727e5","turnId":"5d3536ae-8688-41e8-bcb9-68df979eec52","rootTurnId":"5d3536ae-8688-41e8-bcb9-68df979eec52"}
{"timestamp":"2026-08-24T10:27:42.311Z","level":"info","message":"fs.appendMessages.ok {\"system\":\"fs\",\"sessionId\":\"sess_0e234331-0804-49b2-b1a6-4ad458d727e5\",\"messageCount\":1,\"durationMs\":15}","conversationId":"sess_0e234331-0804-49b2-b1a6-4ad458d727e5","turnId":"5d3536ae-8688-41e8-bcb9-68df979eec52","rootTurnId":"5d3536ae-8688-41e8-bcb9-68df979eec52"}
{"timestamp":"2026-08-24T10:27:42.320Z","level":"info","message":"fs.appendMessages.ok {\"system\":\"fs\",\"sessionId\":\"sess_0e234331-0804-49b2-b1a6-4ad458d727e5\",\"messageCount\":1,\"durationMs\":9}","conversationId":"sess_0e234331-0804-49b2-b1a6-4ad458d727e5","turnId":"5d3536ae-8688-41e8-bcb9-68df979eec52","rootTurnId":"5d3536ae-8688-41e8-bcb9-68df979eec52"}
{"timestamp":"2026-08-24T10:27:47.016Z","level":"info","message":"fs.appendMessages.ok {\"system\":\"fs\",\"sessionId\":\"sess_0e234331-0804-49b2-b1a6-4ad458d727e5\",\"messageCount\":1,\"durationMs\":2}","conversationId":"sess_0e234331-0804-49b2-b1a6-4ad458d727e5","turnId":"5d3536ae-8688-41e8-bcb9-68df979eec52","rootTurnId":"5d3536ae-8688-41e8-bcb9-68df979eec52"}
{"timestamp":"2026-08-24T10:27:47.016Z","level":"info","message":"[ACP ToolApproval] Got response: {\"optionId\":\"always-accept\",\"outcome\":\"selected\"}","conversationId":"sess_0e234331-0804-49b2-b1a6-4ad458d727e5","turnId":"5d3536ae-8688-41e8-bcb9-68df979eec52","rootTurnId":"5d3536ae-8688-41e8-bcb9-68df979eec52"}
{"timestamp":"2026-08-24T10:27:47.243Z","level":"info","message":"[PolicySession] rebuild() complete: 17 rules parsed, engineActive=true, fatal=false","conversationId":"sess_0e234331-0804-49b2-b1a6-4ad458d727e5","turnId":"5d3536ae-8688-41e8-bcb9-68df979eec52","rootTurnId":"5d3536ae-8688-41e8-bcb9-68df979eec52"}
{"timestamp":"2026-08-24T10:27:47.243Z","level":"info","message":"[PolicySession] Persisted allow rule for shell matching \"Set-Content \"src\\store\\dataStore.ts\" -Value $dsFixed -Encoding UTF8\" at scope=user","conversationId":"sess_0e234331-0804-49b2-b1a6-4ad458d727e5","turnId":"5d3536ae-8688-41e8-bcb9-68df979eec52","rootTurnId":"5d3536ae-8688-41e8-bcb9-68df979eec52"}
{"timestamp":"2026-08-24T10:27:47.259Z","level":"info","message":"[ACP ToolApproval] Requesting permission for toolId=run_command, operationId=run_command_tooluse_t8Y0zv82YZhcQ6kIhYDwOY, sessionId=sess_0e234331-0804-49b2-b1a6-4ad458d727e5","conversationId":"sess_0e234331-0804-49b2-b1a6-4ad458d727e5","turnId":"5d3536ae-8688-41e8-bcb9-68df979eec52","rootTurnId":"5d3536ae-8688-41e8-bcb9-68df979eec52"}
{"timestamp":"2026-08-24T10:27:47.266Z","level":"info","message":"fs.appendMessages.ok {\"system\":\"fs\",\"sessionId\":\"sess_0e234331-0804-49b2-b1a6-4ad458d727e5\",\"messageCount\":1,\"durationMs\":7}","conversationId":"sess_0e234331-0804-49b2-b1a6-4ad458d727e5","turnId":"5d3536ae-8688-41e8-bcb9-68df979eec52","rootTurnId":"5d3536ae-8688-41e8-bcb9-68df979eec52"}
{"timestamp":"2026-08-24T10:27:48.383Z","level":"info","message":"fs.appendMessages.ok {\"system\":\"fs\",\"sessionId\":\"sess_0e234331-0804-49b2-b1a6-4ad458d727e5\",\"messageCount\":1,\"durationMs\":2}","conversationId":"sess_0e234331-0804-49b2-b1a6-4ad458d727e5","turnId":"5d3536ae-8688-41e8-bcb9-68df979eec52","rootTurnId":"5d3536ae-8688-41e8-bcb9-68df979eec52"}
{"timestamp":"2026-08-24T10:27:48.383Z","level":"info","message":"[ACP ToolApproval] Got response: {\"optionId\":\"always-accept\",\"outcome\":\"selected\"}","conversationId":"sess_0e234331-0804-49b2-b1a6-4ad458d727e5","turnId":"5d3536ae-8688-41e8-bcb9-68df979eec52","rootTurnId":"5d3536ae-8688-41e8-bcb9-68df979eec52"}
{"timestamp":"2026-08-24T10:27:48.607Z","level":"info","message":"[PolicySession] rebuild() complete: 17 rules parsed, engineActive=true, fatal=false","conversationId":"sess_0e234331-0804-49b2-b1a6-4ad458d727e5","turnId":"5d3536ae-8688-41e8-bcb9-68df979eec52","rootTurnId":"5d3536ae-8688-41e8-bcb9-68df979eec52"}
{"timestamp":"2026-08-24T10:27:48.607Z","level":"info","message":"[PolicySession] Persisted allow rule for shell matching \"Write-Host \"dataStore rewritten\"\" at scope=user","conversationId":"sess_0e234331-0804-49b2-b1a6-4ad458d727e5","turnId":"5d3536ae-8688-41e8-bcb9-68df979eec52","rootTurnId":"5d3536ae-8688-41e8-bcb9-68df979eec52"}
{"timestamp":"2026-08-24T10:27:48.612Z","level":"info","message":"[ACPEventAdapter] Execution resumed {\"executionId\":\"5d3536ae-8688-41e8-bcb9-68df979eec52\"}","conversationId":"sess_0e234331-0804-49b2-b1a6-4ad458d727e5","turnId":"5d3536ae-8688-41e8-bcb9-68df979eec52","rootTurnId":"5d3536ae-8688-41e8-bcb9-68df979eec52"}
{"timestamp":"2026-08-24T10:27:48.612Z","level":"info","message":"acp.policy-eval.complete {\"toolId\":\"list_directory\",\"effect\":\"allow\",\"capability\":\"fs_read\"}","conversationId":"sess_0e234331-0804-49b2-b1a6-4ad458d727e5","turnId":"5d3536ae-8688-41e8-bcb9-68df979eec52","rootTurnId":"5d3536ae-8688-41e8-bcb9-68df979eec52"}
{"timestamp":"2026-08-24T10:27:49.278Z","level":"info","message":"[AgentIterator] Parallel invoking agent","conversationId":"sess_0e234331-0804-49b2-b1a6-4ad458d727e5","turnId":"5d3536ae-8688-41e8-bcb9-68df979eec52","rootTurnId":"5d3536ae-8688-41e8-bcb9-68df979eec52"}
{"timestamp":"2026-08-24T10:27:49.278Z","level":"info","message":"[Steering] Populating steering for execution 5d3536ae-8688-41e8-bcb9-68df979eec52","conversationId":"sess_0e234331-0804-49b2-b1a6-4ad458d727e5","turnId":"5d3536ae-8688-41e8-bcb9-68df979eec52","rootTurnId":"5d3536ae-8688-41e8-bcb9-68df979eec52"}
{"timestamp":"2026-08-24T10:27:49.278Z","level":"info","message":"[Steering] ExistingFiles: /c:/Users/Student/.kiro/workspace-roots/regen-railway/vite.config.ts in 5d3536ae-8688-41e8-bcb9-68df979eec52","conversationId":"sess_0e234331-0804-49b2-b1a6-4ad458d727e5","turnId":"5d3536ae-8688-41e8-bcb9-68df979eec52","rootTurnId":"5d3536ae-8688-41e8-bcb9-68df979eec52"}
{"timestamp":"2026-08-24T10:27:49.282Z","level":"info","message":"[q-developer-converse] Sending GenerateAssistantResponse modelId=auto agentMode=vibe origin=AI_EDITOR streaming=true conversationId=sess_0e234331-0804-49b2-b1a6-4ad458d727e5","conversationId":"sess_0e234331-0804-49b2-b1a6-4ad458d727e5","turnId":"5d3536ae-8688-41e8-bcb9-68df979eec52","rootTurnId":"5d3536ae-8688-41e8-bcb9-68df979eec52"}
{"timestamp":"2026-08-24T10:27:49.283Z","level":"info","message":"[q-developer-converse] Request payload: 526256 chars, 132 history messages, conversationId=sess_0e234331-0804-49b2-b1a6-4ad458d727e5","conversationId":"sess_0e234331-0804-49b2-b1a6-4ad458d727e5","turnId":"5d3536ae-8688-41e8-bcb9-68df979eec52","rootTurnId":"5d3536ae-8688-41e8-bcb9-68df979eec52"}
{"timestamp":"2026-08-24T10:27:49.293Z","level":"info","message":"fs.appendMessages.ok {\"system\":\"fs\",\"sessionId\":\"sess_0e234331-0804-49b2-b1a6-4ad458d727e5\",\"messageCount\":2,\"durationMs\":19}","conversationId":"sess_0e234331-0804-49b2-b1a6-4ad458d727e5","turnId":"5d3536ae-8688-41e8-bcb9-68df979eec52","rootTurnId":"5d3536ae-8688-41e8-bcb9-68df979eec52"}
{"timestamp":"2026-08-24T10:27:53.190Z","level":"info","message":"[AgentIterator] Synchronizing results","conversationId":"sess_0e234331-0804-49b2-b1a6-4ad458d727e5","turnId":"5d3536ae-8688-41e8-bcb9-68df979eec52","rootTurnId":"5d3536ae-8688-41e8-bcb9-68df979eec52"}
{"timestamp":"2026-08-24T10:27:53.190Z","level":"info","message":"[AgentIterator] Processing intent detection result","conversationId":"sess_0e234331-0804-49b2-b1a6-4ad458d727e5","turnId":"5d3536ae-8688-41e8-bcb9-68df979eec52","rootTurnId":"5d3536ae-8688-41e8-bcb9-68df979eec52"}
{"timestamp":"2026-08-24T10:27:53.190Z","level":"info","message":"[ChatAgent] Processing model response stream","conversationId":"sess_0e234331-0804-49b2-b1a6-4ad458d727e5","turnId":"5d3536ae-8688-41e8-bcb9-68df979eec52","rootTurnId":"5d3536ae-8688-41e8-bcb9-68df979eec52"}
{"timestamp":"2026-08-24T10:27:53.190Z","level":"info","message":"[Steering] Populating steering for execution 5d3536ae-8688-41e8-bcb9-68df979eec52","conversationId":"sess_0e234331-0804-49b2-b1a6-4ad458d727e5","turnId":"5d3536ae-8688-41e8-bcb9-68df979eec52","rootTurnId":"5d3536ae-8688-41e8-bcb9-68df979eec52"}
{"timestamp":"2026-08-24T10:27:53.190Z","level":"info","message":"[Steering] ExistingFiles: /c:/Users/Student/.kiro/workspace-roots/regen-railway/vite.config.ts in 5d3536ae-8688-41e8-bcb9-68df979eec52","conversationId":"sess_0e234331-0804-49b2-b1a6-4ad458d727e5","turnId":"5d3536ae-8688-41e8-bcb9-68df979eec52","rootTurnId":"5d3536ae-8688-41e8-bcb9-68df979eec52"}
{"timestamp":"2026-08-24T10:28:04.148Z","level":"info","message":"[ACPEventAdapter] Execution yielded {\"executionId\":\"5d3536ae-8688-41e8-bcb9-68df979eec52\"}","conversationId":"sess_0e234331-0804-49b2-b1a6-4ad458d727e5","turnId":"5d3536ae-8688-41e8-bcb9-68df979eec52","rootTurnId":"5d3536ae-8688-41e8-bcb9-68df979eec52"}
{"timestamp":"2026-08-24T10:28:04.153Z","level":"info","message":"acp.policy-eval.complete {\"toolId\":\"run_command\",\"effect\":\"ask\"}","conversationId":"sess_0e234331-0804-49b2-b1a6-4ad458d727e5","turnId":"5d3536ae-8688-41e8-bcb9-68df979eec52","rootTurnId":"5d3536ae-8688-41e8-bcb9-68df979eec52"}
{"timestamp":"2026-08-24T10:28:04.185Z","level":"info","message":"[ACP ToolApproval] Requesting permission for toolId=run_command, operationId=run_command_tooluse_QySo0imx0ya5bxCkfGpDKx, sessionId=sess_0e234331-0804-49b2-b1a6-4ad458d727e5","conversationId":"sess_0e234331-0804-49b2-b1a6-4ad458d727e5","turnId":"5d3536ae-8688-41e8-bcb9-68df979eec52","rootTurnId":"5d3536ae-8688-41e8-bcb9-68df979eec52"}
{"timestamp":"2026-08-24T10:28:04.190Z","level":"info","message":"fs.appendMessages.ok {\"system\":\"fs\",\"sessionId\":\"sess_0e234331-0804-49b2-b1a6-4ad458d727e5\",\"messageCount\":1,\"durationMs\":5}","conversationId":"sess_0e234331-0804-49b2-b1a6-4ad458d727e5","turnId":"5d3536ae-8688-41e8-bcb9-68df979eec52","rootTurnId":"5d3536ae-8688-41e8-bcb9-68df979eec52"}
{"timestamp":"2026-08-24T10:28:04.201Z","level":"info","message":"fs.appendMessages.ok {\"system\":\"fs\",\"sessionId\":\"sess_0e234331-0804-49b2-b1a6-4ad458d727e5\",\"messageCount\":1,\"durationMs\":11}","conversationId":"sess_0e234331-0804-49b2-b1a6-4ad458d727e5","turnId":"5d3536ae-8688-41e8-bcb9-68df979eec52","rootTurnId":"5d3536ae-8688-41e8-bcb9-68df979eec52"}
{"timestamp":"2026-08-24T10:28:04.209Z","level":"info","message":"fs.appendMessages.ok {\"system\":\"fs\",\"sessionId\":\"sess_0e234331-0804-49b2-b1a6-4ad458d727e5\",\"messageCount\":1,\"durationMs\":8}","conversationId":"sess_0e234331-0804-49b2-b1a6-4ad458d727e5","turnId":"5d3536ae-8688-41e8-bcb9-68df979eec52","rootTurnId":"5d3536ae-8688-41e8-bcb9-68df979eec52"}
{"timestamp":"2026-08-24T10:28:14.679Z","level":"info","message":"fs.appendMessages.ok {\"system\":\"fs\",\"sessionId\":\"sess_0e234331-0804-49b2-b1a6-4ad458d727e5\",\"messageCount\":1,\"durationMs\":2}","conversationId":"sess_0e234331-0804-49b2-b1a6-4ad458d727e5","turnId":"5d3536ae-8688-41e8-bcb9-68df979eec52","rootTurnId":"5d3536ae-8688-41e8-bcb9-68df979eec52"}
{"timestamp":"2026-08-24T10:28:14.680Z","level":"info","message":"[ACP ToolApproval] Got response: {\"optionId\":\"always-accept\",\"outcome\":\"selected\"}","conversationId":"sess_0e234331-0804-49b2-b1a6-4ad458d727e5","turnId":"5d3536ae-8688-41e8-bcb9-68df979eec52","rootTurnId":"5d3536ae-8688-41e8-bcb9-68df979eec52"}
{"timestamp":"2026-08-24T10:28:14.904Z","level":"info","message":"[PolicySession] rebuild() complete: 17 rules parsed, engineActive=true, fatal=false","conversationId":"sess_0e234331-0804-49b2-b1a6-4ad458d727e5","turnId":"5d3536ae-8688-41e8-bcb9-68df979eec52","rootTurnId":"5d3536ae-8688-41e8-bcb9-68df979eec52"}
{"timestamp":"2026-08-24T10:28:14.904Z","level":"info","message":"[PolicySession] Persisted allow rule for shell matching \"Get-Content \"src\\pages\\Dashboard.tsx\" -Raw\" at scope=user","conversationId":"sess_0e234331-0804-49b2-b1a6-4ad458d727e5","turnId":"5d3536ae-8688-41e8-bcb9-68df979eec52","rootTurnId":"5d3536ae-8688-41e8-bcb9-68df979eec52"}
{"timestamp":"2026-08-24T10:28:14.939Z","level":"info","message":"[ACP ToolApproval] Requesting permission for toolId=run_command, operationId=run_command_tooluse_QySo0imx0ya5bxCkfGpDKx, sessionId=sess_0e234331-0804-49b2-b1a6-4ad458d727e5","conversationId":"sess_0e234331-0804-49b2-b1a6-4ad458d727e5","turnId":"5d3536ae-8688-41e8-bcb9-68df979eec52","rootTurnId":"5d3536ae-8688-41e8-bcb9-68df979eec52"}
{"timestamp":"2026-08-24T10:28:14.942Z","level":"info","message":"fs.appendMessages.ok {\"system\":\"fs\",\"sessionId\":\"sess_0e234331-0804-49b2-b1a6-4ad458d727e5\",\"messageCount\":1,\"durationMs\":3}","conversationId":"sess_0e234331-0804-49b2-b1a6-4ad458d727e5","turnId":"5d3536ae-8688-41e8-bcb9-68df979eec52","rootTurnId":"5d3536ae-8688-41e8-bcb9-68df979eec52"}
{"timestamp":"2026-08-24T10:28:16.016Z","level":"info","message":"fs.appendMessages.ok {\"system\":\"fs\",\"sessionId\":\"sess_0e234331-0804-49b2-b1a6-4ad458d727e5\",\"messageCount\":1,\"durationMs\":2}","conversationId":"sess_0e234331-0804-49b2-b1a6-4ad458d727e5","turnId":"5d3536ae-8688-41e8-bcb9-68df979eec52","rootTurnId":"5d3536ae-8688-41e8-bcb9-68df979eec52"}
{"timestamp":"2026-08-24T10:28:16.016Z","level":"info","message":"[ACP ToolApproval] Got response: {\"optionId\":\"always-accept\",\"outcome\":\"selected\"}","conversationId":"sess_0e234331-0804-49b2-b1a6-4ad458d727e5","turnId":"5d3536ae-8688-41e8-bcb9-68df979eec52","rootTurnId":"5d3536ae-8688-41e8-bcb9-68df979eec52"}
{"timestamp":"2026-08-24T10:28:16.240Z","level":"info","message":"[PolicySession] rebuild() complete: 17 rules parsed, engineActive=true, fatal=false","conversationId":"sess_0e234331-0804-49b2-b1a6-4ad458d727e5","turnId":"5d3536ae-8688-41e8-bcb9-68df979eec52","rootTurnId":"5d3536ae-8688-41e8-bcb9-68df979eec52"}
{"timestamp":"2026-08-24T10:28:16.240Z","level":"info","message":"[PolicySession] Persisted allow rule for shell matching \"Set-Content \"src\\pages\\Dashboard.tsx\" -Value $content -Encoding UTF8\" at scope=user","conversationId":"sess_0e234331-0804-49b2-b1a6-4ad458d727e5","turnId":"5d3536ae-8688-41e8-bcb9-68df979eec52","rootTurnId":"5d3536ae-8688-41e8-bcb9-68df979eec52"}
{"timestamp":"2026-08-24T10:28:16.276Z","level":"info","message":"[ACP ToolApproval] Requesting permission for toolId=run_command, operationId=run_command_tooluse_QySo0imx0ya5bxCkfGpDKx, sessionId=sess_0e234331-0804-49b2-b1a6-4ad458d727e5","conversationId":"sess_0e234331-0804-49b2-b1a6-4ad458d727e5","turnId":"5d3536ae-8688-41e8-bcb9-68df979eec52","rootTurnId":"5d3536ae-8688-41e8-bcb9-68df979eec52"}
{"timestamp":"2026-08-24T10:28:16.279Z","level":"info","message":"fs.appendMessages.ok {\"system\":\"fs\",\"sessionId\":\"sess_0e234331-0804-49b2-b1a6-4ad458d727e5\",\"messageCount\":1,\"durationMs\":3}","conversationId":"sess_0e234331-0804-49b2-b1a6-4ad458d727e5","turnId":"5d3536ae-8688-41e8-bcb9-68df979eec52","rootTurnId":"5d3536ae-8688-41e8-bcb9-68df979eec52"}
{"timestamp":"2026-08-24T10:28:17.248Z","level":"info","message":"fs.appendMessages.ok {\"system\":\"fs\",\"sessionId\":\"sess_0e234331-0804-49b2-b1a6-4ad458d727e5\",\"messageCount\":1,\"durationMs\":2}","conversationId":"sess_0e234331-0804-49b2-b1a6-4ad458d727e5","turnId":"5d3536ae-8688-41e8-bcb9-68df979eec52","rootTurnId":"5d3536ae-8688-41e8-bcb9-68df979eec52"}
{"timestamp":"2026-08-24T10:28:17.248Z","level":"info","message":"[ACP ToolApproval] Got response: {\"optionId\":\"always-accept\",\"outcome\":\"selected\"}","conversationId":"sess_0e234331-0804-49b2-b1a6-4ad458d727e5","turnId":"5d3536ae-8688-41e8-bcb9-68df979eec52","rootTurnId":"5d3536ae-8688-41e8-bcb9-68df979eec52"}
{"timestamp":"2026-08-24T10:28:17.473Z","level":"info","message":"[PolicySession] rebuild() complete: 17 rules parsed, engineActive=true, fatal=false","conversationId":"sess_0e234331-0804-49b2-b1a6-4ad458d727e5","turnId":"5d3536ae-8688-41e8-bcb9-68df979eec52","rootTurnId":"5d3536ae-8688-41e8-bcb9-68df979eec52"}
{"timestamp":"2026-08-24T10:28:17.473Z","level":"info","message":"[PolicySession] Persisted allow rule for shell matching \"Get-Content \"src\\pages\\Alerts.tsx\" -Raw\" at scope=user","conversationId":"sess_0e234331-0804-49b2-b1a6-4ad458d727e5","turnId":"5d3536ae-8688-41e8-bcb9-68df979eec52","rootTurnId":"5d3536ae-8688-41e8-bcb9-68df979eec52"}
{"timestamp":"2026-08-24T10:28:17.508Z","level":"info","message":"[ACP ToolApproval] Requesting permission for toolId=run_command, operationId=run_command_tooluse_QySo0imx0ya5bxCkfGpDKx, sessionId=sess_0e234331-0804-49b2-b1a6-4ad458d727e5","conversationId":"sess_0e234331-0804-49b2-b1a6-4ad458d727e5","turnId":"5d3536ae-8688-41e8-bcb9-68df979eec52","rootTurnId":"5d3536ae-8688-41e8-bcb9-68df979eec52"}
{"timestamp":"2026-08-24T10:28:17.513Z","level":"info","message":"fs.appendMessages.ok {\"system\":\"fs\",\"sessionId\":\"sess_0e234331-0804-49b2-b1a6-4ad458d727e5\",\"messageCount\":1,\"durationMs\":5}","conversationId":"sess_0e234331-0804-49b2-b1a6-4ad458d727e5","turnId":"5d3536ae-8688-41e8-bcb9-68df979eec52","rootTurnId":"5d3536ae-8688-41e8-bcb9-68df979eec52"}
{"timestamp":"2026-08-24T10:28:18.376Z","level":"info","message":"fs.appendMessages.ok {\"system\":\"fs\",\"sessionId\":\"sess_0e234331-0804-49b2-b1a6-4ad458d727e5\",\"messageCount\":1,\"durationMs\":2}","conversationId":"sess_0e234331-0804-49b2-b1a6-4ad458d727e5","turnId":"5d3536ae-8688-41e8-bcb9-68df979eec52","rootTurnId":"5d3536ae-8688-41e8-bcb9-68df979eec52"}
{"timestamp":"2026-08-24T10:28:18.376Z","level":"info","message":"[ACP ToolApproval] Got response: {\"optionId\":\"always-accept\",\"outcome\":\"selected\"}","conversationId":"sess_0e234331-0804-49b2-b1a6-4ad458d727e5","turnId":"5d3536ae-8688-41e8-bcb9-68df979eec52","rootTurnId":"5d3536ae-8688-41e8-bcb9-68df979eec52"}
{"timestamp":"2026-08-24T10:28:18.602Z","level":"info","message":"[PolicySession] rebuild() complete: 17 rules parsed, engineActive=true, fatal=false","conversationId":"sess_0e234331-0804-49b2-b1a6-4ad458d727e5","turnId":"5d3536ae-8688-41e8-bcb9-68df979eec52","rootTurnId":"5d3536ae-8688-41e8-bcb9-68df979eec52"}
{"timestamp":"2026-08-24T10:28:18.602Z","level":"info","message":"[PolicySession] Persisted allow rule for shell matching \"Set-Content \"src\\pages\\Alerts.tsx\" -Value $content -Encoding UTF8\" at scope=user","conversationId":"sess_0e234331-0804-49b2-b1a6-4ad458d727e5","turnId":"5d3536ae-8688-41e8-bcb9-68df979eec52","rootTurnId":"5d3536ae-8688-41e8-bcb9-68df979eec52"}
{"timestamp":"2026-08-24T10:28:18.638Z","level":"info","message":"[ACP ToolApproval] Requesting permission for toolId=run_command, operationId=run_command_tooluse_QySo0imx0ya5bxCkfGpDKx, sessionId=sess_0e234331-0804-49b2-b1a6-4ad458d727e5","conversationId":"sess_0e234331-0804-49b2-b1a6-4ad458d727e5","turnId":"5d3536ae-8688-41e8-bcb9-68df979eec52","rootTurnId":"5d3536ae-8688-41e8-bcb9-68df979eec52"}
{"timestamp":"2026-08-24T10:28:18.641Z","level":"info","message":"fs.appendMessages.ok {\"system\":\"fs\",\"sessionId\":\"sess_0e234331-0804-49b2-b1a6-4ad458d727e5\",\"messageCount\":1,\"durationMs\":3}","conversationId":"sess_0e234331-0804-49b2-b1a6-4ad458d727e5","turnId":"5d3536ae-8688-41e8-bcb9-68df979eec52","rootTurnId":"5d3536ae-8688-41e8-bcb9-68df979eec52"}
{"timestamp":"2026-08-24T10:28:19.640Z","level":"info","message":"fs.appendMessages.ok {\"system\":\"fs\",\"sessionId\":\"sess_0e234331-0804-49b2-b1a6-4ad458d727e5\",\"messageCount\":1,\"durationMs\":2}","conversationId":"sess_0e234331-0804-49b2-b1a6-4ad458d727e5","turnId":"5d3536ae-8688-41e8-bcb9-68df979eec52","rootTurnId":"5d3536ae-8688-41e8-bcb9-68df979eec52"}
{"timestamp":"2026-08-24T10:28:19.640Z","level":"info","message":"[ACP ToolApproval] Got response: {\"optionId\":\"always-accept\",\"outcome\":\"selected\"}","conversationId":"sess_0e234331-0804-49b2-b1a6-4ad458d727e5","turnId":"5d3536ae-8688-41e8-bcb9-68df979eec52","rootTurnId":"5d3536ae-8688-41e8-bcb9-68df979eec52"}
{"timestamp":"2026-08-24T10:28:19.868Z","level":"info","message":"[PolicySession] rebuild() complete: 17 rules parsed, engineActive=true, fatal=false","conversationId":"sess_0e234331-0804-49b2-b1a6-4ad458d727e5","turnId":"5d3536ae-8688-41e8-bcb9-68df979eec52","rootTurnId":"5d3536ae-8688-41e8-bcb9-68df979eec52"}
{"timestamp":"2026-08-24T10:28:19.868Z","level":"info","message":"[PolicySession] Persisted allow rule for shell matching \"Get-Content \"src\\pages\\Assets.tsx\" -Raw\" at scope=user","conversationId":"sess_0e234331-0804-49b2-b1a6-4ad458d727e5","turnId":"5d3536ae-8688-41e8-bcb9-68df979eec52","rootTurnId":"5d3536ae-8688-41e8-bcb9-68df979eec52"}
{"timestamp":"2026-08-24T10:28:19.904Z","level":"info","message":"[ACP ToolApproval] Requesting permission for toolId=run_command, operationId=run_command_tooluse_QySo0imx0ya5bxCkfGpDKx, sessionId=sess_0e234331-0804-49b2-b1a6-4ad458d727e5","conversationId":"sess_0e234331-0804-49b2-b1a6-4ad458d727e5","turnId":"5d3536ae-8688-41e8-bcb9-68df979eec52","rootTurnId":"5d3536ae-8688-41e8-bcb9-68df979eec52"}
{"timestamp":"2026-08-24T10:28:19.907Z","level":"info","message":"fs.appendMessages.ok {\"system\":\"fs\",\"sessionId\":\"sess_0e234331-0804-49b2-b1a6-4ad458d727e5\",\"messageCount\":1,\"durationMs\":3}","conversationId":"sess_0e234331-0804-49b2-b1a6-4ad458d727e5","turnId":"5d3536ae-8688-41e8-bcb9-68df979eec52","rootTurnId":"5d3536ae-8688-41e8-bcb9-68df979eec52"}
{"timestamp":"2026-08-24T10:28:20.784Z","level":"info","message":"fs.appendMessages.ok {\"system\":\"fs\",\"sessionId\":\"sess_0e234331-0804-49b2-b1a6-4ad458d727e5\",\"messageCount\":1,\"durationMs\":2}","conversationId":"sess_0e234331-0804-49b2-b1a6-4ad458d727e5","turnId":"5d3536ae-8688-41e8-bcb9-68df979eec52","rootTurnId":"5d3536ae-8688-41e8-bcb9-68df979eec52"}
{"timestamp":"2026-08-24T10:28:20.784Z","level":"info","message":"[ACP ToolApproval] Got response: {\"optionId\":\"always-accept\",\"outcome\":\"selected\"}","conversationId":"sess_0e234331-0804-49b2-b1a6-4ad458d727e5","turnId":"5d3536ae-8688-41e8-bcb9-68df979eec52","rootTurnId":"5d3536ae-8688-41e8-bcb9-68df979eec52"}
{"timestamp":"2026-08-24T10:28:21.013Z","level":"info","message":"[PolicySession] rebuild() complete: 17 rules parsed, engineActive=true, fatal=false","conversationId":"sess_0e234331-0804-49b2-b1a6-4ad458d727e5","turnId":"5d3536ae-8688-41e8-bcb9-68df979eec52","rootTurnId":"5d3536ae-8688-41e8-bcb9-68df979eec52"}
{"timestamp":"2026-08-24T10:28:21.013Z","level":"info","message":"[PolicySession] Persisted allow rule for shell matching \"Set-Content \"src\\pages\\Assets.tsx\" -Value $content -Encoding UTF8\" at scope=user","conversationId":"sess_0e234331-0804-49b2-b1a6-4ad458d727e5","turnId":"5d3536ae-8688-41e8-bcb9-68df979eec52","rootTurnId":"5d3536ae-8688-41e8-bcb9-68df979eec52"}
{"timestamp":"2026-08-24T10:28:21.049Z","level":"info","message":"[ACP ToolApproval] Requesting permission for toolId=run_command, operationId=run_command_tooluse_QySo0imx0ya5bxCkfGpDKx, sessionId=sess_0e234331-0804-49b2-b1a6-4ad458d727e5","conversationId":"sess_0e234331-0804-49b2-b1a6-4ad458d727e5","turnId":"5d3536ae-8688-41e8-bcb9-68df979eec52","rootTurnId":"5d3536ae-8688-41e8-bcb9-68df979eec52"}
{"timestamp":"2026-08-24T10:28:21.055Z","level":"info","message":"fs.appendMessages.ok {\"system\":\"fs\",\"sessionId\":\"sess_0e234331-0804-49b2-b1a6-4ad458d727e5\",\"messageCount\":1,\"durationMs\":6}","conversationId":"sess_0e234331-0804-49b2-b1a6-4ad458d727e5","turnId":"5d3536ae-8688-41e8-bcb9-68df979eec52","rootTurnId":"5d3536ae-8688-41e8-bcb9-68df979eec52"}
{"timestamp":"2026-08-24T10:28:21.871Z","level":"info","message":"fs.appendMessages.ok {\"system\":\"fs\",\"sessionId\":\"sess_0e234331-0804-49b2-b1a6-4ad458d727e5\",\"messageCount\":1,\"durationMs\":1}","conversationId":"sess_0e234331-0804-49b2-b1a6-4ad458d727e5","turnId":"5d3536ae-8688-41e8-bcb9-68df979eec52","rootTurnId":"5d3536ae-8688-41e8-bcb9-68df979eec52"}
{"timestamp":"2026-08-24T10:28:21.872Z","level":"info","message":"[ACP ToolApproval] Got response: {\"optionId\":\"always-accept\",\"outcome\":\"selected\"}","conversationId":"sess_0e234331-0804-49b2-b1a6-4ad458d727e5","turnId":"5d3536ae-8688-41e8-bcb9-68df979eec52","rootTurnId":"5d3536ae-8688-41e8-bcb9-68df979eec52"}
{"timestamp":"2026-08-24T10:28:22.102Z","level":"info","message":"[PolicySession] rebuild() complete: 17 rules parsed, engineActive=true, fatal=false","conversationId":"sess_0e234331-0804-49b2-b1a6-4ad458d727e5","turnId":"5d3536ae-8688-41e8-bcb9-68df979eec52","rootTurnId":"5d3536ae-8688-41e8-bcb9-68df979eec52"}
{"timestamp":"2026-08-24T10:28:22.102Z","level":"info","message":"[PolicySession] Persisted allow rule for shell matching \"Get-Content \"src\\pages\\FbgMonitoring.tsx\" -Raw\" at scope=user","conversationId":"sess_0e234331-0804-49b2-b1a6-4ad458d727e5","turnId":"5d3536ae-8688-41e8-bcb9-68df979eec52","rootTurnId":"5d3536ae-8688-41e8-bcb9-68df979eec52"}
{"timestamp":"2026-08-24T10:28:22.138Z","level":"info","message":"[ACP ToolApproval] Requesting permission for toolId=run_command, operationId=run_command_tooluse_QySo0imx0ya5bxCkfGpDKx, sessionId=sess_0e234331-0804-49b2-b1a6-4ad458d727e5","conversationId":"sess_0e234331-0804-49b2-b1a6-4ad458d727e5","turnId":"5d3536ae-8688-41e8-bcb9-68df979eec52","rootTurnId":"5d3536ae-8688-41e8-bcb9-68df979eec52"}
{"timestamp":"2026-08-24T10:28:22.141Z","level":"info","message":"fs.appendMessages.ok {\"system\":\"fs\",\"sessionId\":\"sess_0e234331-0804-49b2-b1a6-4ad458d727e5\",\"messageCount\":1,\"durationMs\":3}","conversationId":"sess_0e234331-0804-49b2-b1a6-4ad458d727e5","turnId":"5d3536ae-8688-41e8-bcb9-68df979eec52","rootTurnId":"5d3536ae-8688-41e8-bcb9-68df979eec52"}
{"timestamp":"2026-08-24T10:28:22.904Z","level":"info","message":"fs.appendMessages.ok {\"system\":\"fs\",\"sessionId\":\"sess_0e234331-0804-49b2-b1a6-4ad458d727e5\",\"messageCount\":1,\"durationMs\":2}","conversationId":"sess_0e234331-0804-49b2-b1a6-4ad458d727e5","turnId":"5d3536ae-8688-41e8-bcb9-68df979eec52","rootTurnId":"5d3536ae-8688-41e8-bcb9-68df979eec52"}
{"timestamp":"2026-08-24T10:28:22.904Z","level":"info","message":"[ACP ToolApproval] Got response: {\"optionId\":\"always-accept\",\"outcome\":\"selected\"}","conversationId":"sess_0e234331-0804-49b2-b1a6-4ad458d727e5","turnId":"5d3536ae-8688-41e8-bcb9-68df979eec52","rootTurnId":"5d3536ae-8688-41e8-bcb9-68df979eec52"}
{"timestamp":"2026-08-24T10:28:23.136Z","level":"info","message":"[PolicySession] rebuild() complete: 17 rules parsed, engineActive=true, fatal=false","conversationId":"sess_0e234331-0804-49b2-b1a6-4ad458d727e5","turnId":"5d3536ae-8688-41e8-bcb9-68df979eec52","rootTurnId":"5d3536ae-8688-41e8-bcb9-68df979eec52"}
{"timestamp":"2026-08-24T10:28:23.136Z","level":"info","message":"[PolicySession] Persisted allow rule for shell matching \"Set-Content \"src\\pages\\FbgMonitoring.tsx\" -Value $content -Encoding UTF8\" at scope=user","conversationId":"sess_0e234331-0804-49b2-b1a6-4ad458d727e5","turnId":"5d3536ae-8688-41e8-bcb9-68df979eec52","rootTurnId":"5d3536ae-8688-41e8-bcb9-68df979eec52"}
{"timestamp":"2026-08-24T10:28:23.172Z","level":"info","message":"[ACP ToolApproval] Requesting permission for toolId=run_command, operationId=run_command_tooluse_QySo0imx0ya5bxCkfGpDKx, sessionId=sess_0e234331-0804-49b2-b1a6-4ad458d727e5","conversationId":"sess_0e234331-0804-49b2-b1a6-4ad458d727e5","turnId":"5d3536ae-8688-41e8-bcb9-68df979eec52","rootTurnId":"5d3536ae-8688-41e8-bcb9-68df979eec52"}
{"timestamp":"2026-08-24T10:28:23.175Z","level":"info","message":"fs.appendMessages.ok {\"system\":\"fs\",\"sessionId\":\"sess_0e234331-0804-49b2-b1a6-4ad458d727e5\",\"messageCount\":1,\"durationMs\":3}","conversationId":"sess_0e234331-0804-49b2-b1a6-4ad458d727e5","turnId":"5d3536ae-8688-41e8-bcb9-68df979eec52","rootTurnId":"5d3536ae-8688-41e8-bcb9-68df979eec52"}
{"timestamp":"2026-08-24T10:28:23.991Z","level":"info","message":"fs.appendMessages.ok {\"system\":\"fs\",\"sessionId\":\"sess_0e234331-0804-49b2-b1a6-4ad458d727e5\",\"messageCount\":1,\"durationMs\":2}","conversationId":"sess_0e234331-0804-49b2-b1a6-4ad458d727e5","turnId":"5d3536ae-8688-41e8-bcb9-68df979eec52","rootTurnId":"5d3536ae-8688-41e8-bcb9-68df979eec52"}
{"timestamp":"2026-08-24T10:28:23.992Z","level":"info","message":"[ACP ToolApproval] Got response: {\"optionId\":\"always-accept\",\"outcome\":\"selected\"}","conversationId":"sess_0e234331-0804-49b2-b1a6-4ad458d727e5","turnId":"5d3536ae-8688-41e8-bcb9-68df979eec52","rootTurnId":"5d3536ae-8688-41e8-bcb9-68df979eec52"}
{"timestamp":"2026-08-24T10:28:24.222Z","level":"info","message":"[PolicySession] rebuild() complete: 17 rules parsed, engineActive=true, fatal=false","conversationId":"sess_0e234331-0804-49b2-b1a6-4ad458d727e5","turnId":"5d3536ae-8688-41e8-bcb9-68df979eec52","rootTurnId":"5d3536ae-8688-41e8-bcb9-68df979eec52"}
{"timestamp":"2026-08-24T10:28:24.223Z","level":"info","message":"[PolicySession] Persisted allow rule for shell matching \"Write-Host \"Page fixes applied\"\" at scope=user","conversationId":"sess_0e234331-0804-49b2-b1a6-4ad458d727e5","turnId":"5d3536ae-8688-41e8-bcb9-68df979eec52","rootTurnId":"5d3536ae-8688-41e8-bcb9-68df979eec52"}
{"timestamp":"2026-08-24T10:28:24.231Z","level":"info","message":"[ACPEventAdapter] Execution resumed {\"executionId\":\"5d3536ae-8688-41e8-bcb9-68df979eec52\"}","conversationId":"sess_0e234331-0804-49b2-b1a6-4ad458d727e5","turnId":"5d3536ae-8688-41e8-bcb9-68df979eec52","rootTurnId":"5d3536ae-8688-41e8-bcb9-68df979eec52"}
{"timestamp":"2026-08-24T10:28:24.232Z","level":"info","message":"acp.policy-eval.complete {\"toolId\":\"list_directory\",\"effect\":\"allow\",\"capability\":\"fs_read\"}","conversationId":"sess_0e234331-0804-49b2-b1a6-4ad458d727e5","turnId":"5d3536ae-8688-41e8-bcb9-68df979eec52","rootTurnId":"5d3536ae-8688-41e8-bcb9-68df979eec52"}
{"timestamp":"2026-08-24T10:28:25.728Z","level":"info","message":"[AgentIterator] Parallel invoking agent","conversationId":"sess_0e234331-0804-49b2-b1a6-4ad458d727e5","turnId":"5d3536ae-8688-41e8-bcb9-68df979eec52","rootTurnId":"5d3536ae-8688-41e8-bcb9-68df979eec52"}
{"timestamp":"2026-08-24T10:28:25.728Z","level":"info","message":"[Steering] Populating steering for execution 5d3536ae-8688-41e8-bcb9-68df979eec52","conversationId":"sess_0e234331-0804-49b2-b1a6-4ad458d727e5","turnId":"5d3536ae-8688-41e8-bcb9-68df979eec52","rootTurnId":"5d3536ae-8688-41e8-bcb9-68df979eec52"}
{"timestamp":"2026-08-24T10:28:25.728Z","level":"info","message":"[Steering] ExistingFiles: /c:/Users/Student/.kiro/workspace-roots/regen-railway/vite.config.ts in 5d3536ae-8688-41e8-bcb9-68df979eec52","conversationId":"sess_0e234331-0804-49b2-b1a6-4ad458d727e5","turnId":"5d3536ae-8688-41e8-bcb9-68df979eec52","rootTurnId":"5d3536ae-8688-41e8-bcb9-68df979eec52"}
{"timestamp":"2026-08-24T10:28:25.731Z","level":"info","message":"[q-developer-converse] Sending GenerateAssistantResponse modelId=auto agentMode=vibe origin=AI_EDITOR streaming=true conversationId=sess_0e234331-0804-49b2-b1a6-4ad458d727e5","conversationId":"sess_0e234331-0804-49b2-b1a6-4ad458d727e5","turnId":"5d3536ae-8688-41e8-bcb9-68df979eec52","rootTurnId":"5d3536ae-8688-41e8-bcb9-68df979eec52"}
{"timestamp":"2026-08-24T10:28:25.732Z","level":"info","message":"[q-developer-converse] Request payload: 529574 chars, 134 history messages, conversationId=sess_0e234331-0804-49b2-b1a6-4ad458d727e5","conversationId":"sess_0e234331-0804-49b2-b1a6-4ad458d727e5","turnId":"5d3536ae-8688-41e8-bcb9-68df979eec52","rootTurnId":"5d3536ae-8688-41e8-bcb9-68df979eec52"}
{"timestamp":"2026-08-24T10:28:25.742Z","level":"info","message":"fs.appendMessages.ok {\"system\":\"fs\",\"sessionId\":\"sess_0e234331-0804-49b2-b1a6-4ad458d727e5\",\"messageCount\":2,\"durationMs\":18}","conversationId":"sess_0e234331-0804-49b2-b1a6-4ad458d727e5","turnId":"5d3536ae-8688-41e8-bcb9-68df979eec52","rootTurnId":"5d3536ae-8688-41e8-bcb9-68df979eec52"}
{"timestamp":"2026-08-24T10:28:29.661Z","level":"info","message":"[AgentIterator] Synchronizing results","conversationId":"sess_0e234331-0804-49b2-b1a6-4ad458d727e5","turnId":"5d3536ae-8688-41e8-bcb9-68df979eec52","rootTurnId":"5d3536ae-8688-41e8-bcb9-68df979eec52"}
{"timestamp":"2026-08-24T10:28:29.661Z","level":"info","message":"[AgentIterator] Processing intent detection result","conversationId":"sess_0e234331-0804-49b2-b1a6-4ad458d727e5","turnId":"5d3536ae-8688-41e8-bcb9-68df979eec52","rootTurnId":"5d3536ae-8688-41e8-bcb9-68df979eec52"}
{"timestamp":"2026-08-24T10:28:29.661Z","level":"info","message":"[ChatAgent] Processing model response stream","conversationId":"sess_0e234331-0804-49b2-b1a6-4ad458d727e5","turnId":"5d3536ae-8688-41e8-bcb9-68df979eec52","rootTurnId":"5d3536ae-8688-41e8-bcb9-68df979eec52"}
{"timestamp":"2026-08-24T10:28:29.661Z","level":"info","message":"[Steering] Populating steering for execution 5d3536ae-8688-41e8-bcb9-68df979eec52","conversationId":"sess_0e234331-0804-49b2-b1a6-4ad458d727e5","turnId":"5d3536ae-8688-41e8-bcb9-68df979eec52","rootTurnId":"5d3536ae-8688-41e8-bcb9-68df979eec52"}
{"timestamp":"2026-08-24T10:28:29.662Z","level":"info","message":"[Steering] ExistingFiles: /c:/Users/Student/.kiro/workspace-roots/regen-railway/vite.config.ts in 5d3536ae-8688-41e8-bcb9-68df979eec52","conversationId":"sess_0e234331-0804-49b2-b1a6-4ad458d727e5","turnId":"5d3536ae-8688-41e8-bcb9-68df979eec52","rootTurnId":"5d3536ae-8688-41e8-bcb9-68df979eec52"}
{"timestamp":"2026-08-24T10:28:34.658Z","level":"info","message":"[ACPEventAdapter] Execution yielded {\"executionId\":\"5d3536ae-8688-41e8-bcb9-68df979eec52\"}","conversationId":"sess_0e234331-0804-49b2-b1a6-4ad458d727e5","turnId":"5d3536ae-8688-41e8-bcb9-68df979eec52","rootTurnId":"5d3536ae-8688-41e8-bcb9-68df979eec52"}
{"timestamp":"2026-08-24T10:28:34.665Z","level":"info","message":"acp.policy-eval.complete {\"toolId\":\"run_command\",\"effect\":\"ask\"}","conversationId":"sess_0e234331-0804-49b2-b1a6-4ad458d727e5","turnId":"5d3536ae-8688-41e8-bcb9-68df979eec52","rootTurnId":"5d3536ae-8688-41e8-bcb9-68df979eec52"}
{"timestamp":"2026-08-24T10:28:34.701Z","level":"info","message":"[ACP ToolApproval] Requesting permission for toolId=run_command, operationId=run_command_tooluse_ktZFuAEikEIC4t5KrkyrOC, sessionId=sess_0e234331-0804-49b2-b1a6-4ad458d727e5","conversationId":"sess_0e234331-0804-49b2-b1a6-4ad458d727e5","turnId":"5d3536ae-8688-41e8-bcb9-68df979eec52","rootTurnId":"5d3536ae-8688-41e8-bcb9-68df979eec52"}
{"timestamp":"2026-08-24T10:28:34.707Z","level":"info","message":"fs.appendMessages.ok {\"system\":\"fs\",\"sessionId\":\"sess_0e234331-0804-49b2-b1a6-4ad458d727e5\",\"messageCount\":1,\"durationMs\":5}","conversationId":"sess_0e234331-0804-49b2-b1a6-4ad458d727e5","turnId":"5d3536ae-8688-41e8-bcb9-68df979eec52","rootTurnId":"5d3536ae-8688-41e8-bcb9-68df979eec52"}
{"timestamp":"2026-08-24T10:28:34.717Z","level":"info","message":"fs.appendMessages.ok {\"system\":\"fs\",\"sessionId\":\"sess_0e234331-0804-49b2-b1a6-4ad458d727e5\",\"messageCount\":1,\"durationMs\":10}","conversationId":"sess_0e234331-0804-49b2-b1a6-4ad458d727e5","turnId":"5d3536ae-8688-41e8-bcb9-68df979eec52","rootTurnId":"5d3536ae-8688-41e8-bcb9-68df979eec52"}
{"timestamp":"2026-08-24T10:28:34.726Z","level":"info","message":"fs.appendMessages.ok {\"system\":\"fs\",\"sessionId\":\"sess_0e234331-0804-49b2-b1a6-4ad458d727e5\",\"messageCount\":1,\"durationMs\":9}","conversationId":"sess_0e234331-0804-49b2-b1a6-4ad458d727e5","turnId":"5d3536ae-8688-41e8-bcb9-68df979eec52","rootTurnId":"5d3536ae-8688-41e8-bcb9-68df979eec52"}
{"timestamp":"2026-08-24T10:28:41.200Z","level":"info","message":"fs.appendMessages.ok {\"system\":\"fs\",\"sessionId\":\"sess_0e234331-0804-49b2-b1a6-4ad458d727e5\",\"messageCount\":1,\"durationMs\":2}","conversationId":"sess_0e234331-0804-49b2-b1a6-4ad458d727e5","turnId":"5d3536ae-8688-41e8-bcb9-68df979eec52","rootTurnId":"5d3536ae-8688-41e8-bcb9-68df979eec52"}
{"timestamp":"2026-08-24T10:28:41.200Z","level":"info","message":"[ACP ToolApproval] Got response: {\"optionId\":\"always-accept\",\"outcome\":\"selected\"}","conversationId":"sess_0e234331-0804-49b2-b1a6-4ad458d727e5","turnId":"5d3536ae-8688-41e8-bcb9-68df979eec52","rootTurnId":"5d3536ae-8688-41e8-bcb9-68df979eec52"}
{"timestamp":"2026-08-24T10:28:41.431Z","level":"info","message":"[PolicySession] rebuild() complete: 17 rules parsed, engineActive=true, fatal=false","conversationId":"sess_0e234331-0804-49b2-b1a6-4ad458d727e5","turnId":"5d3536ae-8688-41e8-bcb9-68df979eec52","rootTurnId":"5d3536ae-8688-41e8-bcb9-68df979eec52"}
{"timestamp":"2026-08-24T10:28:41.431Z","level":"info","message":"[PolicySession] Persisted allow rule for shell matching \"Get-Content \"src\\pages\\Inspections.tsx\" -Raw\" at scope=user","conversationId":"sess_0e234331-0804-49b2-b1a6-4ad458d727e5","turnId":"5d3536ae-8688-41e8-bcb9-68df979eec52","rootTurnId":"5d3536ae-8688-41e8-bcb9-68df979eec52"}
{"timestamp":"2026-08-24T10:28:41.472Z","level":"info","message":"[ACP ToolApproval] Requesting permission for toolId=run_command, operationId=run_command_tooluse_ktZFuAEikEIC4t5KrkyrOC, sessionId=sess_0e234331-0804-49b2-b1a6-4ad458d727e5","conversationId":"sess_0e234331-0804-49b2-b1a6-4ad458d727e5","turnId":"5d3536ae-8688-41e8-bcb9-68df979eec52","rootTurnId":"5d3536ae-8688-41e8-bcb9-68df979eec52"}
{"timestamp":"2026-08-24T10:28:41.475Z","level":"info","message":"fs.appendMessages.ok {\"system\":\"fs\",\"sessionId\":\"sess_0e234331-0804-49b2-b1a6-4ad458d727e5\",\"messageCount\":1,\"durationMs\":3}","conversationId":"sess_0e234331-0804-49b2-b1a6-4ad458d727e5","turnId":"5d3536ae-8688-41e8-bcb9-68df979eec52","rootTurnId":"5d3536ae-8688-41e8-bcb9-68df979eec52"}
{"timestamp":"2026-08-24T10:28:42.719Z","level":"info","message":"fs.appendMessages.ok {\"system\":\"fs\",\"sessionId\":\"sess_0e234331-0804-49b2-b1a6-4ad458d727e5\",\"messageCount\":1,\"durationMs\":2}","conversationId":"sess_0e234331-0804-49b2-b1a6-4ad458d727e5","turnId":"5d3536ae-8688-41e8-bcb9-68df979eec52","rootTurnId":"5d3536ae-8688-41e8-bcb9-68df979eec52"}
{"timestamp":"2026-08-24T10:28:42.720Z","level":"info","message":"[ACP ToolApproval] Got response: {\"optionId\":\"always-accept\",\"outcome\":\"selected\"}","conversationId":"sess_0e234331-0804-49b2-b1a6-4ad458d727e5","turnId":"5d3536ae-8688-41e8-bcb9-68df979eec52","rootTurnId":"5d3536ae-8688-41e8-bcb9-68df979eec52"}
{"timestamp":"2026-08-24T10:28:42.954Z","level":"info","message":"[PolicySession] rebuild() complete: 17 rules parsed, engineActive=true, fatal=false","conversationId":"sess_0e234331-0804-49b2-b1a6-4ad458d727e5","turnId":"5d3536ae-8688-41e8-bcb9-68df979eec52","rootTurnId":"5d3536ae-8688-41e8-bcb9-68df979eec52"}
{"timestamp":"2026-08-24T10:28:42.954Z","level":"info","message":"[PolicySession] Persisted allow rule for shell matching \"Set-Content \"src\\pages\\Inspections.tsx\" -Value $content -Encoding UTF8\" at scope=user","conversationId":"sess_0e234331-0804-49b2-b1a6-4ad458d727e5","turnId":"5d3536ae-8688-41e8-bcb9-68df979eec52","rootTurnId":"5d3536ae-8688-41e8-bcb9-68df979eec52"}
{"timestamp":"2026-08-24T10:28:42.994Z","level":"info","message":"[ACP ToolApproval] Requesting permission for toolId=run_command, operationId=run_command_tooluse_ktZFuAEikEIC4t5KrkyrOC, sessionId=sess_0e234331-0804-49b2-b1a6-4ad458d727e5","conversationId":"sess_0e234331-0804-49b2-b1a6-4ad458d727e5","turnId":"5d3536ae-8688-41e8-bcb9-68df979eec52","rootTurnId":"5d3536ae-8688-41e8-bcb9-68df979eec52"}
{"timestamp":"2026-08-24T10:28:42.997Z","level":"info","message":"fs.appendMessages.ok {\"system\":\"fs\",\"sessionId\":\"sess_0e234331-0804-49b2-b1a6-4ad458d727e5\",\"messageCount\":1,\"durationMs\":3}","conversationId":"sess_0e234331-0804-49b2-b1a6-4ad458d727e5","turnId":"5d3536ae-8688-41e8-bcb9-68df979eec52","rootTurnId":"5d3536ae-8688-41e8-bcb9-68df979eec52"}
{"timestamp":"2026-08-24T10:28:43.927Z","level":"info","message":"fs.appendMessages.ok {\"system\":\"fs\",\"sessionId\":\"sess_0e234331-0804-49b2-b1a6-4ad458d727e5\",\"messageCount\":1,\"durationMs\":1}","conversationId":"sess_0e234331-0804-49b2-b1a6-4ad458d727e5","turnId":"5d3536ae-8688-41e8-bcb9-68df979eec52","rootTurnId":"5d3536ae-8688-41e8-bcb9-68df979eec52"}
{"timestamp":"2026-08-24T10:28:43.928Z","level":"info","message":"[ACP ToolApproval] Got response: {\"optionId\":\"always-accept\",\"outcome\":\"selected\"}","conversationId":"sess_0e234331-0804-49b2-b1a6-4ad458d727e5","turnId":"5d3536ae-8688-41e8-bcb9-68df979eec52","rootTurnId":"5d3536ae-8688-41e8-bcb9-68df979eec52"}
{"timestamp":"2026-08-24T10:28:44.159Z","level":"info","message":"[PolicySession] rebuild() complete: 17 rules parsed, engineActive=true, fatal=false","conversationId":"sess_0e234331-0804-49b2-b1a6-4ad458d727e5","turnId":"5d3536ae-8688-41e8-bcb9-68df979eec52","rootTurnId":"5d3536ae-8688-41e8-bcb9-68df979eec52"}
{"timestamp":"2026-08-24T10:28:44.159Z","level":"info","message":"[PolicySession] Persisted allow rule for shell matching \"Get-Content \"src\\pages\\Maintenance.tsx\" -Raw\" at scope=user","conversationId":"sess_0e234331-0804-49b2-b1a6-4ad458d727e5","turnId":"5d3536ae-8688-41e8-bcb9-68df979eec52","rootTurnId":"5d3536ae-8688-41e8-bcb9-68df979eec52"}
{"timestamp":"2026-08-24T10:28:44.199Z","level":"info","message":"[ACP ToolApproval] Requesting permission for toolId=run_command, operationId=run_command_tooluse_ktZFuAEikEIC4t5KrkyrOC, sessionId=sess_0e234331-0804-49b2-b1a6-4ad458d727e5","conversationId":"sess_0e234331-0804-49b2-b1a6-4ad458d727e5","turnId":"5d3536ae-8688-41e8-bcb9-68df979eec52","rootTurnId":"5d3536ae-8688-41e8-bcb9-68df979eec52"}
{"timestamp":"2026-08-24T10:28:44.204Z","level":"info","message":"fs.appendMessages.ok {\"system\":\"fs\",\"sessionId\":\"sess_0e234331-0804-49b2-b1a6-4ad458d727e5\",\"messageCount\":1,\"durationMs\":5}","conversationId":"sess_0e234331-0804-49b2-b1a6-4ad458d727e5","turnId":"5d3536ae-8688-41e8-bcb9-68df979eec52","rootTurnId":"5d3536ae-8688-41e8-bcb9-68df979eec52"}
{"timestamp":"2026-08-24T10:28:45.759Z","level":"info","message":"fs.appendMessages.ok {\"system\":\"fs\",\"sessionId\":\"sess_0e234331-0804-49b2-b1a6-4ad458d727e5\",\"messageCount\":1,\"durationMs\":2}","conversationId":"sess_0e234331-0804-49b2-b1a6-4ad458d727e5","turnId":"5d3536ae-8688-41e8-bcb9-68df979eec52","rootTurnId":"5d3536ae-8688-41e8-bcb9-68df979eec52"}
{"timestamp":"2026-08-24T10:28:45.760Z","level":"info","message":"[ACP ToolApproval] Got response: {\"optionId\":\"always-accept\",\"outcome\":\"selected\"}","conversationId":"sess_0e234331-0804-49b2-b1a6-4ad458d727e5","turnId":"5d3536ae-8688-41e8-bcb9-68df979eec52","rootTurnId":"5d3536ae-8688-41e8-bcb9-68df979eec52"}
{"timestamp":"2026-08-24T10:28:45.995Z","level":"info","message":"[PolicySession] rebuild() complete: 17 rules parsed, engineActive=true, fatal=false","conversationId":"sess_0e234331-0804-49b2-b1a6-4ad458d727e5","turnId":"5d3536ae-8688-41e8-bcb9-68df979eec52","rootTurnId":"5d3536ae-8688-41e8-bcb9-68df979eec52"}
{"timestamp":"2026-08-24T10:28:45.995Z","level":"info","message":"[PolicySession] Persisted allow rule for shell matching \"Set-Content \"src\\pages\\Maintenance.tsx\" -Value $content -Encoding UTF8\" at scope=user","conversationId":"sess_0e234331-0804-49b2-b1a6-4ad458d727e5","turnId":"5d3536ae-8688-41e8-bcb9-68df979eec52","rootTurnId":"5d3536ae-8688-41e8-bcb9-68df979eec52"}
{"timestamp":"2026-08-24T10:28:46.035Z","level":"info","message":"[ACP ToolApproval] Requesting permission for toolId=run_command, operationId=run_command_tooluse_ktZFuAEikEIC4t5KrkyrOC, sessionId=sess_0e234331-0804-49b2-b1a6-4ad458d727e5","conversationId":"sess_0e234331-0804-49b2-b1a6-4ad458d727e5","turnId":"5d3536ae-8688-41e8-bcb9-68df979eec52","rootTurnId":"5d3536ae-8688-41e8-bcb9-68df979eec52"}
{"timestamp":"2026-08-24T10:28:46.040Z","level":"info","message":"fs.appendMessages.ok {\"system\":\"fs\",\"sessionId\":\"sess_0e234331-0804-49b2-b1a6-4ad458d727e5\",\"messageCount\":1,\"durationMs\":5}","conversationId":"sess_0e234331-0804-49b2-b1a6-4ad458d727e5","turnId":"5d3536ae-8688-41e8-bcb9-68df979eec52","rootTurnId":"5d3536ae-8688-41e8-bcb9-68df979eec52"}
{"timestamp":"2026-08-24T10:28:47.200Z","level":"info","message":"fs.appendMessages.ok {\"system\":\"fs\",\"sessionId\":\"sess_0e234331-0804-49b2-b1a6-4ad458d727e5\",\"messageCount\":1,\"durationMs\":2}","conversationId":"sess_0e234331-0804-49b2-b1a6-4ad458d727e5","turnId":"5d3536ae-8688-41e8-bcb9-68df979eec52","rootTurnId":"5d3536ae-8688-41e8-bcb9-68df979eec52"}
{"timestamp":"2026-08-24T10:28:47.200Z","level":"info","message":"[ACP ToolApproval] Got response: {\"optionId\":\"always-accept\",\"outcome\":\"selected\"}","conversationId":"sess_0e234331-0804-49b2-b1a6-4ad458d727e5","turnId":"5d3536ae-8688-41e8-bcb9-68df979eec52","rootTurnId":"5d3536ae-8688-41e8-bcb9-68df979eec52"}
{"timestamp":"2026-08-24T10:28:47.437Z","level":"info","message":"[PolicySession] rebuild() complete: 17 rules parsed, engineActive=true, fatal=false","conversationId":"sess_0e234331-0804-49b2-b1a6-4ad458d727e5","turnId":"5d3536ae-8688-41e8-bcb9-68df979eec52","rootTurnId":"5d3536ae-8688-41e8-bcb9-68df979eec52"}
{"timestamp":"2026-08-24T10:28:47.437Z","level":"info","message":"[PolicySession] Persisted allow rule for shell matching \"Get-Content \"src\\pages\\Network.tsx\" -Raw\" at scope=user","conversationId":"sess_0e234331-0804-49b2-b1a6-4ad458d727e5","turnId":"5d3536ae-8688-41e8-bcb9-68df979eec52","rootTurnId":"5d3536ae-8688-41e8-bcb9-68df979eec52"}
{"timestamp":"2026-08-24T10:28:47.478Z","level":"info","message":"[ACP ToolApproval] Requesting permission for toolId=run_command, operationId=run_command_tooluse_ktZFuAEikEIC4t5KrkyrOC, sessionId=sess_0e234331-0804-49b2-b1a6-4ad458d727e5","conversationId":"sess_0e234331-0804-49b2-b1a6-4ad458d727e5","turnId":"5d3536ae-8688-41e8-bcb9-68df979eec52","rootTurnId":"5d3536ae-8688-41e8-bcb9-68df979eec52"}
{"timestamp":"2026-08-24T10:28:47.481Z","level":"info","message":"fs.appendMessages.ok {\"system\":\"fs\",\"sessionId\":\"sess_0e234331-0804-49b2-b1a6-4ad458d727e5\",\"messageCount\":1,\"durationMs\":3}","conversationId":"sess_0e234331-0804-49b2-b1a6-4ad458d727e5","turnId":"5d3536ae-8688-41e8-bcb9-68df979eec52","rootTurnId":"5d3536ae-8688-41e8-bcb9-68df979eec52"}
{"timestamp":"2026-08-24T10:28:49.600Z","level":"info","message":"fs.appendMessages.ok {\"system\":\"fs\",\"sessionId\":\"sess_0e234331-0804-49b2-b1a6-4ad458d727e5\",\"messageCount\":1,\"durationMs\":2}","conversationId":"sess_0e234331-0804-49b2-b1a6-4ad458d727e5","turnId":"5d3536ae-8688-41e8-bcb9-68df979eec52","rootTurnId":"5d3536ae-8688-41e8-bcb9-68df979eec52"}
{"timestamp":"2026-08-24T10:28:49.600Z","level":"info","message":"[ACP ToolApproval] Got response: {\"optionId\":\"always-accept\",\"outcome\":\"selected\"}","conversationId":"sess_0e234331-0804-49b2-b1a6-4ad458d727e5","turnId":"5d3536ae-8688-41e8-bcb9-68df979eec52","rootTurnId":"5d3536ae-8688-41e8-bcb9-68df979eec52"}
{"timestamp":"2026-08-24T10:28:49.839Z","level":"info","message":"[PolicySession] rebuild() complete: 17 rules parsed, engineActive=true, fatal=false","conversationId":"sess_0e234331-0804-49b2-b1a6-4ad458d727e5","turnId":"5d3536ae-8688-41e8-bcb9-68df979eec52","rootTurnId":"5d3536ae-8688-41e8-bcb9-68df979eec52"}
{"timestamp":"2026-08-24T10:28:49.839Z","level":"info","message":"[PolicySession] Persisted allow rule for shell matching \"Set-Content \"src\\pages\\Network.tsx\" -Value $content -Encoding UTF8\" at scope=user","conversationId":"sess_0e234331-0804-49b2-b1a6-4ad458d727e5","turnId":"5d3536ae-8688-41e8-bcb9-68df979eec52","rootTurnId":"5d3536ae-8688-41e8-bcb9-68df979eec52"}
{"timestamp":"2026-08-24T10:28:49.879Z","level":"info","message":"[ACP ToolApproval] Requesting permission for toolId=run_command, operationId=run_command_tooluse_ktZFuAEikEIC4t5KrkyrOC, sessionId=sess_0e234331-0804-49b2-b1a6-4ad458d727e5","conversationId":"sess_0e234331-0804-49b2-b1a6-4ad458d727e5","turnId":"5d3536ae-8688-41e8-bcb9-68df979eec52","rootTurnId":"5d3536ae-8688-41e8-bcb9-68df979eec52"}
{"timestamp":"2026-08-24T10:28:49.883Z","level":"info","message":"fs.appendMessages.ok {\"system\":\"fs\",\"sessionId\":\"sess_0e234331-0804-49b2-b1a6-4ad458d727e5\",\"messageCount\":1,\"durationMs\":3}","conversationId":"sess_0e234331-0804-49b2-b1a6-4ad458d727e5","turnId":"5d3536ae-8688-41e8-bcb9-68df979eec52","rootTurnId":"5d3536ae-8688-41e8-bcb9-68df979eec52"}
{"timestamp":"2026-08-24T10:28:50.936Z","level":"info","message":"fs.appendMessages.ok {\"system\":\"fs\",\"sessionId\":\"sess_0e234331-0804-49b2-b1a6-4ad458d727e5\",\"messageCount\":1,\"durationMs\":2}","conversationId":"sess_0e234331-0804-49b2-b1a6-4ad458d727e5","turnId":"5d3536ae-8688-41e8-bcb9-68df979eec52","rootTurnId":"5d3536ae-8688-41e8-bcb9-68df979eec52"}
{"timestamp":"2026-08-24T10:28:50.936Z","level":"info","message":"[ACP ToolApproval] Got response: {\"optionId\":\"always-accept\",\"outcome\":\"selected\"}","conversationId":"sess_0e234331-0804-49b2-b1a6-4ad458d727e5","turnId":"5d3536ae-8688-41e8-bcb9-68df979eec52","rootTurnId":"5d3536ae-8688-41e8-bcb9-68df979eec52"}
{"timestamp":"2026-08-24T10:28:51.172Z","level":"info","message":"[PolicySession] rebuild() complete: 17 rules parsed, engineActive=true, fatal=false","conversationId":"sess_0e234331-0804-49b2-b1a6-4ad458d727e5","turnId":"5d3536ae-8688-41e8-bcb9-68df979eec52","rootTurnId":"5d3536ae-8688-41e8-bcb9-68df979eec52"}
{"timestamp":"2026-08-24T10:28:51.172Z","level":"info","message":"[PolicySession] Persisted allow rule for shell matching \"Get-Content \"src\\pages\\Reports.tsx\" -Raw\" at scope=user","conversationId":"sess_0e234331-0804-49b2-b1a6-4ad458d727e5","turnId":"5d3536ae-8688-41e8-bcb9-68df979eec52","rootTurnId":"5d3536ae-8688-41e8-bcb9-68df979eec52"}
{"timestamp":"2026-08-24T10:28:51.213Z","level":"info","message":"[ACP ToolApproval] Requesting permission for toolId=run_command, operationId=run_command_tooluse_ktZFuAEikEIC4t5KrkyrOC, sessionId=sess_0e234331-0804-49b2-b1a6-4ad458d727e5","conversationId":"sess_0e234331-0804-49b2-b1a6-4ad458d727e5","turnId":"5d3536ae-8688-41e8-bcb9-68df979eec52","rootTurnId":"5d3536ae-8688-41e8-bcb9-68df979eec52"}
{"timestamp":"2026-08-24T10:28:51.216Z","level":"info","message":"fs.appendMessages.ok {\"system\":\"fs\",\"sessionId\":\"sess_0e234331-0804-49b2-b1a6-4ad458d727e5\",\"messageCount\":1,\"durationMs\":3}","conversationId":"sess_0e234331-0804-49b2-b1a6-4ad458d727e5","turnId":"5d3536ae-8688-41e8-bcb9-68df979eec52","rootTurnId":"5d3536ae-8688-41e8-bcb9-68df979eec52"}
{"timestamp":"2026-08-24T10:28:52.055Z","level":"info","message":"fs.appendMessages.ok {\"system\":\"fs\",\"sessionId\":\"sess_0e234331-0804-49b2-b1a6-4ad458d727e5\",\"messageCount\":1,\"durationMs\":2}","conversationId":"sess_0e234331-0804-49b2-b1a6-4ad458d727e5","turnId":"5d3536ae-8688-41e8-bcb9-68df979eec52","rootTurnId":"5d3536ae-8688-41e8-bcb9-68df979eec52"}
{"timestamp":"2026-08-24T10:28:52.056Z","level":"info","message":"[ACP ToolApproval] Got response: {\"optionId\":\"always-accept\",\"outcome\":\"selected\"}","conversationId":"sess_0e234331-0804-49b2-b1a6-4ad458d727e5","turnId":"5d3536ae-8688-41e8-bcb9-68df979eec52","rootTurnId":"5d3536ae-8688-41e8-bcb9-68df979eec52"}
{"timestamp":"2026-08-24T10:28:52.292Z","level":"info","message":"[PolicySession] rebuild() complete: 17 rules parsed, engineActive=true, fatal=false","conversationId":"sess_0e234331-0804-49b2-b1a6-4ad458d727e5","turnId":"5d3536ae-8688-41e8-bcb9-68df979eec52","rootTurnId":"5d3536ae-8688-41e8-bcb9-68df979eec52"}
{"timestamp":"2026-08-24T10:28:52.292Z","level":"info","message":"[PolicySession] Persisted allow rule for shell matching \"Set-Content \"src\\pages\\Reports.tsx\" -Value $content -Encoding UTF8\" at scope=user","conversationId":"sess_0e234331-0804-49b2-b1a6-4ad458d727e5","turnId":"5d3536ae-8688-41e8-bcb9-68df979eec52","rootTurnId":"5d3536ae-8688-41e8-bcb9-68df979eec52"}
{"timestamp":"2026-08-24T10:28:52.333Z","level":"info","message":"[ACP ToolApproval] Requesting permission for toolId=run_command, operationId=run_command_tooluse_ktZFuAEikEIC4t5KrkyrOC, sessionId=sess_0e234331-0804-49b2-b1a6-4ad458d727e5","conversationId":"sess_0e234331-0804-49b2-b1a6-4ad458d727e5","turnId":"5d3536ae-8688-41e8-bcb9-68df979eec52","rootTurnId":"5d3536ae-8688-41e8-bcb9-68df979eec52"}
{"timestamp":"2026-08-24T10:28:52.337Z","level":"info","message":"fs.appendMessages.ok {\"system\":\"fs\",\"sessionId\":\"sess_0e234331-0804-49b2-b1a6-4ad458d727e5\",\"messageCount\":1,\"durationMs\":4}","conversationId":"sess_0e234331-0804-49b2-b1a6-4ad458d727e5","turnId":"5d3536ae-8688-41e8-bcb9-68df979eec52","rootTurnId":"5d3536ae-8688-41e8-bcb9-68df979eec52"}
{"timestamp":"2026-08-24T10:28:53.080Z","level":"info","message":"fs.appendMessages.ok {\"system\":\"fs\",\"sessionId\":\"sess_0e234331-0804-49b2-b1a6-4ad458d727e5\",\"messageCount\":1,\"durationMs\":2}","conversationId":"sess_0e234331-0804-49b2-b1a6-4ad458d727e5","turnId":"5d3536ae-8688-41e8-bcb9-68df979eec52","rootTurnId":"5d3536ae-8688-41e8-bcb9-68df979eec52"}
{"timestamp":"2026-08-24T10:28:53.080Z","level":"info","message":"[ACP ToolApproval] Got response: {\"optionId\":\"always-accept\",\"outcome\":\"selected\"}","conversationId":"sess_0e234331-0804-49b2-b1a6-4ad458d727e5","turnId":"5d3536ae-8688-41e8-bcb9-68df979eec52","rootTurnId":"5d3536ae-8688-41e8-bcb9-68df979eec52"}
{"timestamp":"2026-08-24T10:28:53.319Z","level":"info","message":"[PolicySession] rebuild() complete: 17 rules parsed, engineActive=true, fatal=false","conversationId":"sess_0e234331-0804-49b2-b1a6-4ad458d727e5","turnId":"5d3536ae-8688-41e8-bcb9-68df979eec52","rootTurnId":"5d3536ae-8688-41e8-bcb9-68df979eec52"}
{"timestamp":"2026-08-24T10:28:53.319Z","level":"info","message":"[PolicySession] Persisted allow rule for shell matching \"Get-Content \"src\\pages\\TrackCircuits.tsx\" -Raw\" at scope=user","conversationId":"sess_0e234331-0804-49b2-b1a6-4ad458d727e5","turnId":"5d3536ae-8688-41e8-bcb9-68df979eec52","rootTurnId":"5d3536ae-8688-41e8-bcb9-68df979eec52"}
{"timestamp":"2026-08-24T10:28:53.360Z","level":"info","message":"[ACP ToolApproval] Requesting permission for toolId=run_command, operationId=run_command_tooluse_ktZFuAEikEIC4t5KrkyrOC, sessionId=sess_0e234331-0804-49b2-b1a6-4ad458d727e5","conversationId":"sess_0e234331-0804-49b2-b1a6-4ad458d727e5","turnId":"5d3536ae-8688-41e8-bcb9-68df979eec52","rootTurnId":"5d3536ae-8688-41e8-bcb9-68df979eec52"}
{"timestamp":"2026-08-24T10:28:53.364Z","level":"info","message":"fs.appendMessages.ok {\"system\":\"fs\",\"sessionId\":\"sess_0e234331-0804-49b2-b1a6-4ad458d727e5\",\"messageCount\":1,\"durationMs\":3}","conversationId":"sess_0e234331-0804-49b2-b1a6-4ad458d727e5","turnId":"5d3536ae-8688-41e8-bcb9-68df979eec52","rootTurnId":"5d3536ae-8688-41e8-bcb9-68df979eec52"}
{"timestamp":"2026-08-24T10:28:54.128Z","level":"info","message":"fs.appendMessages.ok {\"system\":\"fs\",\"sessionId\":\"sess_0e234331-0804-49b2-b1a6-4ad458d727e5\",\"messageCount\":1,\"durationMs\":2}","conversationId":"sess_0e234331-0804-49b2-b1a6-4ad458d727e5","turnId":"5d3536ae-8688-41e8-bcb9-68df979eec52","rootTurnId":"5d3536ae-8688-41e8-bcb9-68df979eec52"}
{"timestamp":"2026-08-24T10:28:54.128Z","level":"info","message":"[ACP ToolApproval] Got response: {\"optionId\":\"always-accept\",\"outcome\":\"selected\"}","conversationId":"sess_0e234331-0804-49b2-b1a6-4ad458d727e5","turnId":"5d3536ae-8688-41e8-bcb9-68df979eec52","rootTurnId":"5d3536ae-8688-41e8-bcb9-68df979eec52"}
{"timestamp":"2026-08-24T10:28:54.366Z","level":"info","message":"[PolicySession] rebuild() complete: 17 rules parsed, engineActive=true, fatal=false","conversationId":"sess_0e234331-0804-49b2-b1a6-4ad458d727e5","turnId":"5d3536ae-8688-41e8-bcb9-68df979eec52","rootTurnId":"5d3536ae-8688-41e8-bcb9-68df979eec52"}
{"timestamp":"2026-08-24T10:28:54.366Z","level":"info","message":"[PolicySession] Persisted allow rule for shell matching \"Set-Content \"src\\pages\\TrackCircuits.tsx\" -Value $content -Encoding UTF8\" at scope=user","conversationId":"sess_0e234331-0804-49b2-b1a6-4ad458d727e5","turnId":"5d3536ae-8688-41e8-bcb9-68df979eec52","rootTurnId":"5d3536ae-8688-41e8-bcb9-68df979eec52"}
{"timestamp":"2026-08-24T10:28:54.406Z","level":"info","message":"[ACP ToolApproval] Requesting permission for toolId=run_command, operationId=run_command_tooluse_ktZFuAEikEIC4t5KrkyrOC, sessionId=sess_0e234331-0804-49b2-b1a6-4ad458d727e5","conversationId":"sess_0e234331-0804-49b2-b1a6-4ad458d727e5","turnId":"5d3536ae-8688-41e8-bcb9-68df979eec52","rootTurnId":"5d3536ae-8688-41e8-bcb9-68df979eec52"}
{"timestamp":"2026-08-24T10:28:54.411Z","level":"info","message":"fs.appendMessages.ok {\"system\":\"fs\",\"sessionId\":\"sess_0e234331-0804-49b2-b1a6-4ad458d727e5\",\"messageCount\":1,\"durationMs\":5}","conversationId":"sess_0e234331-0804-49b2-b1a6-4ad458d727e5","turnId":"5d3536ae-8688-41e8-bcb9-68df979eec52","rootTurnId":"5d3536ae-8688-41e8-bcb9-68df979eec52"}
{"timestamp":"2026-08-24T10:28:55.208Z","level":"info","message":"fs.appendMessages.ok {\"system\":\"fs\",\"sessionId\":\"sess_0e234331-0804-49b2-b1a6-4ad458d727e5\",\"messageCount\":1,\"durationMs\":2}","conversationId":"sess_0e234331-0804-49b2-b1a6-4ad458d727e5","turnId":"5d3536ae-8688-41e8-bcb9-68df979eec52","rootTurnId":"5d3536ae-8688-41e8-bcb9-68df979eec52"}
{"timestamp":"2026-08-24T10:28:55.208Z","level":"info","message":"[ACP ToolApproval] Got response: {\"optionId\":\"always-accept\",\"outcome\":\"selected\"}","conversationId":"sess_0e234331-0804-49b2-b1a6-4ad458d727e5","turnId":"5d3536ae-8688-41e8-bcb9-68df979eec52","rootTurnId":"5d3536ae-8688-41e8-bcb9-68df979eec52"}
{"timestamp":"2026-08-24T10:28:55.448Z","level":"info","message":"[PolicySession] rebuild() complete: 17 rules parsed, engineActive=true, fatal=false","conversationId":"sess_0e234331-0804-49b2-b1a6-4ad458d727e5","turnId":"5d3536ae-8688-41e8-bcb9-68df979eec52","rootTurnId":"5d3536ae-8688-41e8-bcb9-68df979eec52"}
{"timestamp":"2026-08-24T10:28:55.448Z","level":"info","message":"[PolicySession] Persisted allow rule for shell matching \"Write-Host \"Remaining fixes done\"\" at scope=user","conversationId":"sess_0e234331-0804-49b2-b1a6-4ad458d727e5","turnId":"5d3536ae-8688-41e8-bcb9-68df979eec52","rootTurnId":"5d3536ae-8688-41e8-bcb9-68df979eec52"}
{"timestamp":"2026-08-24T10:28:55.458Z","level":"info","message":"[ACPEventAdapter] Execution resumed {\"executionId\":\"5d3536ae-8688-41e8-bcb9-68df979eec52\"}","conversationId":"sess_0e234331-0804-49b2-b1a6-4ad458d727e5","turnId":"5d3536ae-8688-41e8-bcb9-68df979eec52","rootTurnId":"5d3536ae-8688-41e8-bcb9-68df979eec52"}
{"timestamp":"2026-08-24T10:28:55.459Z","level":"info","message":"acp.policy-eval.complete {\"toolId\":\"list_directory\",\"effect\":\"allow\",\"capability\":\"fs_read\"}","conversationId":"sess_0e234331-0804-49b2-b1a6-4ad458d727e5","turnId":"5d3536ae-8688-41e8-bcb9-68df979eec52","rootTurnId":"5d3536ae-8688-41e8-bcb9-68df979eec52"}
{"timestamp":"2026-08-24T10:29:01.016Z","level":"info","message":"[AgentIterator] Parallel invoking agent","conversationId":"sess_0e234331-0804-49b2-b1a6-4ad458d727e5","turnId":"5d3536ae-8688-41e8-bcb9-68df979eec52","rootTurnId":"5d3536ae-8688-41e8-bcb9-68df979eec52"}
{"timestamp":"2026-08-24T10:29:01.016Z","level":"info","message":"[Steering] Populating steering for execution 5d3536ae-8688-41e8-bcb9-68df979eec52","conversationId":"sess_0e234331-0804-49b2-b1a6-4ad458d727e5","turnId":"5d3536ae-8688-41e8-bcb9-68df979eec52","rootTurnId":"5d3536ae-8688-41e8-bcb9-68df979eec52"}
{"timestamp":"2026-08-24T10:29:01.016Z","level":"info","message":"[Steering] ExistingFiles: /c:/Users/Student/.kiro/workspace-roots/regen-railway/vite.config.ts in 5d3536ae-8688-41e8-bcb9-68df979eec52","conversationId":"sess_0e234331-0804-49b2-b1a6-4ad458d727e5","turnId":"5d3536ae-8688-41e8-bcb9-68df979eec52","rootTurnId":"5d3536ae-8688-41e8-bcb9-68df979eec52"}
{"timestamp":"2026-08-24T10:29:01.019Z","level":"info","message":"[q-developer-converse] Sending GenerateAssistantResponse modelId=auto agentMode=vibe origin=AI_EDITOR streaming=true conversationId=sess_0e234331-0804-49b2-b1a6-4ad458d727e5","conversationId":"sess_0e234331-0804-49b2-b1a6-4ad458d727e5","turnId":"5d3536ae-8688-41e8-bcb9-68df979eec52","rootTurnId":"5d3536ae-8688-41e8-bcb9-68df979eec52"}
{"timestamp":"2026-08-24T10:29:01.020Z","level":"info","message":"[q-developer-converse] Request payload: 531861 chars, 136 history messages, conversationId=sess_0e234331-0804-49b2-b1a6-4ad458d727e5","conversationId":"sess_0e234331-0804-49b2-b1a6-4ad458d727e5","turnId":"5d3536ae-8688-41e8-bcb9-68df979eec52","rootTurnId":"5d3536ae-8688-41e8-bcb9-68df979eec52"}
{"timestamp":"2026-08-24T10:29:01.030Z","level":"info","message":"fs.appendMessages.ok {\"system\":\"fs\",\"sessionId\":\"sess_0e234331-0804-49b2-b1a6-4ad458d727e5\",\"messageCount\":2,\"durationMs\":18}","conversationId":"sess_0e234331-0804-49b2-b1a6-4ad458d727e5","turnId":"5d3536ae-8688-41e8-bcb9-68df979eec52","rootTurnId":"5d3536ae-8688-41e8-bcb9-68df979eec52"}
{"timestamp":"2026-08-24T10:29:04.740Z","level":"info","message":"[AgentIterator] Synchronizing results","conversationId":"sess_0e234331-0804-49b2-b1a6-4ad458d727e5","turnId":"5d3536ae-8688-41e8-bcb9-68df979eec52","rootTurnId":"5d3536ae-8688-41e8-bcb9-68df979eec52"}
{"timestamp":"2026-08-24T10:29:04.740Z","level":"info","message":"[AgentIterator] Processing intent detection result","conversationId":"sess_0e234331-0804-49b2-b1a6-4ad458d727e5","turnId":"5d3536ae-8688-41e8-bcb9-68df979eec52","rootTurnId":"5d3536ae-8688-41e8-bcb9-68df979eec52"}
{"timestamp":"2026-08-24T10:29:04.741Z","level":"info","message":"[ChatAgent] Processing model response stream","conversationId":"sess_0e234331-0804-49b2-b1a6-4ad458d727e5","turnId":"5d3536ae-8688-41e8-bcb9-68df979eec52","rootTurnId":"5d3536ae-8688-41e8-bcb9-68df979eec52"}
{"timestamp":"2026-08-24T10:29:04.741Z","level":"info","message":"[Steering] Populating steering for execution 5d3536ae-8688-41e8-bcb9-68df979eec52","conversationId":"sess_0e234331-0804-49b2-b1a6-4ad458d727e5","turnId":"5d3536ae-8688-41e8-bcb9-68df979eec52","rootTurnId":"5d3536ae-8688-41e8-bcb9-68df979eec52"}
{"timestamp":"2026-08-24T10:29:04.741Z","level":"info","message":"[Steering] ExistingFiles: /c:/Users/Student/.kiro/workspace-roots/regen-railway/vite.config.ts in 5d3536ae-8688-41e8-bcb9-68df979eec52","conversationId":"sess_0e234331-0804-49b2-b1a6-4ad458d727e5","turnId":"5d3536ae-8688-41e8-bcb9-68df979eec52","rootTurnId":"5d3536ae-8688-41e8-bcb9-68df979eec52"}
{"timestamp":"2026-08-24T10:29:05.681Z","level":"info","message":"[ACPEventAdapter] Execution yielded {\"executionId\":\"5d3536ae-8688-41e8-bcb9-68df979eec52\"}","conversationId":"sess_0e234331-0804-49b2-b1a6-4ad458d727e5","turnId":"5d3536ae-8688-41e8-bcb9-68df979eec52","rootTurnId":"5d3536ae-8688-41e8-bcb9-68df979eec52"}
{"timestamp":"2026-08-24T10:29:05.683Z","level":"info","message":"acp.policy-eval.complete {\"toolId\":\"run_command\",\"effect\":\"allow\",\"capability\":\"shell\"}","conversationId":"sess_0e234331-0804-49b2-b1a6-4ad458d727e5","turnId":"5d3536ae-8688-41e8-bcb9-68df979eec52","rootTurnId":"5d3536ae-8688-41e8-bcb9-68df979eec52"}
{"timestamp":"2026-08-24T10:29:05.683Z","level":"info","message":"[ACPEventAdapter] Execution resumed {\"executionId\":\"5d3536ae-8688-41e8-bcb9-68df979eec52\"}","conversationId":"sess_0e234331-0804-49b2-b1a6-4ad458d727e5","turnId":"5d3536ae-8688-41e8-bcb9-68df979eec52","rootTurnId":"5d3536ae-8688-41e8-bcb9-68df979eec52"}
{"timestamp":"2026-08-24T10:29:05.683Z","level":"info","message":"acp.policy-eval.complete {\"toolId\":\"list_directory\",\"effect\":\"allow\",\"capability\":\"fs_read\"}","conversationId":"sess_0e234331-0804-49b2-b1a6-4ad458d727e5","turnId":"5d3536ae-8688-41e8-bcb9-68df979eec52","rootTurnId":"5d3536ae-8688-41e8-bcb9-68df979eec52"}
{"timestamp":"2026-08-24T10:29:05.689Z","level":"info","message":"fs.appendMessages.ok {\"system\":\"fs\",\"sessionId\":\"sess_0e234331-0804-49b2-b1a6-4ad458d727e5\",\"messageCount\":1,\"durationMs\":3}","conversationId":"sess_0e234331-0804-49b2-b1a6-4ad458d727e5","turnId":"5d3536ae-8688-41e8-bcb9-68df979eec52","rootTurnId":"5d3536ae-8688-41e8-bcb9-68df979eec52"}
{"timestamp":"2026-08-24T10:29:05.698Z","level":"info","message":"fs.appendMessages.ok {\"system\":\"fs\",\"sessionId\":\"sess_0e234331-0804-49b2-b1a6-4ad458d727e5\",\"messageCount\":1,\"durationMs\":8}","conversationId":"sess_0e234331-0804-49b2-b1a6-4ad458d727e5","turnId":"5d3536ae-8688-41e8-bcb9-68df979eec52","rootTurnId":"5d3536ae-8688-41e8-bcb9-68df979eec52"}
{"timestamp":"2026-08-24T10:29:07.546Z","level":"info","message":"[AgentIterator] Parallel invoking agent","conversationId":"sess_0e234331-0804-49b2-b1a6-4ad458d727e5","turnId":"5d3536ae-8688-41e8-bcb9-68df979eec52","rootTurnId":"5d3536ae-8688-41e8-bcb9-68df979eec52"}
{"timestamp":"2026-08-24T10:29:07.546Z","level":"info","message":"[Steering] Populating steering for execution 5d3536ae-8688-41e8-bcb9-68df979eec52","conversationId":"sess_0e234331-0804-49b2-b1a6-4ad458d727e5","turnId":"5d3536ae-8688-41e8-bcb9-68df979eec52","rootTurnId":"5d3536ae-8688-41e8-bcb9-68df979eec52"}
{"timestamp":"2026-08-24T10:29:07.546Z","level":"info","message":"[Steering] ExistingFiles: /c:/Users/Student/.kiro/workspace-roots/regen-railway/vite.config.ts in 5d3536ae-8688-41e8-bcb9-68df979eec52","conversationId":"sess_0e234331-0804-49b2-b1a6-4ad458d727e5","turnId":"5d3536ae-8688-41e8-bcb9-68df979eec52","rootTurnId":"5d3536ae-8688-41e8-bcb9-68df979eec52"}
{"timestamp":"2026-08-24T10:29:07.550Z","level":"info","message":"[q-developer-converse] Sending GenerateAssistantResponse modelId=auto agentMode=vibe origin=AI_EDITOR streaming=true conversationId=sess_0e234331-0804-49b2-b1a6-4ad458d727e5","conversationId":"sess_0e234331-0804-49b2-b1a6-4ad458d727e5","turnId":"5d3536ae-8688-41e8-bcb9-68df979eec52","rootTurnId":"5d3536ae-8688-41e8-bcb9-68df979eec52"}
{"timestamp":"2026-08-24T10:29:07.552Z","level":"info","message":"[q-developer-converse] Request payload: 537199 chars, 138 history messages, conversationId=sess_0e234331-0804-49b2-b1a6-4ad458d727e5","conversationId":"sess_0e234331-0804-49b2-b1a6-4ad458d727e5","turnId":"5d3536ae-8688-41e8-bcb9-68df979eec52","rootTurnId":"5d3536ae-8688-41e8-bcb9-68df979eec52"}
{"timestamp":"2026-08-24T10:29:07.562Z","level":"info","message":"fs.appendMessages.ok {\"system\":\"fs\",\"sessionId\":\"sess_0e234331-0804-49b2-b1a6-4ad458d727e5\",\"messageCount\":2,\"durationMs\":19}","conversationId":"sess_0e234331-0804-49b2-b1a6-4ad458d727e5","turnId":"5d3536ae-8688-41e8-bcb9-68df979eec52","rootTurnId":"5d3536ae-8688-41e8-bcb9-68df979eec52"}
{"timestamp":"2026-08-24T10:29:11.377Z","level":"info","message":"[AgentIterator] Synchronizing results","conversationId":"sess_0e234331-0804-49b2-b1a6-4ad458d727e5","turnId":"5d3536ae-8688-41e8-bcb9-68df979eec52","rootTurnId":"5d3536ae-8688-41e8-bcb9-68df979eec52"}
{"timestamp":"2026-08-24T10:29:11.377Z","level":"info","message":"[AgentIterator] Processing intent detection result","conversationId":"sess_0e234331-0804-49b2-b1a6-4ad458d727e5","turnId":"5d3536ae-8688-41e8-bcb9-68df979eec52","rootTurnId":"5d3536ae-8688-41e8-bcb9-68df979eec52"}
{"timestamp":"2026-08-24T10:29:11.377Z","level":"info","message":"[ChatAgent] Processing model response stream","conversationId":"sess_0e234331-0804-49b2-b1a6-4ad458d727e5","turnId":"5d3536ae-8688-41e8-bcb9-68df979eec52","rootTurnId":"5d3536ae-8688-41e8-bcb9-68df979eec52"}
{"timestamp":"2026-08-24T10:29:11.377Z","level":"info","message":"[Steering] Populating steering for execution 5d3536ae-8688-41e8-bcb9-68df979eec52","conversationId":"sess_0e234331-0804-49b2-b1a6-4ad458d727e5","turnId":"5d3536ae-8688-41e8-bcb9-68df979eec52","rootTurnId":"5d3536ae-8688-41e8-bcb9-68df979eec52"}
{"timestamp":"2026-08-24T10:29:11.377Z","level":"info","message":"[Steering] ExistingFiles: /c:/Users/Student/.kiro/workspace-roots/regen-railway/vite.config.ts in 5d3536ae-8688-41e8-bcb9-68df979eec52","conversationId":"sess_0e234331-0804-49b2-b1a6-4ad458d727e5","turnId":"5d3536ae-8688-41e8-bcb9-68df979eec52","rootTurnId":"5d3536ae-8688-41e8-bcb9-68df979eec52"}
{"timestamp":"2026-08-24T10:29:20.212Z","level":"info","message":"[ACPEventAdapter] Execution yielded {\"executionId\":\"5d3536ae-8688-41e8-bcb9-68df979eec52\"}","conversationId":"sess_0e234331-0804-49b2-b1a6-4ad458d727e5","turnId":"5d3536ae-8688-41e8-bcb9-68df979eec52","rootTurnId":"5d3536ae-8688-41e8-bcb9-68df979eec52"}
{"timestamp":"2026-08-24T10:29:20.216Z","level":"info","message":"acp.policy-eval.complete {\"toolId\":\"run_command\",\"effect\":\"ask\"}","conversationId":"sess_0e234331-0804-49b2-b1a6-4ad458d727e5","turnId":"5d3536ae-8688-41e8-bcb9-68df979eec52","rootTurnId":"5d3536ae-8688-41e8-bcb9-68df979eec52"}
{"timestamp":"2026-08-24T10:29:20.244Z","level":"info","message":"[ACP ToolApproval] Requesting permission for toolId=run_command, operationId=run_command_tooluse_Ym65Q1p01eOeHix8cQNSrR, sessionId=sess_0e234331-0804-49b2-b1a6-4ad458d727e5","conversationId":"sess_0e234331-0804-49b2-b1a6-4ad458d727e5","turnId":"5d3536ae-8688-41e8-bcb9-68df979eec52","rootTurnId":"5d3536ae-8688-41e8-bcb9-68df979eec52"}
{"timestamp":"2026-08-24T10:29:20.248Z","level":"info","message":"fs.appendMessages.ok {\"system\":\"fs\",\"sessionId\":\"sess_0e234331-0804-49b2-b1a6-4ad458d727e5\",\"messageCount\":1,\"durationMs\":4}","conversationId":"sess_0e234331-0804-49b2-b1a6-4ad458d727e5","turnId":"5d3536ae-8688-41e8-bcb9-68df979eec52","rootTurnId":"5d3536ae-8688-41e8-bcb9-68df979eec52"}
{"timestamp":"2026-08-24T10:29:20.256Z","level":"info","message":"fs.appendMessages.ok {\"system\":\"fs\",\"sessionId\":\"sess_0e234331-0804-49b2-b1a6-4ad458d727e5\",\"messageCount\":1,\"durationMs\":8}","conversationId":"sess_0e234331-0804-49b2-b1a6-4ad458d727e5","turnId":"5d3536ae-8688-41e8-bcb9-68df979eec52","rootTurnId":"5d3536ae-8688-41e8-bcb9-68df979eec52"}
{"timestamp":"2026-08-24T10:29:20.262Z","level":"info","message":"fs.appendMessages.ok {\"system\":\"fs\",\"sessionId\":\"sess_0e234331-0804-49b2-b1a6-4ad458d727e5\",\"messageCount\":1,\"durationMs\":6}","conversationId":"sess_0e234331-0804-49b2-b1a6-4ad458d727e5","turnId":"5d3536ae-8688-41e8-bcb9-68df979eec52","rootTurnId":"5d3536ae-8688-41e8-bcb9-68df979eec52"}
{"timestamp":"2026-08-24T10:29:23.479Z","level":"info","message":"fs.appendMessages.ok {\"system\":\"fs\",\"sessionId\":\"sess_0e234331-0804-49b2-b1a6-4ad458d727e5\",\"messageCount\":1,\"durationMs\":2}","conversationId":"sess_0e234331-0804-49b2-b1a6-4ad458d727e5","turnId":"5d3536ae-8688-41e8-bcb9-68df979eec52","rootTurnId":"5d3536ae-8688-41e8-bcb9-68df979eec52"}
{"timestamp":"2026-08-24T10:29:23.479Z","level":"info","message":"[ACP ToolApproval] Got response: {\"optionId\":\"always-accept\",\"outcome\":\"selected\"}","conversationId":"sess_0e234331-0804-49b2-b1a6-4ad458d727e5","turnId":"5d3536ae-8688-41e8-bcb9-68df979eec52","rootTurnId":"5d3536ae-8688-41e8-bcb9-68df979eec52"}
{"timestamp":"2026-08-24T10:29:23.720Z","level":"info","message":"[PolicySession] rebuild() complete: 17 rules parsed, engineActive=true, fatal=false","conversationId":"sess_0e234331-0804-49b2-b1a6-4ad458d727e5","turnId":"5d3536ae-8688-41e8-bcb9-68df979eec52","rootTurnId":"5d3536ae-8688-41e8-bcb9-68df979eec52"}
{"timestamp":"2026-08-24T10:29:23.720Z","level":"info","message":"[PolicySession] Persisted allow rule for shell matching \"Get-Content \"tsconfig.app.json\" -Raw\" at scope=user","conversationId":"sess_0e234331-0804-49b2-b1a6-4ad458d727e5","turnId":"5d3536ae-8688-41e8-bcb9-68df979eec52","rootTurnId":"5d3536ae-8688-41e8-bcb9-68df979eec52"}
{"timestamp":"2026-08-24T10:29:23.751Z","level":"info","message":"[ACP ToolApproval] Requesting permission for toolId=run_command, operationId=run_command_tooluse_Ym65Q1p01eOeHix8cQNSrR, sessionId=sess_0e234331-0804-49b2-b1a6-4ad458d727e5","conversationId":"sess_0e234331-0804-49b2-b1a6-4ad458d727e5","turnId":"5d3536ae-8688-41e8-bcb9-68df979eec52","rootTurnId":"5d3536ae-8688-41e8-bcb9-68df979eec52"}
{"timestamp":"2026-08-24T10:29:23.755Z","level":"info","message":"fs.appendMessages.ok {\"system\":\"fs\",\"sessionId\":\"sess_0e234331-0804-49b2-b1a6-4ad458d727e5\",\"messageCount\":1,\"durationMs\":4}","conversationId":"sess_0e234331-0804-49b2-b1a6-4ad458d727e5","turnId":"5d3536ae-8688-41e8-bcb9-68df979eec52","rootTurnId":"5d3536ae-8688-41e8-bcb9-68df979eec52"}
{"timestamp":"2026-08-24T10:29:24.783Z","level":"info","message":"fs.appendMessages.ok {\"system\":\"fs\",\"sessionId\":\"sess_0e234331-0804-49b2-b1a6-4ad458d727e5\",\"messageCount\":1,\"durationMs\":2}","conversationId":"sess_0e234331-0804-49b2-b1a6-4ad458d727e5","turnId":"5d3536ae-8688-41e8-bcb9-68df979eec52","rootTurnId":"5d3536ae-8688-41e8-bcb9-68df979eec52"}
{"timestamp":"2026-08-24T10:29:24.783Z","level":"info","message":"[ACP ToolApproval] Got response: {\"optionId\":\"always-accept\",\"outcome\":\"selected\"}","conversationId":"sess_0e234331-0804-49b2-b1a6-4ad458d727e5","turnId":"5d3536ae-8688-41e8-bcb9-68df979eec52","rootTurnId":"5d3536ae-8688-41e8-bcb9-68df979eec52"}
{"timestamp":"2026-08-24T10:29:25.027Z","level":"info","message":"[PolicySession] rebuild() complete: 17 rules parsed, engineActive=true, fatal=false","conversationId":"sess_0e234331-0804-49b2-b1a6-4ad458d727e5","turnId":"5d3536ae-8688-41e8-bcb9-68df979eec52","rootTurnId":"5d3536ae-8688-41e8-bcb9-68df979eec52"}
{"timestamp":"2026-08-24T10:29:25.027Z","level":"info","message":"[PolicySession] Persisted allow rule for shell matching \"Set-Content \"tsconfig.app.json\" -Value $tsconfig -Encoding UTF8\" at scope=user","conversationId":"sess_0e234331-0804-49b2-b1a6-4ad458d727e5","turnId":"5d3536ae-8688-41e8-bcb9-68df979eec52","rootTurnId":"5d3536ae-8688-41e8-bcb9-68df979eec52"}
{"timestamp":"2026-08-24T10:29:25.058Z","level":"info","message":"[ACP ToolApproval] Requesting permission for toolId=run_command, operationId=run_command_tooluse_Ym65Q1p01eOeHix8cQNSrR, sessionId=sess_0e234331-0804-49b2-b1a6-4ad458d727e5","conversationId":"sess_0e234331-0804-49b2-b1a6-4ad458d727e5","turnId":"5d3536ae-8688-41e8-bcb9-68df979eec52","rootTurnId":"5d3536ae-8688-41e8-bcb9-68df979eec52"}
{"timestamp":"2026-08-24T10:29:25.061Z","level":"info","message":"fs.appendMessages.ok {\"system\":\"fs\",\"sessionId\":\"sess_0e234331-0804-49b2-b1a6-4ad458d727e5\",\"messageCount\":1,\"durationMs\":3}","conversationId":"sess_0e234331-0804-49b2-b1a6-4ad458d727e5","turnId":"5d3536ae-8688-41e8-bcb9-68df979eec52","rootTurnId":"5d3536ae-8688-41e8-bcb9-68df979eec52"}
{"timestamp":"2026-08-24T10:29:25.823Z","level":"info","message":"fs.appendMessages.ok {\"system\":\"fs\",\"sessionId\":\"sess_0e234331-0804-49b2-b1a6-4ad458d727e5\",\"messageCount\":1,\"durationMs\":2}","conversationId":"sess_0e234331-0804-49b2-b1a6-4ad458d727e5","turnId":"5d3536ae-8688-41e8-bcb9-68df979eec52","rootTurnId":"5d3536ae-8688-41e8-bcb9-68df979eec52"}
{"timestamp":"2026-08-24T10:29:25.823Z","level":"info","message":"[ACP ToolApproval] Got response: {\"optionId\":\"always-accept\",\"outcome\":\"selected\"}","conversationId":"sess_0e234331-0804-49b2-b1a6-4ad458d727e5","turnId":"5d3536ae-8688-41e8-bcb9-68df979eec52","rootTurnId":"5d3536ae-8688-41e8-bcb9-68df979eec52"}
{"timestamp":"2026-08-24T10:29:26.066Z","level":"info","message":"[PolicySession] rebuild() complete: 17 rules parsed, engineActive=true, fatal=false","conversationId":"sess_0e234331-0804-49b2-b1a6-4ad458d727e5","turnId":"5d3536ae-8688-41e8-bcb9-68df979eec52","rootTurnId":"5d3536ae-8688-41e8-bcb9-68df979eec52"}
{"timestamp":"2026-08-24T10:29:26.066Z","level":"info","message":"[PolicySession] Persisted allow rule for shell matching \"Get-Content \"src\\store\\simulation.ts\" -Raw\" at scope=user","conversationId":"sess_0e234331-0804-49b2-b1a6-4ad458d727e5","turnId":"5d3536ae-8688-41e8-bcb9-68df979eec52","rootTurnId":"5d3536ae-8688-41e8-bcb9-68df979eec52"}
{"timestamp":"2026-08-24T10:29:26.097Z","level":"info","message":"[ACP ToolApproval] Requesting permission for toolId=run_command, operationId=run_command_tooluse_Ym65Q1p01eOeHix8cQNSrR, sessionId=sess_0e234331-0804-49b2-b1a6-4ad458d727e5","conversationId":"sess_0e234331-0804-49b2-b1a6-4ad458d727e5","turnId":"5d3536ae-8688-41e8-bcb9-68df979eec52","rootTurnId":"5d3536ae-8688-41e8-bcb9-68df979eec52"}
{"timestamp":"2026-08-24T10:29:26.101Z","level":"info","message":"fs.appendMessages.ok {\"system\":\"fs\",\"sessionId\":\"sess_0e234331-0804-49b2-b1a6-4ad458d727e5\",\"messageCount\":1,\"durationMs\":4}","conversationId":"sess_0e234331-0804-49b2-b1a6-4ad458d727e5","turnId":"5d3536ae-8688-41e8-bcb9-68df979eec52","rootTurnId":"5d3536ae-8688-41e8-bcb9-68df979eec52"}
{"timestamp":"2026-08-24T10:29:26.848Z","level":"info","message":"fs.appendMessages.ok {\"system\":\"fs\",\"sessionId\":\"sess_0e234331-0804-49b2-b1a6-4ad458d727e5\",\"messageCount\":1,\"durationMs\":2}","conversationId":"sess_0e234331-0804-49b2-b1a6-4ad458d727e5","turnId":"5d3536ae-8688-41e8-bcb9-68df979eec52","rootTurnId":"5d3536ae-8688-41e8-bcb9-68df979eec52"}
{"timestamp":"2026-08-24T10:29:26.848Z","level":"info","message":"[ACP ToolApproval] Got response: {\"optionId\":\"always-accept\",\"outcome\":\"selected\"}","conversationId":"sess_0e234331-0804-49b2-b1a6-4ad458d727e5","turnId":"5d3536ae-8688-41e8-bcb9-68df979eec52","rootTurnId":"5d3536ae-8688-41e8-bcb9-68df979eec52"}
{"timestamp":"2026-08-24T10:29:27.093Z","level":"info","message":"[PolicySession] rebuild() complete: 17 rules parsed, engineActive=true, fatal=false","conversationId":"sess_0e234331-0804-49b2-b1a6-4ad458d727e5","turnId":"5d3536ae-8688-41e8-bcb9-68df979eec52","rootTurnId":"5d3536ae-8688-41e8-bcb9-68df979eec52"}
{"timestamp":"2026-08-24T10:29:27.093Z","level":"info","message":"[PolicySession] Persisted allow rule for shell matching \"Set-Content \"src\\store\\simulation.ts\" -Value $sim -Encoding UTF8\" at scope=user","conversationId":"sess_0e234331-0804-49b2-b1a6-4ad458d727e5","turnId":"5d3536ae-8688-41e8-bcb9-68df979eec52","rootTurnId":"5d3536ae-8688-41e8-bcb9-68df979eec52"}
{"timestamp":"2026-08-24T10:29:27.125Z","level":"info","message":"[ACP ToolApproval] Requesting permission for toolId=run_command, operationId=run_command_tooluse_Ym65Q1p01eOeHix8cQNSrR, sessionId=sess_0e234331-0804-49b2-b1a6-4ad458d727e5","conversationId":"sess_0e234331-0804-49b2-b1a6-4ad458d727e5","turnId":"5d3536ae-8688-41e8-bcb9-68df979eec52","rootTurnId":"5d3536ae-8688-41e8-bcb9-68df979eec52"}
{"timestamp":"2026-08-24T10:29:27.131Z","level":"info","message":"fs.appendMessages.ok {\"system\":\"fs\",\"sessionId\":\"sess_0e234331-0804-49b2-b1a6-4ad458d727e5\",\"messageCount\":1,\"durationMs\":6}","conversationId":"sess_0e234331-0804-49b2-b1a6-4ad458d727e5","turnId":"5d3536ae-8688-41e8-bcb9-68df979eec52","rootTurnId":"5d3536ae-8688-41e8-bcb9-68df979eec52"}
{"timestamp":"2026-08-24T10:29:27.727Z","level":"info","message":"fs.appendMessages.ok {\"system\":\"fs\",\"sessionId\":\"sess_0e234331-0804-49b2-b1a6-4ad458d727e5\",\"messageCount\":1,\"durationMs\":2}","conversationId":"sess_0e234331-0804-49b2-b1a6-4ad458d727e5","turnId":"5d3536ae-8688-41e8-bcb9-68df979eec52","rootTurnId":"5d3536ae-8688-41e8-bcb9-68df979eec52"}
{"timestamp":"2026-08-24T10:29:27.727Z","level":"info","message":"[ACP ToolApproval] Got response: {\"optionId\":\"always-accept\",\"outcome\":\"selected\"}","conversationId":"sess_0e234331-0804-49b2-b1a6-4ad458d727e5","turnId":"5d3536ae-8688-41e8-bcb9-68df979eec52","rootTurnId":"5d3536ae-8688-41e8-bcb9-68df979eec52"}
{"timestamp":"2026-08-24T10:29:27.975Z","level":"info","message":"[PolicySession] rebuild() complete: 17 rules parsed, engineActive=true, fatal=false","conversationId":"sess_0e234331-0804-49b2-b1a6-4ad458d727e5","turnId":"5d3536ae-8688-41e8-bcb9-68df979eec52","rootTurnId":"5d3536ae-8688-41e8-bcb9-68df979eec52"}
{"timestamp":"2026-08-24T10:29:27.975Z","level":"info","message":"[PolicySession] Persisted allow rule for shell matching \"Write-Host \"Config and store fixes done\"\" at scope=user","conversationId":"sess_0e234331-0804-49b2-b1a6-4ad458d727e5","turnId":"5d3536ae-8688-41e8-bcb9-68df979eec52","rootTurnId":"5d3536ae-8688-41e8-bcb9-68df979eec52"}
{"timestamp":"2026-08-24T10:29:27.983Z","level":"info","message":"[ACPEventAdapter] Execution resumed {\"executionId\":\"5d3536ae-8688-41e8-bcb9-68df979eec52\"}","conversationId":"sess_0e234331-0804-49b2-b1a6-4ad458d727e5","turnId":"5d3536ae-8688-41e8-bcb9-68df979eec52","rootTurnId":"5d3536ae-8688-41e8-bcb9-68df979eec52"}
{"timestamp":"2026-08-24T10:29:27.983Z","level":"info","message":"acp.policy-eval.complete {\"toolId\":\"list_directory\",\"effect\":\"allow\",\"capability\":\"fs_read\"}","conversationId":"sess_0e234331-0804-49b2-b1a6-4ad458d727e5","turnId":"5d3536ae-8688-41e8-bcb9-68df979eec52","rootTurnId":"5d3536ae-8688-41e8-bcb9-68df979eec52"}
{"timestamp":"2026-08-24T10:29:28.355Z","level":"info","message":"[AgentIterator] Parallel invoking agent","conversationId":"sess_0e234331-0804-49b2-b1a6-4ad458d727e5","turnId":"5d3536ae-8688-41e8-bcb9-68df979eec52","rootTurnId":"5d3536ae-8688-41e8-bcb9-68df979eec52"}
{"timestamp":"2026-08-24T10:29:28.355Z","level":"info","message":"[Steering] Populating steering for execution 5d3536ae-8688-41e8-bcb9-68df979eec52","conversationId":"sess_0e234331-0804-49b2-b1a6-4ad458d727e5","turnId":"5d3536ae-8688-41e8-bcb9-68df979eec52","rootTurnId":"5d3536ae-8688-41e8-bcb9-68df979eec52"}
{"timestamp":"2026-08-24T10:29:28.355Z","level":"info","message":"[Steering] ExistingFiles: /c:/Users/Student/.kiro/workspace-roots/regen-railway/vite.config.ts in 5d3536ae-8688-41e8-bcb9-68df979eec52","conversationId":"sess_0e234331-0804-49b2-b1a6-4ad458d727e5","turnId":"5d3536ae-8688-41e8-bcb9-68df979eec52","rootTurnId":"5d3536ae-8688-41e8-bcb9-68df979eec52"}
{"timestamp":"2026-08-24T10:29:28.358Z","level":"info","message":"[q-developer-converse] Sending GenerateAssistantResponse modelId=auto agentMode=vibe origin=AI_EDITOR streaming=true conversationId=sess_0e234331-0804-49b2-b1a6-4ad458d727e5","conversationId":"sess_0e234331-0804-49b2-b1a6-4ad458d727e5","turnId":"5d3536ae-8688-41e8-bcb9-68df979eec52","rootTurnId":"5d3536ae-8688-41e8-bcb9-68df979eec52"}
{"timestamp":"2026-08-24T10:29:28.360Z","level":"info","message":"[q-developer-converse] Request payload: 539826 chars, 140 history messages, conversationId=sess_0e234331-0804-49b2-b1a6-4ad458d727e5","conversationId":"sess_0e234331-0804-49b2-b1a6-4ad458d727e5","turnId":"5d3536ae-8688-41e8-bcb9-68df979eec52","rootTurnId":"5d3536ae-8688-41e8-bcb9-68df979eec52"}
{"timestamp":"2026-08-24T10:29:28.371Z","level":"info","message":"fs.appendMessages.ok {\"system\":\"fs\",\"sessionId\":\"sess_0e234331-0804-49b2-b1a6-4ad458d727e5\",\"messageCount\":2,\"durationMs\":19}","conversationId":"sess_0e234331-0804-49b2-b1a6-4ad458d727e5","turnId":"5d3536ae-8688-41e8-bcb9-68df979eec52","rootTurnId":"5d3536ae-8688-41e8-bcb9-68df979eec52"}
{"timestamp":"2026-08-24T10:29:32.363Z","level":"info","message":"[AgentIterator] Synchronizing results","conversationId":"sess_0e234331-0804-49b2-b1a6-4ad458d727e5","turnId":"5d3536ae-8688-41e8-bcb9-68df979eec52","rootTurnId":"5d3536ae-8688-41e8-bcb9-68df979eec52"}
{"timestamp":"2026-08-24T10:29:32.363Z","level":"info","message":"[AgentIterator] Processing intent detection result","conversationId":"sess_0e234331-0804-49b2-b1a6-4ad458d727e5","turnId":"5d3536ae-8688-41e8-bcb9-68df979eec52","rootTurnId":"5d3536ae-8688-41e8-bcb9-68df979eec52"}
{"timestamp":"2026-08-24T10:29:32.364Z","level":"info","message":"[ChatAgent] Processing model response stream","conversationId":"sess_0e234331-0804-49b2-b1a6-4ad458d727e5","turnId":"5d3536ae-8688-41e8-bcb9-68df979eec52","rootTurnId":"5d3536ae-8688-41e8-bcb9-68df979eec52"}
{"timestamp":"2026-08-24T10:29:32.364Z","level":"info","message":"[Steering] Populating steering for execution 5d3536ae-8688-41e8-bcb9-68df979eec52","conversationId":"sess_0e234331-0804-49b2-b1a6-4ad458d727e5","turnId":"5d3536ae-8688-41e8-bcb9-68df979eec52","rootTurnId":"5d3536ae-8688-41e8-bcb9-68df979eec52"}
{"timestamp":"2026-08-24T10:29:32.364Z","level":"info","message":"[Steering] ExistingFiles: /c:/Users/Student/.kiro/workspace-roots/regen-railway/vite.config.ts in 5d3536ae-8688-41e8-bcb9-68df979eec52","conversationId":"sess_0e234331-0804-49b2-b1a6-4ad458d727e5","turnId":"5d3536ae-8688-41e8-bcb9-68df979eec52","rootTurnId":"5d3536ae-8688-41e8-bcb9-68df979eec52"}
{"timestamp":"2026-08-24T10:29:42.581Z","level":"info","message":"[ACPEventAdapter] Execution yielded {\"executionId\":\"5d3536ae-8688-41e8-bcb9-68df979eec52\"}","conversationId":"sess_0e234331-0804-49b2-b1a6-4ad458d727e5","turnId":"5d3536ae-8688-41e8-bcb9-68df979eec52","rootTurnId":"5d3536ae-8688-41e8-bcb9-68df979eec52"}
{"timestamp":"2026-08-24T10:29:42.587Z","level":"info","message":"acp.policy-eval.complete {\"toolId\":\"run_command\",\"effect\":\"ask\"}","conversationId":"sess_0e234331-0804-49b2-b1a6-4ad458d727e5","turnId":"5d3536ae-8688-41e8-bcb9-68df979eec52","rootTurnId":"5d3536ae-8688-41e8-bcb9-68df979eec52"}
{"timestamp":"2026-08-24T10:29:42.621Z","level":"info","message":"[ACP ToolApproval] Requesting permission for toolId=run_command, operationId=run_command_tooluse_S1Jv63XxhAhukS2btRJh9E, sessionId=sess_0e234331-0804-49b2-b1a6-4ad458d727e5","conversationId":"sess_0e234331-0804-49b2-b1a6-4ad458d727e5","turnId":"5d3536ae-8688-41e8-bcb9-68df979eec52","rootTurnId":"5d3536ae-8688-41e8-bcb9-68df979eec52"}
{"timestamp":"2026-08-24T10:29:42.626Z","level":"info","message":"fs.appendMessages.ok {\"system\":\"fs\",\"sessionId\":\"sess_0e234331-0804-49b2-b1a6-4ad458d727e5\",\"messageCount\":1,\"durationMs\":5}","conversationId":"sess_0e234331-0804-49b2-b1a6-4ad458d727e5","turnId":"5d3536ae-8688-41e8-bcb9-68df979eec52","rootTurnId":"5d3536ae-8688-41e8-bcb9-68df979eec52"}
{"timestamp":"2026-08-24T10:29:42.637Z","level":"info","message":"fs.appendMessages.ok {\"system\":\"fs\",\"sessionId\":\"sess_0e234331-0804-49b2-b1a6-4ad458d727e5\",\"messageCount\":1,\"durationMs\":11}","conversationId":"sess_0e234331-0804-49b2-b1a6-4ad458d727e5","turnId":"5d3536ae-8688-41e8-bcb9-68df979eec52","rootTurnId":"5d3536ae-8688-41e8-bcb9-68df979eec52"}
{"timestamp":"2026-08-24T10:29:42.643Z","level":"info","message":"fs.appendMessages.ok {\"system\":\"fs\",\"sessionId\":\"sess_0e234331-0804-49b2-b1a6-4ad458d727e5\",\"messageCount\":1,\"durationMs\":6}","conversationId":"sess_0e234331-0804-49b2-b1a6-4ad458d727e5","turnId":"5d3536ae-8688-41e8-bcb9-68df979eec52","rootTurnId":"5d3536ae-8688-41e8-bcb9-68df979eec52"}
{"timestamp":"2026-08-24T10:29:47.127Z","level":"info","message":"fs.appendMessages.ok {\"system\":\"fs\",\"sessionId\":\"sess_0e234331-0804-49b2-b1a6-4ad458d727e5\",\"messageCount\":1,\"durationMs\":2}","conversationId":"sess_0e234331-0804-49b2-b1a6-4ad458d727e5","turnId":"5d3536ae-8688-41e8-bcb9-68df979eec52","rootTurnId":"5d3536ae-8688-41e8-bcb9-68df979eec52"}
{"timestamp":"2026-08-24T10:29:47.127Z","level":"info","message":"[ACP ToolApproval] Got response: {\"optionId\":\"always-accept\",\"outcome\":\"selected\"}","conversationId":"sess_0e234331-0804-49b2-b1a6-4ad458d727e5","turnId":"5d3536ae-8688-41e8-bcb9-68df979eec52","rootTurnId":"5d3536ae-8688-41e8-bcb9-68df979eec52"}
{"timestamp":"2026-08-24T10:29:47.369Z","level":"info","message":"[PolicySession] rebuild() complete: 17 rules parsed, engineActive=true, fatal=false","conversationId":"sess_0e234331-0804-49b2-b1a6-4ad458d727e5","turnId":"5d3536ae-8688-41e8-bcb9-68df979eec52","rootTurnId":"5d3536ae-8688-41e8-bcb9-68df979eec52"}
{"timestamp":"2026-08-24T10:29:47.369Z","level":"info","message":"[PolicySession] Persisted allow rule for shell matching \"Write-Host \"Final page fixes done\"\" at scope=user","conversationId":"sess_0e234331-0804-49b2-b1a6-4ad458d727e5","turnId":"5d3536ae-8688-41e8-bcb9-68df979eec52","rootTurnId":"5d3536ae-8688-41e8-bcb9-68df979eec52"}
{"timestamp":"2026-08-24T10:29:47.378Z","level":"info","message":"[ACPEventAdapter] Execution resumed {\"executionId\":\"5d3536ae-8688-41e8-bcb9-68df979eec52\"}","conversationId":"sess_0e234331-0804-49b2-b1a6-4ad458d727e5","turnId":"5d3536ae-8688-41e8-bcb9-68df979eec52","rootTurnId":"5d3536ae-8688-41e8-bcb9-68df979eec52"}
{"timestamp":"2026-08-24T10:29:47.379Z","level":"info","message":"acp.policy-eval.complete {\"toolId\":\"list_directory\",\"effect\":\"allow\",\"capability\":\"fs_read\"}","conversationId":"sess_0e234331-0804-49b2-b1a6-4ad458d727e5","turnId":"5d3536ae-8688-41e8-bcb9-68df979eec52","rootTurnId":"5d3536ae-8688-41e8-bcb9-68df979eec52"}
{"timestamp":"2026-08-24T10:29:48.790Z","level":"info","message":"[AgentIterator] Parallel invoking agent","conversationId":"sess_0e234331-0804-49b2-b1a6-4ad458d727e5","turnId":"5d3536ae-8688-41e8-bcb9-68df979eec52","rootTurnId":"5d3536ae-8688-41e8-bcb9-68df979eec52"}
{"timestamp":"2026-08-24T10:29:48.790Z","level":"info","message":"[Steering] Populating steering for execution 5d3536ae-8688-41e8-bcb9-68df979eec52","conversationId":"sess_0e234331-0804-49b2-b1a6-4ad458d727e5","turnId":"5d3536ae-8688-41e8-bcb9-68df979eec52","rootTurnId":"5d3536ae-8688-41e8-bcb9-68df979eec52"}
{"timestamp":"2026-08-24T10:29:48.790Z","level":"info","message":"[Steering] ExistingFiles: /c:/Users/Student/.kiro/workspace-roots/regen-railway/vite.config.ts in 5d3536ae-8688-41e8-bcb9-68df979eec52","conversationId":"sess_0e234331-0804-49b2-b1a6-4ad458d727e5","turnId":"5d3536ae-8688-41e8-bcb9-68df979eec52","rootTurnId":"5d3536ae-8688-41e8-bcb9-68df979eec52"}
{"timestamp":"2026-08-24T10:29:48.794Z","level":"info","message":"[q-developer-converse] Sending GenerateAssistantResponse modelId=auto agentMode=vibe origin=AI_EDITOR streaming=true conversationId=sess_0e234331-0804-49b2-b1a6-4ad458d727e5","conversationId":"sess_0e234331-0804-49b2-b1a6-4ad458d727e5","turnId":"5d3536ae-8688-41e8-bcb9-68df979eec52","rootTurnId":"5d3536ae-8688-41e8-bcb9-68df979eec52"}
{"timestamp":"2026-08-24T10:29:48.795Z","level":"info","message":"[q-developer-converse] Request payload: 542515 chars, 142 history messages, conversationId=sess_0e234331-0804-49b2-b1a6-4ad458d727e5","conversationId":"sess_0e234331-0804-49b2-b1a6-4ad458d727e5","turnId":"5d3536ae-8688-41e8-bcb9-68df979eec52","rootTurnId":"5d3536ae-8688-41e8-bcb9-68df979eec52"}
{"timestamp":"2026-08-24T10:29:48.806Z","level":"info","message":"fs.appendMessages.ok {\"system\":\"fs\",\"sessionId\":\"sess_0e234331-0804-49b2-b1a6-4ad458d727e5\",\"messageCount\":2,\"durationMs\":20}","conversationId":"sess_0e234331-0804-49b2-b1a6-4ad458d727e5","turnId":"5d3536ae-8688-41e8-bcb9-68df979eec52","rootTurnId":"5d3536ae-8688-41e8-bcb9-68df979eec52"}
{"timestamp":"2026-08-24T10:29:52.680Z","level":"info","message":"[AgentIterator] Synchronizing results","conversationId":"sess_0e234331-0804-49b2-b1a6-4ad458d727e5","turnId":"5d3536ae-8688-41e8-bcb9-68df979eec52","rootTurnId":"5d3536ae-8688-41e8-bcb9-68df979eec52"}
{"timestamp":"2026-08-24T10:29:52.680Z","level":"info","message":"[AgentIterator] Processing intent detection result","conversationId":"sess_0e234331-0804-49b2-b1a6-4ad458d727e5","turnId":"5d3536ae-8688-41e8-bcb9-68df979eec52","rootTurnId":"5d3536ae-8688-41e8-bcb9-68df979eec52"}
{"timestamp":"2026-08-24T10:29:52.681Z","level":"info","message":"[ChatAgent] Processing model response stream","conversationId":"sess_0e234331-0804-49b2-b1a6-4ad458d727e5","turnId":"5d3536ae-8688-41e8-bcb9-68df979eec52","rootTurnId":"5d3536ae-8688-41e8-bcb9-68df979eec52"}
{"timestamp":"2026-08-24T10:29:52.681Z","level":"info","message":"[Steering] Populating steering for execution 5d3536ae-8688-41e8-bcb9-68df979eec52","conversationId":"sess_0e234331-0804-49b2-b1a6-4ad458d727e5","turnId":"5d3536ae-8688-41e8-bcb9-68df979eec52","rootTurnId":"5d3536ae-8688-41e8-bcb9-68df979eec52"}
{"timestamp":"2026-08-24T10:29:52.681Z","level":"info","message":"[Steering] ExistingFiles: /c:/Users/Student/.kiro/workspace-roots/regen-railway/vite.config.ts in 5d3536ae-8688-41e8-bcb9-68df979eec52","conversationId":"sess_0e234331-0804-49b2-b1a6-4ad458d727e5","turnId":"5d3536ae-8688-41e8-bcb9-68df979eec52","rootTurnId":"5d3536ae-8688-41e8-bcb9-68df979eec52"}
{"timestamp":"2026-08-24T10:29:53.626Z","level":"info","message":"[ACPEventAdapter] Execution yielded {\"executionId\":\"5d3536ae-8688-41e8-bcb9-68df979eec52\"}","conversationId":"sess_0e234331-0804-49b2-b1a6-4ad458d727e5","turnId":"5d3536ae-8688-41e8-bcb9-68df979eec52","rootTurnId":"5d3536ae-8688-41e8-bcb9-68df979eec52"}
{"timestamp":"2026-08-24T10:29:53.628Z","level":"info","message":"acp.policy-eval.complete {\"toolId\":\"run_command\",\"effect\":\"ask\"}","conversationId":"sess_0e234331-0804-49b2-b1a6-4ad458d727e5","turnId":"5d3536ae-8688-41e8-bcb9-68df979eec52","rootTurnId":"5d3536ae-8688-41e8-bcb9-68df979eec52"}
{"timestamp":"2026-08-24T10:29:53.641Z","level":"info","message":"[ACP ToolApproval] Requesting permission for toolId=run_command, operationId=run_command_tooluse_KKaNzBbVVecWkk12MHVpbe, sessionId=sess_0e234331-0804-49b2-b1a6-4ad458d727e5","conversationId":"sess_0e234331-0804-49b2-b1a6-4ad458d727e5","turnId":"5d3536ae-8688-41e8-bcb9-68df979eec52","rootTurnId":"5d3536ae-8688-41e8-bcb9-68df979eec52"}
{"timestamp":"2026-08-24T10:29:53.645Z","level":"info","message":"fs.appendMessages.ok {\"system\":\"fs\",\"sessionId\":\"sess_0e234331-0804-49b2-b1a6-4ad458d727e5\",\"messageCount\":1,\"durationMs\":5}","conversationId":"sess_0e234331-0804-49b2-b1a6-4ad458d727e5","turnId":"5d3536ae-8688-41e8-bcb9-68df979eec52","rootTurnId":"5d3536ae-8688-41e8-bcb9-68df979eec52"}
{"timestamp":"2026-08-24T10:29:53.654Z","level":"info","message":"fs.appendMessages.ok {\"system\":\"fs\",\"sessionId\":\"sess_0e234331-0804-49b2-b1a6-4ad458d727e5\",\"messageCount\":1,\"durationMs\":9}","conversationId":"sess_0e234331-0804-49b2-b1a6-4ad458d727e5","turnId":"5d3536ae-8688-41e8-bcb9-68df979eec52","rootTurnId":"5d3536ae-8688-41e8-bcb9-68df979eec52"}
{"timestamp":"2026-08-24T10:29:53.662Z","level":"info","message":"fs.appendMessages.ok {\"system\":\"fs\",\"sessionId\":\"sess_0e234331-0804-49b2-b1a6-4ad458d727e5\",\"messageCount\":1,\"durationMs\":8}","conversationId":"sess_0e234331-0804-49b2-b1a6-4ad458d727e5","turnId":"5d3536ae-8688-41e8-bcb9-68df979eec52","rootTurnId":"5d3536ae-8688-41e8-bcb9-68df979eec52"}
{"timestamp":"2026-08-24T10:29:57.663Z","level":"info","message":"fs.appendMessages.ok {\"system\":\"fs\",\"sessionId\":\"sess_0e234331-0804-49b2-b1a6-4ad458d727e5\",\"messageCount\":1,\"durationMs\":2}","conversationId":"sess_0e234331-0804-49b2-b1a6-4ad458d727e5","turnId":"5d3536ae-8688-41e8-bcb9-68df979eec52","rootTurnId":"5d3536ae-8688-41e8-bcb9-68df979eec52"}
{"timestamp":"2026-08-24T10:29:57.663Z","level":"info","message":"[ACP ToolApproval] Got response: {\"optionId\":\"always-accept\",\"outcome\":\"selected\"}","conversationId":"sess_0e234331-0804-49b2-b1a6-4ad458d727e5","turnId":"5d3536ae-8688-41e8-bcb9-68df979eec52","rootTurnId":"5d3536ae-8688-41e8-bcb9-68df979eec52"}
{"timestamp":"2026-08-24T10:29:57.908Z","level":"info","message":"[PolicySession] rebuild() complete: 17 rules parsed, engineActive=true, fatal=false","conversationId":"sess_0e234331-0804-49b2-b1a6-4ad458d727e5","turnId":"5d3536ae-8688-41e8-bcb9-68df979eec52","rootTurnId":"5d3536ae-8688-41e8-bcb9-68df979eec52"}
{"timestamp":"2026-08-24T10:29:57.908Z","level":"info","message":"[PolicySession] Persisted allow rule for shell matching \"Select-Object -First 40\" at scope=user","conversationId":"sess_0e234331-0804-49b2-b1a6-4ad458d727e5","turnId":"5d3536ae-8688-41e8-bcb9-68df979eec52","rootTurnId":"5d3536ae-8688-41e8-bcb9-68df979eec52"}
{"timestamp":"2026-08-24T10:29:57.913Z","level":"info","message":"[ACPEventAdapter] Execution resumed {\"executionId\":\"5d3536ae-8688-41e8-bcb9-68df979eec52\"}","conversationId":"sess_0e234331-0804-49b2-b1a6-4ad458d727e5","turnId":"5d3536ae-8688-41e8-bcb9-68df979eec52","rootTurnId":"5d3536ae-8688-41e8-bcb9-68df979eec52"}
{"timestamp":"2026-08-24T10:29:57.914Z","level":"info","message":"acp.policy-eval.complete {\"toolId\":\"list_directory\",\"effect\":\"allow\",\"capability\":\"fs_read\"}","conversationId":"sess_0e234331-0804-49b2-b1a6-4ad458d727e5","turnId":"5d3536ae-8688-41e8-bcb9-68df979eec52","rootTurnId":"5d3536ae-8688-41e8-bcb9-68df979eec52"}
{"timestamp":"2026-08-24T10:30:04.919Z","level":"info","message":"[AgentIterator] Parallel invoking agent","conversationId":"sess_0e234331-0804-49b2-b1a6-4ad458d727e5","turnId":"5d3536ae-8688-41e8-bcb9-68df979eec52","rootTurnId":"5d3536ae-8688-41e8-bcb9-68df979eec52"}
{"timestamp":"2026-08-24T10:30:04.919Z","level":"info","message":"[Steering] Populating steering for execution 5d3536ae-8688-41e8-bcb9-68df979eec52","conversationId":"sess_0e234331-0804-49b2-b1a6-4ad458d727e5","turnId":"5d3536ae-8688-41e8-bcb9-68df979eec52","rootTurnId":"5d3536ae-8688-41e8-bcb9-68df979eec52"}
{"timestamp":"2026-08-24T10:30:04.919Z","level":"info","message":"[Steering] ExistingFiles: /c:/Users/Student/.kiro/workspace-roots/regen-railway/vite.config.ts in 5d3536ae-8688-41e8-bcb9-68df979eec52","conversationId":"sess_0e234331-0804-49b2-b1a6-4ad458d727e5","turnId":"5d3536ae-8688-41e8-bcb9-68df979eec52","rootTurnId":"5d3536ae-8688-41e8-bcb9-68df979eec52"}
{"timestamp":"2026-08-24T10:30:04.923Z","level":"info","message":"[q-developer-converse] Sending GenerateAssistantResponse modelId=auto agentMode=vibe origin=AI_EDITOR streaming=true conversationId=sess_0e234331-0804-49b2-b1a6-4ad458d727e5","conversationId":"sess_0e234331-0804-49b2-b1a6-4ad458d727e5","turnId":"5d3536ae-8688-41e8-bcb9-68df979eec52","rootTurnId":"5d3536ae-8688-41e8-bcb9-68df979eec52"}
{"timestamp":"2026-08-24T10:30:04.925Z","level":"info","message":"[q-developer-converse] Request payload: 545967 chars, 144 history messages, conversationId=sess_0e234331-0804-49b2-b1a6-4ad458d727e5","conversationId":"sess_0e234331-0804-49b2-b1a6-4ad458d727e5","turnId":"5d3536ae-8688-41e8-bcb9-68df979eec52","rootTurnId":"5d3536ae-8688-41e8-bcb9-68df979eec52"}
{"timestamp":"2026-08-24T10:30:04.936Z","level":"info","message":"fs.appendMessages.ok {\"system\":\"fs\",\"sessionId\":\"sess_0e234331-0804-49b2-b1a6-4ad458d727e5\",\"messageCount\":2,\"durationMs\":20}","conversationId":"sess_0e234331-0804-49b2-b1a6-4ad458d727e5","turnId":"5d3536ae-8688-41e8-bcb9-68df979eec52","rootTurnId":"5d3536ae-8688-41e8-bcb9-68df979eec52"}
{"timestamp":"2026-08-24T10:30:08.984Z","level":"info","message":"[AgentIterator] Synchronizing results","conversationId":"sess_0e234331-0804-49b2-b1a6-4ad458d727e5","turnId":"5d3536ae-8688-41e8-bcb9-68df979eec52","rootTurnId":"5d3536ae-8688-41e8-bcb9-68df979eec52"}
{"timestamp":"2026-08-24T10:30:08.984Z","level":"info","message":"[AgentIterator] Processing intent detection result","conversationId":"sess_0e234331-0804-49b2-b1a6-4ad458d727e5","turnId":"5d3536ae-8688-41e8-bcb9-68df979eec52","rootTurnId":"5d3536ae-8688-41e8-bcb9-68df979eec52"}
{"timestamp":"2026-08-24T10:30:08.985Z","level":"info","message":"[ChatAgent] Processing model response stream","conversationId":"sess_0e234331-0804-49b2-b1a6-4ad458d727e5","turnId":"5d3536ae-8688-41e8-bcb9-68df979eec52","rootTurnId":"5d3536ae-8688-41e8-bcb9-68df979eec52"}
{"timestamp":"2026-08-24T10:30:08.985Z","level":"info","message":"[Steering] Populating steering for execution 5d3536ae-8688-41e8-bcb9-68df979eec52","conversationId":"sess_0e234331-0804-49b2-b1a6-4ad458d727e5","turnId":"5d3536ae-8688-41e8-bcb9-68df979eec52","rootTurnId":"5d3536ae-8688-41e8-bcb9-68df979eec52"}
{"timestamp":"2026-08-24T10:30:08.985Z","level":"info","message":"[Steering] ExistingFiles: /c:/Users/Student/.kiro/workspace-roots/regen-railway/vite.config.ts in 5d3536ae-8688-41e8-bcb9-68df979eec52","conversationId":"sess_0e234331-0804-49b2-b1a6-4ad458d727e5","turnId":"5d3536ae-8688-41e8-bcb9-68df979eec52","rootTurnId":"5d3536ae-8688-41e8-bcb9-68df979eec52"}
{"timestamp":"2026-08-24T10:30:09.488Z","level":"info","message":"fs.appendMessages.ok {\"system\":\"fs\",\"sessionId\":\"sess_0e234331-0804-49b2-b1a6-4ad458d727e5\",\"messageCount\":1,\"durationMs\":2}","conversationId":"sess_0e234331-0804-49b2-b1a6-4ad458d727e5","turnId":"5d3536ae-8688-41e8-bcb9-68df979eec52","rootTurnId":"5d3536ae-8688-41e8-bcb9-68df979eec52"}
{"timestamp":"2026-08-24T10:30:13.105Z","level":"info","message":"[ACPEventAdapter] Execution yielded {\"executionId\":\"5d3536ae-8688-41e8-bcb9-68df979eec52\"}","conversationId":"sess_0e234331-0804-49b2-b1a6-4ad458d727e5","turnId":"5d3536ae-8688-41e8-bcb9-68df979eec52","rootTurnId":"5d3536ae-8688-41e8-bcb9-68df979eec52"}
{"timestamp":"2026-08-24T10:30:13.109Z","level":"info","message":"acp.policy-eval.complete {\"toolId\":\"run_command\",\"effect\":\"allow\",\"capability\":\"shell\"}","conversationId":"sess_0e234331-0804-49b2-b1a6-4ad458d727e5","turnId":"5d3536ae-8688-41e8-bcb9-68df979eec52","rootTurnId":"5d3536ae-8688-41e8-bcb9-68df979eec52"}
{"timestamp":"2026-08-24T10:30:13.109Z","level":"info","message":"[ACPEventAdapter] Execution resumed {\"executionId\":\"5d3536ae-8688-41e8-bcb9-68df979eec52\"}","conversationId":"sess_0e234331-0804-49b2-b1a6-4ad458d727e5","turnId":"5d3536ae-8688-41e8-bcb9-68df979eec52","rootTurnId":"5d3536ae-8688-41e8-bcb9-68df979eec52"}
{"timestamp":"2026-08-24T10:30:13.110Z","level":"info","message":"acp.policy-eval.complete {\"toolId\":\"list_directory\",\"effect\":\"allow\",\"capability\":\"fs_read\"}","conversationId":"sess_0e234331-0804-49b2-b1a6-4ad458d727e5","turnId":"5d3536ae-8688-41e8-bcb9-68df979eec52","rootTurnId":"5d3536ae-8688-41e8-bcb9-68df979eec52"}
{"timestamp":"2026-08-24T10:30:13.120Z","level":"info","message":"fs.appendMessages.ok {\"system\":\"fs\",\"sessionId\":\"sess_0e234331-0804-49b2-b1a6-4ad458d727e5\",\"messageCount\":1,\"durationMs\":9}","conversationId":"sess_0e234331-0804-49b2-b1a6-4ad458d727e5","turnId":"5d3536ae-8688-41e8-bcb9-68df979eec52","rootTurnId":"5d3536ae-8688-41e8-bcb9-68df979eec52"}
{"timestamp":"2026-08-24T10:30:13.130Z","level":"info","message":"fs.appendMessages.ok {\"system\":\"fs\",\"sessionId\":\"sess_0e234331-0804-49b2-b1a6-4ad458d727e5\",\"messageCount\":1,\"durationMs\":10}","conversationId":"sess_0e234331-0804-49b2-b1a6-4ad458d727e5","turnId":"5d3536ae-8688-41e8-bcb9-68df979eec52","rootTurnId":"5d3536ae-8688-41e8-bcb9-68df979eec52"}
{"timestamp":"2026-08-24T10:30:14.348Z","level":"info","message":"[AgentIterator] Parallel invoking agent","conversationId":"sess_0e234331-0804-49b2-b1a6-4ad458d727e5","turnId":"5d3536ae-8688-41e8-bcb9-68df979eec52","rootTurnId":"5d3536ae-8688-41e8-bcb9-68df979eec52"}
{"timestamp":"2026-08-24T10:30:14.349Z","level":"info","message":"[Steering] Populating steering for execution 5d3536ae-8688-41e8-bcb9-68df979eec52","conversationId":"sess_0e234331-0804-49b2-b1a6-4ad458d727e5","turnId":"5d3536ae-8688-41e8-bcb9-68df979eec52","rootTurnId":"5d3536ae-8688-41e8-bcb9-68df979eec52"}
{"timestamp":"2026-08-24T10:30:14.349Z","level":"info","message":"[Steering] ExistingFiles: /c:/Users/Student/.kiro/workspace-roots/regen-railway/vite.config.ts in 5d3536ae-8688-41e8-bcb9-68df979eec52","conversationId":"sess_0e234331-0804-49b2-b1a6-4ad458d727e5","turnId":"5d3536ae-8688-41e8-bcb9-68df979eec52","rootTurnId":"5d3536ae-8688-41e8-bcb9-68df979eec52"}
{"timestamp":"2026-08-24T10:30:14.354Z","level":"info","message":"[q-developer-converse] Sending GenerateAssistantResponse modelId=auto agentMode=vibe origin=AI_EDITOR streaming=true conversationId=sess_0e234331-0804-49b2-b1a6-4ad458d727e5","conversationId":"sess_0e234331-0804-49b2-b1a6-4ad458d727e5","turnId":"5d3536ae-8688-41e8-bcb9-68df979eec52","rootTurnId":"5d3536ae-8688-41e8-bcb9-68df979eec52"}
{"timestamp":"2026-08-24T10:30:14.355Z","level":"info","message":"[q-developer-converse] Request payload: 547793 chars, 146 history messages, conversationId=sess_0e234331-0804-49b2-b1a6-4ad458d727e5","conversationId":"sess_0e234331-0804-49b2-b1a6-4ad458d727e5","turnId":"5d3536ae-8688-41e8-bcb9-68df979eec52","rootTurnId":"5d3536ae-8688-41e8-bcb9-68df979eec52"}
{"timestamp":"2026-08-24T10:30:14.367Z","level":"info","message":"fs.appendMessages.ok {\"system\":\"fs\",\"sessionId\":\"sess_0e234331-0804-49b2-b1a6-4ad458d727e5\",\"messageCount\":2,\"durationMs\":22}","conversationId":"sess_0e234331-0804-49b2-b1a6-4ad458d727e5","turnId":"5d3536ae-8688-41e8-bcb9-68df979eec52","rootTurnId":"5d3536ae-8688-41e8-bcb9-68df979eec52"}
{"timestamp":"2026-08-24T10:30:18.364Z","level":"info","message":"[AgentIterator] Synchronizing results","conversationId":"sess_0e234331-0804-49b2-b1a6-4ad458d727e5","turnId":"5d3536ae-8688-41e8-bcb9-68df979eec52","rootTurnId":"5d3536ae-8688-41e8-bcb9-68df979eec52"}
{"timestamp":"2026-08-24T10:30:18.364Z","level":"info","message":"[AgentIterator] Processing intent detection result","conversationId":"sess_0e234331-0804-49b2-b1a6-4ad458d727e5","turnId":"5d3536ae-8688-41e8-bcb9-68df979eec52","rootTurnId":"5d3536ae-8688-41e8-bcb9-68df979eec52"}
{"timestamp":"2026-08-24T10:30:18.364Z","level":"info","message":"[ChatAgent] Processing model response stream","conversationId":"sess_0e234331-0804-49b2-b1a6-4ad458d727e5","turnId":"5d3536ae-8688-41e8-bcb9-68df979eec52","rootTurnId":"5d3536ae-8688-41e8-bcb9-68df979eec52"}
{"timestamp":"2026-08-24T10:30:18.364Z","level":"info","message":"[Steering] Populating steering for execution 5d3536ae-8688-41e8-bcb9-68df979eec52","conversationId":"sess_0e234331-0804-49b2-b1a6-4ad458d727e5","turnId":"5d3536ae-8688-41e8-bcb9-68df979eec52","rootTurnId":"5d3536ae-8688-41e8-bcb9-68df979eec52"}
{"timestamp":"2026-08-24T10:30:18.364Z","level":"info","message":"[Steering] ExistingFiles: /c:/Users/Student/.kiro/workspace-roots/regen-railway/vite.config.ts in 5d3536ae-8688-41e8-bcb9-68df979eec52","conversationId":"sess_0e234331-0804-49b2-b1a6-4ad458d727e5","turnId":"5d3536ae-8688-41e8-bcb9-68df979eec52","rootTurnId":"5d3536ae-8688-41e8-bcb9-68df979eec52"}
{"timestamp":"2026-08-24T10:30:19.927Z","level":"info","message":"[ACPEventAdapter] Execution yielded {\"executionId\":\"5d3536ae-8688-41e8-bcb9-68df979eec52\"}","conversationId":"sess_0e234331-0804-49b2-b1a6-4ad458d727e5","turnId":"5d3536ae-8688-41e8-bcb9-68df979eec52","rootTurnId":"5d3536ae-8688-41e8-bcb9-68df979eec52"}
{"timestamp":"2026-08-24T10:30:19.930Z","level":"info","message":"acp.policy-eval.complete {\"toolId\":\"run_command\",\"effect\":\"ask\"}","conversationId":"sess_0e234331-0804-49b2-b1a6-4ad458d727e5","turnId":"5d3536ae-8688-41e8-bcb9-68df979eec52","rootTurnId":"5d3536ae-8688-41e8-bcb9-68df979eec52"}
{"timestamp":"2026-08-24T10:30:19.945Z","level":"info","message":"[ACP ToolApproval] Requesting permission for toolId=run_command, operationId=run_command_tooluse_aGYbIH2jYlogHa0aIX6IzK, sessionId=sess_0e234331-0804-49b2-b1a6-4ad458d727e5","conversationId":"sess_0e234331-0804-49b2-b1a6-4ad458d727e5","turnId":"5d3536ae-8688-41e8-bcb9-68df979eec52","rootTurnId":"5d3536ae-8688-41e8-bcb9-68df979eec52"}
{"timestamp":"2026-08-24T10:30:19.950Z","level":"info","message":"fs.appendMessages.ok {\"system\":\"fs\",\"sessionId\":\"sess_0e234331-0804-49b2-b1a6-4ad458d727e5\",\"messageCount\":1,\"durationMs\":5}","conversationId":"sess_0e234331-0804-49b2-b1a6-4ad458d727e5","turnId":"5d3536ae-8688-41e8-bcb9-68df979eec52","rootTurnId":"5d3536ae-8688-41e8-bcb9-68df979eec52"}
{"timestamp":"2026-08-24T10:30:19.960Z","level":"info","message":"fs.appendMessages.ok {\"system\":\"fs\",\"sessionId\":\"sess_0e234331-0804-49b2-b1a6-4ad458d727e5\",\"messageCount\":1,\"durationMs\":9}","conversationId":"sess_0e234331-0804-49b2-b1a6-4ad458d727e5","turnId":"5d3536ae-8688-41e8-bcb9-68df979eec52","rootTurnId":"5d3536ae-8688-41e8-bcb9-68df979eec52"}
{"timestamp":"2026-08-24T10:30:19.969Z","level":"info","message":"fs.appendMessages.ok {\"system\":\"fs\",\"sessionId\":\"sess_0e234331-0804-49b2-b1a6-4ad458d727e5\",\"messageCount\":1,\"durationMs\":9}","conversationId":"sess_0e234331-0804-49b2-b1a6-4ad458d727e5","turnId":"5d3536ae-8688-41e8-bcb9-68df979eec52","rootTurnId":"5d3536ae-8688-41e8-bcb9-68df979eec52"}
{"timestamp":"2026-08-24T10:30:22.199Z","level":"info","message":"fs.appendMessages.ok {\"system\":\"fs\",\"sessionId\":\"sess_0e234331-0804-49b2-b1a6-4ad458d727e5\",\"messageCount\":1,\"durationMs\":2}","conversationId":"sess_0e234331-0804-49b2-b1a6-4ad458d727e5","turnId":"5d3536ae-8688-41e8-bcb9-68df979eec52","rootTurnId":"5d3536ae-8688-41e8-bcb9-68df979eec52"}
{"timestamp":"2026-08-24T10:30:22.200Z","level":"info","message":"[ACP ToolApproval] Got response: {\"optionId\":\"always-accept\",\"outcome\":\"selected\"}","conversationId":"sess_0e234331-0804-49b2-b1a6-4ad458d727e5","turnId":"5d3536ae-8688-41e8-bcb9-68df979eec52","rootTurnId":"5d3536ae-8688-41e8-bcb9-68df979eec52"}
{"timestamp":"2026-08-24T10:30:22.446Z","level":"info","message":"[PolicySession] rebuild() complete: 17 rules parsed, engineActive=true, fatal=false","conversationId":"sess_0e234331-0804-49b2-b1a6-4ad458d727e5","turnId":"5d3536ae-8688-41e8-bcb9-68df979eec52","rootTurnId":"5d3536ae-8688-41e8-bcb9-68df979eec52"}
{"timestamp":"2026-08-24T10:30:22.446Z","level":"info","message":"[PolicySession] Persisted allow rule for shell matching \"Get-Content \"src\\pages\\Network.tsx\"\" at scope=user","conversationId":"sess_0e234331-0804-49b2-b1a6-4ad458d727e5","turnId":"5d3536ae-8688-41e8-bcb9-68df979eec52","rootTurnId":"5d3536ae-8688-41e8-bcb9-68df979eec52"}
{"timestamp":"2026-08-24T10:30:22.466Z","level":"info","message":"[ACP ToolApproval] Requesting permission for toolId=run_command, operationId=run_command_tooluse_aGYbIH2jYlogHa0aIX6IzK, sessionId=sess_0e234331-0804-49b2-b1a6-4ad458d727e5","conversationId":"sess_0e234331-0804-49b2-b1a6-4ad458d727e5","turnId":"5d3536ae-8688-41e8-bcb9-68df979eec52","rootTurnId":"5d3536ae-8688-41e8-bcb9-68df979eec52"}
{"timestamp":"2026-08-24T10:30:22.469Z","level":"info","message":"fs.appendMessages.ok {\"system\":\"fs\",\"sessionId\":\"sess_0e234331-0804-49b2-b1a6-4ad458d727e5\",\"messageCount\":1,\"durationMs\":3}","conversationId":"sess_0e234331-0804-49b2-b1a6-4ad458d727e5","turnId":"5d3536ae-8688-41e8-bcb9-68df979eec52","rootTurnId":"5d3536ae-8688-41e8-bcb9-68df979eec52"}
{"timestamp":"2026-08-24T10:30:23.527Z","level":"info","message":"fs.appendMessages.ok {\"system\":\"fs\",\"sessionId\":\"sess_0e234331-0804-49b2-b1a6-4ad458d727e5\",\"messageCount\":1,\"durationMs\":2}","conversationId":"sess_0e234331-0804-49b2-b1a6-4ad458d727e5","turnId":"5d3536ae-8688-41e8-bcb9-68df979eec52","rootTurnId":"5d3536ae-8688-41e8-bcb9-68df979eec52"}
{"timestamp":"2026-08-24T10:30:23.528Z","level":"info","message":"[ACP ToolApproval] Got response: {\"optionId\":\"always-accept\",\"outcome\":\"selected\"}","conversationId":"sess_0e234331-0804-49b2-b1a6-4ad458d727e5","turnId":"5d3536ae-8688-41e8-bcb9-68df979eec52","rootTurnId":"5d3536ae-8688-41e8-bcb9-68df979eec52"}
{"timestamp":"2026-08-24T10:30:23.773Z","level":"info","message":"[PolicySession] rebuild() complete: 17 rules parsed, engineActive=true, fatal=false","conversationId":"sess_0e234331-0804-49b2-b1a6-4ad458d727e5","turnId":"5d3536ae-8688-41e8-bcb9-68df979eec52","rootTurnId":"5d3536ae-8688-41e8-bcb9-68df979eec52"}
{"timestamp":"2026-08-24T10:30:23.773Z","level":"info","message":"[PolicySession] Persisted allow rule for shell matching \"Select-Object -Skip 230 -First 20\" at scope=user","conversationId":"sess_0e234331-0804-49b2-b1a6-4ad458d727e5","turnId":"5d3536ae-8688-41e8-bcb9-68df979eec52","rootTurnId":"5d3536ae-8688-41e8-bcb9-68df979eec52"}
{"timestamp":"2026-08-24T10:30:23.792Z","level":"info","message":"[ACP ToolApproval] Requesting permission for toolId=run_command, operationId=run_command_tooluse_aGYbIH2jYlogHa0aIX6IzK, sessionId=sess_0e234331-0804-49b2-b1a6-4ad458d727e5","conversationId":"sess_0e234331-0804-49b2-b1a6-4ad458d727e5","turnId":"5d3536ae-8688-41e8-bcb9-68df979eec52","rootTurnId":"5d3536ae-8688-41e8-bcb9-68df979eec52"}
{"timestamp":"2026-08-24T10:30:23.795Z","level":"info","message":"fs.appendMessages.ok {\"system\":\"fs\",\"sessionId\":\"sess_0e234331-0804-49b2-b1a6-4ad458d727e5\",\"messageCount\":1,\"durationMs\":3}","conversationId":"sess_0e234331-0804-49b2-b1a6-4ad458d727e5","turnId":"5d3536ae-8688-41e8-bcb9-68df979eec52","rootTurnId":"5d3536ae-8688-41e8-bcb9-68df979eec52"}
{"timestamp":"2026-08-24T10:30:24.407Z","level":"info","message":"fs.appendMessages.ok {\"system\":\"fs\",\"sessionId\":\"sess_0e234331-0804-49b2-b1a6-4ad458d727e5\",\"messageCount\":1,\"durationMs\":2}","conversationId":"sess_0e234331-0804-49b2-b1a6-4ad458d727e5","turnId":"5d3536ae-8688-41e8-bcb9-68df979eec52","rootTurnId":"5d3536ae-8688-41e8-bcb9-68df979eec52"}
{"timestamp":"2026-08-24T10:30:24.407Z","level":"info","message":"[ACP ToolApproval] Got response: {\"optionId\":\"always-accept\",\"outcome\":\"selected\"}","conversationId":"sess_0e234331-0804-49b2-b1a6-4ad458d727e5","turnId":"5d3536ae-8688-41e8-bcb9-68df979eec52","rootTurnId":"5d3536ae-8688-41e8-bcb9-68df979eec52"}
{"timestamp":"2026-08-24T10:30:24.666Z","level":"info","message":"[PolicySession] rebuild() complete: 17 rules parsed, engineActive=true, fatal=false","conversationId":"sess_0e234331-0804-49b2-b1a6-4ad458d727e5","turnId":"5d3536ae-8688-41e8-bcb9-68df979eec52","rootTurnId":"5d3536ae-8688-41e8-bcb9-68df979eec52"}
{"timestamp":"2026-08-24T10:30:24.666Z","level":"info","message":"[PolicySession] Persisted allow rule for shell matching \"ForEach-Object { $i = 231; $_ }\" at scope=user","conversationId":"sess_0e234331-0804-49b2-b1a6-4ad458d727e5","turnId":"5d3536ae-8688-41e8-bcb9-68df979eec52","rootTurnId":"5d3536ae-8688-41e8-bcb9-68df979eec52"}
{"timestamp":"2026-08-24T10:30:24.671Z","level":"info","message":"[ACPEventAdapter] Execution resumed {\"executionId\":\"5d3536ae-8688-41e8-bcb9-68df979eec52\"}","conversationId":"sess_0e234331-0804-49b2-b1a6-4ad458d727e5","turnId":"5d3536ae-8688-41e8-bcb9-68df979eec52","rootTurnId":"5d3536ae-8688-41e8-bcb9-68df979eec52"}
{"timestamp":"2026-08-24T10:30:24.672Z","level":"info","message":"acp.policy-eval.complete {\"toolId\":\"list_directory\",\"effect\":\"allow\",\"capability\":\"fs_read\"}","conversationId":"sess_0e234331-0804-49b2-b1a6-4ad458d727e5","turnId":"5d3536ae-8688-41e8-bcb9-68df979eec52","rootTurnId":"5d3536ae-8688-41e8-bcb9-68df979eec52"}
{"timestamp":"2026-08-24T10:30:27.047Z","level":"info","message":"network.listAvailableModels.ok {\"system\":\"network\",\"durationMs\":1400}"}
{"timestamp":"2026-08-24T10:30:27.047Z","level":"info","message":"[ACPModelConfigProvider] Loaded 9 models"}
{"timestamp":"2026-08-24T10:30:29.917Z","level":"info","message":"[AgentIterator] Parallel invoking agent","conversationId":"sess_0e234331-0804-49b2-b1a6-4ad458d727e5","turnId":"5d3536ae-8688-41e8-bcb9-68df979eec52","rootTurnId":"5d3536ae-8688-41e8-bcb9-68df979eec52"}
{"timestamp":"2026-08-24T10:30:29.917Z","level":"info","message":"[Steering] Populating steering for execution 5d3536ae-8688-41e8-bcb9-68df979eec52","conversationId":"sess_0e234331-0804-49b2-b1a6-4ad458d727e5","turnId":"5d3536ae-8688-41e8-bcb9-68df979eec52","rootTurnId":"5d3536ae-8688-41e8-bcb9-68df979eec52"}
{"timestamp":"2026-08-24T10:30:29.917Z","level":"info","message":"[Steering] ExistingFiles: /c:/Users/Student/.kiro/workspace-roots/regen-railway/vite.config.ts in 5d3536ae-8688-41e8-bcb9-68df979eec52","conversationId":"sess_0e234331-0804-49b2-b1a6-4ad458d727e5","turnId":"5d3536ae-8688-41e8-bcb9-68df979eec52","rootTurnId":"5d3536ae-8688-41e8-bcb9-68df979eec52"}
{"timestamp":"2026-08-24T10:30:29.921Z","level":"info","message":"[q-developer-converse] Sending GenerateAssistantResponse modelId=auto agentMode=vibe origin=AI_EDITOR streaming=true conversationId=sess_0e234331-0804-49b2-b1a6-4ad458d727e5","conversationId":"sess_0e234331-0804-49b2-b1a6-4ad458d727e5","turnId":"5d3536ae-8688-41e8-bcb9-68df979eec52","rootTurnId":"5d3536ae-8688-41e8-bcb9-68df979eec52"}
{"timestamp":"2026-08-24T10:30:29.922Z","level":"info","message":"[q-developer-converse] Request payload: 549571 chars, 148 history messages, conversationId=sess_0e234331-0804-49b2-b1a6-4ad458d727e5","conversationId":"sess_0e234331-0804-49b2-b1a6-4ad458d727e5","turnId":"5d3536ae-8688-41e8-bcb9-68df979eec52","rootTurnId":"5d3536ae-8688-41e8-bcb9-68df979eec52"}
{"timestamp":"2026-08-24T10:30:29.932Z","level":"info","message":"fs.appendMessages.ok {\"system\":\"fs\",\"sessionId\":\"sess_0e234331-0804-49b2-b1a6-4ad458d727e5\",\"messageCount\":2,\"durationMs\":19}","conversationId":"sess_0e234331-0804-49b2-b1a6-4ad458d727e5","turnId":"5d3536ae-8688-41e8-bcb9-68df979eec52","rootTurnId":"5d3536ae-8688-41e8-bcb9-68df979eec52"}
{"timestamp":"2026-08-24T10:30:34.068Z","level":"info","message":"[AgentIterator] Synchronizing results","conversationId":"sess_0e234331-0804-49b2-b1a6-4ad458d727e5","turnId":"5d3536ae-8688-41e8-bcb9-68df979eec52","rootTurnId":"5d3536ae-8688-41e8-bcb9-68df979eec52"}
{"timestamp":"2026-08-24T10:30:34.068Z","level":"info","message":"[AgentIterator] Processing intent detection result","conversationId":"sess_0e234331-0804-49b2-b1a6-4ad458d727e5","turnId":"5d3536ae-8688-41e8-bcb9-68df979eec52","rootTurnId":"5d3536ae-8688-41e8-bcb9-68df979eec52"}
{"timestamp":"2026-08-24T10:30:34.068Z","level":"info","message":"[ChatAgent] Processing model response stream","conversationId":"sess_0e234331-0804-49b2-b1a6-4ad458d727e5","turnId":"5d3536ae-8688-41e8-bcb9-68df979eec52","rootTurnId":"5d3536ae-8688-41e8-bcb9-68df979eec52"}
{"timestamp":"2026-08-24T10:30:34.068Z","level":"info","message":"[Steering] Populating steering for execution 5d3536ae-8688-41e8-bcb9-68df979eec52","conversationId":"sess_0e234331-0804-49b2-b1a6-4ad458d727e5","turnId":"5d3536ae-8688-41e8-bcb9-68df979eec52","rootTurnId":"5d3536ae-8688-41e8-bcb9-68df979eec52"}
{"timestamp":"2026-08-24T10:30:34.068Z","level":"info","message":"[Steering] ExistingFiles: /c:/Users/Student/.kiro/workspace-roots/regen-railway/vite.config.ts in 5d3536ae-8688-41e8-bcb9-68df979eec52","conversationId":"sess_0e234331-0804-49b2-b1a6-4ad458d727e5","turnId":"5d3536ae-8688-41e8-bcb9-68df979eec52","rootTurnId":"5d3536ae-8688-41e8-bcb9-68df979eec52"}
{"timestamp":"2026-08-24T10:30:44.177Z","level":"info","message":"[ACPEventAdapter] Execution yielded {\"executionId\":\"5d3536ae-8688-41e8-bcb9-68df979eec52\"}","conversationId":"sess_0e234331-0804-49b2-b1a6-4ad458d727e5","turnId":"5d3536ae-8688-41e8-bcb9-68df979eec52","rootTurnId":"5d3536ae-8688-41e8-bcb9-68df979eec52"}
{"timestamp":"2026-08-24T10:30:44.182Z","level":"info","message":"acp.policy-eval.complete {\"toolId\":\"run_command\",\"effect\":\"ask\"}","conversationId":"sess_0e234331-0804-49b2-b1a6-4ad458d727e5","turnId":"5d3536ae-8688-41e8-bcb9-68df979eec52","rootTurnId":"5d3536ae-8688-41e8-bcb9-68df979eec52"}
{"timestamp":"2026-08-24T10:30:44.206Z","level":"info","message":"[ACP ToolApproval] Requesting permission for toolId=run_command, operationId=run_command_tooluse_F7mSWy2LQA4ntWlcmSJrTP, sessionId=sess_0e234331-0804-49b2-b1a6-4ad458d727e5","conversationId":"sess_0e234331-0804-49b2-b1a6-4ad458d727e5","turnId":"5d3536ae-8688-41e8-bcb9-68df979eec52","rootTurnId":"5d3536ae-8688-41e8-bcb9-68df979eec52"}
{"timestamp":"2026-08-24T10:30:44.212Z","level":"info","message":"fs.appendMessages.ok {\"system\":\"fs\",\"sessionId\":\"sess_0e234331-0804-49b2-b1a6-4ad458d727e5\",\"messageCount\":1,\"durationMs\":6}","conversationId":"sess_0e234331-0804-49b2-b1a6-4ad458d727e5","turnId":"5d3536ae-8688-41e8-bcb9-68df979eec52","rootTurnId":"5d3536ae-8688-41e8-bcb9-68df979eec52"}
{"timestamp":"2026-08-24T10:30:44.225Z","level":"info","message":"fs.appendMessages.ok {\"system\":\"fs\",\"sessionId\":\"sess_0e234331-0804-49b2-b1a6-4ad458d727e5\",\"messageCount\":1,\"durationMs\":13}","conversationId":"sess_0e234331-0804-49b2-b1a6-4ad458d727e5","turnId":"5d3536ae-8688-41e8-bcb9-68df979eec52","rootTurnId":"5d3536ae-8688-41e8-bcb9-68df979eec52"}
{"timestamp":"2026-08-24T10:30:44.235Z","level":"info","message":"fs.appendMessages.ok {\"system\":\"fs\",\"sessionId\":\"sess_0e234331-0804-49b2-b1a6-4ad458d727e5\",\"messageCount\":1,\"durationMs\":9}","conversationId":"sess_0e234331-0804-49b2-b1a6-4ad458d727e5","turnId":"5d3536ae-8688-41e8-bcb9-68df979eec52","rootTurnId":"5d3536ae-8688-41e8-bcb9-68df979eec52"}
{"timestamp":"2026-08-24T10:30:48.911Z","level":"info","message":"fs.appendMessages.ok {\"system\":\"fs\",\"sessionId\":\"sess_0e234331-0804-49b2-b1a6-4ad458d727e5\",\"messageCount\":1,\"durationMs\":1}","conversationId":"sess_0e234331-0804-49b2-b1a6-4ad458d727e5","turnId":"5d3536ae-8688-41e8-bcb9-68df979eec52","rootTurnId":"5d3536ae-8688-41e8-bcb9-68df979eec52"}
{"timestamp":"2026-08-24T10:30:48.911Z","level":"info","message":"[ACP ToolApproval] Got response: {\"optionId\":\"always-accept\",\"outcome\":\"selected\"}","conversationId":"sess_0e234331-0804-49b2-b1a6-4ad458d727e5","turnId":"5d3536ae-8688-41e8-bcb9-68df979eec52","rootTurnId":"5d3536ae-8688-41e8-bcb9-68df979eec52"}
{"timestamp":"2026-08-24T10:30:49.162Z","level":"info","message":"[PolicySession] rebuild() complete: 17 rules parsed, engineActive=true, fatal=false","conversationId":"sess_0e234331-0804-49b2-b1a6-4ad458d727e5","turnId":"5d3536ae-8688-41e8-bcb9-68df979eec52","rootTurnId":"5d3536ae-8688-41e8-bcb9-68df979eec52"}
{"timestamp":"2026-08-24T10:30:49.162Z","level":"info","message":"[PolicySession] Persisted allow rule for shell matching \"Set-Content \"src\\pages\\Network.tsx\" -Value ($newLines -join \"`n\") -Encoding UTF8\" at scope=user","conversationId":"sess_0e234331-0804-49b2-b1a6-4ad458d727e5","turnId":"5d3536ae-8688-41e8-bcb9-68df979eec52","rootTurnId":"5d3536ae-8688-41e8-bcb9-68df979eec52"}
{"timestamp":"2026-08-24T10:30:49.190Z","level":"info","message":"[ACP ToolApproval] Requesting permission for toolId=run_command, operationId=run_command_tooluse_F7mSWy2LQA4ntWlcmSJrTP, sessionId=sess_0e234331-0804-49b2-b1a6-4ad458d727e5","conversationId":"sess_0e234331-0804-49b2-b1a6-4ad458d727e5","turnId":"5d3536ae-8688-41e8-bcb9-68df979eec52","rootTurnId":"5d3536ae-8688-41e8-bcb9-68df979eec52"}
{"timestamp":"2026-08-24T10:30:49.198Z","level":"info","message":"fs.appendMessages.ok {\"system\":\"fs\",\"sessionId\":\"sess_0e234331-0804-49b2-b1a6-4ad458d727e5\",\"messageCount\":1,\"durationMs\":7}","conversationId":"sess_0e234331-0804-49b2-b1a6-4ad458d727e5","turnId":"5d3536ae-8688-41e8-bcb9-68df979eec52","rootTurnId":"5d3536ae-8688-41e8-bcb9-68df979eec52"}
{"timestamp":"2026-08-24T10:30:50.367Z","level":"info","message":"fs.appendMessages.ok {\"system\":\"fs\",\"sessionId\":\"sess_0e234331-0804-49b2-b1a6-4ad458d727e5\",\"messageCount\":1,\"durationMs\":1}","conversationId":"sess_0e234331-0804-49b2-b1a6-4ad458d727e5","turnId":"5d3536ae-8688-41e8-bcb9-68df979eec52","rootTurnId":"5d3536ae-8688-41e8-bcb9-68df979eec52"}
{"timestamp":"2026-08-24T10:30:50.368Z","level":"info","message":"[ACP ToolApproval] Got response: {\"optionId\":\"always-accept\",\"outcome\":\"selected\"}","conversationId":"sess_0e234331-0804-49b2-b1a6-4ad458d727e5","turnId":"5d3536ae-8688-41e8-bcb9-68df979eec52","rootTurnId":"5d3536ae-8688-41e8-bcb9-68df979eec52"}
{"timestamp":"2026-08-24T10:30:50.619Z","level":"info","message":"[PolicySession] rebuild() complete: 17 rules parsed, engineActive=true, fatal=false","conversationId":"sess_0e234331-0804-49b2-b1a6-4ad458d727e5","turnId":"5d3536ae-8688-41e8-bcb9-68df979eec52","rootTurnId":"5d3536ae-8688-41e8-bcb9-68df979eec52"}
{"timestamp":"2026-08-24T10:30:50.619Z","level":"info","message":"[PolicySession] Persisted allow rule for shell matching \"Write-Host \"Network fix done\"\" at scope=user","conversationId":"sess_0e234331-0804-49b2-b1a6-4ad458d727e5","turnId":"5d3536ae-8688-41e8-bcb9-68df979eec52","rootTurnId":"5d3536ae-8688-41e8-bcb9-68df979eec52"}
{"timestamp":"2026-08-24T10:30:50.626Z","level":"info","message":"[ACPEventAdapter] Execution resumed {\"executionId\":\"5d3536ae-8688-41e8-bcb9-68df979eec52\"}","conversationId":"sess_0e234331-0804-49b2-b1a6-4ad458d727e5","turnId":"5d3536ae-8688-41e8-bcb9-68df979eec52","rootTurnId":"5d3536ae-8688-41e8-bcb9-68df979eec52"}
{"timestamp":"2026-08-24T10:30:50.627Z","level":"info","message":"acp.policy-eval.complete {\"toolId\":\"list_directory\",\"effect\":\"allow\",\"capability\":\"fs_read\"}","conversationId":"sess_0e234331-0804-49b2-b1a6-4ad458d727e5","turnId":"5d3536ae-8688-41e8-bcb9-68df979eec52","rootTurnId":"5d3536ae-8688-41e8-bcb9-68df979eec52"}
{"timestamp":"2026-08-24T10:30:50.939Z","level":"info","message":"[AgentIterator] Parallel invoking agent","conversationId":"sess_0e234331-0804-49b2-b1a6-4ad458d727e5","turnId":"5d3536ae-8688-41e8-bcb9-68df979eec52","rootTurnId":"5d3536ae-8688-41e8-bcb9-68df979eec52"}
{"timestamp":"2026-08-24T10:30:50.939Z","level":"info","message":"[Steering] Populating steering for execution 5d3536ae-8688-41e8-bcb9-68df979eec52","conversationId":"sess_0e234331-0804-49b2-b1a6-4ad458d727e5","turnId":"5d3536ae-8688-41e8-bcb9-68df979eec52","rootTurnId":"5d3536ae-8688-41e8-bcb9-68df979eec52"}
{"timestamp":"2026-08-24T10:30:50.939Z","level":"info","message":"[Steering] ExistingFiles: /c:/Users/Student/.kiro/workspace-roots/regen-railway/vite.config.ts in 5d3536ae-8688-41e8-bcb9-68df979eec52","conversationId":"sess_0e234331-0804-49b2-b1a6-4ad458d727e5","turnId":"5d3536ae-8688-41e8-bcb9-68df979eec52","rootTurnId":"5d3536ae-8688-41e8-bcb9-68df979eec52"}
{"timestamp":"2026-08-24T10:30:50.944Z","level":"info","message":"[q-developer-converse] Sending GenerateAssistantResponse modelId=auto agentMode=vibe origin=AI_EDITOR streaming=true conversationId=sess_0e234331-0804-49b2-b1a6-4ad458d727e5","conversationId":"sess_0e234331-0804-49b2-b1a6-4ad458d727e5","turnId":"5d3536ae-8688-41e8-bcb9-68df979eec52","rootTurnId":"5d3536ae-8688-41e8-bcb9-68df979eec52"}
{"timestamp":"2026-08-24T10:30:50.945Z","level":"info","message":"[q-developer-converse] Request payload: 552886 chars, 150 history messages, conversationId=sess_0e234331-0804-49b2-b1a6-4ad458d727e5","conversationId":"sess_0e234331-0804-49b2-b1a6-4ad458d727e5","turnId":"5d3536ae-8688-41e8-bcb9-68df979eec52","rootTurnId":"5d3536ae-8688-41e8-bcb9-68df979eec52"}
{"timestamp":"2026-08-24T10:30:50.957Z","level":"info","message":"fs.appendMessages.ok {\"system\":\"fs\",\"sessionId\":\"sess_0e234331-0804-49b2-b1a6-4ad458d727e5\",\"messageCount\":2,\"durationMs\":22}","conversationId":"sess_0e234331-0804-49b2-b1a6-4ad458d727e5","turnId":"5d3536ae-8688-41e8-bcb9-68df979eec52","rootTurnId":"5d3536ae-8688-41e8-bcb9-68df979eec52"}
{"timestamp":"2026-08-24T10:30:54.859Z","level":"info","message":"[AgentIterator] Synchronizing results","conversationId":"sess_0e234331-0804-49b2-b1a6-4ad458d727e5","turnId":"5d3536ae-8688-41e8-bcb9-68df979eec52","rootTurnId":"5d3536ae-8688-41e8-bcb9-68df979eec52"}
{"timestamp":"2026-08-24T10:30:54.859Z","level":"info","message":"[AgentIterator] Processing intent detection result","conversationId":"sess_0e234331-0804-49b2-b1a6-4ad458d727e5","turnId":"5d3536ae-8688-41e8-bcb9-68df979eec52","rootTurnId":"5d3536ae-8688-41e8-bcb9-68df979eec52"}
{"timestamp":"2026-08-24T10:30:54.860Z","level":"info","message":"[ChatAgent] Processing model response stream","conversationId":"sess_0e234331-0804-49b2-b1a6-4ad458d727e5","turnId":"5d3536ae-8688-41e8-bcb9-68df979eec52","rootTurnId":"5d3536ae-8688-41e8-bcb9-68df979eec52"}
{"timestamp":"2026-08-24T10:30:54.860Z","level":"info","message":"[Steering] Populating steering for execution 5d3536ae-8688-41e8-bcb9-68df979eec52","conversationId":"sess_0e234331-0804-49b2-b1a6-4ad458d727e5","turnId":"5d3536ae-8688-41e8-bcb9-68df979eec52","rootTurnId":"5d3536ae-8688-41e8-bcb9-68df979eec52"}
{"timestamp":"2026-08-24T10:30:54.860Z","level":"info","message":"[Steering] ExistingFiles: /c:/Users/Student/.kiro/workspace-roots/regen-railway/vite.config.ts in 5d3536ae-8688-41e8-bcb9-68df979eec52","conversationId":"sess_0e234331-0804-49b2-b1a6-4ad458d727e5","turnId":"5d3536ae-8688-41e8-bcb9-68df979eec52","rootTurnId":"5d3536ae-8688-41e8-bcb9-68df979eec52"}
{"timestamp":"2026-08-24T10:30:56.907Z","level":"info","message":"[ACPEventAdapter] Execution yielded {\"executionId\":\"5d3536ae-8688-41e8-bcb9-68df979eec52\"}","conversationId":"sess_0e234331-0804-49b2-b1a6-4ad458d727e5","turnId":"5d3536ae-8688-41e8-bcb9-68df979eec52","rootTurnId":"5d3536ae-8688-41e8-bcb9-68df979eec52"}
{"timestamp":"2026-08-24T10:30:56.910Z","level":"info","message":"acp.policy-eval.complete {\"toolId\":\"run_command\",\"effect\":\"ask\"}","conversationId":"sess_0e234331-0804-49b2-b1a6-4ad458d727e5","turnId":"5d3536ae-8688-41e8-bcb9-68df979eec52","rootTurnId":"5d3536ae-8688-41e8-bcb9-68df979eec52"}
{"timestamp":"2026-08-24T10:30:56.925Z","level":"info","message":"[ACP ToolApproval] Requesting permission for toolId=run_command, operationId=run_command_tooluse_ep6tCIDYtbhAKQlNwjjgej, sessionId=sess_0e234331-0804-49b2-b1a6-4ad458d727e5","conversationId":"sess_0e234331-0804-49b2-b1a6-4ad458d727e5","turnId":"5d3536ae-8688-41e8-bcb9-68df979eec52","rootTurnId":"5d3536ae-8688-41e8-bcb9-68df979eec52"}
{"timestamp":"2026-08-24T10:30:56.930Z","level":"info","message":"fs.appendMessages.ok {\"system\":\"fs\",\"sessionId\":\"sess_0e234331-0804-49b2-b1a6-4ad458d727e5\",\"messageCount\":1,\"durationMs\":5}","conversationId":"sess_0e234331-0804-49b2-b1a6-4ad458d727e5","turnId":"5d3536ae-8688-41e8-bcb9-68df979eec52","rootTurnId":"5d3536ae-8688-41e8-bcb9-68df979eec52"}
{"timestamp":"2026-08-24T10:30:56.940Z","level":"info","message":"fs.appendMessages.ok {\"system\":\"fs\",\"sessionId\":\"sess_0e234331-0804-49b2-b1a6-4ad458d727e5\",\"messageCount\":1,\"durationMs\":9}","conversationId":"sess_0e234331-0804-49b2-b1a6-4ad458d727e5","turnId":"5d3536ae-8688-41e8-bcb9-68df979eec52","rootTurnId":"5d3536ae-8688-41e8-bcb9-68df979eec52"}
{"timestamp":"2026-08-24T10:30:56.948Z","level":"info","message":"fs.appendMessages.ok {\"system\":\"fs\",\"sessionId\":\"sess_0e234331-0804-49b2-b1a6-4ad458d727e5\",\"messageCount\":1,\"durationMs\":9}","conversationId":"sess_0e234331-0804-49b2-b1a6-4ad458d727e5","turnId":"5d3536ae-8688-41e8-bcb9-68df979eec52","rootTurnId":"5d3536ae-8688-41e8-bcb9-68df979eec52"}
{"timestamp":"2026-08-24T10:31:00.263Z","level":"info","message":"fs.appendMessages.ok {\"system\":\"fs\",\"sessionId\":\"sess_0e234331-0804-49b2-b1a6-4ad458d727e5\",\"messageCount\":1,\"durationMs\":2}","conversationId":"sess_0e234331-0804-49b2-b1a6-4ad458d727e5","turnId":"5d3536ae-8688-41e8-bcb9-68df979eec52","rootTurnId":"5d3536ae-8688-41e8-bcb9-68df979eec52"}
{"timestamp":"2026-08-24T10:31:00.263Z","level":"info","message":"[ACP ToolApproval] Got response: {\"optionId\":\"always-accept\",\"outcome\":\"selected\"}","conversationId":"sess_0e234331-0804-49b2-b1a6-4ad458d727e5","turnId":"5d3536ae-8688-41e8-bcb9-68df979eec52","rootTurnId":"5d3536ae-8688-41e8-bcb9-68df979eec52"}
{"timestamp":"2026-08-24T10:31:00.516Z","level":"info","message":"[PolicySession] rebuild() complete: 17 rules parsed, engineActive=true, fatal=false","conversationId":"sess_0e234331-0804-49b2-b1a6-4ad458d727e5","turnId":"5d3536ae-8688-41e8-bcb9-68df979eec52","rootTurnId":"5d3536ae-8688-41e8-bcb9-68df979eec52"}
{"timestamp":"2026-08-24T10:31:00.516Z","level":"info","message":"[PolicySession] Persisted allow rule for shell matching \"Write-Host \"TC fix done\"\" at scope=user","conversationId":"sess_0e234331-0804-49b2-b1a6-4ad458d727e5","turnId":"5d3536ae-8688-41e8-bcb9-68df979eec52","rootTurnId":"5d3536ae-8688-41e8-bcb9-68df979eec52"}
{"timestamp":"2026-08-24T10:31:00.521Z","level":"info","message":"[ACPEventAdapter] Execution resumed {\"executionId\":\"5d3536ae-8688-41e8-bcb9-68df979eec52\"}","conversationId":"sess_0e234331-0804-49b2-b1a6-4ad458d727e5","turnId":"5d3536ae-8688-41e8-bcb9-68df979eec52","rootTurnId":"5d3536ae-8688-41e8-bcb9-68df979eec52"}
{"timestamp":"2026-08-24T10:31:00.522Z","level":"info","message":"acp.policy-eval.complete {\"toolId\":\"list_directory\",\"effect\":\"allow\",\"capability\":\"fs_read\"}","conversationId":"sess_0e234331-0804-49b2-b1a6-4ad458d727e5","turnId":"5d3536ae-8688-41e8-bcb9-68df979eec52","rootTurnId":"5d3536ae-8688-41e8-bcb9-68df979eec52"}
{"timestamp":"2026-08-24T10:31:00.608Z","level":"info","message":"[AgentIterator] Parallel invoking agent","conversationId":"sess_0e234331-0804-49b2-b1a6-4ad458d727e5","turnId":"5d3536ae-8688-41e8-bcb9-68df979eec52","rootTurnId":"5d3536ae-8688-41e8-bcb9-68df979eec52"}
{"timestamp":"2026-08-24T10:31:00.608Z","level":"info","message":"[Steering] Populating steering for execution 5d3536ae-8688-41e8-bcb9-68df979eec52","conversationId":"sess_0e234331-0804-49b2-b1a6-4ad458d727e5","turnId":"5d3536ae-8688-41e8-bcb9-68df979eec52","rootTurnId":"5d3536ae-8688-41e8-bcb9-68df979eec52"}
{"timestamp":"2026-08-24T10:31:00.608Z","level":"info","message":"[Steering] ExistingFiles: /c:/Users/Student/.kiro/workspace-roots/regen-railway/vite.config.ts in 5d3536ae-8688-41e8-bcb9-68df979eec52","conversationId":"sess_0e234331-0804-49b2-b1a6-4ad458d727e5","turnId":"5d3536ae-8688-41e8-bcb9-68df979eec52","rootTurnId":"5d3536ae-8688-41e8-bcb9-68df979eec52"}
{"timestamp":"2026-08-24T10:31:00.611Z","level":"info","message":"[q-developer-converse] Sending GenerateAssistantResponse modelId=auto agentMode=vibe origin=AI_EDITOR streaming=true conversationId=sess_0e234331-0804-49b2-b1a6-4ad458d727e5","conversationId":"sess_0e234331-0804-49b2-b1a6-4ad458d727e5","turnId":"5d3536ae-8688-41e8-bcb9-68df979eec52","rootTurnId":"5d3536ae-8688-41e8-bcb9-68df979eec52"}
{"timestamp":"2026-08-24T10:31:00.613Z","level":"info","message":"[q-developer-converse] Request payload: 553866 chars, 152 history messages, conversationId=sess_0e234331-0804-49b2-b1a6-4ad458d727e5","conversationId":"sess_0e234331-0804-49b2-b1a6-4ad458d727e5","turnId":"5d3536ae-8688-41e8-bcb9-68df979eec52","rootTurnId":"5d3536ae-8688-41e8-bcb9-68df979eec52"}
{"timestamp":"2026-08-24T10:31:00.623Z","level":"info","message":"fs.appendMessages.ok {\"system\":\"fs\",\"sessionId\":\"sess_0e234331-0804-49b2-b1a6-4ad458d727e5\",\"messageCount\":2,\"durationMs\":19}","conversationId":"sess_0e234331-0804-49b2-b1a6-4ad458d727e5","turnId":"5d3536ae-8688-41e8-bcb9-68df979eec52","rootTurnId":"5d3536ae-8688-41e8-bcb9-68df979eec52"}
{"timestamp":"2026-08-24T10:31:04.576Z","level":"info","message":"[AgentIterator] Synchronizing results","conversationId":"sess_0e234331-0804-49b2-b1a6-4ad458d727e5","turnId":"5d3536ae-8688-41e8-bcb9-68df979eec52","rootTurnId":"5d3536ae-8688-41e8-bcb9-68df979eec52"}
{"timestamp":"2026-08-24T10:31:04.576Z","level":"info","message":"[AgentIterator] Processing intent detection result","conversationId":"sess_0e234331-0804-49b2-b1a6-4ad458d727e5","turnId":"5d3536ae-8688-41e8-bcb9-68df979eec52","rootTurnId":"5d3536ae-8688-41e8-bcb9-68df979eec52"}
{"timestamp":"2026-08-24T10:31:04.577Z","level":"info","message":"[ChatAgent] Processing model response stream","conversationId":"sess_0e234331-0804-49b2-b1a6-4ad458d727e5","turnId":"5d3536ae-8688-41e8-bcb9-68df979eec52","rootTurnId":"5d3536ae-8688-41e8-bcb9-68df979eec52"}
{"timestamp":"2026-08-24T10:31:04.577Z","level":"info","message":"[Steering] Populating steering for execution 5d3536ae-8688-41e8-bcb9-68df979eec52","conversationId":"sess_0e234331-0804-49b2-b1a6-4ad458d727e5","turnId":"5d3536ae-8688-41e8-bcb9-68df979eec52","rootTurnId":"5d3536ae-8688-41e8-bcb9-68df979eec52"}
{"timestamp":"2026-08-24T10:31:04.577Z","level":"info","message":"[Steering] ExistingFiles: /c:/Users/Student/.kiro/workspace-roots/regen-railway/vite.config.ts in 5d3536ae-8688-41e8-bcb9-68df979eec52","conversationId":"sess_0e234331-0804-49b2-b1a6-4ad458d727e5","turnId":"5d3536ae-8688-41e8-bcb9-68df979eec52","rootTurnId":"5d3536ae-8688-41e8-bcb9-68df979eec52"}
{"timestamp":"2026-08-24T10:31:13.597Z","level":"info","message":"[ACPEventAdapter] Execution yielded {\"executionId\":\"5d3536ae-8688-41e8-bcb9-68df979eec52\"}","conversationId":"sess_0e234331-0804-49b2-b1a6-4ad458d727e5","turnId":"5d3536ae-8688-41e8-bcb9-68df979eec52","rootTurnId":"5d3536ae-8688-41e8-bcb9-68df979eec52"}
{"timestamp":"2026-08-24T10:31:13.600Z","level":"info","message":"acp.policy-eval.complete {\"toolId\":\"run_command\",\"effect\":\"ask\"}","conversationId":"sess_0e234331-0804-49b2-b1a6-4ad458d727e5","turnId":"5d3536ae-8688-41e8-bcb9-68df979eec52","rootTurnId":"5d3536ae-8688-41e8-bcb9-68df979eec52"}
{"timestamp":"2026-08-24T10:31:13.617Z","level":"info","message":"[ACP ToolApproval] Requesting permission for toolId=run_command, operationId=run_command_tooluse_MZhPQGLn42Rm1ZDI5xQqaD, sessionId=sess_0e234331-0804-49b2-b1a6-4ad458d727e5","conversationId":"sess_0e234331-0804-49b2-b1a6-4ad458d727e5","turnId":"5d3536ae-8688-41e8-bcb9-68df979eec52","rootTurnId":"5d3536ae-8688-41e8-bcb9-68df979eec52"}
{"timestamp":"2026-08-24T10:31:13.621Z","level":"info","message":"fs.appendMessages.ok {\"system\":\"fs\",\"sessionId\":\"sess_0e234331-0804-49b2-b1a6-4ad458d727e5\",\"messageCount\":1,\"durationMs\":5}","conversationId":"sess_0e234331-0804-49b2-b1a6-4ad458d727e5","turnId":"5d3536ae-8688-41e8-bcb9-68df979eec52","rootTurnId":"5d3536ae-8688-41e8-bcb9-68df979eec52"}
{"timestamp":"2026-08-24T10:31:13.630Z","level":"info","message":"fs.appendMessages.ok {\"system\":\"fs\",\"sessionId\":\"sess_0e234331-0804-49b2-b1a6-4ad458d727e5\",\"messageCount\":1,\"durationMs\":9}","conversationId":"sess_0e234331-0804-49b2-b1a6-4ad458d727e5","turnId":"5d3536ae-8688-41e8-bcb9-68df979eec52","rootTurnId":"5d3536ae-8688-41e8-bcb9-68df979eec52"}
{"timestamp":"2026-08-24T10:31:13.640Z","level":"info","message":"fs.appendMessages.ok {\"system\":\"fs\",\"sessionId\":\"sess_0e234331-0804-49b2-b1a6-4ad458d727e5\",\"messageCount\":1,\"durationMs\":10}","conversationId":"sess_0e234331-0804-49b2-b1a6-4ad458d727e5","turnId":"5d3536ae-8688-41e8-bcb9-68df979eec52","rootTurnId":"5d3536ae-8688-41e8-bcb9-68df979eec52"}
{"timestamp":"2026-08-24T10:31:17.215Z","level":"info","message":"fs.appendMessages.ok {\"system\":\"fs\",\"sessionId\":\"sess_0e234331-0804-49b2-b1a6-4ad458d727e5\",\"messageCount\":1,\"durationMs\":2}","conversationId":"sess_0e234331-0804-49b2-b1a6-4ad458d727e5","turnId":"5d3536ae-8688-41e8-bcb9-68df979eec52","rootTurnId":"5d3536ae-8688-41e8-bcb9-68df979eec52"}
{"timestamp":"2026-08-24T10:31:17.215Z","level":"info","message":"[ACP ToolApproval] Got response: {\"optionId\":\"always-accept\",\"outcome\":\"selected\"}","conversationId":"sess_0e234331-0804-49b2-b1a6-4ad458d727e5","turnId":"5d3536ae-8688-41e8-bcb9-68df979eec52","rootTurnId":"5d3536ae-8688-41e8-bcb9-68df979eec52"}
{"timestamp":"2026-08-24T10:31:17.472Z","level":"info","message":"[PolicySession] rebuild() complete: 17 rules parsed, engineActive=true, fatal=false","conversationId":"sess_0e234331-0804-49b2-b1a6-4ad458d727e5","turnId":"5d3536ae-8688-41e8-bcb9-68df979eec52","rootTurnId":"5d3536ae-8688-41e8-bcb9-68df979eec52"}
{"timestamp":"2026-08-24T10:31:17.472Z","level":"info","message":"[PolicySession] Persisted allow rule for shell matching \"Write-Host \"dataStore fix done\"\" at scope=user","conversationId":"sess_0e234331-0804-49b2-b1a6-4ad458d727e5","turnId":"5d3536ae-8688-41e8-bcb9-68df979eec52","rootTurnId":"5d3536ae-8688-41e8-bcb9-68df979eec52"}
{"timestamp":"2026-08-24T10:31:17.478Z","level":"info","message":"[ACPEventAdapter] Execution resumed {\"executionId\":\"5d3536ae-8688-41e8-bcb9-68df979eec52\"}","conversationId":"sess_0e234331-0804-49b2-b1a6-4ad458d727e5","turnId":"5d3536ae-8688-41e8-bcb9-68df979eec52","rootTurnId":"5d3536ae-8688-41e8-bcb9-68df979eec52"}
{"timestamp":"2026-08-24T10:31:17.479Z","level":"info","message":"acp.policy-eval.complete {\"toolId\":\"list_directory\",\"effect\":\"allow\",\"capability\":\"fs_read\"}","conversationId":"sess_0e234331-0804-49b2-b1a6-4ad458d727e5","turnId":"5d3536ae-8688-41e8-bcb9-68df979eec52","rootTurnId":"5d3536ae-8688-41e8-bcb9-68df979eec52"}
{"timestamp":"2026-08-24T10:31:17.745Z","level":"info","message":"[AgentIterator] Parallel invoking agent","conversationId":"sess_0e234331-0804-49b2-b1a6-4ad458d727e5","turnId":"5d3536ae-8688-41e8-bcb9-68df979eec52","rootTurnId":"5d3536ae-8688-41e8-bcb9-68df979eec52"}
{"timestamp":"2026-08-24T10:31:17.745Z","level":"info","message":"[Steering] Populating steering for execution 5d3536ae-8688-41e8-bcb9-68df979eec52","conversationId":"sess_0e234331-0804-49b2-b1a6-4ad458d727e5","turnId":"5d3536ae-8688-41e8-bcb9-68df979eec52","rootTurnId":"5d3536ae-8688-41e8-bcb9-68df979eec52"}
{"timestamp":"2026-08-24T10:31:17.745Z","level":"info","message":"[Steering] ExistingFiles: /c:/Users/Student/.kiro/workspace-roots/regen-railway/vite.config.ts in 5d3536ae-8688-41e8-bcb9-68df979eec52","conversationId":"sess_0e234331-0804-49b2-b1a6-4ad458d727e5","turnId":"5d3536ae-8688-41e8-bcb9-68df979eec52","rootTurnId":"5d3536ae-8688-41e8-bcb9-68df979eec52"}
{"timestamp":"2026-08-24T10:31:17.753Z","level":"info","message":"[q-developer-converse] Sending GenerateAssistantResponse modelId=auto agentMode=vibe origin=AI_EDITOR streaming=true conversationId=sess_0e234331-0804-49b2-b1a6-4ad458d727e5","conversationId":"sess_0e234331-0804-49b2-b1a6-4ad458d727e5","turnId":"5d3536ae-8688-41e8-bcb9-68df979eec52","rootTurnId":"5d3536ae-8688-41e8-bcb9-68df979eec52"}
{"timestamp":"2026-08-24T10:31:17.754Z","level":"info","message":"[q-developer-converse] Request payload: 556565 chars, 154 history messages, conversationId=sess_0e234331-0804-49b2-b1a6-4ad458d727e5","conversationId":"sess_0e234331-0804-49b2-b1a6-4ad458d727e5","turnId":"5d3536ae-8688-41e8-bcb9-68df979eec52","rootTurnId":"5d3536ae-8688-41e8-bcb9-68df979eec52"}
{"timestamp":"2026-08-24T10:31:17.766Z","level":"info","message":"fs.appendMessages.ok {\"system\":\"fs\",\"sessionId\":\"sess_0e234331-0804-49b2-b1a6-4ad458d727e5\",\"messageCount\":2,\"durationMs\":25}","conversationId":"sess_0e234331-0804-49b2-b1a6-4ad458d727e5","turnId":"5d3536ae-8688-41e8-bcb9-68df979eec52","rootTurnId":"5d3536ae-8688-41e8-bcb9-68df979eec52"}
{"timestamp":"2026-08-24T10:31:22.183Z","level":"info","message":"[AgentIterator] Synchronizing results","conversationId":"sess_0e234331-0804-49b2-b1a6-4ad458d727e5","turnId":"5d3536ae-8688-41e8-bcb9-68df979eec52","rootTurnId":"5d3536ae-8688-41e8-bcb9-68df979eec52"}
{"timestamp":"2026-08-24T10:31:22.183Z","level":"info","message":"[AgentIterator] Processing intent detection result","conversationId":"sess_0e234331-0804-49b2-b1a6-4ad458d727e5","turnId":"5d3536ae-8688-41e8-bcb9-68df979eec52","rootTurnId":"5d3536ae-8688-41e8-bcb9-68df979eec52"}
{"timestamp":"2026-08-24T10:31:22.183Z","level":"info","message":"[ChatAgent] Processing model response stream","conversationId":"sess_0e234331-0804-49b2-b1a6-4ad458d727e5","turnId":"5d3536ae-8688-41e8-bcb9-68df979eec52","rootTurnId":"5d3536ae-8688-41e8-bcb9-68df979eec52"}
{"timestamp":"2026-08-24T10:31:22.183Z","level":"info","message":"[Steering] Populating steering for execution 5d3536ae-8688-41e8-bcb9-68df979eec52","conversationId":"sess_0e234331-0804-49b2-b1a6-4ad458d727e5","turnId":"5d3536ae-8688-41e8-bcb9-68df979eec52","rootTurnId":"5d3536ae-8688-41e8-bcb9-68df979eec52"}
{"timestamp":"2026-08-24T10:31:22.183Z","level":"info","message":"[Steering] ExistingFiles: /c:/Users/Student/.kiro/workspace-roots/regen-railway/vite.config.ts in 5d3536ae-8688-41e8-bcb9-68df979eec52","conversationId":"sess_0e234331-0804-49b2-b1a6-4ad458d727e5","turnId":"5d3536ae-8688-41e8-bcb9-68df979eec52","rootTurnId":"5d3536ae-8688-41e8-bcb9-68df979eec52"}
{"timestamp":"2026-08-24T10:31:23.257Z","level":"info","message":"[ACPEventAdapter] Execution yielded {\"executionId\":\"5d3536ae-8688-41e8-bcb9-68df979eec52\"}","conversationId":"sess_0e234331-0804-49b2-b1a6-4ad458d727e5","turnId":"5d3536ae-8688-41e8-bcb9-68df979eec52","rootTurnId":"5d3536ae-8688-41e8-bcb9-68df979eec52"}
{"timestamp":"2026-08-24T10:31:23.259Z","level":"info","message":"acp.policy-eval.complete {\"toolId\":\"run_command\",\"effect\":\"ask\"}","conversationId":"sess_0e234331-0804-49b2-b1a6-4ad458d727e5","turnId":"5d3536ae-8688-41e8-bcb9-68df979eec52","rootTurnId":"5d3536ae-8688-41e8-bcb9-68df979eec52"}
{"timestamp":"2026-08-24T10:31:23.272Z","level":"info","message":"[ACP ToolApproval] Requesting permission for toolId=run_command, operationId=run_command_tooluse_bl0zV9OwfRa3VMXe7RMOPt, sessionId=sess_0e234331-0804-49b2-b1a6-4ad458d727e5","conversationId":"sess_0e234331-0804-49b2-b1a6-4ad458d727e5","turnId":"5d3536ae-8688-41e8-bcb9-68df979eec52","rootTurnId":"5d3536ae-8688-41e8-bcb9-68df979eec52"}
{"timestamp":"2026-08-24T10:31:23.277Z","level":"info","message":"fs.appendMessages.ok {\"system\":\"fs\",\"sessionId\":\"sess_0e234331-0804-49b2-b1a6-4ad458d727e5\",\"messageCount\":1,\"durationMs\":5}","conversationId":"sess_0e234331-0804-49b2-b1a6-4ad458d727e5","turnId":"5d3536ae-8688-41e8-bcb9-68df979eec52","rootTurnId":"5d3536ae-8688-41e8-bcb9-68df979eec52"}
{"timestamp":"2026-08-24T10:31:23.286Z","level":"info","message":"fs.appendMessages.ok {\"system\":\"fs\",\"sessionId\":\"sess_0e234331-0804-49b2-b1a6-4ad458d727e5\",\"messageCount\":1,\"durationMs\":9}","conversationId":"sess_0e234331-0804-49b2-b1a6-4ad458d727e5","turnId":"5d3536ae-8688-41e8-bcb9-68df979eec52","rootTurnId":"5d3536ae-8688-41e8-bcb9-68df979eec52"}
{"timestamp":"2026-08-24T10:31:23.295Z","level":"info","message":"fs.appendMessages.ok {\"system\":\"fs\",\"sessionId\":\"sess_0e234331-0804-49b2-b1a6-4ad458d727e5\",\"messageCount\":1,\"durationMs\":9}","conversationId":"sess_0e234331-0804-49b2-b1a6-4ad458d727e5","turnId":"5d3536ae-8688-41e8-bcb9-68df979eec52","rootTurnId":"5d3536ae-8688-41e8-bcb9-68df979eec52"}
{"timestamp":"2026-08-24T10:31:24.591Z","level":"info","message":"fs.appendMessages.ok {\"system\":\"fs\",\"sessionId\":\"sess_0e234331-0804-49b2-b1a6-4ad458d727e5\",\"messageCount\":1,\"durationMs\":2}","conversationId":"sess_0e234331-0804-49b2-b1a6-4ad458d727e5","turnId":"5d3536ae-8688-41e8-bcb9-68df979eec52","rootTurnId":"5d3536ae-8688-41e8-bcb9-68df979eec52"}
{"timestamp":"2026-08-24T10:31:24.591Z","level":"info","message":"[ACP ToolApproval] Got response: {\"optionId\":\"always-accept\",\"outcome\":\"selected\"}","conversationId":"sess_0e234331-0804-49b2-b1a6-4ad458d727e5","turnId":"5d3536ae-8688-41e8-bcb9-68df979eec52","rootTurnId":"5d3536ae-8688-41e8-bcb9-68df979eec52"}
{"timestamp":"2026-08-24T10:31:24.844Z","level":"info","message":"[PolicySession] rebuild() complete: 17 rules parsed, engineActive=true, fatal=false","conversationId":"sess_0e234331-0804-49b2-b1a6-4ad458d727e5","turnId":"5d3536ae-8688-41e8-bcb9-68df979eec52","rootTurnId":"5d3536ae-8688-41e8-bcb9-68df979eec52"}
{"timestamp":"2026-08-24T10:31:24.844Z","level":"info","message":"[PolicySession] Persisted allow rule for shell matching \"Select-Object -First 50\" at scope=user","conversationId":"sess_0e234331-0804-49b2-b1a6-4ad458d727e5","turnId":"5d3536ae-8688-41e8-bcb9-68df979eec52","rootTurnId":"5d3536ae-8688-41e8-bcb9-68df979eec52"}
{"timestamp":"2026-08-24T10:31:24.849Z","level":"info","message":"[ACPEventAdapter] Execution resumed {\"executionId\":\"5d3536ae-8688-41e8-bcb9-68df979eec52\"}","conversationId":"sess_0e234331-0804-49b2-b1a6-4ad458d727e5","turnId":"5d3536ae-8688-41e8-bcb9-68df979eec52","rootTurnId":"5d3536ae-8688-41e8-bcb9-68df979eec52"}
{"timestamp":"2026-08-24T10:31:24.850Z","level":"info","message":"acp.policy-eval.complete {\"toolId\":\"list_directory\",\"effect\":\"allow\",\"capability\":\"fs_read\"}","conversationId":"sess_0e234331-0804-49b2-b1a6-4ad458d727e5","turnId":"5d3536ae-8688-41e8-bcb9-68df979eec52","rootTurnId":"5d3536ae-8688-41e8-bcb9-68df979eec52"}
{"timestamp":"2026-08-24T10:31:25.843Z","level":"info","message":"[AgentIterator] Parallel invoking agent","conversationId":"sess_0e234331-0804-49b2-b1a6-4ad458d727e5","turnId":"5d3536ae-8688-41e8-bcb9-68df979eec52","rootTurnId":"5d3536ae-8688-41e8-bcb9-68df979eec52"}
{"timestamp":"2026-08-24T10:31:25.843Z","level":"info","message":"[Steering] Populating steering for execution 5d3536ae-8688-41e8-bcb9-68df979eec52","conversationId":"sess_0e234331-0804-49b2-b1a6-4ad458d727e5","turnId":"5d3536ae-8688-41e8-bcb9-68df979eec52","rootTurnId":"5d3536ae-8688-41e8-bcb9-68df979eec52"}
{"timestamp":"2026-08-24T10:31:25.844Z","level":"info","message":"[Steering] ExistingFiles: /c:/Users/Student/.kiro/workspace-roots/regen-railway/vite.config.ts in 5d3536ae-8688-41e8-bcb9-68df979eec52","conversationId":"sess_0e234331-0804-49b2-b1a6-4ad458d727e5","turnId":"5d3536ae-8688-41e8-bcb9-68df979eec52","rootTurnId":"5d3536ae-8688-41e8-bcb9-68df979eec52"}
{"timestamp":"2026-08-24T10:31:25.847Z","level":"info","message":"[q-developer-converse] Sending GenerateAssistantResponse modelId=auto agentMode=vibe origin=AI_EDITOR streaming=true conversationId=sess_0e234331-0804-49b2-b1a6-4ad458d727e5","conversationId":"sess_0e234331-0804-49b2-b1a6-4ad458d727e5","turnId":"5d3536ae-8688-41e8-bcb9-68df979eec52","rootTurnId":"5d3536ae-8688-41e8-bcb9-68df979eec52"}
{"timestamp":"2026-08-24T10:31:25.848Z","level":"info","message":"[q-developer-converse] Request payload: 557858 chars, 156 history messages, conversationId=sess_0e234331-0804-49b2-b1a6-4ad458d727e5","conversationId":"sess_0e234331-0804-49b2-b1a6-4ad458d727e5","turnId":"5d3536ae-8688-41e8-bcb9-68df979eec52","rootTurnId":"5d3536ae-8688-41e8-bcb9-68df979eec52"}
{"timestamp":"2026-08-24T10:31:25.860Z","level":"info","message":"fs.appendMessages.ok {\"system\":\"fs\",\"sessionId\":\"sess_0e234331-0804-49b2-b1a6-4ad458d727e5\",\"messageCount\":2,\"durationMs\":20}","conversationId":"sess_0e234331-0804-49b2-b1a6-4ad458d727e5","turnId":"5d3536ae-8688-41e8-bcb9-68df979eec52","rootTurnId":"5d3536ae-8688-41e8-bcb9-68df979eec52"}
{"timestamp":"2026-08-24T10:31:30.259Z","level":"info","message":"[AgentIterator] Synchronizing results","conversationId":"sess_0e234331-0804-49b2-b1a6-4ad458d727e5","turnId":"5d3536ae-8688-41e8-bcb9-68df979eec52","rootTurnId":"5d3536ae-8688-41e8-bcb9-68df979eec52"}
{"timestamp":"2026-08-24T10:31:30.259Z","level":"info","message":"[AgentIterator] Processing intent detection result","conversationId":"sess_0e234331-0804-49b2-b1a6-4ad458d727e5","turnId":"5d3536ae-8688-41e8-bcb9-68df979eec52","rootTurnId":"5d3536ae-8688-41e8-bcb9-68df979eec52"}
{"timestamp":"2026-08-24T10:31:30.259Z","level":"info","message":"[ChatAgent] Processing model response stream","conversationId":"sess_0e234331-0804-49b2-b1a6-4ad458d727e5","turnId":"5d3536ae-8688-41e8-bcb9-68df979eec52","rootTurnId":"5d3536ae-8688-41e8-bcb9-68df979eec52"}
{"timestamp":"2026-08-24T10:31:30.259Z","level":"info","message":"[Steering] Populating steering for execution 5d3536ae-8688-41e8-bcb9-68df979eec52","conversationId":"sess_0e234331-0804-49b2-b1a6-4ad458d727e5","turnId":"5d3536ae-8688-41e8-bcb9-68df979eec52","rootTurnId":"5d3536ae-8688-41e8-bcb9-68df979eec52"}
{"timestamp":"2026-08-24T10:31:30.259Z","level":"info","message":"[Steering] ExistingFiles: /c:/Users/Student/.kiro/workspace-roots/regen-railway/vite.config.ts in 5d3536ae-8688-41e8-bcb9-68df979eec52","conversationId":"sess_0e234331-0804-49b2-b1a6-4ad458d727e5","turnId":"5d3536ae-8688-41e8-bcb9-68df979eec52","rootTurnId":"5d3536ae-8688-41e8-bcb9-68df979eec52"}
{"timestamp":"2026-08-24T10:31:31.838Z","level":"info","message":"[ACPEventAdapter] Execution yielded {\"executionId\":\"5d3536ae-8688-41e8-bcb9-68df979eec52\"}","conversationId":"sess_0e234331-0804-49b2-b1a6-4ad458d727e5","turnId":"5d3536ae-8688-41e8-bcb9-68df979eec52","rootTurnId":"5d3536ae-8688-41e8-bcb9-68df979eec52"}
{"timestamp":"2026-08-24T10:31:31.840Z","level":"info","message":"acp.policy-eval.complete {\"toolId\":\"run_command\",\"effect\":\"ask\"}","conversationId":"sess_0e234331-0804-49b2-b1a6-4ad458d727e5","turnId":"5d3536ae-8688-41e8-bcb9-68df979eec52","rootTurnId":"5d3536ae-8688-41e8-bcb9-68df979eec52"}
{"timestamp":"2026-08-24T10:31:31.857Z","level":"info","message":"[ACP ToolApproval] Requesting permission for toolId=run_command, operationId=run_command_tooluse_oyiXT5Ut2RlIRJUKem1vjr, sessionId=sess_0e234331-0804-49b2-b1a6-4ad458d727e5","conversationId":"sess_0e234331-0804-49b2-b1a6-4ad458d727e5","turnId":"5d3536ae-8688-41e8-bcb9-68df979eec52","rootTurnId":"5d3536ae-8688-41e8-bcb9-68df979eec52"}
{"timestamp":"2026-08-24T10:31:31.862Z","level":"info","message":"fs.appendMessages.ok {\"system\":\"fs\",\"sessionId\":\"sess_0e234331-0804-49b2-b1a6-4ad458d727e5\",\"messageCount\":1,\"durationMs\":5}","conversationId":"sess_0e234331-0804-49b2-b1a6-4ad458d727e5","turnId":"5d3536ae-8688-41e8-bcb9-68df979eec52","rootTurnId":"5d3536ae-8688-41e8-bcb9-68df979eec52"}
{"timestamp":"2026-08-24T10:31:31.869Z","level":"info","message":"fs.appendMessages.ok {\"system\":\"fs\",\"sessionId\":\"sess_0e234331-0804-49b2-b1a6-4ad458d727e5\",\"messageCount\":1,\"durationMs\":7}","conversationId":"sess_0e234331-0804-49b2-b1a6-4ad458d727e5","turnId":"5d3536ae-8688-41e8-bcb9-68df979eec52","rootTurnId":"5d3536ae-8688-41e8-bcb9-68df979eec52"}
{"timestamp":"2026-08-24T10:31:31.874Z","level":"info","message":"fs.appendMessages.ok {\"system\":\"fs\",\"sessionId\":\"sess_0e234331-0804-49b2-b1a6-4ad458d727e5\",\"messageCount\":1,\"durationMs\":5}","conversationId":"sess_0e234331-0804-49b2-b1a6-4ad458d727e5","turnId":"5d3536ae-8688-41e8-bcb9-68df979eec52","rootTurnId":"5d3536ae-8688-41e8-bcb9-68df979eec52"}
{"timestamp":"2026-08-24T10:31:33.424Z","level":"info","message":"fs.appendMessages.ok {\"system\":\"fs\",\"sessionId\":\"sess_0e234331-0804-49b2-b1a6-4ad458d727e5\",\"messageCount\":1,\"durationMs\":2}","conversationId":"sess_0e234331-0804-49b2-b1a6-4ad458d727e5","turnId":"5d3536ae-8688-41e8-bcb9-68df979eec52","rootTurnId":"5d3536ae-8688-41e8-bcb9-68df979eec52"}
{"timestamp":"2026-08-24T10:31:33.424Z","level":"info","message":"[ACP ToolApproval] Got response: {\"optionId\":\"always-accept\",\"outcome\":\"selected\"}","conversationId":"sess_0e234331-0804-49b2-b1a6-4ad458d727e5","turnId":"5d3536ae-8688-41e8-bcb9-68df979eec52","rootTurnId":"5d3536ae-8688-41e8-bcb9-68df979eec52"}
{"timestamp":"2026-08-24T10:31:33.679Z","level":"info","message":"[PolicySession] rebuild() complete: 17 rules parsed, engineActive=true, fatal=false","conversationId":"sess_0e234331-0804-49b2-b1a6-4ad458d727e5","turnId":"5d3536ae-8688-41e8-bcb9-68df979eec52","rootTurnId":"5d3536ae-8688-41e8-bcb9-68df979eec52"}
{"timestamp":"2026-08-24T10:31:33.679Z","level":"info","message":"[PolicySession] Persisted allow rule for shell matching \"Select-Object -Skip 140 -First 45\" at scope=user","conversationId":"sess_0e234331-0804-49b2-b1a6-4ad458d727e5","turnId":"5d3536ae-8688-41e8-bcb9-68df979eec52","rootTurnId":"5d3536ae-8688-41e8-bcb9-68df979eec52"}
{"timestamp":"2026-08-24T10:31:33.700Z","level":"info","message":"[ACP ToolApproval] Requesting permission for toolId=run_command, operationId=run_command_tooluse_oyiXT5Ut2RlIRJUKem1vjr, sessionId=sess_0e234331-0804-49b2-b1a6-4ad458d727e5","conversationId":"sess_0e234331-0804-49b2-b1a6-4ad458d727e5","turnId":"5d3536ae-8688-41e8-bcb9-68df979eec52","rootTurnId":"5d3536ae-8688-41e8-bcb9-68df979eec52"}
{"timestamp":"2026-08-24T10:31:33.703Z","level":"info","message":"fs.appendMessages.ok {\"system\":\"fs\",\"sessionId\":\"sess_0e234331-0804-49b2-b1a6-4ad458d727e5\",\"messageCount\":1,\"durationMs\":3}","conversationId":"sess_0e234331-0804-49b2-b1a6-4ad458d727e5","turnId":"5d3536ae-8688-41e8-bcb9-68df979eec52","rootTurnId":"5d3536ae-8688-41e8-bcb9-68df979eec52"}
{"timestamp":"2026-08-24T10:31:34.751Z","level":"info","message":"fs.appendMessages.ok {\"system\":\"fs\",\"sessionId\":\"sess_0e234331-0804-49b2-b1a6-4ad458d727e5\",\"messageCount\":1,\"durationMs\":2}","conversationId":"sess_0e234331-0804-49b2-b1a6-4ad458d727e5","turnId":"5d3536ae-8688-41e8-bcb9-68df979eec52","rootTurnId":"5d3536ae-8688-41e8-bcb9-68df979eec52"}
{"timestamp":"2026-08-24T10:31:34.751Z","level":"info","message":"[ACP ToolApproval] Got response: {\"optionId\":\"always-accept\",\"outcome\":\"selected\"}","conversationId":"sess_0e234331-0804-49b2-b1a6-4ad458d727e5","turnId":"5d3536ae-8688-41e8-bcb9-68df979eec52","rootTurnId":"5d3536ae-8688-41e8-bcb9-68df979eec52"}
{"timestamp":"2026-08-24T10:31:35.006Z","level":"info","message":"[PolicySession] rebuild() complete: 17 rules parsed, engineActive=true, fatal=false","conversationId":"sess_0e234331-0804-49b2-b1a6-4ad458d727e5","turnId":"5d3536ae-8688-41e8-bcb9-68df979eec52","rootTurnId":"5d3536ae-8688-41e8-bcb9-68df979eec52"}
{"timestamp":"2026-08-24T10:31:35.006Z","level":"info","message":"[PolicySession] Persisted allow rule for shell matching \"ForEach-Object -Begin {$i=141} -Process { \"$i`: $_\"; $i++ }\" at scope=user","conversationId":"sess_0e234331-0804-49b2-b1a6-4ad458d727e5","turnId":"5d3536ae-8688-41e8-bcb9-68df979eec52","rootTurnId":"5d3536ae-8688-41e8-bcb9-68df979eec52"}
{"timestamp":"2026-08-24T10:31:35.012Z","level":"info","message":"[ACPEventAdapter] Execution resumed {\"executionId\":\"5d3536ae-8688-41e8-bcb9-68df979eec52\"}","conversationId":"sess_0e234331-0804-49b2-b1a6-4ad458d727e5","turnId":"5d3536ae-8688-41e8-bcb9-68df979eec52","rootTurnId":"5d3536ae-8688-41e8-bcb9-68df979eec52"}
{"timestamp":"2026-08-24T10:31:35.013Z","level":"info","message":"acp.policy-eval.complete {\"toolId\":\"list_directory\",\"effect\":\"allow\",\"capability\":\"fs_read\"}","conversationId":"sess_0e234331-0804-49b2-b1a6-4ad458d727e5","turnId":"5d3536ae-8688-41e8-bcb9-68df979eec52","rootTurnId":"5d3536ae-8688-41e8-bcb9-68df979eec52"}
{"timestamp":"2026-08-24T10:31:35.064Z","level":"info","message":"[AgentIterator] Parallel invoking agent","conversationId":"sess_0e234331-0804-49b2-b1a6-4ad458d727e5","turnId":"5d3536ae-8688-41e8-bcb9-68df979eec52","rootTurnId":"5d3536ae-8688-41e8-bcb9-68df979eec52"}
{"timestamp":"2026-08-24T10:31:35.064Z","level":"info","message":"[Steering] Populating steering for execution 5d3536ae-8688-41e8-bcb9-68df979eec52","conversationId":"sess_0e234331-0804-49b2-b1a6-4ad458d727e5","turnId":"5d3536ae-8688-41e8-bcb9-68df979eec52","rootTurnId":"5d3536ae-8688-41e8-bcb9-68df979eec52"}
{"timestamp":"2026-08-24T10:31:35.064Z","level":"info","message":"[Steering] ExistingFiles: /c:/Users/Student/.kiro/workspace-roots/regen-railway/vite.config.ts in 5d3536ae-8688-41e8-bcb9-68df979eec52","conversationId":"sess_0e234331-0804-49b2-b1a6-4ad458d727e5","turnId":"5d3536ae-8688-41e8-bcb9-68df979eec52","rootTurnId":"5d3536ae-8688-41e8-bcb9-68df979eec52"}
{"timestamp":"2026-08-24T10:31:35.067Z","level":"info","message":"[q-developer-converse] Sending GenerateAssistantResponse modelId=auto agentMode=vibe origin=AI_EDITOR streaming=true conversationId=sess_0e234331-0804-49b2-b1a6-4ad458d727e5","conversationId":"sess_0e234331-0804-49b2-b1a6-4ad458d727e5","turnId":"5d3536ae-8688-41e8-bcb9-68df979eec52","rootTurnId":"5d3536ae-8688-41e8-bcb9-68df979eec52"}
{"timestamp":"2026-08-24T10:31:35.069Z","level":"info","message":"[q-developer-converse] Request payload: 561134 chars, 158 history messages, conversationId=sess_0e234331-0804-49b2-b1a6-4ad458d727e5","conversationId":"sess_0e234331-0804-49b2-b1a6-4ad458d727e5","turnId":"5d3536ae-8688-41e8-bcb9-68df979eec52","rootTurnId":"5d3536ae-8688-41e8-bcb9-68df979eec52"}
{"timestamp":"2026-08-24T10:31:35.080Z","level":"info","message":"fs.appendMessages.ok {\"system\":\"fs\",\"sessionId\":\"sess_0e234331-0804-49b2-b1a6-4ad458d727e5\",\"messageCount\":2,\"durationMs\":19}","conversationId":"sess_0e234331-0804-49b2-b1a6-4ad458d727e5","turnId":"5d3536ae-8688-41e8-bcb9-68df979eec52","rootTurnId":"5d3536ae-8688-41e8-bcb9-68df979eec52"}
{"timestamp":"2026-08-24T10:31:38.903Z","level":"info","message":"[AgentIterator] Synchronizing results","conversationId":"sess_0e234331-0804-49b2-b1a6-4ad458d727e5","turnId":"5d3536ae-8688-41e8-bcb9-68df979eec52","rootTurnId":"5d3536ae-8688-41e8-bcb9-68df979eec52"}
{"timestamp":"2026-08-24T10:31:38.903Z","level":"info","message":"[AgentIterator] Processing intent detection result","conversationId":"sess_0e234331-0804-49b2-b1a6-4ad458d727e5","turnId":"5d3536ae-8688-41e8-bcb9-68df979eec52","rootTurnId":"5d3536ae-8688-41e8-bcb9-68df979eec52"}
{"timestamp":"2026-08-24T10:31:38.903Z","level":"info","message":"[ChatAgent] Processing model response stream","conversationId":"sess_0e234331-0804-49b2-b1a6-4ad458d727e5","turnId":"5d3536ae-8688-41e8-bcb9-68df979eec52","rootTurnId":"5d3536ae-8688-41e8-bcb9-68df979eec52"}
{"timestamp":"2026-08-24T10:31:38.903Z","level":"info","message":"[Steering] Populating steering for execution 5d3536ae-8688-41e8-bcb9-68df979eec52","conversationId":"sess_0e234331-0804-49b2-b1a6-4ad458d727e5","turnId":"5d3536ae-8688-41e8-bcb9-68df979eec52","rootTurnId":"5d3536ae-8688-41e8-bcb9-68df979eec52"}
{"timestamp":"2026-08-24T10:31:38.903Z","level":"info","message":"[Steering] ExistingFiles: /c:/Users/Student/.kiro/workspace-roots/regen-railway/vite.config.ts in 5d3536ae-8688-41e8-bcb9-68df979eec52","conversationId":"sess_0e234331-0804-49b2-b1a6-4ad458d727e5","turnId":"5d3536ae-8688-41e8-bcb9-68df979eec52","rootTurnId":"5d3536ae-8688-41e8-bcb9-68df979eec52"}
{"timestamp":"2026-08-24T10:31:39.496Z","level":"info","message":"fs.appendMessages.ok {\"system\":\"fs\",\"sessionId\":\"sess_0e234331-0804-49b2-b1a6-4ad458d727e5\",\"messageCount\":1,\"durationMs\":2}","conversationId":"sess_0e234331-0804-49b2-b1a6-4ad458d727e5","turnId":"5d3536ae-8688-41e8-bcb9-68df979eec52","rootTurnId":"5d3536ae-8688-41e8-bcb9-68df979eec52"}
{"timestamp":"2026-08-24T10:32:40.152Z","level":"info","message":"[ACPEventAdapter] Execution yielded {\"executionId\":\"5d3536ae-8688-41e8-bcb9-68df979eec52\"}","conversationId":"sess_0e234331-0804-49b2-b1a6-4ad458d727e5","turnId":"5d3536ae-8688-41e8-bcb9-68df979eec52","rootTurnId":"5d3536ae-8688-41e8-bcb9-68df979eec52"}
{"timestamp":"2026-08-24T10:32:40.155Z","level":"info","message":"acp.policy-eval.complete {\"toolId\":\"run_command\",\"effect\":\"ask\"}","conversationId":"sess_0e234331-0804-49b2-b1a6-4ad458d727e5","turnId":"5d3536ae-8688-41e8-bcb9-68df979eec52","rootTurnId":"5d3536ae-8688-41e8-bcb9-68df979eec52"}
{"timestamp":"2026-08-24T10:32:40.170Z","level":"info","message":"[ACP ToolApproval] Requesting permission for toolId=run_command, operationId=run_command_tooluse_15B6XjJd3YfF37Po6LwxSv, sessionId=sess_0e234331-0804-49b2-b1a6-4ad458d727e5","conversationId":"sess_0e234331-0804-49b2-b1a6-4ad458d727e5","turnId":"5d3536ae-8688-41e8-bcb9-68df979eec52","rootTurnId":"5d3536ae-8688-41e8-bcb9-68df979eec52"}
{"timestamp":"2026-08-24T10:32:40.179Z","level":"info","message":"fs.appendMessages.ok {\"system\":\"fs\",\"sessionId\":\"sess_0e234331-0804-49b2-b1a6-4ad458d727e5\",\"messageCount\":1,\"durationMs\":9}","conversationId":"sess_0e234331-0804-49b2-b1a6-4ad458d727e5","turnId":"5d3536ae-8688-41e8-bcb9-68df979eec52","rootTurnId":"5d3536ae-8688-41e8-bcb9-68df979eec52"}
{"timestamp":"2026-08-24T10:32:40.188Z","level":"info","message":"fs.appendMessages.ok {\"system\":\"fs\",\"sessionId\":\"sess_0e234331-0804-49b2-b1a6-4ad458d727e5\",\"messageCount\":1,\"durationMs\":10}","conversationId":"sess_0e234331-0804-49b2-b1a6-4ad458d727e5","turnId":"5d3536ae-8688-41e8-bcb9-68df979eec52","rootTurnId":"5d3536ae-8688-41e8-bcb9-68df979eec52"}
{"timestamp":"2026-08-24T10:32:40.198Z","level":"info","message":"fs.appendMessages.ok {\"system\":\"fs\",\"sessionId\":\"sess_0e234331-0804-49b2-b1a6-4ad458d727e5\",\"messageCount\":1,\"durationMs\":10}","conversationId":"sess_0e234331-0804-49b2-b1a6-4ad458d727e5","turnId":"5d3536ae-8688-41e8-bcb9-68df979eec52","rootTurnId":"5d3536ae-8688-41e8-bcb9-68df979eec52"}
{"timestamp":"2026-08-24T10:33:47.415Z","level":"info","message":"fs.appendMessages.ok {\"system\":\"fs\",\"sessionId\":\"sess_0e234331-0804-49b2-b1a6-4ad458d727e5\",\"messageCount\":1,\"durationMs\":2}","conversationId":"sess_0e234331-0804-49b2-b1a6-4ad458d727e5","turnId":"5d3536ae-8688-41e8-bcb9-68df979eec52","rootTurnId":"5d3536ae-8688-41e8-bcb9-68df979eec52"}
{"timestamp":"2026-08-24T10:33:47.415Z","level":"info","message":"[ACP ToolApproval] Got response: {\"optionId\":\"always-accept\",\"outcome\":\"selected\"}","conversationId":"sess_0e234331-0804-49b2-b1a6-4ad458d727e5","turnId":"5d3536ae-8688-41e8-bcb9-68df979eec52","rootTurnId":"5d3536ae-8688-41e8-bcb9-68df979eec52"}
{"timestamp":"2026-08-24T10:33:47.672Z","level":"info","message":"[PolicySession] rebuild() complete: 17 rules parsed, engineActive=true, fatal=false","conversationId":"sess_0e234331-0804-49b2-b1a6-4ad458d727e5","turnId":"5d3536ae-8688-41e8-bcb9-68df979eec52","rootTurnId":"5d3536ae-8688-41e8-bcb9-68df979eec52"}
{"timestamp":"2026-08-24T10:33:47.672Z","level":"info","message":"[PolicySession] Persisted allow rule for shell matching \"Set-Content \"src\\pages\\Network.tsx\" -Value $networkFixed -Encoding UTF8\" at scope=user","conversationId":"sess_0e234331-0804-49b2-b1a6-4ad458d727e5","turnId":"5d3536ae-8688-41e8-bcb9-68df979eec52","rootTurnId":"5d3536ae-8688-41e8-bcb9-68df979eec52"}
{"timestamp":"2026-08-24T10:33:47.692Z","level":"info","message":"[ACP ToolApproval] Requesting permission for toolId=run_command, operationId=run_command_tooluse_15B6XjJd3YfF37Po6LwxSv, sessionId=sess_0e234331-0804-49b2-b1a6-4ad458d727e5","conversationId":"sess_0e234331-0804-49b2-b1a6-4ad458d727e5","turnId":"5d3536ae-8688-41e8-bcb9-68df979eec52","rootTurnId":"5d3536ae-8688-41e8-bcb9-68df979eec52"}
{"timestamp":"2026-08-24T10:33:47.698Z","level":"info","message":"fs.appendMessages.ok {\"system\":\"fs\",\"sessionId\":\"sess_0e234331-0804-49b2-b1a6-4ad458d727e5\",\"messageCount\":1,\"durationMs\":6}","conversationId":"sess_0e234331-0804-49b2-b1a6-4ad458d727e5","turnId":"5d3536ae-8688-41e8-bcb9-68df979eec52","rootTurnId":"5d3536ae-8688-41e8-bcb9-68df979eec52"}
{"timestamp":"2026-08-24T10:33:48.639Z","level":"info","message":"fs.appendMessages.ok {\"system\":\"fs\",\"sessionId\":\"sess_0e234331-0804-49b2-b1a6-4ad458d727e5\",\"messageCount\":1,\"durationMs\":2}","conversationId":"sess_0e234331-0804-49b2-b1a6-4ad458d727e5","turnId":"5d3536ae-8688-41e8-bcb9-68df979eec52","rootTurnId":"5d3536ae-8688-41e8-bcb9-68df979eec52"}
{"timestamp":"2026-08-24T10:33:48.639Z","level":"info","message":"[ACP ToolApproval] Got response: {\"optionId\":\"always-accept\",\"outcome\":\"selected\"}","conversationId":"sess_0e234331-0804-49b2-b1a6-4ad458d727e5","turnId":"5d3536ae-8688-41e8-bcb9-68df979eec52","rootTurnId":"5d3536ae-8688-41e8-bcb9-68df979eec52"}
{"timestamp":"2026-08-24T10:33:48.894Z","level":"info","message":"[PolicySession] rebuild() complete: 17 rules parsed, engineActive=true, fatal=false","conversationId":"sess_0e234331-0804-49b2-b1a6-4ad458d727e5","turnId":"5d3536ae-8688-41e8-bcb9-68df979eec52","rootTurnId":"5d3536ae-8688-41e8-bcb9-68df979eec52"}
{"timestamp":"2026-08-24T10:33:48.894Z","level":"info","message":"[PolicySession] Persisted allow rule for shell matching \"Write-Host \"Network rewritten cleanly\"\" at scope=user","conversationId":"sess_0e234331-0804-49b2-b1a6-4ad458d727e5","turnId":"5d3536ae-8688-41e8-bcb9-68df979eec52","rootTurnId":"5d3536ae-8688-41e8-bcb9-68df979eec52"}
{"timestamp":"2026-08-24T10:33:48.900Z","level":"info","message":"[ACPEventAdapter] Execution resumed {\"executionId\":\"5d3536ae-8688-41e8-bcb9-68df979eec52\"}","conversationId":"sess_0e234331-0804-49b2-b1a6-4ad458d727e5","turnId":"5d3536ae-8688-41e8-bcb9-68df979eec52","rootTurnId":"5d3536ae-8688-41e8-bcb9-68df979eec52"}
{"timestamp":"2026-08-24T10:33:48.900Z","level":"info","message":"acp.policy-eval.complete {\"toolId\":\"list_directory\",\"effect\":\"allow\",\"capability\":\"fs_read\"}","conversationId":"sess_0e234331-0804-49b2-b1a6-4ad458d727e5","turnId":"5d3536ae-8688-41e8-bcb9-68df979eec52","rootTurnId":"5d3536ae-8688-41e8-bcb9-68df979eec52"}
{"timestamp":"2026-08-24T10:33:50.732Z","level":"info","message":"[AgentIterator] Parallel invoking agent","conversationId":"sess_0e234331-0804-49b2-b1a6-4ad458d727e5","turnId":"5d3536ae-8688-41e8-bcb9-68df979eec52","rootTurnId":"5d3536ae-8688-41e8-bcb9-68df979eec52"}
{"timestamp":"2026-08-24T10:33:50.732Z","level":"info","message":"[Steering] Populating steering for execution 5d3536ae-8688-41e8-bcb9-68df979eec52","conversationId":"sess_0e234331-0804-49b2-b1a6-4ad458d727e5","turnId":"5d3536ae-8688-41e8-bcb9-68df979eec52","rootTurnId":"5d3536ae-8688-41e8-bcb9-68df979eec52"}
{"timestamp":"2026-08-24T10:33:50.732Z","level":"info","message":"[Steering] ExistingFiles: /c:/Users/Student/.kiro/workspace-roots/regen-railway/vite.config.ts in 5d3536ae-8688-41e8-bcb9-68df979eec52","conversationId":"sess_0e234331-0804-49b2-b1a6-4ad458d727e5","turnId":"5d3536ae-8688-41e8-bcb9-68df979eec52","rootTurnId":"5d3536ae-8688-41e8-bcb9-68df979eec52"}
{"timestamp":"2026-08-24T10:33:50.736Z","level":"info","message":"[q-developer-converse] Sending GenerateAssistantResponse modelId=auto agentMode=vibe origin=AI_EDITOR streaming=true conversationId=sess_0e234331-0804-49b2-b1a6-4ad458d727e5","conversationId":"sess_0e234331-0804-49b2-b1a6-4ad458d727e5","turnId":"5d3536ae-8688-41e8-bcb9-68df979eec52","rootTurnId":"5d3536ae-8688-41e8-bcb9-68df979eec52"}
{"timestamp":"2026-08-24T10:33:50.738Z","level":"info","message":"[q-developer-converse] Request payload: 578437 chars, 160 history messages, conversationId=sess_0e234331-0804-49b2-b1a6-4ad458d727e5","conversationId":"sess_0e234331-0804-49b2-b1a6-4ad458d727e5","turnId":"5d3536ae-8688-41e8-bcb9-68df979eec52","rootTurnId":"5d3536ae-8688-41e8-bcb9-68df979eec52"}
{"timestamp":"2026-08-24T10:33:50.748Z","level":"info","message":"fs.appendMessages.ok {\"system\":\"fs\",\"sessionId\":\"sess_0e234331-0804-49b2-b1a6-4ad458d727e5\",\"messageCount\":2,\"durationMs\":19}","conversationId":"sess_0e234331-0804-49b2-b1a6-4ad458d727e5","turnId":"5d3536ae-8688-41e8-bcb9-68df979eec52","rootTurnId":"5d3536ae-8688-41e8-bcb9-68df979eec52"}
{"timestamp":"2026-08-24T10:33:55.077Z","level":"info","message":"[AgentIterator] Synchronizing results","conversationId":"sess_0e234331-0804-49b2-b1a6-4ad458d727e5","turnId":"5d3536ae-8688-41e8-bcb9-68df979eec52","rootTurnId":"5d3536ae-8688-41e8-bcb9-68df979eec52"}
{"timestamp":"2026-08-24T10:33:55.077Z","level":"info","message":"[AgentIterator] Processing intent detection result","conversationId":"sess_0e234331-0804-49b2-b1a6-4ad458d727e5","turnId":"5d3536ae-8688-41e8-bcb9-68df979eec52","rootTurnId":"5d3536ae-8688-41e8-bcb9-68df979eec52"}
{"timestamp":"2026-08-24T10:33:55.077Z","level":"info","message":"[ChatAgent] Processing model response stream","conversationId":"sess_0e234331-0804-49b2-b1a6-4ad458d727e5","turnId":"5d3536ae-8688-41e8-bcb9-68df979eec52","rootTurnId":"5d3536ae-8688-41e8-bcb9-68df979eec52"}
{"timestamp":"2026-08-24T10:33:55.077Z","level":"info","message":"[Steering] Populating steering for execution 5d3536ae-8688-41e8-bcb9-68df979eec52","conversationId":"sess_0e234331-0804-49b2-b1a6-4ad458d727e5","turnId":"5d3536ae-8688-41e8-bcb9-68df979eec52","rootTurnId":"5d3536ae-8688-41e8-bcb9-68df979eec52"}
{"timestamp":"2026-08-24T10:33:55.078Z","level":"info","message":"[Steering] ExistingFiles: /c:/Users/Student/.kiro/workspace-roots/regen-railway/vite.config.ts in 5d3536ae-8688-41e8-bcb9-68df979eec52","conversationId":"sess_0e234331-0804-49b2-b1a6-4ad458d727e5","turnId":"5d3536ae-8688-41e8-bcb9-68df979eec52","rootTurnId":"5d3536ae-8688-41e8-bcb9-68df979eec52"}
{"timestamp":"2026-08-24T10:33:56.090Z","level":"info","message":"[ACPEventAdapter] Execution yielded {\"executionId\":\"5d3536ae-8688-41e8-bcb9-68df979eec52\"}","conversationId":"sess_0e234331-0804-49b2-b1a6-4ad458d727e5","turnId":"5d3536ae-8688-41e8-bcb9-68df979eec52","rootTurnId":"5d3536ae-8688-41e8-bcb9-68df979eec52"}
{"timestamp":"2026-08-24T10:33:56.092Z","level":"info","message":"acp.policy-eval.complete {\"toolId\":\"run_command\",\"effect\":\"allow\",\"capability\":\"shell\"}","conversationId":"sess_0e234331-0804-49b2-b1a6-4ad458d727e5","turnId":"5d3536ae-8688-41e8-bcb9-68df979eec52","rootTurnId":"5d3536ae-8688-41e8-bcb9-68df979eec52"}
{"timestamp":"2026-08-24T10:33:56.092Z","level":"info","message":"[ACPEventAdapter] Execution resumed {\"executionId\":\"5d3536ae-8688-41e8-bcb9-68df979eec52\"}","conversationId":"sess_0e234331-0804-49b2-b1a6-4ad458d727e5","turnId":"5d3536ae-8688-41e8-bcb9-68df979eec52","rootTurnId":"5d3536ae-8688-41e8-bcb9-68df979eec52"}
{"timestamp":"2026-08-24T10:33:56.093Z","level":"info","message":"acp.policy-eval.complete {\"toolId\":\"list_directory\",\"effect\":\"allow\",\"capability\":\"fs_read\"}","conversationId":"sess_0e234331-0804-49b2-b1a6-4ad458d727e5","turnId":"5d3536ae-8688-41e8-bcb9-68df979eec52","rootTurnId":"5d3536ae-8688-41e8-bcb9-68df979eec52"}
{"timestamp":"2026-08-24T10:33:56.099Z","level":"info","message":"fs.appendMessages.ok {\"system\":\"fs\",\"sessionId\":\"sess_0e234331-0804-49b2-b1a6-4ad458d727e5\",\"messageCount\":1,\"durationMs\":4}","conversationId":"sess_0e234331-0804-49b2-b1a6-4ad458d727e5","turnId":"5d3536ae-8688-41e8-bcb9-68df979eec52","rootTurnId":"5d3536ae-8688-41e8-bcb9-68df979eec52"}
{"timestamp":"2026-08-24T10:33:56.108Z","level":"info","message":"fs.appendMessages.ok {\"system\":\"fs\",\"sessionId\":\"sess_0e234331-0804-49b2-b1a6-4ad458d727e5\",\"messageCount\":1,\"durationMs\":9}","conversationId":"sess_0e234331-0804-49b2-b1a6-4ad458d727e5","turnId":"5d3536ae-8688-41e8-bcb9-68df979eec52","rootTurnId":"5d3536ae-8688-41e8-bcb9-68df979eec52"}
{"timestamp":"2026-08-24T10:34:03.612Z","level":"info","message":"[AgentIterator] Parallel invoking agent","conversationId":"sess_0e234331-0804-49b2-b1a6-4ad458d727e5","turnId":"5d3536ae-8688-41e8-bcb9-68df979eec52","rootTurnId":"5d3536ae-8688-41e8-bcb9-68df979eec52"}
{"timestamp":"2026-08-24T10:34:03.612Z","level":"info","message":"[Steering] Populating steering for execution 5d3536ae-8688-41e8-bcb9-68df979eec52","conversationId":"sess_0e234331-0804-49b2-b1a6-4ad458d727e5","turnId":"5d3536ae-8688-41e8-bcb9-68df979eec52","rootTurnId":"5d3536ae-8688-41e8-bcb9-68df979eec52"}
{"timestamp":"2026-08-24T10:34:03.612Z","level":"info","message":"[Steering] ExistingFiles: /c:/Users/Student/.kiro/workspace-roots/regen-railway/vite.config.ts in 5d3536ae-8688-41e8-bcb9-68df979eec52","conversationId":"sess_0e234331-0804-49b2-b1a6-4ad458d727e5","turnId":"5d3536ae-8688-41e8-bcb9-68df979eec52","rootTurnId":"5d3536ae-8688-41e8-bcb9-68df979eec52"}
{"timestamp":"2026-08-24T10:34:03.617Z","level":"info","message":"[q-developer-converse] Sending GenerateAssistantResponse modelId=auto agentMode=vibe origin=AI_EDITOR streaming=true conversationId=sess_0e234331-0804-49b2-b1a6-4ad458d727e5","conversationId":"sess_0e234331-0804-49b2-b1a6-4ad458d727e5","turnId":"5d3536ae-8688-41e8-bcb9-68df979eec52","rootTurnId":"5d3536ae-8688-41e8-bcb9-68df979eec52"}
{"timestamp":"2026-08-24T10:34:03.619Z","level":"info","message":"[q-developer-converse] Request payload: 580383 chars, 162 history messages, conversationId=sess_0e234331-0804-49b2-b1a6-4ad458d727e5","conversationId":"sess_0e234331-0804-49b2-b1a6-4ad458d727e5","turnId":"5d3536ae-8688-41e8-bcb9-68df979eec52","rootTurnId":"5d3536ae-8688-41e8-bcb9-68df979eec52"}
{"timestamp":"2026-08-24T10:34:03.629Z","level":"info","message":"fs.appendMessages.ok {\"system\":\"fs\",\"sessionId\":\"sess_0e234331-0804-49b2-b1a6-4ad458d727e5\",\"messageCount\":2,\"durationMs\":20}","conversationId":"sess_0e234331-0804-49b2-b1a6-4ad458d727e5","turnId":"5d3536ae-8688-41e8-bcb9-68df979eec52","rootTurnId":"5d3536ae-8688-41e8-bcb9-68df979eec52"}
{"timestamp":"2026-08-24T10:34:07.706Z","level":"info","message":"[AgentIterator] Synchronizing results","conversationId":"sess_0e234331-0804-49b2-b1a6-4ad458d727e5","turnId":"5d3536ae-8688-41e8-bcb9-68df979eec52","rootTurnId":"5d3536ae-8688-41e8-bcb9-68df979eec52"}
{"timestamp":"2026-08-24T10:34:07.706Z","level":"info","message":"[AgentIterator] Processing intent detection result","conversationId":"sess_0e234331-0804-49b2-b1a6-4ad458d727e5","turnId":"5d3536ae-8688-41e8-bcb9-68df979eec52","rootTurnId":"5d3536ae-8688-41e8-bcb9-68df979eec52"}
{"timestamp":"2026-08-24T10:34:07.707Z","level":"info","message":"[ChatAgent] Processing model response stream","conversationId":"sess_0e234331-0804-49b2-b1a6-4ad458d727e5","turnId":"5d3536ae-8688-41e8-bcb9-68df979eec52","rootTurnId":"5d3536ae-8688-41e8-bcb9-68df979eec52"}
{"timestamp":"2026-08-24T10:34:07.707Z","level":"info","message":"[Steering] Populating steering for execution 5d3536ae-8688-41e8-bcb9-68df979eec52","conversationId":"sess_0e234331-0804-49b2-b1a6-4ad458d727e5","turnId":"5d3536ae-8688-41e8-bcb9-68df979eec52","rootTurnId":"5d3536ae-8688-41e8-bcb9-68df979eec52"}
{"timestamp":"2026-08-24T10:34:07.707Z","level":"info","message":"[Steering] ExistingFiles: /c:/Users/Student/.kiro/workspace-roots/regen-railway/vite.config.ts in 5d3536ae-8688-41e8-bcb9-68df979eec52","conversationId":"sess_0e234331-0804-49b2-b1a6-4ad458d727e5","turnId":"5d3536ae-8688-41e8-bcb9-68df979eec52","rootTurnId":"5d3536ae-8688-41e8-bcb9-68df979eec52"}
{"timestamp":"2026-08-24T10:34:08.759Z","level":"info","message":"fs.appendMessages.ok {\"system\":\"fs\",\"sessionId\":\"sess_0e234331-0804-49b2-b1a6-4ad458d727e5\",\"messageCount\":1,\"durationMs\":2}","conversationId":"sess_0e234331-0804-49b2-b1a6-4ad458d727e5","turnId":"5d3536ae-8688-41e8-bcb9-68df979eec52","rootTurnId":"5d3536ae-8688-41e8-bcb9-68df979eec52"}
{"timestamp":"2026-08-24T10:34:09.745Z","level":"info","message":"[ACPEventAdapter] Execution yielded {\"executionId\":\"5d3536ae-8688-41e8-bcb9-68df979eec52\"}","conversationId":"sess_0e234331-0804-49b2-b1a6-4ad458d727e5","turnId":"5d3536ae-8688-41e8-bcb9-68df979eec52","rootTurnId":"5d3536ae-8688-41e8-bcb9-68df979eec52"}
{"timestamp":"2026-08-24T10:34:09.746Z","level":"warn","message":"[PolicyEngine] evaluateShell: tree-sitter parse errors for \"Get-ChildItem \"dist\"\" (len=83, explicit command omitted for security reasons): [\"Parse error at position 50: , Length\"]","conversationId":"sess_0e234331-0804-49b2-b1a6-4ad458d727e5","turnId":"5d3536ae-8688-41e8-bcb9-68df979eec52","rootTurnId":"5d3536ae-8688-41e8-bcb9-68df979eec52"}
{"timestamp":"2026-08-24T10:34:09.746Z","level":"info","message":"acp.policy-eval.complete {\"toolId\":\"run_command\",\"effect\":\"ask\"}","conversationId":"sess_0e234331-0804-49b2-b1a6-4ad458d727e5","turnId":"5d3536ae-8688-41e8-bcb9-68df979eec52","rootTurnId":"5d3536ae-8688-41e8-bcb9-68df979eec52"}
{"timestamp":"2026-08-24T10:34:09.747Z","level":"warn","message":"[PolicyEngine] evaluateShell: tree-sitter parse errors for \"Get-ChildItem \"dist\"\" (len=83, explicit command omitted for security reasons): [\"Parse error at position 50: , Length\"]","conversationId":"sess_0e234331-0804-49b2-b1a6-4ad458d727e5","turnId":"5d3536ae-8688-41e8-bcb9-68df979eec52","rootTurnId":"5d3536ae-8688-41e8-bcb9-68df979eec52"}
{"timestamp":"2026-08-24T10:34:09.747Z","level":"info","message":"[ACP ToolApproval] Requesting permission for toolId=run_command, operationId=run_command_tooluse_P9vw3DzgfQMXrRzk2hp1aH, sessionId=sess_0e234331-0804-49b2-b1a6-4ad458d727e5","conversationId":"sess_0e234331-0804-49b2-b1a6-4ad458d727e5","turnId":"5d3536ae-8688-41e8-bcb9-68df979eec52","rootTurnId":"5d3536ae-8688-41e8-bcb9-68df979eec52"}
{"timestamp":"2026-08-24T10:34:09.749Z","level":"info","message":"fs.appendMessages.ok {\"system\":\"fs\",\"sessionId\":\"sess_0e234331-0804-49b2-b1a6-4ad458d727e5\",\"messageCount\":1,\"durationMs\":2}","conversationId":"sess_0e234331-0804-49b2-b1a6-4ad458d727e5","turnId":"5d3536ae-8688-41e8-bcb9-68df979eec52","rootTurnId":"5d3536ae-8688-41e8-bcb9-68df979eec52"}
{"timestamp":"2026-08-24T10:34:09.755Z","level":"info","message":"fs.appendMessages.ok {\"system\":\"fs\",\"sessionId\":\"sess_0e234331-0804-49b2-b1a6-4ad458d727e5\",\"messageCount\":1,\"durationMs\":4}","conversationId":"sess_0e234331-0804-49b2-b1a6-4ad458d727e5","turnId":"5d3536ae-8688-41e8-bcb9-68df979eec52","rootTurnId":"5d3536ae-8688-41e8-bcb9-68df979eec52"}
{"timestamp":"2026-08-24T10:34:09.763Z","level":"info","message":"fs.appendMessages.ok {\"system\":\"fs\",\"sessionId\":\"sess_0e234331-0804-49b2-b1a6-4ad458d727e5\",\"messageCount\":1,\"durationMs\":8}","conversationId":"sess_0e234331-0804-49b2-b1a6-4ad458d727e5","turnId":"5d3536ae-8688-41e8-bcb9-68df979eec52","rootTurnId":"5d3536ae-8688-41e8-bcb9-68df979eec52"}
{"timestamp":"2026-08-24T10:35:11.880Z","level":"info","message":"fs.appendMessages.ok {\"system\":\"fs\",\"sessionId\":\"sess_0e234331-0804-49b2-b1a6-4ad458d727e5\",\"messageCount\":1,\"durationMs\":2}","conversationId":"sess_0e234331-0804-49b2-b1a6-4ad458d727e5","turnId":"5d3536ae-8688-41e8-bcb9-68df979eec52","rootTurnId":"5d3536ae-8688-41e8-bcb9-68df979eec52"}
{"timestamp":"2026-08-24T10:35:11.880Z","level":"info","message":"[ACP ToolApproval] Got response: {\"optionId\":\"accept\",\"outcome\":\"selected\"}","conversationId":"sess_0e234331-0804-49b2-b1a6-4ad458d727e5","turnId":"5d3536ae-8688-41e8-bcb9-68df979eec52","rootTurnId":"5d3536ae-8688-41e8-bcb9-68df979eec52"}
{"timestamp":"2026-08-24T10:35:11.880Z","level":"info","message":"[ACPEventAdapter] Execution resumed {\"executionId\":\"5d3536ae-8688-41e8-bcb9-68df979eec52\"}","conversationId":"sess_0e234331-0804-49b2-b1a6-4ad458d727e5","turnId":"5d3536ae-8688-41e8-bcb9-68df979eec52","rootTurnId":"5d3536ae-8688-41e8-bcb9-68df979eec52"}
{"timestamp":"2026-08-24T10:35:11.880Z","level":"info","message":"acp.policy-eval.complete {\"toolId\":\"list_directory\",\"effect\":\"allow\",\"capability\":\"fs_read\"}","conversationId":"sess_0e234331-0804-49b2-b1a6-4ad458d727e5","turnId":"5d3536ae-8688-41e8-bcb9-68df979eec52","rootTurnId":"5d3536ae-8688-41e8-bcb9-68df979eec52"}
{"timestamp":"2026-08-24T10:35:11.931Z","level":"info","message":"[AgentIterator] Parallel invoking agent","conversationId":"sess_0e234331-0804-49b2-b1a6-4ad458d727e5","turnId":"5d3536ae-8688-41e8-bcb9-68df979eec52","rootTurnId":"5d3536ae-8688-41e8-bcb9-68df979eec52"}
{"timestamp":"2026-08-24T10:35:11.931Z","level":"info","message":"[Steering] Populating steering for execution 5d3536ae-8688-41e8-bcb9-68df979eec52","conversationId":"sess_0e234331-0804-49b2-b1a6-4ad458d727e5","turnId":"5d3536ae-8688-41e8-bcb9-68df979eec52","rootTurnId":"5d3536ae-8688-41e8-bcb9-68df979eec52"}
{"timestamp":"2026-08-24T10:35:11.931Z","level":"info","message":"[Steering] ExistingFiles: /c:/Users/Student/.kiro/workspace-roots/regen-railway/vite.config.ts in 5d3536ae-8688-41e8-bcb9-68df979eec52","conversationId":"sess_0e234331-0804-49b2-b1a6-4ad458d727e5","turnId":"5d3536ae-8688-41e8-bcb9-68df979eec52","rootTurnId":"5d3536ae-8688-41e8-bcb9-68df979eec52"}
{"timestamp":"2026-08-24T10:35:11.935Z","level":"info","message":"[q-developer-converse] Sending GenerateAssistantResponse modelId=auto agentMode=vibe origin=AI_EDITOR streaming=true conversationId=sess_0e234331-0804-49b2-b1a6-4ad458d727e5","conversationId":"sess_0e234331-0804-49b2-b1a6-4ad458d727e5","turnId":"5d3536ae-8688-41e8-bcb9-68df979eec52","rootTurnId":"5d3536ae-8688-41e8-bcb9-68df979eec52"}
{"timestamp":"2026-08-24T10:35:11.937Z","level":"info","message":"[q-developer-converse] Request payload: 581485 chars, 164 history messages, conversationId=sess_0e234331-0804-49b2-b1a6-4ad458d727e5","conversationId":"sess_0e234331-0804-49b2-b1a6-4ad458d727e5","turnId":"5d3536ae-8688-41e8-bcb9-68df979eec52","rootTurnId":"5d3536ae-8688-41e8-bcb9-68df979eec52"}
{"timestamp":"2026-08-24T10:35:11.947Z","level":"info","message":"fs.appendMessages.ok {\"system\":\"fs\",\"sessionId\":\"sess_0e234331-0804-49b2-b1a6-4ad458d727e5\",\"messageCount\":2,\"durationMs\":19}","conversationId":"sess_0e234331-0804-49b2-b1a6-4ad458d727e5","turnId":"5d3536ae-8688-41e8-bcb9-68df979eec52","rootTurnId":"5d3536ae-8688-41e8-bcb9-68df979eec52"}
{"timestamp":"2026-08-24T10:35:15.981Z","level":"info","message":"[AgentIterator] Synchronizing results","conversationId":"sess_0e234331-0804-49b2-b1a6-4ad458d727e5","turnId":"5d3536ae-8688-41e8-bcb9-68df979eec52","rootTurnId":"5d3536ae-8688-41e8-bcb9-68df979eec52"}
{"timestamp":"2026-08-24T10:35:15.981Z","level":"info","message":"[AgentIterator] Processing intent detection result","conversationId":"sess_0e234331-0804-49b2-b1a6-4ad458d727e5","turnId":"5d3536ae-8688-41e8-bcb9-68df979eec52","rootTurnId":"5d3536ae-8688-41e8-bcb9-68df979eec52"}
{"timestamp":"2026-08-24T10:35:15.981Z","level":"info","message":"[ChatAgent] Processing model response stream","conversationId":"sess_0e234331-0804-49b2-b1a6-4ad458d727e5","turnId":"5d3536ae-8688-41e8-bcb9-68df979eec52","rootTurnId":"5d3536ae-8688-41e8-bcb9-68df979eec52"}
{"timestamp":"2026-08-24T10:35:15.981Z","level":"info","message":"[Steering] Populating steering for execution 5d3536ae-8688-41e8-bcb9-68df979eec52","conversationId":"sess_0e234331-0804-49b2-b1a6-4ad458d727e5","turnId":"5d3536ae-8688-41e8-bcb9-68df979eec52","rootTurnId":"5d3536ae-8688-41e8-bcb9-68df979eec52"}
{"timestamp":"2026-08-24T10:35:15.981Z","level":"info","message":"[Steering] ExistingFiles: /c:/Users/Student/.kiro/workspace-roots/regen-railway/vite.config.ts in 5d3536ae-8688-41e8-bcb9-68df979eec52","conversationId":"sess_0e234331-0804-49b2-b1a6-4ad458d727e5","turnId":"5d3536ae-8688-41e8-bcb9-68df979eec52","rootTurnId":"5d3536ae-8688-41e8-bcb9-68df979eec52"}
{"timestamp":"2026-08-24T10:35:17.775Z","level":"info","message":"[ACPEventAdapter] Execution yielded {\"executionId\":\"5d3536ae-8688-41e8-bcb9-68df979eec52\"}","conversationId":"sess_0e234331-0804-49b2-b1a6-4ad458d727e5","turnId":"5d3536ae-8688-41e8-bcb9-68df979eec52","rootTurnId":"5d3536ae-8688-41e8-bcb9-68df979eec52"}
{"timestamp":"2026-08-24T10:35:17.780Z","level":"info","message":"acp.policy-eval.complete {\"toolId\":\"run_command\",\"effect\":\"ask\"}","conversationId":"sess_0e234331-0804-49b2-b1a6-4ad458d727e5","turnId":"5d3536ae-8688-41e8-bcb9-68df979eec52","rootTurnId":"5d3536ae-8688-41e8-bcb9-68df979eec52"}
{"timestamp":"2026-08-24T10:35:17.804Z","level":"info","message":"[ACP ToolApproval] Requesting permission for toolId=run_command, operationId=run_command_tooluse_8cui8amTxFGG7fv0e5eiKd, sessionId=sess_0e234331-0804-49b2-b1a6-4ad458d727e5","conversationId":"sess_0e234331-0804-49b2-b1a6-4ad458d727e5","turnId":"5d3536ae-8688-41e8-bcb9-68df979eec52","rootTurnId":"5d3536ae-8688-41e8-bcb9-68df979eec52"}
{"timestamp":"2026-08-24T10:35:17.808Z","level":"info","message":"fs.appendMessages.ok {\"system\":\"fs\",\"sessionId\":\"sess_0e234331-0804-49b2-b1a6-4ad458d727e5\",\"messageCount\":1,\"durationMs\":4}","conversationId":"sess_0e234331-0804-49b2-b1a6-4ad458d727e5","turnId":"5d3536ae-8688-41e8-bcb9-68df979eec52","rootTurnId":"5d3536ae-8688-41e8-bcb9-68df979eec52"}
{"timestamp":"2026-08-24T10:35:17.818Z","level":"info","message":"fs.appendMessages.ok {\"system\":\"fs\",\"sessionId\":\"sess_0e234331-0804-49b2-b1a6-4ad458d727e5\",\"messageCount\":1,\"durationMs\":10}","conversationId":"sess_0e234331-0804-49b2-b1a6-4ad458d727e5","turnId":"5d3536ae-8688-41e8-bcb9-68df979eec52","rootTurnId":"5d3536ae-8688-41e8-bcb9-68df979eec52"}
{"timestamp":"2026-08-24T10:35:17.829Z","level":"info","message":"fs.appendMessages.ok {\"system\":\"fs\",\"sessionId\":\"sess_0e234331-0804-49b2-b1a6-4ad458d727e5\",\"messageCount\":1,\"durationMs\":11}","conversationId":"sess_0e234331-0804-49b2-b1a6-4ad458d727e5","turnId":"5d3536ae-8688-41e8-bcb9-68df979eec52","rootTurnId":"5d3536ae-8688-41e8-bcb9-68df979eec52"}
{"timestamp":"2026-08-24T10:35:21.615Z","level":"info","message":"fs.appendMessages.ok {\"system\":\"fs\",\"sessionId\":\"sess_0e234331-0804-49b2-b1a6-4ad458d727e5\",\"messageCount\":1,\"durationMs\":1}","conversationId":"sess_0e234331-0804-49b2-b1a6-4ad458d727e5","turnId":"5d3536ae-8688-41e8-bcb9-68df979eec52","rootTurnId":"5d3536ae-8688-41e8-bcb9-68df979eec52"}
{"timestamp":"2026-08-24T10:35:21.615Z","level":"info","message":"[ACP ToolApproval] Got response: {\"optionId\":\"always-accept\",\"outcome\":\"selected\"}","conversationId":"sess_0e234331-0804-49b2-b1a6-4ad458d727e5","turnId":"5d3536ae-8688-41e8-bcb9-68df979eec52","rootTurnId":"5d3536ae-8688-41e8-bcb9-68df979eec52"}
{"timestamp":"2026-08-24T10:35:21.874Z","level":"info","message":"[PolicySession] rebuild() complete: 17 rules parsed, engineActive=true, fatal=false","conversationId":"sess_0e234331-0804-49b2-b1a6-4ad458d727e5","turnId":"5d3536ae-8688-41e8-bcb9-68df979eec52","rootTurnId":"5d3536ae-8688-41e8-bcb9-68df979eec52"}
{"timestamp":"2026-08-24T10:35:21.874Z","level":"info","message":"[PolicySession] Persisted allow rule for shell matching \"Get-ChildItem \"src\" -Recurse -File\" at scope=user","conversationId":"sess_0e234331-0804-49b2-b1a6-4ad458d727e5","turnId":"5d3536ae-8688-41e8-bcb9-68df979eec52","rootTurnId":"5d3536ae-8688-41e8-bcb9-68df979eec52"}
{"timestamp":"2026-08-24T10:35:21.902Z","level":"info","message":"[ACP ToolApproval] Requesting permission for toolId=run_command, operationId=run_command_tooluse_8cui8amTxFGG7fv0e5eiKd, sessionId=sess_0e234331-0804-49b2-b1a6-4ad458d727e5","conversationId":"sess_0e234331-0804-49b2-b1a6-4ad458d727e5","turnId":"5d3536ae-8688-41e8-bcb9-68df979eec52","rootTurnId":"5d3536ae-8688-41e8-bcb9-68df979eec52"}
{"timestamp":"2026-08-24T10:35:21.907Z","level":"info","message":"fs.appendMessages.ok {\"system\":\"fs\",\"sessionId\":\"sess_0e234331-0804-49b2-b1a6-4ad458d727e5\",\"messageCount\":1,\"durationMs\":5}","conversationId":"sess_0e234331-0804-49b2-b1a6-4ad458d727e5","turnId":"5d3536ae-8688-41e8-bcb9-68df979eec52","rootTurnId":"5d3536ae-8688-41e8-bcb9-68df979eec52"}
{"timestamp":"2026-08-24T10:35:23.799Z","level":"info","message":"fs.appendMessages.ok {\"system\":\"fs\",\"sessionId\":\"sess_0e234331-0804-49b2-b1a6-4ad458d727e5\",\"messageCount\":1,\"durationMs\":2}","conversationId":"sess_0e234331-0804-49b2-b1a6-4ad458d727e5","turnId":"5d3536ae-8688-41e8-bcb9-68df979eec52","rootTurnId":"5d3536ae-8688-41e8-bcb9-68df979eec52"}
{"timestamp":"2026-08-24T10:35:23.800Z","level":"info","message":"[ACP ToolApproval] Got response: {\"optionId\":\"always-accept\",\"outcome\":\"selected\"}","conversationId":"sess_0e234331-0804-49b2-b1a6-4ad458d727e5","turnId":"5d3536ae-8688-41e8-bcb9-68df979eec52","rootTurnId":"5d3536ae-8688-41e8-bcb9-68df979eec52"}
{"timestamp":"2026-08-24T10:35:24.058Z","level":"info","message":"[PolicySession] rebuild() complete: 17 rules parsed, engineActive=true, fatal=false","conversationId":"sess_0e234331-0804-49b2-b1a6-4ad458d727e5","turnId":"5d3536ae-8688-41e8-bcb9-68df979eec52","rootTurnId":"5d3536ae-8688-41e8-bcb9-68df979eec52"}
{"timestamp":"2026-08-24T10:35:24.058Z","level":"info","message":"[PolicySession] Persisted allow rule for shell matching \"Select-Object @{N='Path';E={$_.FullName.Replace((Get-Location).Path+'\\src\\','')}}\" at scope=user","conversationId":"sess_0e234331-0804-49b2-b1a6-4ad458d727e5","turnId":"5d3536ae-8688-41e8-bcb9-68df979eec52","rootTurnId":"5d3536ae-8688-41e8-bcb9-68df979eec52"}
{"timestamp":"2026-08-24T10:35:24.086Z","level":"info","message":"[ACP ToolApproval] Requesting permission for toolId=run_command, operationId=run_command_tooluse_8cui8amTxFGG7fv0e5eiKd, sessionId=sess_0e234331-0804-49b2-b1a6-4ad458d727e5","conversationId":"sess_0e234331-0804-49b2-b1a6-4ad458d727e5","turnId":"5d3536ae-8688-41e8-bcb9-68df979eec52","rootTurnId":"5d3536ae-8688-41e8-bcb9-68df979eec52"}
{"timestamp":"2026-08-24T10:35:24.090Z","level":"info","message":"fs.appendMessages.ok {\"system\":\"fs\",\"sessionId\":\"sess_0e234331-0804-49b2-b1a6-4ad458d727e5\",\"messageCount\":1,\"durationMs\":3}","conversationId":"sess_0e234331-0804-49b2-b1a6-4ad458d727e5","turnId":"5d3536ae-8688-41e8-bcb9-68df979eec52","rootTurnId":"5d3536ae-8688-41e8-bcb9-68df979eec52"}
{"timestamp":"2026-08-24T10:35:25.007Z","level":"info","message":"fs.appendMessages.ok {\"system\":\"fs\",\"sessionId\":\"sess_0e234331-0804-49b2-b1a6-4ad458d727e5\",\"messageCount\":1,\"durationMs\":2}","conversationId":"sess_0e234331-0804-49b2-b1a6-4ad458d727e5","turnId":"5d3536ae-8688-41e8-bcb9-68df979eec52","rootTurnId":"5d3536ae-8688-41e8-bcb9-68df979eec52"}
{"timestamp":"2026-08-24T10:35:25.007Z","level":"info","message":"[ACP ToolApproval] Got response: {\"optionId\":\"always-accept\",\"outcome\":\"selected\"}","conversationId":"sess_0e234331-0804-49b2-b1a6-4ad458d727e5","turnId":"5d3536ae-8688-41e8-bcb9-68df979eec52","rootTurnId":"5d3536ae-8688-41e8-bcb9-68df979eec52"}
{"timestamp":"2026-08-24T10:35:25.274Z","level":"info","message":"[PolicySession] rebuild() complete: 17 rules parsed, engineActive=true, fatal=false","conversationId":"sess_0e234331-0804-49b2-b1a6-4ad458d727e5","turnId":"5d3536ae-8688-41e8-bcb9-68df979eec52","rootTurnId":"5d3536ae-8688-41e8-bcb9-68df979eec52"}
{"timestamp":"2026-08-24T10:35:25.274Z","level":"info","message":"[PolicySession] Persisted allow rule for shell matching \"$_.FullName.Replace((Get-Location).Path+'\\src\\','')\" at scope=user","conversationId":"sess_0e234331-0804-49b2-b1a6-4ad458d727e5","turnId":"5d3536ae-8688-41e8-bcb9-68df979eec52","rootTurnId":"5d3536ae-8688-41e8-bcb9-68df979eec52"}
{"timestamp":"2026-08-24T10:35:25.302Z","level":"info","message":"[ACP ToolApproval] Requesting permission for toolId=run_command, operationId=run_command_tooluse_8cui8amTxFGG7fv0e5eiKd, sessionId=sess_0e234331-0804-49b2-b1a6-4ad458d727e5","conversationId":"sess_0e234331-0804-49b2-b1a6-4ad458d727e5","turnId":"5d3536ae-8688-41e8-bcb9-68df979eec52","rootTurnId":"5d3536ae-8688-41e8-bcb9-68df979eec52"}
{"timestamp":"2026-08-24T10:35:25.306Z","level":"info","message":"fs.appendMessages.ok {\"system\":\"fs\",\"sessionId\":\"sess_0e234331-0804-49b2-b1a6-4ad458d727e5\",\"messageCount\":1,\"durationMs\":4}","conversationId":"sess_0e234331-0804-49b2-b1a6-4ad458d727e5","turnId":"5d3536ae-8688-41e8-bcb9-68df979eec52","rootTurnId":"5d3536ae-8688-41e8-bcb9-68df979eec52"}
{"timestamp":"2026-08-24T10:35:26.087Z","level":"info","message":"fs.appendMessages.ok {\"system\":\"fs\",\"sessionId\":\"sess_0e234331-0804-49b2-b1a6-4ad458d727e5\",\"messageCount\":1,\"durationMs\":1}","conversationId":"sess_0e234331-0804-49b2-b1a6-4ad458d727e5","turnId":"5d3536ae-8688-41e8-bcb9-68df979eec52","rootTurnId":"5d3536ae-8688-41e8-bcb9-68df979eec52"}
{"timestamp":"2026-08-24T10:35:26.087Z","level":"info","message":"[ACP ToolApproval] Got response: {\"optionId\":\"always-accept\",\"outcome\":\"selected\"}","conversationId":"sess_0e234331-0804-49b2-b1a6-4ad458d727e5","turnId":"5d3536ae-8688-41e8-bcb9-68df979eec52","rootTurnId":"5d3536ae-8688-41e8-bcb9-68df979eec52"}
{"timestamp":"2026-08-24T10:35:26.352Z","level":"info","message":"[PolicySession] rebuild() complete: 17 rules parsed, engineActive=true, fatal=false","conversationId":"sess_0e234331-0804-49b2-b1a6-4ad458d727e5","turnId":"5d3536ae-8688-41e8-bcb9-68df979eec52","rootTurnId":"5d3536ae-8688-41e8-bcb9-68df979eec52"}
{"timestamp":"2026-08-24T10:35:26.352Z","level":"info","message":"[PolicySession] Persisted allow rule for shell matching \"Get-Location\" at scope=user","conversationId":"sess_0e234331-0804-49b2-b1a6-4ad458d727e5","turnId":"5d3536ae-8688-41e8-bcb9-68df979eec52","rootTurnId":"5d3536ae-8688-41e8-bcb9-68df979eec52"}
{"timestamp":"2026-08-24T10:35:26.380Z","level":"info","message":"[ACP ToolApproval] Requesting permission for toolId=run_command, operationId=run_command_tooluse_8cui8amTxFGG7fv0e5eiKd, sessionId=sess_0e234331-0804-49b2-b1a6-4ad458d727e5","conversationId":"sess_0e234331-0804-49b2-b1a6-4ad458d727e5","turnId":"5d3536ae-8688-41e8-bcb9-68df979eec52","rootTurnId":"5d3536ae-8688-41e8-bcb9-68df979eec52"}
{"timestamp":"2026-08-24T10:35:26.384Z","level":"info","message":"fs.appendMessages.ok {\"system\":\"fs\",\"sessionId\":\"sess_0e234331-0804-49b2-b1a6-4ad458d727e5\",\"messageCount\":1,\"durationMs\":3}","conversationId":"sess_0e234331-0804-49b2-b1a6-4ad458d727e5","turnId":"5d3536ae-8688-41e8-bcb9-68df979eec52","rootTurnId":"5d3536ae-8688-41e8-bcb9-68df979eec52"}
{"timestamp":"2026-08-24T10:35:27.127Z","level":"info","message":"fs.appendMessages.ok {\"system\":\"fs\",\"sessionId\":\"sess_0e234331-0804-49b2-b1a6-4ad458d727e5\",\"messageCount\":1,\"durationMs\":2}","conversationId":"sess_0e234331-0804-49b2-b1a6-4ad458d727e5","turnId":"5d3536ae-8688-41e8-bcb9-68df979eec52","rootTurnId":"5d3536ae-8688-41e8-bcb9-68df979eec52"}
{"timestamp":"2026-08-24T10:35:27.127Z","level":"info","message":"[ACP ToolApproval] Got response: {\"optionId\":\"always-accept\",\"outcome\":\"selected\"}","conversationId":"sess_0e234331-0804-49b2-b1a6-4ad458d727e5","turnId":"5d3536ae-8688-41e8-bcb9-68df979eec52","rootTurnId":"5d3536ae-8688-41e8-bcb9-68df979eec52"}
{"timestamp":"2026-08-24T10:35:27.385Z","level":"info","message":"[PolicySession] rebuild() complete: 17 rules parsed, engineActive=true, fatal=false","conversationId":"sess_0e234331-0804-49b2-b1a6-4ad458d727e5","turnId":"5d3536ae-8688-41e8-bcb9-68df979eec52","rootTurnId":"5d3536ae-8688-41e8-bcb9-68df979eec52"}
{"timestamp":"2026-08-24T10:35:27.385Z","level":"info","message":"[PolicySession] Persisted allow rule for shell matching \"Sort-Object Path\" at scope=user","conversationId":"sess_0e234331-0804-49b2-b1a6-4ad458d727e5","turnId":"5d3536ae-8688-41e8-bcb9-68df979eec52","rootTurnId":"5d3536ae-8688-41e8-bcb9-68df979eec52"}
{"timestamp":"2026-08-24T10:35:27.414Z","level":"info","message":"[ACP ToolApproval] Requesting permission for toolId=run_command, operationId=run_command_tooluse_8cui8amTxFGG7fv0e5eiKd, sessionId=sess_0e234331-0804-49b2-b1a6-4ad458d727e5","conversationId":"sess_0e234331-0804-49b2-b1a6-4ad458d727e5","turnId":"5d3536ae-8688-41e8-bcb9-68df979eec52","rootTurnId":"5d3536ae-8688-41e8-bcb9-68df979eec52"}
{"timestamp":"2026-08-24T10:35:27.417Z","level":"info","message":"fs.appendMessages.ok {\"system\":\"fs\",\"sessionId\":\"sess_0e234331-0804-49b2-b1a6-4ad458d727e5\",\"messageCount\":1,\"durationMs\":4}","conversationId":"sess_0e234331-0804-49b2-b1a6-4ad458d727e5","turnId":"5d3536ae-8688-41e8-bcb9-68df979eec52","rootTurnId":"5d3536ae-8688-41e8-bcb9-68df979eec52"}
{"timestamp":"2026-08-24T10:35:28.510Z","level":"info","message":"network.listAvailableModels.ok {\"system\":\"network\",\"durationMs\":1455}"}
{"timestamp":"2026-08-24T10:35:28.510Z","level":"info","message":"[ACPModelConfigProvider] Loaded 9 models"}
{"timestamp":"2026-08-24T10:36:30.135Z","level":"info","message":"fs.appendMessages.ok {\"system\":\"fs\",\"sessionId\":\"sess_0e234331-0804-49b2-b1a6-4ad458d727e5\",\"messageCount\":1,\"durationMs\":2}","conversationId":"sess_0e234331-0804-49b2-b1a6-4ad458d727e5","turnId":"5d3536ae-8688-41e8-bcb9-68df979eec52","rootTurnId":"5d3536ae-8688-41e8-bcb9-68df979eec52"}
{"timestamp":"2026-08-24T10:36:30.135Z","level":"info","message":"[ACP ToolApproval] Got response: {\"optionId\":\"always-accept\",\"outcome\":\"selected\"}","conversationId":"sess_0e234331-0804-49b2-b1a6-4ad458d727e5","turnId":"5d3536ae-8688-41e8-bcb9-68df979eec52","rootTurnId":"5d3536ae-8688-41e8-bcb9-68df979eec52"}
{"timestamp":"2026-08-24T10:36:30.395Z","level":"info","message":"[PolicySession] rebuild() complete: 17 rules parsed, engineActive=true, fatal=false","conversationId":"sess_0e234331-0804-49b2-b1a6-4ad458d727e5","turnId":"5d3536ae-8688-41e8-bcb9-68df979eec52","rootTurnId":"5d3536ae-8688-41e8-bcb9-68df979eec52"}
{"timestamp":"2026-08-24T10:36:30.395Z","level":"info","message":"[PolicySession] Persisted allow rule for shell matching \"Format-Table -AutoSize\" at scope=user","conversationId":"sess_0e234331-0804-49b2-b1a6-4ad458d727e5","turnId":"5d3536ae-8688-41e8-bcb9-68df979eec52","rootTurnId":"5d3536ae-8688-41e8-bcb9-68df979eec52"}
{"timestamp":"2026-08-24T10:36:30.403Z","level":"info","message":"[ACPEventAdapter] Execution resumed {\"executionId\":\"5d3536ae-8688-41e8-bcb9-68df979eec52\"}","conversationId":"sess_0e234331-0804-49b2-b1a6-4ad458d727e5","turnId":"5d3536ae-8688-41e8-bcb9-68df979eec52","rootTurnId":"5d3536ae-8688-41e8-bcb9-68df979eec52"}
{"timestamp":"2026-08-24T10:36:30.404Z","level":"info","message":"acp.policy-eval.complete {\"toolId\":\"list_directory\",\"effect\":\"allow\",\"capability\":\"fs_read\"}","conversationId":"sess_0e234331-0804-49b2-b1a6-4ad458d727e5","turnId":"5d3536ae-8688-41e8-bcb9-68df979eec52","rootTurnId":"5d3536ae-8688-41e8-bcb9-68df979eec52"}
{"timestamp":"2026-08-24T10:36:30.475Z","level":"info","message":"[AgentIterator] Parallel invoking agent","conversationId":"sess_0e234331-0804-49b2-b1a6-4ad458d727e5","turnId":"5d3536ae-8688-41e8-bcb9-68df979eec52","rootTurnId":"5d3536ae-8688-41e8-bcb9-68df979eec52"}
{"timestamp":"2026-08-24T10:36:30.475Z","level":"info","message":"[Steering] Populating steering for execution 5d3536ae-8688-41e8-bcb9-68df979eec52","conversationId":"sess_0e234331-0804-49b2-b1a6-4ad458d727e5","turnId":"5d3536ae-8688-41e8-bcb9-68df979eec52","rootTurnId":"5d3536ae-8688-41e8-bcb9-68df979eec52"}
{"timestamp":"2026-08-24T10:36:30.475Z","level":"info","message":"[Steering] ExistingFiles: /c:/Users/Student/.kiro/workspace-roots/regen-railway/vite.config.ts in 5d3536ae-8688-41e8-bcb9-68df979eec52","conversationId":"sess_0e234331-0804-49b2-b1a6-4ad458d727e5","turnId":"5d3536ae-8688-41e8-bcb9-68df979eec52","rootTurnId":"5d3536ae-8688-41e8-bcb9-68df979eec52"}
{"timestamp":"2026-08-24T10:36:30.479Z","level":"info","message":"[q-developer-converse] Sending GenerateAssistantResponse modelId=auto agentMode=vibe origin=AI_EDITOR streaming=true conversationId=sess_0e234331-0804-49b2-b1a6-4ad458d727e5","conversationId":"sess_0e234331-0804-49b2-b1a6-4ad458d727e5","turnId":"5d3536ae-8688-41e8-bcb9-68df979eec52","rootTurnId":"5d3536ae-8688-41e8-bcb9-68df979eec52"}
{"timestamp":"2026-08-24T10:36:30.481Z","level":"info","message":"[q-developer-converse] Request payload: 583177 chars, 166 history messages, conversationId=sess_0e234331-0804-49b2-b1a6-4ad458d727e5","conversationId":"sess_0e234331-0804-49b2-b1a6-4ad458d727e5","turnId":"5d3536ae-8688-41e8-bcb9-68df979eec52","rootTurnId":"5d3536ae-8688-41e8-bcb9-68df979eec52"}
{"timestamp":"2026-08-24T10:36:30.491Z","level":"info","message":"fs.appendMessages.ok {\"system\":\"fs\",\"sessionId\":\"sess_0e234331-0804-49b2-b1a6-4ad458d727e5\",\"messageCount\":2,\"durationMs\":20}","conversationId":"sess_0e234331-0804-49b2-b1a6-4ad458d727e5","turnId":"5d3536ae-8688-41e8-bcb9-68df979eec52","rootTurnId":"5d3536ae-8688-41e8-bcb9-68df979eec52"}
{"timestamp":"2026-08-24T10:36:35.347Z","level":"info","message":"[AgentIterator] Synchronizing results","conversationId":"sess_0e234331-0804-49b2-b1a6-4ad458d727e5","turnId":"5d3536ae-8688-41e8-bcb9-68df979eec52","rootTurnId":"5d3536ae-8688-41e8-bcb9-68df979eec52"}
{"timestamp":"2026-08-24T10:36:35.347Z","level":"info","message":"[AgentIterator] Processing intent detection result","conversationId":"sess_0e234331-0804-49b2-b1a6-4ad458d727e5","turnId":"5d3536ae-8688-41e8-bcb9-68df979eec52","rootTurnId":"5d3536ae-8688-41e8-bcb9-68df979eec52"}
{"timestamp":"2026-08-24T10:36:35.347Z","level":"info","message":"[ChatAgent] Processing model response stream","conversationId":"sess_0e234331-0804-49b2-b1a6-4ad458d727e5","turnId":"5d3536ae-8688-41e8-bcb9-68df979eec52","rootTurnId":"5d3536ae-8688-41e8-bcb9-68df979eec52"}
{"timestamp":"2026-08-24T10:36:35.347Z","level":"info","message":"[Steering] Populating steering for execution 5d3536ae-8688-41e8-bcb9-68df979eec52","conversationId":"sess_0e234331-0804-49b2-b1a6-4ad458d727e5","turnId":"5d3536ae-8688-41e8-bcb9-68df979eec52","rootTurnId":"5d3536ae-8688-41e8-bcb9-68df979eec52"}
{"timestamp":"2026-08-24T10:36:35.347Z","level":"info","message":"[Steering] ExistingFiles: /c:/Users/Student/.kiro/workspace-roots/regen-railway/vite.config.ts in 5d3536ae-8688-41e8-bcb9-68df979eec52","conversationId":"sess_0e234331-0804-49b2-b1a6-4ad458d727e5","turnId":"5d3536ae-8688-41e8-bcb9-68df979eec52","rootTurnId":"5d3536ae-8688-41e8-bcb9-68df979eec52"}
{"timestamp":"2026-08-24T10:36:42.875Z","level":"info","message":"[AgentIterator] Parallel invoking agent","conversationId":"sess_0e234331-0804-49b2-b1a6-4ad458d727e5","turnId":"5d3536ae-8688-41e8-bcb9-68df979eec52","rootTurnId":"5d3536ae-8688-41e8-bcb9-68df979eec52"}
{"timestamp":"2026-08-24T10:36:42.875Z","level":"info","message":"[Steering] Populating steering for execution 5d3536ae-8688-41e8-bcb9-68df979eec52","conversationId":"sess_0e234331-0804-49b2-b1a6-4ad458d727e5","turnId":"5d3536ae-8688-41e8-bcb9-68df979eec52","rootTurnId":"5d3536ae-8688-41e8-bcb9-68df979eec52"}
{"timestamp":"2026-08-24T10:36:42.875Z","level":"info","message":"[Steering] ExistingFiles: /c:/Users/Student/.kiro/workspace-roots/regen-railway/vite.config.ts in 5d3536ae-8688-41e8-bcb9-68df979eec52","conversationId":"sess_0e234331-0804-49b2-b1a6-4ad458d727e5","turnId":"5d3536ae-8688-41e8-bcb9-68df979eec52","rootTurnId":"5d3536ae-8688-41e8-bcb9-68df979eec52"}
{"timestamp":"2026-08-24T10:36:42.880Z","level":"info","message":"[q-developer-converse] Sending GenerateAssistantResponse modelId=auto agentMode=vibe origin=AI_EDITOR streaming=true conversationId=sess_0e234331-0804-49b2-b1a6-4ad458d727e5","conversationId":"sess_0e234331-0804-49b2-b1a6-4ad458d727e5","turnId":"5d3536ae-8688-41e8-bcb9-68df979eec52","rootTurnId":"5d3536ae-8688-41e8-bcb9-68df979eec52"}
{"timestamp":"2026-08-24T10:36:42.882Z","level":"info","message":"[q-developer-converse] Request payload: 584775 chars, 168 history messages, conversationId=sess_0e234331-0804-49b2-b1a6-4ad458d727e5","conversationId":"sess_0e234331-0804-49b2-b1a6-4ad458d727e5","turnId":"5d3536ae-8688-41e8-bcb9-68df979eec52","rootTurnId":"5d3536ae-8688-41e8-bcb9-68df979eec52"}
{"timestamp":"2026-08-24T10:36:42.892Z","level":"info","message":"fs.appendMessages.ok {\"system\":\"fs\",\"sessionId\":\"sess_0e234331-0804-49b2-b1a6-4ad458d727e5\",\"messageCount\":2,\"durationMs\":21}","conversationId":"sess_0e234331-0804-49b2-b1a6-4ad458d727e5","turnId":"5d3536ae-8688-41e8-bcb9-68df979eec52","rootTurnId":"5d3536ae-8688-41e8-bcb9-68df979eec52"}
{"timestamp":"2026-08-24T10:36:42.902Z","level":"info","message":"fs.appendMessages.ok {\"system\":\"fs\",\"sessionId\":\"sess_0e234331-0804-49b2-b1a6-4ad458d727e5\",\"messageCount\":1,\"durationMs\":10}","conversationId":"sess_0e234331-0804-49b2-b1a6-4ad458d727e5","turnId":"5d3536ae-8688-41e8-bcb9-68df979eec52","rootTurnId":"5d3536ae-8688-41e8-bcb9-68df979eec52"}
{"timestamp":"2026-08-24T10:36:42.908Z","level":"info","message":"fs.appendMessages.ok {\"system\":\"fs\",\"sessionId\":\"sess_0e234331-0804-49b2-b1a6-4ad458d727e5\",\"messageCount\":1,\"durationMs\":6}","conversationId":"sess_0e234331-0804-49b2-b1a6-4ad458d727e5","turnId":"5d3536ae-8688-41e8-bcb9-68df979eec52","rootTurnId":"5d3536ae-8688-41e8-bcb9-68df979eec52"}
{"timestamp":"2026-08-24T10:36:47.053Z","level":"info","message":"[AgentIterator] Synchronizing results","conversationId":"sess_0e234331-0804-49b2-b1a6-4ad458d727e5","turnId":"5d3536ae-8688-41e8-bcb9-68df979eec52","rootTurnId":"5d3536ae-8688-41e8-bcb9-68df979eec52"}
{"timestamp":"2026-08-24T10:36:47.053Z","level":"info","message":"[AgentIterator] Processing intent detection result","conversationId":"sess_0e234331-0804-49b2-b1a6-4ad458d727e5","turnId":"5d3536ae-8688-41e8-bcb9-68df979eec52","rootTurnId":"5d3536ae-8688-41e8-bcb9-68df979eec52"}
{"timestamp":"2026-08-24T10:36:47.053Z","level":"info","message":"[ChatAgent] Processing model response stream","conversationId":"sess_0e234331-0804-49b2-b1a6-4ad458d727e5","turnId":"5d3536ae-8688-41e8-bcb9-68df979eec52","rootTurnId":"5d3536ae-8688-41e8-bcb9-68df979eec52"}
{"timestamp":"2026-08-24T10:36:47.053Z","level":"info","message":"[Steering] Populating steering for execution 5d3536ae-8688-41e8-bcb9-68df979eec52","conversationId":"sess_0e234331-0804-49b2-b1a6-4ad458d727e5","turnId":"5d3536ae-8688-41e8-bcb9-68df979eec52","rootTurnId":"5d3536ae-8688-41e8-bcb9-68df979eec52"}
{"timestamp":"2026-08-24T10:36:47.053Z","level":"info","message":"[Steering] ExistingFiles: /c:/Users/Student/.kiro/workspace-roots/regen-railway/vite.config.ts in 5d3536ae-8688-41e8-bcb9-68df979eec52","conversationId":"sess_0e234331-0804-49b2-b1a6-4ad458d727e5","turnId":"5d3536ae-8688-41e8-bcb9-68df979eec52","rootTurnId":"5d3536ae-8688-41e8-bcb9-68df979eec52"}
{"timestamp":"2026-08-24T10:36:48.204Z","level":"info","message":"[AgentIterator] Parallel invoking agent","conversationId":"sess_0e234331-0804-49b2-b1a6-4ad458d727e5","turnId":"5d3536ae-8688-41e8-bcb9-68df979eec52","rootTurnId":"5d3536ae-8688-41e8-bcb9-68df979eec52"}
{"timestamp":"2026-08-24T10:36:48.204Z","level":"info","message":"[Steering] Populating steering for execution 5d3536ae-8688-41e8-bcb9-68df979eec52","conversationId":"sess_0e234331-0804-49b2-b1a6-4ad458d727e5","turnId":"5d3536ae-8688-41e8-bcb9-68df979eec52","rootTurnId":"5d3536ae-8688-41e8-bcb9-68df979eec52"}
{"timestamp":"2026-08-24T10:36:48.205Z","level":"info","message":"[Steering] ExistingFiles: /c:/Users/Student/.kiro/workspace-roots/regen-railway/vite.config.ts in 5d3536ae-8688-41e8-bcb9-68df979eec52","conversationId":"sess_0e234331-0804-49b2-b1a6-4ad458d727e5","turnId":"5d3536ae-8688-41e8-bcb9-68df979eec52","rootTurnId":"5d3536ae-8688-41e8-bcb9-68df979eec52"}
{"timestamp":"2026-08-24T10:36:48.209Z","level":"info","message":"[q-developer-converse] Sending GenerateAssistantResponse modelId=auto agentMode=vibe origin=AI_EDITOR streaming=true conversationId=sess_0e234331-0804-49b2-b1a6-4ad458d727e5","conversationId":"sess_0e234331-0804-49b2-b1a6-4ad458d727e5","turnId":"5d3536ae-8688-41e8-bcb9-68df979eec52","rootTurnId":"5d3536ae-8688-41e8-bcb9-68df979eec52"}
{"timestamp":"2026-08-24T10:36:48.211Z","level":"info","message":"[q-developer-converse] Request payload: 585439 chars, 170 history messages, conversationId=sess_0e234331-0804-49b2-b1a6-4ad458d727e5","conversationId":"sess_0e234331-0804-49b2-b1a6-4ad458d727e5","turnId":"5d3536ae-8688-41e8-bcb9-68df979eec52","rootTurnId":"5d3536ae-8688-41e8-bcb9-68df979eec52"}
{"timestamp":"2026-08-24T10:36:48.221Z","level":"info","message":"[SessionPersistence] Updated metadata for session sess_0e234331-0804-49b2-b1a6-4ad458d727e5","conversationId":"sess_0e234331-0804-49b2-b1a6-4ad458d727e5","turnId":"5d3536ae-8688-41e8-bcb9-68df979eec52","rootTurnId":"5d3536ae-8688-41e8-bcb9-68df979eec52"}
{"timestamp":"2026-08-24T10:36:48.222Z","level":"info","message":"fs.appendMessages.ok {\"system\":\"fs\",\"sessionId\":\"sess_0e234331-0804-49b2-b1a6-4ad458d727e5\",\"messageCount\":2,\"durationMs\":22}","conversationId":"sess_0e234331-0804-49b2-b1a6-4ad458d727e5","turnId":"5d3536ae-8688-41e8-bcb9-68df979eec52","rootTurnId":"5d3536ae-8688-41e8-bcb9-68df979eec52"}
{"timestamp":"2026-08-24T10:36:48.229Z","level":"info","message":"fs.appendMessages.ok {\"system\":\"fs\",\"sessionId\":\"sess_0e234331-0804-49b2-b1a6-4ad458d727e5\",\"messageCount\":1,\"durationMs\":6}","conversationId":"sess_0e234331-0804-49b2-b1a6-4ad458d727e5","turnId":"5d3536ae-8688-41e8-bcb9-68df979eec52","rootTurnId":"5d3536ae-8688-41e8-bcb9-68df979eec52"}
{"timestamp":"2026-08-24T10:36:48.237Z","level":"info","message":"fs.appendMessages.ok {\"system\":\"fs\",\"sessionId\":\"sess_0e234331-0804-49b2-b1a6-4ad458d727e5\",\"messageCount\":1,\"durationMs\":8}","conversationId":"sess_0e234331-0804-49b2-b1a6-4ad458d727e5","turnId":"5d3536ae-8688-41e8-bcb9-68df979eec52","rootTurnId":"5d3536ae-8688-41e8-bcb9-68df979eec52"}
{"timestamp":"2026-08-24T10:36:52.012Z","level":"info","message":"[AgentIterator] Synchronizing results","conversationId":"sess_0e234331-0804-49b2-b1a6-4ad458d727e5","turnId":"5d3536ae-8688-41e8-bcb9-68df979eec52","rootTurnId":"5d3536ae-8688-41e8-bcb9-68df979eec52"}
{"timestamp":"2026-08-24T10:36:52.012Z","level":"info","message":"[AgentIterator] Processing intent detection result","conversationId":"sess_0e234331-0804-49b2-b1a6-4ad458d727e5","turnId":"5d3536ae-8688-41e8-bcb9-68df979eec52","rootTurnId":"5d3536ae-8688-41e8-bcb9-68df979eec52"}
{"timestamp":"2026-08-24T10:36:52.012Z","level":"info","message":"[ChatAgent] Processing model response stream","conversationId":"sess_0e234331-0804-49b2-b1a6-4ad458d727e5","turnId":"5d3536ae-8688-41e8-bcb9-68df979eec52","rootTurnId":"5d3536ae-8688-41e8-bcb9-68df979eec52"}
{"timestamp":"2026-08-24T10:36:52.012Z","level":"info","message":"[Steering] Populating steering for execution 5d3536ae-8688-41e8-bcb9-68df979eec52","conversationId":"sess_0e234331-0804-49b2-b1a6-4ad458d727e5","turnId":"5d3536ae-8688-41e8-bcb9-68df979eec52","rootTurnId":"5d3536ae-8688-41e8-bcb9-68df979eec52"}
{"timestamp":"2026-08-24T10:36:52.012Z","level":"info","message":"[Steering] ExistingFiles: /c:/Users/Student/.kiro/workspace-roots/regen-railway/vite.config.ts in 5d3536ae-8688-41e8-bcb9-68df979eec52","conversationId":"sess_0e234331-0804-49b2-b1a6-4ad458d727e5","turnId":"5d3536ae-8688-41e8-bcb9-68df979eec52","rootTurnId":"5d3536ae-8688-41e8-bcb9-68df979eec52"}
{"timestamp":"2026-08-24T10:37:02.392Z","level":"info","message":"[ACPEventAdapter] Execution succeeded {\"executionId\":\"5d3536ae-8688-41e8-bcb9-68df979eec52\"}","conversationId":"sess_0e234331-0804-49b2-b1a6-4ad458d727e5","turnId":"5d3536ae-8688-41e8-bcb9-68df979eec52","rootTurnId":"5d3536ae-8688-41e8-bcb9-68df979eec52"}
{"timestamp":"2026-08-24T10:37:02.396Z","level":"info","message":"fs.appendMessages.ok {\"system\":\"fs\",\"sessionId\":\"sess_0e234331-0804-49b2-b1a6-4ad458d727e5\",\"messageCount\":1,\"durationMs\":8}","conversationId":"sess_0e234331-0804-49b2-b1a6-4ad458d727e5","turnId":"5d3536ae-8688-41e8-bcb9-68df979eec52","rootTurnId":"5d3536ae-8688-41e8-bcb9-68df979eec52"}
{"timestamp":"2026-08-24T10:37:02.404Z","level":"info","message":"fs.appendMessages.ok {\"system\":\"fs\",\"sessionId\":\"sess_0e234331-0804-49b2-b1a6-4ad458d727e5\",\"messageCount\":1,\"durationMs\":8}","conversationId":"sess_0e234331-0804-49b2-b1a6-4ad458d727e5","turnId":"5d3536ae-8688-41e8-bcb9-68df979eec52","rootTurnId":"5d3536ae-8688-41e8-bcb9-68df979eec52"}
{"timestamp":"2026-08-24T10:37:02.411Z","level":"info","message":"fs.appendMessages.ok {\"system\":\"fs\",\"sessionId\":\"sess_0e234331-0804-49b2-b1a6-4ad458d727e5\",\"messageCount\":1,\"durationMs\":7}","conversationId":"sess_0e234331-0804-49b2-b1a6-4ad458d727e5","turnId":"5d3536ae-8688-41e8-bcb9-68df979eec52","rootTurnId":"5d3536ae-8688-41e8-bcb9-68df979eec52"}
{"timestamp":"2026-08-24T10:37:02.418Z","level":"info","message":"fs.appendMessages.ok {\"system\":\"fs\",\"sessionId\":\"sess_0e234331-0804-49b2-b1a6-4ad458d727e5\",\"messageCount\":3,\"durationMs\":6}","conversationId":"sess_0e234331-0804-49b2-b1a6-4ad458d727e5","turnId":"5d3536ae-8688-41e8-bcb9-68df979eec52","rootTurnId":"5d3536ae-8688-41e8-bcb9-68df979eec52"}
{"timestamp":"2026-08-24T10:37:02.418Z","level":"info","message":"[agent-controller] Progressing model queue {\"activeExecution\":false,\"queueSize\":0}","conversationId":"sess_0e234331-0804-49b2-b1a6-4ad458d727e5","turnId":"5d3536ae-8688-41e8-bcb9-68df979eec52","rootTurnId":"5d3536ae-8688-41e8-bcb9-68df979eec52"}
{"timestamp":"2026-08-24T10:37:02.424Z","level":"info","message":"[SessionPersistence] Updated metadata for session sess_0e234331-0804-49b2-b1a6-4ad458d727e5","conversationId":"sess_0e234331-0804-49b2-b1a6-4ad458d727e5","turnId":"5d3536ae-8688-41e8-bcb9-68df979eec52","rootTurnId":"5d3536ae-8688-41e8-bcb9-68df979eec52"}
{"timestamp":"2026-08-24T10:37:02.436Z","level":"info","message":"fs.loadSession.ok {\"system\":\"fs\",\"sessionId\":\"sess_0e234331-0804-49b2-b1a6-4ad458d727e5\",\"durationMs\":17}","conversationId":"sess_0e234331-0804-49b2-b1a6-4ad458d727e5"}
{"timestamp":"2026-08-24T10:37:02.438Z","level":"info","message":"fs.appendMessages.ok {\"system\":\"fs\",\"sessionId\":\"sess_0e234331-0804-49b2-b1a6-4ad458d727e5\",\"messageCount\":1,\"durationMs\":2}","conversationId":"sess_0e234331-0804-49b2-b1a6-4ad458d727e5"}
{"timestamp":"2026-08-24T10:39:05.542Z","level":"info","message":"[KiroAgent] ACP session/prompt sessionId=sess_0e234331-0804-49b2-b1a6-4ad458d727e5"}
{"timestamp":"2026-08-24T10:39:05.548Z","level":"info","message":"fs.appendMessages.ok {\"system\":\"fs\",\"sessionId\":\"sess_0e234331-0804-49b2-b1a6-4ad458d727e5\",\"messageCount\":1,\"durationMs\":5}"}
{"timestamp":"2026-08-24T10:39:05.548Z","level":"info","message":"[GovernanceService] Resolved {\"enterprise\":false,\"provider\":\"Google\",\"profileArn\":\"arn:aws:codewhisperer:us-east-1:699475941385:profile/EHGA3GRVQMUK\",\"controlPlaneEndpoint\":\"(none)\",\"mcpDisabled\":false,\"mcpReason\":\"admin_disabled\",\"webToolsDisabled\":false,\"autonomousAgentsDisabled\":false,\"disabledReason\":\"(none)\",\"registryUrl\":\"(none)\",\"catalogSize\":0}"}
{"timestamp":"2026-08-24T10:39:05.550Z","level":"info","message":"agent_controller.triggered {\"agentType\":\"chat-agent\",\"autonomyMode\":\"Autopilot\",\"modelId\":\"auto\"}","conversationId":"sess_0e234331-0804-49b2-b1a6-4ad458d727e5"}
{"timestamp":"2026-08-24T10:39:05.550Z","level":"info","message":"[ACPEventAdapter] Execution began {\"executionId\":\"0417b5f3-03f5-4ced-9602-ddcb753e5abd\"}","conversationId":"sess_0e234331-0804-49b2-b1a6-4ad458d727e5","turnId":"0417b5f3-03f5-4ced-9602-ddcb753e5abd","rootTurnId":"0417b5f3-03f5-4ced-9602-ddcb753e5abd"}
{"timestamp":"2026-08-24T10:39:05.557Z","level":"info","message":"[KiroAgent] _kiro/mcp/toggle: enabled=true"}
{"timestamp":"2026-08-24T10:39:05.558Z","level":"info","message":"[KiroAgent] _kiro/mcp/toggle: enabled=true"}
{"timestamp":"2026-08-24T10:39:05.560Z","level":"info","message":"fs.appendMessages.ok {\"system\":\"fs\",\"sessionId\":\"sess_0e234331-0804-49b2-b1a6-4ad458d727e5\",\"messageCount\":1,\"durationMs\":10}","conversationId":"sess_0e234331-0804-49b2-b1a6-4ad458d727e5","turnId":"0417b5f3-03f5-4ced-9602-ddcb753e5abd","rootTurnId":"0417b5f3-03f5-4ced-9602-ddcb753e5abd"}
{"timestamp":"2026-08-24T10:39:05.566Z","level":"info","message":"[AgentIterator] Checking for intent overrides","conversationId":"sess_0e234331-0804-49b2-b1a6-4ad458d727e5","turnId":"0417b5f3-03f5-4ced-9602-ddcb753e5abd","rootTurnId":"0417b5f3-03f5-4ced-9602-ddcb753e5abd"}
{"timestamp":"2026-08-24T10:39:05.567Z","level":"info","message":"[AgentIterator] Detecting intent","conversationId":"sess_0e234331-0804-49b2-b1a6-4ad458d727e5","turnId":"0417b5f3-03f5-4ced-9602-ddcb753e5abd","rootTurnId":"0417b5f3-03f5-4ced-9602-ddcb753e5abd"}
{"timestamp":"2026-08-24T10:39:05.567Z","level":"info","message":"[INTENT_DETECTION] Prompt input mode, skipping intent detection","conversationId":"sess_0e234331-0804-49b2-b1a6-4ad458d727e5","turnId":"0417b5f3-03f5-4ced-9602-ddcb753e5abd","rootTurnId":"0417b5f3-03f5-4ced-9602-ddcb753e5abd"}
{"timestamp":"2026-08-24T10:39:05.567Z","level":"info","message":"[AgentIterator] Parallel invoking agent","conversationId":"sess_0e234331-0804-49b2-b1a6-4ad458d727e5","turnId":"0417b5f3-03f5-4ced-9602-ddcb753e5abd","rootTurnId":"0417b5f3-03f5-4ced-9602-ddcb753e5abd"}
{"timestamp":"2026-08-24T10:39:05.567Z","level":"info","message":"[Steering] Populating steering for execution 0417b5f3-03f5-4ced-9602-ddcb753e5abd","conversationId":"sess_0e234331-0804-49b2-b1a6-4ad458d727e5","turnId":"0417b5f3-03f5-4ced-9602-ddcb753e5abd","rootTurnId":"0417b5f3-03f5-4ced-9602-ddcb753e5abd"}
{"timestamp":"2026-08-24T10:39:05.567Z","level":"info","message":"[Steering] ExistingFiles: /c:/Users/Student/.kiro/workspace-roots/regen-railway/vite.config.ts in 0417b5f3-03f5-4ced-9602-ddcb753e5abd","conversationId":"sess_0e234331-0804-49b2-b1a6-4ad458d727e5","turnId":"0417b5f3-03f5-4ced-9602-ddcb753e5abd","rootTurnId":"0417b5f3-03f5-4ced-9602-ddcb753e5abd"}
{"timestamp":"2026-08-24T10:39:05.573Z","level":"info","message":"[q-developer-converse] Sending GenerateAssistantResponse modelId=auto agentMode=vibe origin=AI_EDITOR streaming=true conversationId=sess_0e234331-0804-49b2-b1a6-4ad458d727e5","conversationId":"sess_0e234331-0804-49b2-b1a6-4ad458d727e5","turnId":"0417b5f3-03f5-4ced-9602-ddcb753e5abd","rootTurnId":"0417b5f3-03f5-4ced-9602-ddcb753e5abd"}
{"timestamp":"2026-08-24T10:39:05.584Z","level":"info","message":"[q-developer-converse] Request payload: 2587193 chars, 172 history messages, conversationId=sess_0e234331-0804-49b2-b1a6-4ad458d727e5","conversationId":"sess_0e234331-0804-49b2-b1a6-4ad458d727e5","turnId":"0417b5f3-03f5-4ced-9602-ddcb753e5abd","rootTurnId":"0417b5f3-03f5-4ced-9602-ddcb753e5abd"}
{"timestamp":"2026-08-24T10:39:05.596Z","level":"info","message":"[SessionPersistence] Updated metadata for session sess_0e234331-0804-49b2-b1a6-4ad458d727e5","conversationId":"sess_0e234331-0804-49b2-b1a6-4ad458d727e5","turnId":"0417b5f3-03f5-4ced-9602-ddcb753e5abd","rootTurnId":"0417b5f3-03f5-4ced-9602-ddcb753e5abd"}
{"timestamp":"2026-08-24T10:39:06.655Z","level":"info","message":"network.getFeatureConfiguration.ok {\"system\":\"network\",\"durationMs\":1104}"}
{"timestamp":"2026-08-24T10:39:06.655Z","level":"info","message":"[ExperimentConfigService] Resolved {\"origin\":\"AI_EDITOR\",\"version\":\"1.0.337\",\"keyCount\":3}"}
{"timestamp":"2026-08-24T10:39:09.432Z","level":"warn","message":"[ActivityLogPublisher] Failed to publish to https://runtime.us-east-1.kiro.dev/agents/activity: 413 — <html>\r\n<head><title>413 Request Entity Too Large</title></head>\r\n<body>\r\n<center><h1>413 Request Entity Too Large</h1></center>\r\n</body>\r\n</html>\r\n"}
{"timestamp":"2026-08-24T10:39:11.806Z","level":"info","message":"[AgentIterator] Synchronizing results","conversationId":"sess_0e234331-0804-49b2-b1a6-4ad458d727e5","turnId":"0417b5f3-03f5-4ced-9602-ddcb753e5abd","rootTurnId":"0417b5f3-03f5-4ced-9602-ddcb753e5abd"}
{"timestamp":"2026-08-24T10:39:11.806Z","level":"info","message":"[AgentIterator] Processing intent detection result","conversationId":"sess_0e234331-0804-49b2-b1a6-4ad458d727e5","turnId":"0417b5f3-03f5-4ced-9602-ddcb753e5abd","rootTurnId":"0417b5f3-03f5-4ced-9602-ddcb753e5abd"}
{"timestamp":"2026-08-24T10:39:11.807Z","level":"info","message":"[ChatAgent] Processing model response stream","conversationId":"sess_0e234331-0804-49b2-b1a6-4ad458d727e5","turnId":"0417b5f3-03f5-4ced-9602-ddcb753e5abd","rootTurnId":"0417b5f3-03f5-4ced-9602-ddcb753e5abd"}
{"timestamp":"2026-08-24T10:39:11.807Z","level":"info","message":"[Steering] Populating steering for execution 0417b5f3-03f5-4ced-9602-ddcb753e5abd","conversationId":"sess_0e234331-0804-49b2-b1a6-4ad458d727e5","turnId":"0417b5f3-03f5-4ced-9602-ddcb753e5abd","rootTurnId":"0417b5f3-03f5-4ced-9602-ddcb753e5abd"}
{"timestamp":"2026-08-24T10:39:11.807Z","level":"info","message":"[Steering] ExistingFiles: /c:/Users/Student/.kiro/workspace-roots/regen-railway/vite.config.ts in 0417b5f3-03f5-4ced-9602-ddcb753e5abd","conversationId":"sess_0e234331-0804-49b2-b1a6-4ad458d727e5","turnId":"0417b5f3-03f5-4ced-9602-ddcb753e5abd","rootTurnId":"0417b5f3-03f5-4ced-9602-ddcb753e5abd"}
{"timestamp":"2026-08-24T10:39:14.593Z","level":"info","message":"fs.appendMessages.ok {\"system\":\"fs\",\"sessionId\":\"sess_0e234331-0804-49b2-b1a6-4ad458d727e5\",\"messageCount\":1,\"durationMs\":2}","conversationId":"sess_0e234331-0804-49b2-b1a6-4ad458d727e5","turnId":"0417b5f3-03f5-4ced-9602-ddcb753e5abd","rootTurnId":"0417b5f3-03f5-4ced-9602-ddcb753e5abd"}
{"timestamp":"2026-08-24T10:39:16.644Z","level":"info","message":"[AgentIterator] Parallel invoking agent","conversationId":"sess_0e234331-0804-49b2-b1a6-4ad458d727e5","turnId":"0417b5f3-03f5-4ced-9602-ddcb753e5abd","rootTurnId":"0417b5f3-03f5-4ced-9602-ddcb753e5abd"}
{"timestamp":"2026-08-24T10:39:16.644Z","level":"info","message":"[Steering] Populating steering for execution 0417b5f3-03f5-4ced-9602-ddcb753e5abd","conversationId":"sess_0e234331-0804-49b2-b1a6-4ad458d727e5","turnId":"0417b5f3-03f5-4ced-9602-ddcb753e5abd","rootTurnId":"0417b5f3-03f5-4ced-9602-ddcb753e5abd"}
{"timestamp":"2026-08-24T10:39:16.644Z","level":"info","message":"[Steering] ExistingFiles: /c:/Users/Student/.kiro/workspace-roots/regen-railway/vite.config.ts in 0417b5f3-03f5-4ced-9602-ddcb753e5abd","conversationId":"sess_0e234331-0804-49b2-b1a6-4ad458d727e5","turnId":"0417b5f3-03f5-4ced-9602-ddcb753e5abd","rootTurnId":"0417b5f3-03f5-4ced-9602-ddcb753e5abd"}
{"timestamp":"2026-08-24T10:39:16.655Z","level":"info","message":"[q-developer-converse] Sending GenerateAssistantResponse modelId=auto agentMode=vibe origin=AI_EDITOR streaming=true conversationId=sess_0e234331-0804-49b2-b1a6-4ad458d727e5","conversationId":"sess_0e234331-0804-49b2-b1a6-4ad458d727e5","turnId":"0417b5f3-03f5-4ced-9602-ddcb753e5abd","rootTurnId":"0417b5f3-03f5-4ced-9602-ddcb753e5abd"}
{"timestamp":"2026-08-24T10:39:16.670Z","level":"info","message":"[q-developer-converse] Request payload: 2588365 chars, 174 history messages, conversationId=sess_0e234331-0804-49b2-b1a6-4ad458d727e5","conversationId":"sess_0e234331-0804-49b2-b1a6-4ad458d727e5","turnId":"0417b5f3-03f5-4ced-9602-ddcb753e5abd","rootTurnId":"0417b5f3-03f5-4ced-9602-ddcb753e5abd"}
{"timestamp":"2026-08-24T10:39:16.684Z","level":"info","message":"[SessionPersistence] Updated metadata for session sess_0e234331-0804-49b2-b1a6-4ad458d727e5","conversationId":"sess_0e234331-0804-49b2-b1a6-4ad458d727e5","turnId":"0417b5f3-03f5-4ced-9602-ddcb753e5abd","rootTurnId":"0417b5f3-03f5-4ced-9602-ddcb753e5abd"}
{"timestamp":"2026-08-24T10:39:16.685Z","level":"info","message":"fs.appendMessages.ok {\"system\":\"fs\",\"sessionId\":\"sess_0e234331-0804-49b2-b1a6-4ad458d727e5\",\"messageCount\":2,\"durationMs\":46}","conversationId":"sess_0e234331-0804-49b2-b1a6-4ad458d727e5","turnId":"0417b5f3-03f5-4ced-9602-ddcb753e5abd","rootTurnId":"0417b5f3-03f5-4ced-9602-ddcb753e5abd"}
{"timestamp":"2026-08-24T10:39:16.692Z","level":"info","message":"fs.appendMessages.ok {\"system\":\"fs\",\"sessionId\":\"sess_0e234331-0804-49b2-b1a6-4ad458d727e5\",\"messageCount\":1,\"durationMs\":7}","conversationId":"sess_0e234331-0804-49b2-b1a6-4ad458d727e5","turnId":"0417b5f3-03f5-4ced-9602-ddcb753e5abd","rootTurnId":"0417b5f3-03f5-4ced-9602-ddcb753e5abd"}
{"timestamp":"2026-08-24T10:39:16.698Z","level":"info","message":"fs.appendMessages.ok {\"system\":\"fs\",\"sessionId\":\"sess_0e234331-0804-49b2-b1a6-4ad458d727e5\",\"messageCount\":1,\"durationMs\":6}","conversationId":"sess_0e234331-0804-49b2-b1a6-4ad458d727e5","turnId":"0417b5f3-03f5-4ced-9602-ddcb753e5abd","rootTurnId":"0417b5f3-03f5-4ced-9602-ddcb753e5abd"}
{"timestamp":"2026-08-24T10:39:21.694Z","level":"info","message":"[AgentIterator] Synchronizing results","conversationId":"sess_0e234331-0804-49b2-b1a6-4ad458d727e5","turnId":"0417b5f3-03f5-4ced-9602-ddcb753e5abd","rootTurnId":"0417b5f3-03f5-4ced-9602-ddcb753e5abd"}
{"timestamp":"2026-08-24T10:39:21.694Z","level":"info","message":"[AgentIterator] Processing intent detection result","conversationId":"sess_0e234331-0804-49b2-b1a6-4ad458d727e5","turnId":"0417b5f3-03f5-4ced-9602-ddcb753e5abd","rootTurnId":"0417b5f3-03f5-4ced-9602-ddcb753e5abd"}
{"timestamp":"2026-08-24T10:39:21.694Z","level":"info","message":"[ChatAgent] Processing model response stream","conversationId":"sess_0e234331-0804-49b2-b1a6-4ad458d727e5","turnId":"0417b5f3-03f5-4ced-9602-ddcb753e5abd","rootTurnId":"0417b5f3-03f5-4ced-9602-ddcb753e5abd"}
{"timestamp":"2026-08-24T10:39:21.694Z","level":"info","message":"[Steering] Populating steering for execution 0417b5f3-03f5-4ced-9602-ddcb753e5abd","conversationId":"sess_0e234331-0804-49b2-b1a6-4ad458d727e5","turnId":"0417b5f3-03f5-4ced-9602-ddcb753e5abd","rootTurnId":"0417b5f3-03f5-4ced-9602-ddcb753e5abd"}
{"timestamp":"2026-08-24T10:39:21.695Z","level":"info","message":"[Steering] ExistingFiles: /c:/Users/Student/.kiro/workspace-roots/regen-railway/vite.config.ts in 0417b5f3-03f5-4ced-9602-ddcb753e5abd","conversationId":"sess_0e234331-0804-49b2-b1a6-4ad458d727e5","turnId":"0417b5f3-03f5-4ced-9602-ddcb753e5abd","rootTurnId":"0417b5f3-03f5-4ced-9602-ddcb753e5abd"}
{"timestamp":"2026-08-24T10:39:27.157Z","level":"info","message":"[AgentIterator] Parallel invoking agent","conversationId":"sess_0e234331-0804-49b2-b1a6-4ad458d727e5","turnId":"0417b5f3-03f5-4ced-9602-ddcb753e5abd","rootTurnId":"0417b5f3-03f5-4ced-9602-ddcb753e5abd"}
{"timestamp":"2026-08-24T10:39:27.157Z","level":"info","message":"[Steering] Populating steering for execution 0417b5f3-03f5-4ced-9602-ddcb753e5abd","conversationId":"sess_0e234331-0804-49b2-b1a6-4ad458d727e5","turnId":"0417b5f3-03f5-4ced-9602-ddcb753e5abd","rootTurnId":"0417b5f3-03f5-4ced-9602-ddcb753e5abd"}
{"timestamp":"2026-08-24T10:39:27.157Z","level":"info","message":"[Steering] ExistingFiles: /c:/Users/Student/.kiro/workspace-roots/regen-railway/vite.config.ts in 0417b5f3-03f5-4ced-9602-ddcb753e5abd","conversationId":"sess_0e234331-0804-49b2-b1a6-4ad458d727e5","turnId":"0417b5f3-03f5-4ced-9602-ddcb753e5abd","rootTurnId":"0417b5f3-03f5-4ced-9602-ddcb753e5abd"}
{"timestamp":"2026-08-24T10:39:27.160Z","level":"info","message":"Injecting todo list context into conversation","conversationId":"sess_0e234331-0804-49b2-b1a6-4ad458d727e5","turnId":"0417b5f3-03f5-4ced-9602-ddcb753e5abd","rootTurnId":"0417b5f3-03f5-4ced-9602-ddcb753e5abd"}
{"timestamp":"2026-08-24T10:39:27.164Z","level":"info","message":"[q-developer-converse] Sending GenerateAssistantResponse modelId=auto agentMode=vibe origin=AI_EDITOR streaming=true conversationId=sess_0e234331-0804-49b2-b1a6-4ad458d727e5","conversationId":"sess_0e234331-0804-49b2-b1a6-4ad458d727e5","turnId":"0417b5f3-03f5-4ced-9602-ddcb753e5abd","rootTurnId":"0417b5f3-03f5-4ced-9602-ddcb753e5abd"}
{"timestamp":"2026-08-24T10:39:27.174Z","level":"info","message":"[q-developer-converse] Request payload: 2592028 chars, 178 history messages, conversationId=sess_0e234331-0804-49b2-b1a6-4ad458d727e5","conversationId":"sess_0e234331-0804-49b2-b1a6-4ad458d727e5","turnId":"0417b5f3-03f5-4ced-9602-ddcb753e5abd","rootTurnId":"0417b5f3-03f5-4ced-9602-ddcb753e5abd"}
{"timestamp":"2026-08-24T10:39:27.187Z","level":"info","message":"fs.appendMessages.ok {\"system\":\"fs\",\"sessionId\":\"sess_0e234331-0804-49b2-b1a6-4ad458d727e5\",\"messageCount\":2,\"durationMs\":35}","conversationId":"sess_0e234331-0804-49b2-b1a6-4ad458d727e5","turnId":"0417b5f3-03f5-4ced-9602-ddcb753e5abd","rootTurnId":"0417b5f3-03f5-4ced-9602-ddcb753e5abd"}
{"timestamp":"2026-08-24T10:39:27.196Z","level":"info","message":"fs.appendMessages.ok {\"system\":\"fs\",\"sessionId\":\"sess_0e234331-0804-49b2-b1a6-4ad458d727e5\",\"messageCount\":1,\"durationMs\":9}","conversationId":"sess_0e234331-0804-49b2-b1a6-4ad458d727e5","turnId":"0417b5f3-03f5-4ced-9602-ddcb753e5abd","rootTurnId":"0417b5f3-03f5-4ced-9602-ddcb753e5abd"}
{"timestamp":"2026-08-24T10:39:27.203Z","level":"info","message":"fs.appendMessages.ok {\"system\":\"fs\",\"sessionId\":\"sess_0e234331-0804-49b2-b1a6-4ad458d727e5\",\"messageCount\":1,\"durationMs\":7}","conversationId":"sess_0e234331-0804-49b2-b1a6-4ad458d727e5","turnId":"0417b5f3-03f5-4ced-9602-ddcb753e5abd","rootTurnId":"0417b5f3-03f5-4ced-9602-ddcb753e5abd"}
{"timestamp":"2026-08-24T10:39:31.661Z","level":"info","message":"[AgentIterator] Synchronizing results","conversationId":"sess_0e234331-0804-49b2-b1a6-4ad458d727e5","turnId":"0417b5f3-03f5-4ced-9602-ddcb753e5abd","rootTurnId":"0417b5f3-03f5-4ced-9602-ddcb753e5abd"}
{"timestamp":"2026-08-24T10:39:31.661Z","level":"info","message":"[AgentIterator] Processing intent detection result","conversationId":"sess_0e234331-0804-49b2-b1a6-4ad458d727e5","turnId":"0417b5f3-03f5-4ced-9602-ddcb753e5abd","rootTurnId":"0417b5f3-03f5-4ced-9602-ddcb753e5abd"}
{"timestamp":"2026-08-24T10:39:31.662Z","level":"info","message":"[ChatAgent] Processing model response stream","conversationId":"sess_0e234331-0804-49b2-b1a6-4ad458d727e5","turnId":"0417b5f3-03f5-4ced-9602-ddcb753e5abd","rootTurnId":"0417b5f3-03f5-4ced-9602-ddcb753e5abd"}
{"timestamp":"2026-08-24T10:39:31.662Z","level":"info","message":"[Steering] Populating steering for execution 0417b5f3-03f5-4ced-9602-ddcb753e5abd","conversationId":"sess_0e234331-0804-49b2-b1a6-4ad458d727e5","turnId":"0417b5f3-03f5-4ced-9602-ddcb753e5abd","rootTurnId":"0417b5f3-03f5-4ced-9602-ddcb753e5abd"}
{"timestamp":"2026-08-24T10:39:31.662Z","level":"info","message":"[Steering] ExistingFiles: /c:/Users/Student/.kiro/workspace-roots/regen-railway/vite.config.ts in 0417b5f3-03f5-4ced-9602-ddcb753e5abd","conversationId":"sess_0e234331-0804-49b2-b1a6-4ad458d727e5","turnId":"0417b5f3-03f5-4ced-9602-ddcb753e5abd","rootTurnId":"0417b5f3-03f5-4ced-9602-ddcb753e5abd"}
{"timestamp":"2026-08-24T10:39:32.438Z","level":"info","message":"fs.appendMessages.ok {\"system\":\"fs\",\"sessionId\":\"sess_0e234331-0804-49b2-b1a6-4ad458d727e5\",\"messageCount\":1,\"durationMs\":6}","conversationId":"sess_0e234331-0804-49b2-b1a6-4ad458d727e5","turnId":"0417b5f3-03f5-4ced-9602-ddcb753e5abd","rootTurnId":"0417b5f3-03f5-4ced-9602-ddcb753e5abd"}
{"timestamp":"2026-08-24T10:39:37.330Z","level":"info","message":"[ACPEventAdapter] Execution yielded {\"executionId\":\"0417b5f3-03f5-4ced-9602-ddcb753e5abd\"}","conversationId":"sess_0e234331-0804-49b2-b1a6-4ad458d727e5","turnId":"0417b5f3-03f5-4ced-9602-ddcb753e5abd","rootTurnId":"0417b5f3-03f5-4ced-9602-ddcb753e5abd"}
{"timestamp":"2026-08-24T10:39:37.332Z","level":"info","message":"acp.policy-eval.complete {\"toolId\":\"run_command\",\"effect\":\"ask\"}","conversationId":"sess_0e234331-0804-49b2-b1a6-4ad458d727e5","turnId":"0417b5f3-03f5-4ced-9602-ddcb753e5abd","rootTurnId":"0417b5f3-03f5-4ced-9602-ddcb753e5abd"}
{"timestamp":"2026-08-24T10:39:37.346Z","level":"info","message":"[ACP ToolApproval] Requesting permission for toolId=run_command, operationId=run_command_tooluse_dCydgrAJnleZcq6MOZKdwZ, sessionId=sess_0e234331-0804-49b2-b1a6-4ad458d727e5","conversationId":"sess_0e234331-0804-49b2-b1a6-4ad458d727e5","turnId":"0417b5f3-03f5-4ced-9602-ddcb753e5abd","rootTurnId":"0417b5f3-03f5-4ced-9602-ddcb753e5abd"}
{"timestamp":"2026-08-24T10:39:37.352Z","level":"info","message":"fs.appendMessages.ok {\"system\":\"fs\",\"sessionId\":\"sess_0e234331-0804-49b2-b1a6-4ad458d727e5\",\"messageCount\":1,\"durationMs\":6}","conversationId":"sess_0e234331-0804-49b2-b1a6-4ad458d727e5","turnId":"0417b5f3-03f5-4ced-9602-ddcb753e5abd","rootTurnId":"0417b5f3-03f5-4ced-9602-ddcb753e5abd"}
{"timestamp":"2026-08-24T10:39:37.364Z","level":"info","message":"fs.appendMessages.ok {\"system\":\"fs\",\"sessionId\":\"sess_0e234331-0804-49b2-b1a6-4ad458d727e5\",\"messageCount\":1,\"durationMs\":12}","conversationId":"sess_0e234331-0804-49b2-b1a6-4ad458d727e5","turnId":"0417b5f3-03f5-4ced-9602-ddcb753e5abd","rootTurnId":"0417b5f3-03f5-4ced-9602-ddcb753e5abd"}
{"timestamp":"2026-08-24T10:39:37.373Z","level":"info","message":"fs.appendMessages.ok {\"system\":\"fs\",\"sessionId\":\"sess_0e234331-0804-49b2-b1a6-4ad458d727e5\",\"messageCount\":1,\"durationMs\":8}","conversationId":"sess_0e234331-0804-49b2-b1a6-4ad458d727e5","turnId":"0417b5f3-03f5-4ced-9602-ddcb753e5abd","rootTurnId":"0417b5f3-03f5-4ced-9602-ddcb753e5abd"}
{"timestamp":"2026-08-24T10:40:00.742Z","level":"info","message":"fs.appendMessages.ok {\"system\":\"fs\",\"sessionId\":\"sess_0e234331-0804-49b2-b1a6-4ad458d727e5\",\"messageCount\":1,\"durationMs\":1}","conversationId":"sess_0e234331-0804-49b2-b1a6-4ad458d727e5","turnId":"0417b5f3-03f5-4ced-9602-ddcb753e5abd","rootTurnId":"0417b5f3-03f5-4ced-9602-ddcb753e5abd"}
{"timestamp":"2026-08-24T10:40:00.742Z","level":"info","message":"[ACP ToolApproval] Got response: {\"optionId\":\"always-accept\",\"outcome\":\"selected\"}","conversationId":"sess_0e234331-0804-49b2-b1a6-4ad458d727e5","turnId":"0417b5f3-03f5-4ced-9602-ddcb753e5abd","rootTurnId":"0417b5f3-03f5-4ced-9602-ddcb753e5abd"}
{"timestamp":"2026-08-24T10:40:01.010Z","level":"info","message":"[PolicySession] rebuild() complete: 17 rules parsed, engineActive=true, fatal=false","conversationId":"sess_0e234331-0804-49b2-b1a6-4ad458d727e5","turnId":"0417b5f3-03f5-4ced-9602-ddcb753e5abd","rootTurnId":"0417b5f3-03f5-4ced-9602-ddcb753e5abd"}
{"timestamp":"2026-08-24T10:40:01.010Z","level":"info","message":"[PolicySession] Persisted allow rule for shell matching \"Set-Content -Path \"src\\lib\\theme.tsx\" -Value $themeCtx -Encoding UTF8\" at scope=user","conversationId":"sess_0e234331-0804-49b2-b1a6-4ad458d727e5","turnId":"0417b5f3-03f5-4ced-9602-ddcb753e5abd","rootTurnId":"0417b5f3-03f5-4ced-9602-ddcb753e5abd"}
{"timestamp":"2026-08-24T10:40:01.028Z","level":"info","message":"[ACP ToolApproval] Requesting permission for toolId=run_command, operationId=run_command_tooluse_dCydgrAJnleZcq6MOZKdwZ, sessionId=sess_0e234331-0804-49b2-b1a6-4ad458d727e5","conversationId":"sess_0e234331-0804-49b2-b1a6-4ad458d727e5","turnId":"0417b5f3-03f5-4ced-9602-ddcb753e5abd","rootTurnId":"0417b5f3-03f5-4ced-9602-ddcb753e5abd"}
{"timestamp":"2026-08-24T10:40:01.032Z","level":"info","message":"fs.appendMessages.ok {\"system\":\"fs\",\"sessionId\":\"sess_0e234331-0804-49b2-b1a6-4ad458d727e5\",\"messageCount\":1,\"durationMs\":4}","conversationId":"sess_0e234331-0804-49b2-b1a6-4ad458d727e5","turnId":"0417b5f3-03f5-4ced-9602-ddcb753e5abd","rootTurnId":"0417b5f3-03f5-4ced-9602-ddcb753e5abd"}
{"timestamp":"2026-08-24T10:40:02.222Z","level":"info","message":"fs.appendMessages.ok {\"system\":\"fs\",\"sessionId\":\"sess_0e234331-0804-49b2-b1a6-4ad458d727e5\",\"messageCount\":1,\"durationMs\":1}","conversationId":"sess_0e234331-0804-49b2-b1a6-4ad458d727e5","turnId":"0417b5f3-03f5-4ced-9602-ddcb753e5abd","rootTurnId":"0417b5f3-03f5-4ced-9602-ddcb753e5abd"}
{"timestamp":"2026-08-24T10:40:02.223Z","level":"info","message":"[ACP ToolApproval] Got response: {\"optionId\":\"always-accept\",\"outcome\":\"selected\"}","conversationId":"sess_0e234331-0804-49b2-b1a6-4ad458d727e5","turnId":"0417b5f3-03f5-4ced-9602-ddcb753e5abd","rootTurnId":"0417b5f3-03f5-4ced-9602-ddcb753e5abd"}
{"timestamp":"2026-08-24T10:40:02.488Z","level":"info","message":"[PolicySession] rebuild() complete: 17 rules parsed, engineActive=true, fatal=false","conversationId":"sess_0e234331-0804-49b2-b1a6-4ad458d727e5","turnId":"0417b5f3-03f5-4ced-9602-ddcb753e5abd","rootTurnId":"0417b5f3-03f5-4ced-9602-ddcb753e5abd"}
{"timestamp":"2026-08-24T10:40:02.488Z","level":"info","message":"[PolicySession] Persisted allow rule for shell matching \"Write-Host \"theme.tsx done\"\" at scope=user","conversationId":"sess_0e234331-0804-49b2-b1a6-4ad458d727e5","turnId":"0417b5f3-03f5-4ced-9602-ddcb753e5abd","rootTurnId":"0417b5f3-03f5-4ced-9602-ddcb753e5abd"}
{"timestamp":"2026-08-24T10:40:02.494Z","level":"info","message":"[ACPEventAdapter] Execution resumed {\"executionId\":\"0417b5f3-03f5-4ced-9602-ddcb753e5abd\"}","conversationId":"sess_0e234331-0804-49b2-b1a6-4ad458d727e5","turnId":"0417b5f3-03f5-4ced-9602-ddcb753e5abd","rootTurnId":"0417b5f3-03f5-4ced-9602-ddcb753e5abd"}
{"timestamp":"2026-08-24T10:40:02.495Z","level":"info","message":"acp.policy-eval.complete {\"toolId\":\"list_directory\",\"effect\":\"allow\",\"capability\":\"fs_read\"}","conversationId":"sess_0e234331-0804-49b2-b1a6-4ad458d727e5","turnId":"0417b5f3-03f5-4ced-9602-ddcb753e5abd","rootTurnId":"0417b5f3-03f5-4ced-9602-ddcb753e5abd"}
{"timestamp":"2026-08-24T10:40:02.636Z","level":"info","message":"[AgentIterator] Parallel invoking agent","conversationId":"sess_0e234331-0804-49b2-b1a6-4ad458d727e5","turnId":"0417b5f3-03f5-4ced-9602-ddcb753e5abd","rootTurnId":"0417b5f3-03f5-4ced-9602-ddcb753e5abd"}
{"timestamp":"2026-08-24T10:40:02.637Z","level":"info","message":"[Steering] Populating steering for execution 0417b5f3-03f5-4ced-9602-ddcb753e5abd","conversationId":"sess_0e234331-0804-49b2-b1a6-4ad458d727e5","turnId":"0417b5f3-03f5-4ced-9602-ddcb753e5abd","rootTurnId":"0417b5f3-03f5-4ced-9602-ddcb753e5abd"}
{"timestamp":"2026-08-24T10:40:02.637Z","level":"info","message":"[Steering] ExistingFiles: /c:/Users/Student/.kiro/workspace-roots/regen-railway/vite.config.ts in 0417b5f3-03f5-4ced-9602-ddcb753e5abd","conversationId":"sess_0e234331-0804-49b2-b1a6-4ad458d727e5","turnId":"0417b5f3-03f5-4ced-9602-ddcb753e5abd","rootTurnId":"0417b5f3-03f5-4ced-9602-ddcb753e5abd"}
{"timestamp":"2026-08-24T10:40:02.642Z","level":"info","message":"[q-developer-converse] Sending GenerateAssistantResponse modelId=auto agentMode=vibe origin=AI_EDITOR streaming=true conversationId=sess_0e234331-0804-49b2-b1a6-4ad458d727e5","conversationId":"sess_0e234331-0804-49b2-b1a6-4ad458d727e5","turnId":"0417b5f3-03f5-4ced-9602-ddcb753e5abd","rootTurnId":"0417b5f3-03f5-4ced-9602-ddcb753e5abd"}
{"timestamp":"2026-08-24T10:40:02.652Z","level":"info","message":"[q-developer-converse] Request payload: 2593945 chars, 180 history messages, conversationId=sess_0e234331-0804-49b2-b1a6-4ad458d727e5","conversationId":"sess_0e234331-0804-49b2-b1a6-4ad458d727e5","turnId":"0417b5f3-03f5-4ced-9602-ddcb753e5abd","rootTurnId":"0417b5f3-03f5-4ced-9602-ddcb753e5abd"}
{"timestamp":"2026-08-24T10:40:02.663Z","level":"info","message":"fs.appendMessages.ok {\"system\":\"fs\",\"sessionId\":\"sess_0e234331-0804-49b2-b1a6-4ad458d727e5\",\"messageCount\":2,\"durationMs\":30}","conversationId":"sess_0e234331-0804-49b2-b1a6-4ad458d727e5","turnId":"0417b5f3-03f5-4ced-9602-ddcb753e5abd","rootTurnId":"0417b5f3-03f5-4ced-9602-ddcb753e5abd"}
{"timestamp":"2026-08-24T10:40:07.571Z","level":"info","message":"[AgentIterator] Synchronizing results","conversationId":"sess_0e234331-0804-49b2-b1a6-4ad458d727e5","turnId":"0417b5f3-03f5-4ced-9602-ddcb753e5abd","rootTurnId":"0417b5f3-03f5-4ced-9602-ddcb753e5abd"}
{"timestamp":"2026-08-24T10:40:07.571Z","level":"info","message":"[AgentIterator] Processing intent detection result","conversationId":"sess_0e234331-0804-49b2-b1a6-4ad458d727e5","turnId":"0417b5f3-03f5-4ced-9602-ddcb753e5abd","rootTurnId":"0417b5f3-03f5-4ced-9602-ddcb753e5abd"}
{"timestamp":"2026-08-24T10:40:07.571Z","level":"info","message":"[ChatAgent] Processing model response stream","conversationId":"sess_0e234331-0804-49b2-b1a6-4ad458d727e5","turnId":"0417b5f3-03f5-4ced-9602-ddcb753e5abd","rootTurnId":"0417b5f3-03f5-4ced-9602-ddcb753e5abd"}
{"timestamp":"2026-08-24T10:40:07.571Z","level":"info","message":"[Steering] Populating steering for execution 0417b5f3-03f5-4ced-9602-ddcb753e5abd","conversationId":"sess_0e234331-0804-49b2-b1a6-4ad458d727e5","turnId":"0417b5f3-03f5-4ced-9602-ddcb753e5abd","rootTurnId":"0417b5f3-03f5-4ced-9602-ddcb753e5abd"}
{"timestamp":"2026-08-24T10:40:07.571Z","level":"info","message":"[Steering] ExistingFiles: /c:/Users/Student/.kiro/workspace-roots/regen-railway/vite.config.ts in 0417b5f3-03f5-4ced-9602-ddcb753e5abd","conversationId":"sess_0e234331-0804-49b2-b1a6-4ad458d727e5","turnId":"0417b5f3-03f5-4ced-9602-ddcb753e5abd","rootTurnId":"0417b5f3-03f5-4ced-9602-ddcb753e5abd"}
{"timestamp":"2026-08-24T10:40:29.899Z","level":"info","message":"network.listAvailableModels.ok {\"system\":\"network\",\"durationMs\":1385}"}
{"timestamp":"2026-08-24T10:40:29.899Z","level":"info","message":"[ACPModelConfigProvider] Loaded 9 models"}
{"timestamp":"2026-08-24T10:40:37.633Z","level":"info","message":"[ACPEventAdapter] Execution yielded {\"executionId\":\"0417b5f3-03f5-4ced-9602-ddcb753e5abd\"}","conversationId":"sess_0e234331-0804-49b2-b1a6-4ad458d727e5","turnId":"0417b5f3-03f5-4ced-9602-ddcb753e5abd","rootTurnId":"0417b5f3-03f5-4ced-9602-ddcb753e5abd"}
{"timestamp":"2026-08-24T10:40:37.636Z","level":"info","message":"acp.policy-eval.complete {\"toolId\":\"run_command\",\"effect\":\"ask\"}","conversationId":"sess_0e234331-0804-49b2-b1a6-4ad458d727e5","turnId":"0417b5f3-03f5-4ced-9602-ddcb753e5abd","rootTurnId":"0417b5f3-03f5-4ced-9602-ddcb753e5abd"}
{"timestamp":"2026-08-24T10:40:37.652Z","level":"info","message":"[ACP ToolApproval] Requesting permission for toolId=run_command, operationId=run_command_tooluse_Lok297uTBRvzFSKIGjipSw, sessionId=sess_0e234331-0804-49b2-b1a6-4ad458d727e5","conversationId":"sess_0e234331-0804-49b2-b1a6-4ad458d727e5","turnId":"0417b5f3-03f5-4ced-9602-ddcb753e5abd","rootTurnId":"0417b5f3-03f5-4ced-9602-ddcb753e5abd"}
{"timestamp":"2026-08-24T10:40:37.659Z","level":"info","message":"fs.appendMessages.ok {\"system\":\"fs\",\"sessionId\":\"sess_0e234331-0804-49b2-b1a6-4ad458d727e5\",\"messageCount\":1,\"durationMs\":7}","conversationId":"sess_0e234331-0804-49b2-b1a6-4ad458d727e5","turnId":"0417b5f3-03f5-4ced-9602-ddcb753e5abd","rootTurnId":"0417b5f3-03f5-4ced-9602-ddcb753e5abd"}
{"timestamp":"2026-08-24T10:40:37.666Z","level":"info","message":"fs.appendMessages.ok {\"system\":\"fs\",\"sessionId\":\"sess_0e234331-0804-49b2-b1a6-4ad458d727e5\",\"messageCount\":1,\"durationMs\":8}","conversationId":"sess_0e234331-0804-49b2-b1a6-4ad458d727e5","turnId":"0417b5f3-03f5-4ced-9602-ddcb753e5abd","rootTurnId":"0417b5f3-03f5-4ced-9602-ddcb753e5abd"}
{"timestamp":"2026-08-24T10:40:37.673Z","level":"info","message":"fs.appendMessages.ok {\"system\":\"fs\",\"sessionId\":\"sess_0e234331-0804-49b2-b1a6-4ad458d727e5\",\"messageCount\":1,\"durationMs\":7}","conversationId":"sess_0e234331-0804-49b2-b1a6-4ad458d727e5","turnId":"0417b5f3-03f5-4ced-9602-ddcb753e5abd","rootTurnId":"0417b5f3-03f5-4ced-9602-ddcb753e5abd"}
{"timestamp":"2026-08-24T10:40:55.246Z","level":"info","message":"fs.appendMessages.ok {\"system\":\"fs\",\"sessionId\":\"sess_0e234331-0804-49b2-b1a6-4ad458d727e5\",\"messageCount\":1,\"durationMs\":1}","conversationId":"sess_0e234331-0804-49b2-b1a6-4ad458d727e5","turnId":"0417b5f3-03f5-4ced-9602-ddcb753e5abd","rootTurnId":"0417b5f3-03f5-4ced-9602-ddcb753e5abd"}
{"timestamp":"2026-08-24T10:40:55.246Z","level":"info","message":"[ACP ToolApproval] Got response: {\"optionId\":\"always-accept\",\"outcome\":\"selected\"}","conversationId":"sess_0e234331-0804-49b2-b1a6-4ad458d727e5","turnId":"0417b5f3-03f5-4ced-9602-ddcb753e5abd","rootTurnId":"0417b5f3-03f5-4ced-9602-ddcb753e5abd"}
{"timestamp":"2026-08-24T10:40:55.514Z","level":"info","message":"[PolicySession] rebuild() complete: 17 rules parsed, engineActive=true, fatal=false","conversationId":"sess_0e234331-0804-49b2-b1a6-4ad458d727e5","turnId":"0417b5f3-03f5-4ced-9602-ddcb753e5abd","rootTurnId":"0417b5f3-03f5-4ced-9602-ddcb753e5abd"}
{"timestamp":"2026-08-24T10:40:55.514Z","level":"info","message":"[PolicySession] Persisted allow rule for shell matching \"Write-Host \"index.css done\"\" at scope=user","conversationId":"sess_0e234331-0804-49b2-b1a6-4ad458d727e5","turnId":"0417b5f3-03f5-4ced-9602-ddcb753e5abd","rootTurnId":"0417b5f3-03f5-4ced-9602-ddcb753e5abd"}
{"timestamp":"2026-08-24T10:40:55.519Z","level":"info","message":"[ACPEventAdapter] Execution resumed {\"executionId\":\"0417b5f3-03f5-4ced-9602-ddcb753e5abd\"}","conversationId":"sess_0e234331-0804-49b2-b1a6-4ad458d727e5","turnId":"0417b5f3-03f5-4ced-9602-ddcb753e5abd","rootTurnId":"0417b5f3-03f5-4ced-9602-ddcb753e5abd"}
{"timestamp":"2026-08-24T10:40:55.520Z","level":"info","message":"acp.policy-eval.complete {\"toolId\":\"list_directory\",\"effect\":\"allow\",\"capability\":\"fs_read\"}","conversationId":"sess_0e234331-0804-49b2-b1a6-4ad458d727e5","turnId":"0417b5f3-03f5-4ced-9602-ddcb753e5abd","rootTurnId":"0417b5f3-03f5-4ced-9602-ddcb753e5abd"}
{"timestamp":"2026-08-24T10:40:56.950Z","level":"info","message":"[AgentIterator] Parallel invoking agent","conversationId":"sess_0e234331-0804-49b2-b1a6-4ad458d727e5","turnId":"0417b5f3-03f5-4ced-9602-ddcb753e5abd","rootTurnId":"0417b5f3-03f5-4ced-9602-ddcb753e5abd"}
{"timestamp":"2026-08-24T10:40:56.951Z","level":"info","message":"[Steering] Populating steering for execution 0417b5f3-03f5-4ced-9602-ddcb753e5abd","conversationId":"sess_0e234331-0804-49b2-b1a6-4ad458d727e5","turnId":"0417b5f3-03f5-4ced-9602-ddcb753e5abd","rootTurnId":"0417b5f3-03f5-4ced-9602-ddcb753e5abd"}
{"timestamp":"2026-08-24T10:40:56.951Z","level":"info","message":"[Steering] ExistingFiles: /c:/Users/Student/.kiro/workspace-roots/regen-railway/vite.config.ts in 0417b5f3-03f5-4ced-9602-ddcb753e5abd","conversationId":"sess_0e234331-0804-49b2-b1a6-4ad458d727e5","turnId":"0417b5f3-03f5-4ced-9602-ddcb753e5abd","rootTurnId":"0417b5f3-03f5-4ced-9602-ddcb753e5abd"}
{"timestamp":"2026-08-24T10:40:56.955Z","level":"info","message":"[q-developer-converse] Sending GenerateAssistantResponse modelId=auto agentMode=vibe origin=AI_EDITOR streaming=true conversationId=sess_0e234331-0804-49b2-b1a6-4ad458d727e5","conversationId":"sess_0e234331-0804-49b2-b1a6-4ad458d727e5","turnId":"0417b5f3-03f5-4ced-9602-ddcb753e5abd","rootTurnId":"0417b5f3-03f5-4ced-9602-ddcb753e5abd"}
{"timestamp":"2026-08-24T10:40:56.968Z","level":"info","message":"[q-developer-converse] Request payload: 2601915 chars, 182 history messages, conversationId=sess_0e234331-0804-49b2-b1a6-4ad458d727e5","conversationId":"sess_0e234331-0804-49b2-b1a6-4ad458d727e5","turnId":"0417b5f3-03f5-4ced-9602-ddcb753e5abd","rootTurnId":"0417b5f3-03f5-4ced-9602-ddcb753e5abd"}
{"timestamp":"2026-08-24T10:40:56.983Z","level":"info","message":"fs.appendMessages.ok {\"system\":\"fs\",\"sessionId\":\"sess_0e234331-0804-49b2-b1a6-4ad458d727e5\",\"messageCount\":2,\"durationMs\":35}","conversationId":"sess_0e234331-0804-49b2-b1a6-4ad458d727e5","turnId":"0417b5f3-03f5-4ced-9602-ddcb753e5abd","rootTurnId":"0417b5f3-03f5-4ced-9602-ddcb753e5abd"}
{"timestamp":"2026-08-24T10:41:02.229Z","level":"info","message":"[AgentIterator] Synchronizing results","conversationId":"sess_0e234331-0804-49b2-b1a6-4ad458d727e5","turnId":"0417b5f3-03f5-4ced-9602-ddcb753e5abd","rootTurnId":"0417b5f3-03f5-4ced-9602-ddcb753e5abd"}
{"timestamp":"2026-08-24T10:41:02.229Z","level":"info","message":"[AgentIterator] Processing intent detection result","conversationId":"sess_0e234331-0804-49b2-b1a6-4ad458d727e5","turnId":"0417b5f3-03f5-4ced-9602-ddcb753e5abd","rootTurnId":"0417b5f3-03f5-4ced-9602-ddcb753e5abd"}
{"timestamp":"2026-08-24T10:41:02.229Z","level":"info","message":"[ChatAgent] Processing model response stream","conversationId":"sess_0e234331-0804-49b2-b1a6-4ad458d727e5","turnId":"0417b5f3-03f5-4ced-9602-ddcb753e5abd","rootTurnId":"0417b5f3-03f5-4ced-9602-ddcb753e5abd"}
{"timestamp":"2026-08-24T10:41:02.229Z","level":"info","message":"[Steering] Populating steering for execution 0417b5f3-03f5-4ced-9602-ddcb753e5abd","conversationId":"sess_0e234331-0804-49b2-b1a6-4ad458d727e5","turnId":"0417b5f3-03f5-4ced-9602-ddcb753e5abd","rootTurnId":"0417b5f3-03f5-4ced-9602-ddcb753e5abd"}
{"timestamp":"2026-08-24T10:41:02.230Z","level":"info","message":"[Steering] ExistingFiles: /c:/Users/Student/.kiro/workspace-roots/regen-railway/vite.config.ts in 0417b5f3-03f5-4ced-9602-ddcb753e5abd","conversationId":"sess_0e234331-0804-49b2-b1a6-4ad458d727e5","turnId":"0417b5f3-03f5-4ced-9602-ddcb753e5abd","rootTurnId":"0417b5f3-03f5-4ced-9602-ddcb753e5abd"}
{"timestamp":"2026-08-24T10:41:06.913Z","level":"info","message":"[AgentIterator] Parallel invoking agent","conversationId":"sess_0e234331-0804-49b2-b1a6-4ad458d727e5","turnId":"0417b5f3-03f5-4ced-9602-ddcb753e5abd","rootTurnId":"0417b5f3-03f5-4ced-9602-ddcb753e5abd"}
{"timestamp":"2026-08-24T10:41:06.913Z","level":"info","message":"[Steering] Populating steering for execution 0417b5f3-03f5-4ced-9602-ddcb753e5abd","conversationId":"sess_0e234331-0804-49b2-b1a6-4ad458d727e5","turnId":"0417b5f3-03f5-4ced-9602-ddcb753e5abd","rootTurnId":"0417b5f3-03f5-4ced-9602-ddcb753e5abd"}
{"timestamp":"2026-08-24T10:41:06.913Z","level":"info","message":"[Steering] ExistingFiles: /c:/Users/Student/.kiro/workspace-roots/regen-railway/vite.config.ts in 0417b5f3-03f5-4ced-9602-ddcb753e5abd","conversationId":"sess_0e234331-0804-49b2-b1a6-4ad458d727e5","turnId":"0417b5f3-03f5-4ced-9602-ddcb753e5abd","rootTurnId":"0417b5f3-03f5-4ced-9602-ddcb753e5abd"}
{"timestamp":"2026-08-24T10:41:06.916Z","level":"info","message":"Injecting todo list context into conversation","conversationId":"sess_0e234331-0804-49b2-b1a6-4ad458d727e5","turnId":"0417b5f3-03f5-4ced-9602-ddcb753e5abd","rootTurnId":"0417b5f3-03f5-4ced-9602-ddcb753e5abd"}
{"timestamp":"2026-08-24T10:41:06.919Z","level":"info","message":"[q-developer-converse] Sending GenerateAssistantResponse modelId=auto agentMode=vibe origin=AI_EDITOR streaming=true conversationId=sess_0e234331-0804-49b2-b1a6-4ad458d727e5","conversationId":"sess_0e234331-0804-49b2-b1a6-4ad458d727e5","turnId":"0417b5f3-03f5-4ced-9602-ddcb753e5abd","rootTurnId":"0417b5f3-03f5-4ced-9602-ddcb753e5abd"}
{"timestamp":"2026-08-24T10:41:06.930Z","level":"info","message":"[q-developer-converse] Request payload: 2605917 chars, 186 history messages, conversationId=sess_0e234331-0804-49b2-b1a6-4ad458d727e5","conversationId":"sess_0e234331-0804-49b2-b1a6-4ad458d727e5","turnId":"0417b5f3-03f5-4ced-9602-ddcb753e5abd","rootTurnId":"0417b5f3-03f5-4ced-9602-ddcb753e5abd"}
{"timestamp":"2026-08-24T10:41:06.942Z","level":"info","message":"fs.appendMessages.ok {\"system\":\"fs\",\"sessionId\":\"sess_0e234331-0804-49b2-b1a6-4ad458d727e5\",\"messageCount\":2,\"durationMs\":34}","conversationId":"sess_0e234331-0804-49b2-b1a6-4ad458d727e5","turnId":"0417b5f3-03f5-4ced-9602-ddcb753e5abd","rootTurnId":"0417b5f3-03f5-4ced-9602-ddcb753e5abd"}
{"timestamp":"2026-08-24T10:41:06.950Z","level":"info","message":"fs.appendMessages.ok {\"system\":\"fs\",\"sessionId\":\"sess_0e234331-0804-49b2-b1a6-4ad458d727e5\",\"messageCount\":1,\"durationMs\":8}","conversationId":"sess_0e234331-0804-49b2-b1a6-4ad458d727e5","turnId":"0417b5f3-03f5-4ced-9602-ddcb753e5abd","rootTurnId":"0417b5f3-03f5-4ced-9602-ddcb753e5abd"}
{"timestamp":"2026-08-24T10:41:06.958Z","level":"info","message":"fs.appendMessages.ok {\"system\":\"fs\",\"sessionId\":\"sess_0e234331-0804-49b2-b1a6-4ad458d727e5\",\"messageCount\":1,\"durationMs\":8}","conversationId":"sess_0e234331-0804-49b2-b1a6-4ad458d727e5","turnId":"0417b5f3-03f5-4ced-9602-ddcb753e5abd","rootTurnId":"0417b5f3-03f5-4ced-9602-ddcb753e5abd"}
{"timestamp":"2026-08-24T10:41:11.771Z","level":"info","message":"[AgentIterator] Synchronizing results","conversationId":"sess_0e234331-0804-49b2-b1a6-4ad458d727e5","turnId":"0417b5f3-03f5-4ced-9602-ddcb753e5abd","rootTurnId":"0417b5f3-03f5-4ced-9602-ddcb753e5abd"}
{"timestamp":"2026-08-24T10:41:11.771Z","level":"info","message":"[AgentIterator] Processing intent detection result","conversationId":"sess_0e234331-0804-49b2-b1a6-4ad458d727e5","turnId":"0417b5f3-03f5-4ced-9602-ddcb753e5abd","rootTurnId":"0417b5f3-03f5-4ced-9602-ddcb753e5abd"}
{"timestamp":"2026-08-24T10:41:11.772Z","level":"info","message":"[ChatAgent] Processing model response stream","conversationId":"sess_0e234331-0804-49b2-b1a6-4ad458d727e5","turnId":"0417b5f3-03f5-4ced-9602-ddcb753e5abd","rootTurnId":"0417b5f3-03f5-4ced-9602-ddcb753e5abd"}
{"timestamp":"2026-08-24T10:41:11.772Z","level":"info","message":"[Steering] Populating steering for execution 0417b5f3-03f5-4ced-9602-ddcb753e5abd","conversationId":"sess_0e234331-0804-49b2-b1a6-4ad458d727e5","turnId":"0417b5f3-03f5-4ced-9602-ddcb753e5abd","rootTurnId":"0417b5f3-03f5-4ced-9602-ddcb753e5abd"}
{"timestamp":"2026-08-24T10:41:11.772Z","level":"info","message":"[Steering] ExistingFiles: /c:/Users/Student/.kiro/workspace-roots/regen-railway/vite.config.ts in 0417b5f3-03f5-4ced-9602-ddcb753e5abd","conversationId":"sess_0e234331-0804-49b2-b1a6-4ad458d727e5","turnId":"0417b5f3-03f5-4ced-9602-ddcb753e5abd","rootTurnId":"0417b5f3-03f5-4ced-9602-ddcb753e5abd"}
{"timestamp":"2026-08-24T10:41:12.565Z","level":"info","message":"fs.appendMessages.ok {\"system\":\"fs\",\"sessionId\":\"sess_0e234331-0804-49b2-b1a6-4ad458d727e5\",\"messageCount\":1,\"durationMs\":2}","conversationId":"sess_0e234331-0804-49b2-b1a6-4ad458d727e5","turnId":"0417b5f3-03f5-4ced-9602-ddcb753e5abd","rootTurnId":"0417b5f3-03f5-4ced-9602-ddcb753e5abd"}
{"timestamp":"2026-08-24T10:42:30.434Z","level":"info","message":"[ACPEventAdapter] Execution yielded {\"executionId\":\"0417b5f3-03f5-4ced-9602-ddcb753e5abd\"}","conversationId":"sess_0e234331-0804-49b2-b1a6-4ad458d727e5","turnId":"0417b5f3-03f5-4ced-9602-ddcb753e5abd","rootTurnId":"0417b5f3-03f5-4ced-9602-ddcb753e5abd"}
{"timestamp":"2026-08-24T10:42:30.436Z","level":"info","message":"acp.policy-eval.complete {\"toolId\":\"run_command\",\"effect\":\"allow\",\"capability\":\"shell\"}","conversationId":"sess_0e234331-0804-49b2-b1a6-4ad458d727e5","turnId":"0417b5f3-03f5-4ced-9602-ddcb753e5abd","rootTurnId":"0417b5f3-03f5-4ced-9602-ddcb753e5abd"}
{"timestamp":"2026-08-24T10:42:30.436Z","level":"info","message":"[ACPEventAdapter] Execution resumed {\"executionId\":\"0417b5f3-03f5-4ced-9602-ddcb753e5abd\"}","conversationId":"sess_0e234331-0804-49b2-b1a6-4ad458d727e5","turnId":"0417b5f3-03f5-4ced-9602-ddcb753e5abd","rootTurnId":"0417b5f3-03f5-4ced-9602-ddcb753e5abd"}
{"timestamp":"2026-08-24T10:42:30.437Z","level":"info","message":"acp.policy-eval.complete {\"toolId\":\"list_directory\",\"effect\":\"allow\",\"capability\":\"fs_read\"}","conversationId":"sess_0e234331-0804-49b2-b1a6-4ad458d727e5","turnId":"0417b5f3-03f5-4ced-9602-ddcb753e5abd","rootTurnId":"0417b5f3-03f5-4ced-9602-ddcb753e5abd"}
{"timestamp":"2026-08-24T10:42:30.449Z","level":"info","message":"fs.appendMessages.ok {\"system\":\"fs\",\"sessionId\":\"sess_0e234331-0804-49b2-b1a6-4ad458d727e5\",\"messageCount\":1,\"durationMs\":8}","conversationId":"sess_0e234331-0804-49b2-b1a6-4ad458d727e5","turnId":"0417b5f3-03f5-4ced-9602-ddcb753e5abd","rootTurnId":"0417b5f3-03f5-4ced-9602-ddcb753e5abd"}
{"timestamp":"2026-08-24T10:42:30.460Z","level":"info","message":"fs.appendMessages.ok {\"system\":\"fs\",\"sessionId\":\"sess_0e234331-0804-49b2-b1a6-4ad458d727e5\",\"messageCount\":1,\"durationMs\":11}","conversationId":"sess_0e234331-0804-49b2-b1a6-4ad458d727e5","turnId":"0417b5f3-03f5-4ced-9602-ddcb753e5abd","rootTurnId":"0417b5f3-03f5-4ced-9602-ddcb753e5abd"}
{"timestamp":"2026-08-24T10:42:36.555Z","level":"info","message":"[AgentIterator] Parallel invoking agent","conversationId":"sess_0e234331-0804-49b2-b1a6-4ad458d727e5","turnId":"0417b5f3-03f5-4ced-9602-ddcb753e5abd","rootTurnId":"0417b5f3-03f5-4ced-9602-ddcb753e5abd"}
{"timestamp":"2026-08-24T10:42:36.555Z","level":"info","message":"[Steering] Populating steering for execution 0417b5f3-03f5-4ced-9602-ddcb753e5abd","conversationId":"sess_0e234331-0804-49b2-b1a6-4ad458d727e5","turnId":"0417b5f3-03f5-4ced-9602-ddcb753e5abd","rootTurnId":"0417b5f3-03f5-4ced-9602-ddcb753e5abd"}
{"timestamp":"2026-08-24T10:42:36.555Z","level":"info","message":"[Steering] ExistingFiles: /c:/Users/Student/.kiro/workspace-roots/regen-railway/vite.config.ts in 0417b5f3-03f5-4ced-9602-ddcb753e5abd","conversationId":"sess_0e234331-0804-49b2-b1a6-4ad458d727e5","turnId":"0417b5f3-03f5-4ced-9602-ddcb753e5abd","rootTurnId":"0417b5f3-03f5-4ced-9602-ddcb753e5abd"}
{"timestamp":"2026-08-24T10:42:36.560Z","level":"info","message":"[q-developer-converse] Sending GenerateAssistantResponse modelId=auto agentMode=vibe origin=AI_EDITOR streaming=true conversationId=sess_0e234331-0804-49b2-b1a6-4ad458d727e5","conversationId":"sess_0e234331-0804-49b2-b1a6-4ad458d727e5","turnId":"0417b5f3-03f5-4ced-9602-ddcb753e5abd","rootTurnId":"0417b5f3-03f5-4ced-9602-ddcb753e5abd"}
{"timestamp":"2026-08-24T10:42:36.571Z","level":"info","message":"[q-developer-converse] Request payload: 2625814 chars, 188 history messages, conversationId=sess_0e234331-0804-49b2-b1a6-4ad458d727e5","conversationId":"sess_0e234331-0804-49b2-b1a6-4ad458d727e5","turnId":"0417b5f3-03f5-4ced-9602-ddcb753e5abd","rootTurnId":"0417b5f3-03f5-4ced-9602-ddcb753e5abd"}
{"timestamp":"2026-08-24T10:42:36.582Z","level":"info","message":"fs.appendMessages.ok {\"system\":\"fs\",\"sessionId\":\"sess_0e234331-0804-49b2-b1a6-4ad458d727e5\",\"messageCount\":2,\"durationMs\":31}","conversationId":"sess_0e234331-0804-49b2-b1a6-4ad458d727e5","turnId":"0417b5f3-03f5-4ced-9602-ddcb753e5abd","rootTurnId":"0417b5f3-03f5-4ced-9602-ddcb753e5abd"}
{"timestamp":"2026-08-24T10:42:39.599Z","level":"info","message":"q-client-retry.retry-after-hint.applied {\"clampedDelay\":300000,\"rawHintMs\":3600000,\"source\":\"modeled-header\"}","conversationId":"sess_0e234331-0804-49b2-b1a6-4ad458d727e5","turnId":"0417b5f3-03f5-4ced-9602-ddcb753e5abd","rootTurnId":"0417b5f3-03f5-4ced-9602-ddcb753e5abd"}
{"timestamp":"2026-08-24T10:45:30.994Z","level":"info","message":"network.listAvailableModels.ok {\"system\":\"network\",\"durationMs\":1088}"}
{"timestamp":"2026-08-24T10:45:30.994Z","level":"info","message":"[ACPModelConfigProvider] Loaded 9 models"}
{"timestamp":"2026-08-24T10:47:42.587Z","level":"info","message":"q-client-retry.retry-after-hint.applied {\"clampedDelay\":300000,\"rawHintMs\":3600000,\"source\":\"modeled-header\"}","conversationId":"sess_0e234331-0804-49b2-b1a6-4ad458d727e5","turnId":"0417b5f3-03f5-4ced-9602-ddcb753e5abd","rootTurnId":"0417b5f3-03f5-4ced-9602-ddcb753e5abd"}
{"timestamp":"2026-08-24T10:50:32.448Z","level":"info","message":"network.listAvailableModels.ok {\"system\":\"network\",\"durationMs\":1441}"}
{"timestamp":"2026-08-24T10:50:32.448Z","level":"info","message":"[ACPModelConfigProvider] Loaded 9 models"}
{"timestamp":"2026-08-24T10:52:46.668Z","level":"info","message":"q-client-retry.retry-after-hint.applied {\"clampedDelay\":300000,\"rawHintMs\":3600000,\"source\":\"modeled-header\"}","conversationId":"sess_0e234331-0804-49b2-b1a6-4ad458d727e5","turnId":"0417b5f3-03f5-4ced-9602-ddcb753e5abd","rootTurnId":"0417b5f3-03f5-4ced-9602-ddcb753e5abd"}
{"timestamp":"2026-08-24T10:55:33.563Z","level":"info","message":"network.listAvailableModels.ok {\"system\":\"network\",\"durationMs\":1101}"}
{"timestamp":"2026-08-24T10:55:33.563Z","level":"info","message":"[ACPModelConfigProvider] Loaded 9 models"}
{"timestamp":"2026-08-24T10:57:50.152Z","level":"info","message":"q-client-retry.retry-after-hint.applied {\"clampedDelay\":300000,\"rawHintMs\":3600000,\"source\":\"modeled-header\"}","conversationId":"sess_0e234331-0804-49b2-b1a6-4ad458d727e5","turnId":"0417b5f3-03f5-4ced-9602-ddcb753e5abd","rootTurnId":"0417b5f3-03f5-4ced-9602-ddcb753e5abd"}
{"timestamp":"2026-08-24T11:00:34.987Z","level":"info","message":"network.listAvailableModels.ok {\"system\":\"network\",\"durationMs\":1421}"}
{"timestamp":"2026-08-24T11:00:34.988Z","level":"info","message":"[ACPModelConfigProvider] Loaded 9 models"}
{"timestamp":"2026-08-24T11:02:58.759Z","level":"info","message":"[AgentIterator] Synchronizing results","conversationId":"sess_0e234331-0804-49b2-b1a6-4ad458d727e5","turnId":"0417b5f3-03f5-4ced-9602-ddcb753e5abd","rootTurnId":"0417b5f3-03f5-4ced-9602-ddcb753e5abd"}
{"timestamp":"2026-08-24T11:02:58.759Z","level":"info","message":"[AgentIterator] Processing intent detection result","conversationId":"sess_0e234331-0804-49b2-b1a6-4ad458d727e5","turnId":"0417b5f3-03f5-4ced-9602-ddcb753e5abd","rootTurnId":"0417b5f3-03f5-4ced-9602-ddcb753e5abd"}
{"timestamp":"2026-08-24T11:02:58.760Z","level":"info","message":"[ChatAgent] Processing model response stream","conversationId":"sess_0e234331-0804-49b2-b1a6-4ad458d727e5","turnId":"0417b5f3-03f5-4ced-9602-ddcb753e5abd","rootTurnId":"0417b5f3-03f5-4ced-9602-ddcb753e5abd"}
{"timestamp":"2026-08-24T11:02:58.760Z","level":"info","message":"[Steering] Populating steering for execution 0417b5f3-03f5-4ced-9602-ddcb753e5abd","conversationId":"sess_0e234331-0804-49b2-b1a6-4ad458d727e5","turnId":"0417b5f3-03f5-4ced-9602-ddcb753e5abd","rootTurnId":"0417b5f3-03f5-4ced-9602-ddcb753e5abd"}
{"timestamp":"2026-08-24T11:02:58.760Z","level":"info","message":"[Steering] ExistingFiles: /c:/Users/Student/.kiro/workspace-roots/regen-railway/vite.config.ts in 0417b5f3-03f5-4ced-9602-ddcb753e5abd","conversationId":"sess_0e234331-0804-49b2-b1a6-4ad458d727e5","turnId":"0417b5f3-03f5-4ced-9602-ddcb753e5abd","rootTurnId":"0417b5f3-03f5-4ced-9602-ddcb753e5abd"}
{"timestamp":"2026-08-24T11:04:09.211Z","level":"info","message":"[ACPEventAdapter] Execution yielded {\"executionId\":\"0417b5f3-03f5-4ced-9602-ddcb753e5abd\"}","conversationId":"sess_0e234331-0804-49b2-b1a6-4ad458d727e5","turnId":"0417b5f3-03f5-4ced-9602-ddcb753e5abd","rootTurnId":"0417b5f3-03f5-4ced-9602-ddcb753e5abd"}
{"timestamp":"2026-08-24T11:04:09.215Z","level":"info","message":"acp.policy-eval.complete {\"toolId\":\"run_command\",\"effect\":\"ask\"}","conversationId":"sess_0e234331-0804-49b2-b1a6-4ad458d727e5","turnId":"0417b5f3-03f5-4ced-9602-ddcb753e5abd","rootTurnId":"0417b5f3-03f5-4ced-9602-ddcb753e5abd"}
{"timestamp":"2026-08-24T11:04:09.244Z","level":"info","message":"[ACP ToolApproval] Requesting permission for toolId=run_command, operationId=run_command_tooluse_f1cO4LBLc4Hl2hTs6AFYLs, sessionId=sess_0e234331-0804-49b2-b1a6-4ad458d727e5","conversationId":"sess_0e234331-0804-49b2-b1a6-4ad458d727e5","turnId":"0417b5f3-03f5-4ced-9602-ddcb753e5abd","rootTurnId":"0417b5f3-03f5-4ced-9602-ddcb753e5abd"}
{"timestamp":"2026-08-24T11:04:09.260Z","level":"info","message":"fs.appendMessages.ok {\"system\":\"fs\",\"sessionId\":\"sess_0e234331-0804-49b2-b1a6-4ad458d727e5\",\"messageCount\":1,\"durationMs\":16}","conversationId":"sess_0e234331-0804-49b2-b1a6-4ad458d727e5","turnId":"0417b5f3-03f5-4ced-9602-ddcb753e5abd","rootTurnId":"0417b5f3-03f5-4ced-9602-ddcb753e5abd"}
{"timestamp":"2026-08-24T11:04:09.276Z","level":"info","message":"fs.appendMessages.ok {\"system\":\"fs\",\"sessionId\":\"sess_0e234331-0804-49b2-b1a6-4ad458d727e5\",\"messageCount\":1,\"durationMs\":16}","conversationId":"sess_0e234331-0804-49b2-b1a6-4ad458d727e5","turnId":"0417b5f3-03f5-4ced-9602-ddcb753e5abd","rootTurnId":"0417b5f3-03f5-4ced-9602-ddcb753e5abd"}
{"timestamp":"2026-08-24T11:04:09.279Z","level":"info","message":"fs.appendMessages.ok {\"system\":\"fs\",\"sessionId\":\"sess_0e234331-0804-49b2-b1a6-4ad458d727e5\",\"messageCount\":1,\"durationMs\":3}","conversationId":"sess_0e234331-0804-49b2-b1a6-4ad458d727e5","turnId":"0417b5f3-03f5-4ced-9602-ddcb753e5abd","rootTurnId":"0417b5f3-03f5-4ced-9602-ddcb753e5abd"}
{"timestamp":"2026-08-24T11:05:36.328Z","level":"info","message":"network.listAvailableModels.ok {\"system\":\"network\",\"durationMs\":1339}"}
{"timestamp":"2026-08-24T11:05:36.328Z","level":"info","message":"[ACPModelConfigProvider] Loaded 9 models"}
{"timestamp":"2026-08-24T11:10:37.750Z","level":"info","message":"network.listAvailableModels.ok {\"system\":\"network\",\"durationMs\":1420}"}
{"timestamp":"2026-08-24T11:10:37.750Z","level":"info","message":"[ACPModelConfigProvider] Loaded 9 models"}
{"timestamp":"2026-08-24T11:12:05.708Z","level":"info","message":"[KiroAgent] _kiro/mcp/toggle: enabled=true"}
{"timestamp":"2026-08-24T11:15:38.922Z","level":"info","message":"network.listAvailableModels.ok {\"system\":\"network\",\"durationMs\":1156}"}
{"timestamp":"2026-08-24T11:15:38.922Z","level":"info","message":"[ACPModelConfigProvider] Loaded 9 models"}
{"timestamp":"2026-08-24T11:20:40.480Z","level":"info","message":"network.listAvailableModels.ok {\"system\":\"network\",\"durationMs\":1556}"}
{"timestamp":"2026-08-24T11:20:40.480Z","level":"info","message":"[ACPModelConfigProvider] Loaded 9 models"}
{"timestamp":"2026-08-24T11:25:41.583Z","level":"info","message":"network.listAvailableModels.ok {\"system\":\"network\",\"durationMs\":1099}"}
{"timestamp":"2026-08-24T11:25:41.583Z","level":"info","message":"[ACPModelConfigProvider] Loaded 9 models"}
{"timestamp":"2026-08-24T11:30:43.149Z","level":"info","message":"network.listAvailableModels.ok {\"system\":\"network\",\"durationMs\":1550}"}
{"timestamp":"2026-08-24T11:30:43.149Z","level":"info","message":"[ACPModelConfigProvider] Loaded 9 models"}
{"timestamp":"2026-08-24T11:35:44.253Z","level":"info","message":"network.listAvailableModels.ok {\"system\":\"network\",\"durationMs\":1092}"}
{"timestamp":"2026-08-24T11:35:44.253Z","level":"info","message":"[ACPModelConfigProvider] Loaded 9 models"}
{"timestamp":"2026-08-24T11:40:45.723Z","level":"info","message":"network.listAvailableModels.ok {\"system\":\"network\",\"durationMs\":1455}"}
{"timestamp":"2026-08-24T11:40:45.723Z","level":"info","message":"[ACPModelConfigProvider] Loaded 9 models"}
{"timestamp":"2026-08-24T11:45:46.845Z","level":"info","message":"network.listAvailableModels.ok {\"system\":\"network\",\"durationMs\":1122}"}
{"timestamp":"2026-08-24T11:45:46.845Z","level":"info","message":"[ACPModelConfigProvider] Loaded 9 models"}
{"timestamp":"2026-08-24T11:50:48.295Z","level":"info","message":"network.listAvailableModels.ok {\"system\":\"network\",\"durationMs\":1447}"}
{"timestamp":"2026-08-24T11:50:48.295Z","level":"info","message":"[ACPModelConfigProvider] Loaded 9 models"}
{"timestamp":"2026-08-24T11:55:49.708Z","level":"info","message":"network.listAvailableModels.ok {\"system\":\"network\",\"durationMs\":1406}"}
{"timestamp":"2026-08-24T11:55:49.708Z","level":"info","message":"[ACPModelConfigProvider] Loaded 9 models"}
{"timestamp":"2026-08-24T12:00:51.327Z","level":"info","message":"network.listAvailableModels.ok {\"system\":\"network\",\"durationMs\":1607}"}
{"timestamp":"2026-08-24T12:00:51.327Z","level":"info","message":"[ACPModelConfigProvider] Loaded 9 models"}
{"timestamp":"2026-08-24T12:05:52.408Z","level":"info","message":"network.listAvailableModels.ok {\"system\":\"network\",\"durationMs\":1077}"}
{"timestamp":"2026-08-24T12:05:52.408Z","level":"info","message":"[ACPModelConfigProvider] Loaded 9 models"}
{"timestamp":"2026-08-24T12:10:55.203Z","level":"info","message":"network.listAvailableModels.ok {\"system\":\"network\",\"durationMs\":2782}"}
{"timestamp":"2026-08-24T12:10:55.203Z","level":"info","message":"[ACPModelConfigProvider] Loaded 9 models"}
{"timestamp":"2026-08-24T12:15:56.341Z","level":"info","message":"network.listAvailableModels.ok {\"system\":\"network\",\"durationMs\":1124}"}
{"timestamp":"2026-08-24T12:15:56.341Z","level":"info","message":"[ACPModelConfigProvider] Loaded 9 models"}
{"timestamp":"2026-08-24T12:20:57.807Z","level":"info","message":"network.listAvailableModels.ok {\"system\":\"network\",\"durationMs\":1462}"}
{"timestamp":"2026-08-24T12:20:57.807Z","level":"info","message":"[ACPModelConfigProvider] Loaded 9 models"}
{"timestamp":"2026-08-24T12:25:58.898Z","level":"info","message":"network.listAvailableModels.ok {\"system\":\"network\",\"durationMs\":1079}"}
{"timestamp":"2026-08-24T12:25:58.898Z","level":"info","message":"[ACPModelConfigProvider] Loaded 9 models"}
{"timestamp":"2026-08-24T12:31:00.381Z","level":"info","message":"network.listAvailableModels.ok {\"system\":\"network\",\"durationMs\":1480}"}
{"timestamp":"2026-08-24T12:31:00.381Z","level":"info","message":"[ACPModelConfigProvider] Loaded 9 models"}
{"timestamp":"2026-08-24T12:36:01.468Z","level":"info","message":"network.listAvailableModels.ok {\"system\":\"network\",\"durationMs\":1076}"}
{"timestamp":"2026-08-24T12:36:01.469Z","level":"info","message":"[ACPModelConfigProvider] Loaded 9 models"}
{"timestamp":"2026-08-24T12:41:02.907Z","level":"info","message":"network.listAvailableModels.ok {\"system\":\"network\",\"durationMs\":1434}"}
{"timestamp":"2026-08-24T12:41:02.907Z","level":"info","message":"[ACPModelConfigProvider] Loaded 9 models"}
{"timestamp":"2026-08-24T12:46:04.026Z","level":"info","message":"network.listAvailableModels.ok {\"system\":\"network\",\"durationMs\":1103}"}
{"timestamp":"2026-08-24T12:46:04.026Z","level":"info","message":"[ACPModelConfigProvider] Loaded 9 models"}
{"timestamp":"2026-08-24T12:51:05.524Z","level":"info","message":"network.listAvailableModels.ok {\"system\":\"network\",\"durationMs\":1498}"}
{"timestamp":"2026-08-24T12:51:05.524Z","level":"info","message":"[ACPModelConfigProvider] Loaded 9 models"}
{"timestamp":"2026-08-24T12:56:06.786Z","level":"info","message":"network.listAvailableModels.ok {\"system\":\"network\",\"durationMs\":1257}"}
{"timestamp":"2026-08-24T12:56:06.786Z","level":"info","message":"[ACPModelConfigProvider] Loaded 9 models"}
{"timestamp":"2026-08-24T13:01:08.266Z","level":"info","message":"network.listAvailableModels.ok {\"system\":\"network\",\"durationMs\":1472}"}
{"timestamp":"2026-08-24T13:01:08.266Z","level":"info","message":"[ACPModelConfigProvider] Loaded 9 models"}
{"timestamp":"2026-08-24T13:06:09.376Z","level":"info","message":"network.listAvailableModels.ok {\"system\":\"network\",\"durationMs\":1101}"}
{"timestamp":"2026-08-24T13:06:09.376Z","level":"info","message":"[ACPModelConfigProvider] Loaded 9 models"}
{"timestamp":"2026-08-24T13:20:56.985Z","level":"warn","message":"network.listAvailableModels.error {\"system\":\"network\",\"durationMs\":372,\"errorType\":\"UNEXPECTED_ISSUE\",\"code\":\"ENOTFOUND\"}"}
{"timestamp":"2026-08-24T13:20:56.985Z","level":"warn","message":"[ACPModelConfigProvider] Failed to refresh models: AuthService client: "}
{"timestamp":"2026-08-24T13:25:59.777Z","level":"info","message":"network.listAvailableModels.ok {\"system\":\"network\",\"durationMs\":2786}"}
{"timestamp":"2026-08-24T13:25:59.777Z","level":"info","message":"[ACPModelConfigProvider] Loaded 9 models"}
{"timestamp":"2026-08-24T13:31:00.863Z","level":"info","message":"network.listAvailableModels.ok {\"system\":\"network\",\"durationMs\":1073}"}
{"timestamp":"2026-08-24T13:31:00.864Z","level":"info","message":"[ACPModelConfigProvider] Loaded 9 models"}
{"timestamp":"2026-08-24T13:36:02.546Z","level":"info","message":"network.listAvailableModels.ok {\"system\":\"network\",\"durationMs\":1682}"}
{"timestamp":"2026-08-24T13:36:02.546Z","level":"info","message":"[ACPModelConfigProvider] Loaded 9 models"}
{"timestamp":"2026-08-24T13:46:04.139Z","level":"info","message":"network.listAvailableModels.ok {\"system\":\"network\",\"durationMs\":1666}"}
{"timestamp":"2026-08-24T13:46:04.139Z","level":"info","message":"[ACPModelConfigProvider] Loaded 9 models"}
{"timestamp":"2026-08-24T13:56:05.563Z","level":"info","message":"network.listAvailableModels.ok {\"system\":\"network\",\"durationMs\":1420}"}
{"timestamp":"2026-08-24T13:56:05.563Z","level":"info","message":"[ACPModelConfigProvider] Loaded 9 models"}
{"timestamp":"2026-08-24T14:06:06.928Z","level":"info","message":"network.listAvailableModels.ok {\"system\":\"network\",\"durationMs\":1433}"}
{"timestamp":"2026-08-24T14:06:06.928Z","level":"info","message":"[ACPModelConfigProvider] Loaded 9 models"}
{"timestamp":"2026-08-24T14:11:08.240Z","level":"info","message":"network.listAvailableModels.ok {\"system\":\"network\",\"durationMs\":1297}"}
{"timestamp":"2026-08-24T14:11:08.240Z","level":"info","message":"[ACPModelConfigProvider] Loaded 9 models"}
{"timestamp":"2026-08-24T14:16:09.696Z","level":"info","message":"network.listAvailableModels.ok {\"system\":\"network\",\"durationMs\":1454}"}
{"timestamp":"2026-08-24T14:16:09.696Z","level":"info","message":"[ACPModelConfigProvider] Loaded 9 models"}
{"timestamp":"2026-08-24T14:21:10.820Z","level":"info","message":"network.listAvailableModels.ok {\"system\":\"network\",\"durationMs\":1120}"}
{"timestamp":"2026-08-24T14:21:10.820Z","level":"info","message":"[ACPModelConfigProvider] Loaded 9 models"}
{"timestamp":"2026-08-24T14:40:59.097Z","level":"warn","message":"network.listAvailableModels.error {\"system\":\"network\",\"durationMs\":548,\"errorType\":\"UNEXPECTED_ISSUE\",\"code\":\"ENOTFOUND\"}"}
{"timestamp":"2026-08-24T14:40:59.097Z","level":"warn","message":"[ACPModelConfigProvider] Failed to refresh models: AuthService client: "}
{"timestamp":"2026-08-24T14:46:01.849Z","level":"info","message":"network.listAvailableModels.ok {\"system\":\"network\",\"durationMs\":2739}"}
{"timestamp":"2026-08-24T14:46:01.849Z","level":"info","message":"[ACPModelConfigProvider] Loaded 9 models"}
{"timestamp":"2026-08-24T14:51:02.939Z","level":"info","message":"network.listAvailableModels.ok {\"system\":\"network\",\"durationMs\":1079}"}
{"timestamp":"2026-08-24T14:51:02.939Z","level":"info","message":"[ACPModelConfigProvider] Loaded 9 models"}
{"timestamp":"2026-08-24T14:56:04.412Z","level":"info","message":"network.listAvailableModels.ok {\"system\":\"network\",\"durationMs\":1473}"}
{"timestamp":"2026-08-24T14:56:04.412Z","level":"info","message":"[ACPModelConfigProvider] Loaded 9 models"}
{"timestamp":"2026-08-24T15:11:01.770Z","level":"info","message":"network.listAvailableModels.ok {\"system\":\"network\",\"durationMs\":1833}"}
{"timestamp":"2026-08-24T15:11:01.771Z","level":"info","message":"[ACPModelConfigProvider] Loaded 9 models"}
{"timestamp":"2026-08-24T15:12:43.279Z","level":"info","message":"fs.appendMessages.ok {\"system\":\"fs\",\"sessionId\":\"sess_0e234331-0804-49b2-b1a6-4ad458d727e5\",\"messageCount\":1,\"durationMs\":14}","conversationId":"sess_0e234331-0804-49b2-b1a6-4ad458d727e5","turnId":"0417b5f3-03f5-4ced-9602-ddcb753e5abd","rootTurnId":"0417b5f3-03f5-4ced-9602-ddcb753e5abd"}
{"timestamp":"2026-08-24T15:12:43.279Z","level":"info","message":"[ACP ToolApproval] Got response: {\"optionId\":\"always-accept\",\"outcome\":\"selected\"}","conversationId":"sess_0e234331-0804-49b2-b1a6-4ad458d727e5","turnId":"0417b5f3-03f5-4ced-9602-ddcb753e5abd","rootTurnId":"0417b5f3-03f5-4ced-9602-ddcb753e5abd"}
{"timestamp":"2026-08-24T15:12:43.579Z","level":"info","message":"[PolicySession] rebuild() complete: 17 rules parsed, engineActive=true, fatal=false","conversationId":"sess_0e234331-0804-49b2-b1a6-4ad458d727e5","turnId":"0417b5f3-03f5-4ced-9602-ddcb753e5abd","rootTurnId":"0417b5f3-03f5-4ced-9602-ddcb753e5abd"}
{"timestamp":"2026-08-24T15:12:43.579Z","level":"info","message":"[PolicySession] Persisted allow rule for shell matching \"Set-Content -Path \"src\\components\\ui\\index.tsx\" -Value $ui -Encoding UTF8\" at scope=user","conversationId":"sess_0e234331-0804-49b2-b1a6-4ad458d727e5","turnId":"0417b5f3-03f5-4ced-9602-ddcb753e5abd","rootTurnId":"0417b5f3-03f5-4ced-9602-ddcb753e5abd"}
{"timestamp":"2026-08-24T15:12:43.587Z","level":"info","message":"[ACPEventAdapter] Execution resumed {\"executionId\":\"0417b5f3-03f5-4ced-9602-ddcb753e5abd\"}","conversationId":"sess_0e234331-0804-49b2-b1a6-4ad458d727e5","turnId":"0417b5f3-03f5-4ced-9602-ddcb753e5abd","rootTurnId":"0417b5f3-03f5-4ced-9602-ddcb753e5abd"}
{"timestamp":"2026-08-24T15:12:43.588Z","level":"info","message":"acp.policy-eval.complete {\"toolId\":\"list_directory\",\"effect\":\"allow\",\"capability\":\"fs_read\"}","conversationId":"sess_0e234331-0804-49b2-b1a6-4ad458d727e5","turnId":"0417b5f3-03f5-4ced-9602-ddcb753e5abd","rootTurnId":"0417b5f3-03f5-4ced-9602-ddcb753e5abd"}
{"timestamp":"2026-08-24T15:12:45.594Z","level":"info","message":"[AgentIterator] Parallel invoking agent","conversationId":"sess_0e234331-0804-49b2-b1a6-4ad458d727e5","turnId":"0417b5f3-03f5-4ced-9602-ddcb753e5abd","rootTurnId":"0417b5f3-03f5-4ced-9602-ddcb753e5abd"}
{"timestamp":"2026-08-24T15:12:45.594Z","level":"info","message":"[Steering] Populating steering for execution 0417b5f3-03f5-4ced-9602-ddcb753e5abd","conversationId":"sess_0e234331-0804-49b2-b1a6-4ad458d727e5","turnId":"0417b5f3-03f5-4ced-9602-ddcb753e5abd","rootTurnId":"0417b5f3-03f5-4ced-9602-ddcb753e5abd"}
{"timestamp":"2026-08-24T15:12:45.594Z","level":"info","message":"[Steering] ExistingFiles: /c:/Users/Student/.kiro/workspace-roots/regen-railway/vite.config.ts in 0417b5f3-03f5-4ced-9602-ddcb753e5abd","conversationId":"sess_0e234331-0804-49b2-b1a6-4ad458d727e5","turnId":"0417b5f3-03f5-4ced-9602-ddcb753e5abd","rootTurnId":"0417b5f3-03f5-4ced-9602-ddcb753e5abd"}
{"timestamp":"2026-08-24T15:12:45.602Z","level":"info","message":"[q-developer-converse] Sending GenerateAssistantResponse modelId=auto agentMode=vibe origin=AI_EDITOR streaming=true conversationId=sess_0e234331-0804-49b2-b1a6-4ad458d727e5","conversationId":"sess_0e234331-0804-49b2-b1a6-4ad458d727e5","turnId":"0417b5f3-03f5-4ced-9602-ddcb753e5abd","rootTurnId":"0417b5f3-03f5-4ced-9602-ddcb753e5abd"}
{"timestamp":"2026-08-24T15:12:45.614Z","level":"info","message":"[q-developer-converse] Request payload: 2645002 chars, 190 history messages, conversationId=sess_0e234331-0804-49b2-b1a6-4ad458d727e5","conversationId":"sess_0e234331-0804-49b2-b1a6-4ad458d727e5","turnId":"0417b5f3-03f5-4ced-9602-ddcb753e5abd","rootTurnId":"0417b5f3-03f5-4ced-9602-ddcb753e5abd"}
{"timestamp":"2026-08-24T15:12:45.626Z","level":"info","message":"fs.appendMessages.ok {\"system\":\"fs\",\"sessionId\":\"sess_0e234331-0804-49b2-b1a6-4ad458d727e5\",\"messageCount\":2,\"durationMs\":36}","conversationId":"sess_0e234331-0804-49b2-b1a6-4ad458d727e5","turnId":"0417b5f3-03f5-4ced-9602-ddcb753e5abd","rootTurnId":"0417b5f3-03f5-4ced-9602-ddcb753e5abd"}
{"timestamp":"2026-08-24T15:13:07.099Z","level":"info","message":"[AgentIterator] Synchronizing results","conversationId":"sess_0e234331-0804-49b2-b1a6-4ad458d727e5","turnId":"0417b5f3-03f5-4ced-9602-ddcb753e5abd","rootTurnId":"0417b5f3-03f5-4ced-9602-ddcb753e5abd"}
{"timestamp":"2026-08-24T15:13:07.099Z","level":"info","message":"[AgentIterator] Processing intent detection result","conversationId":"sess_0e234331-0804-49b2-b1a6-4ad458d727e5","turnId":"0417b5f3-03f5-4ced-9602-ddcb753e5abd","rootTurnId":"0417b5f3-03f5-4ced-9602-ddcb753e5abd"}
{"timestamp":"2026-08-24T15:13:07.100Z","level":"info","message":"[ChatAgent] Processing model response stream","conversationId":"sess_0e234331-0804-49b2-b1a6-4ad458d727e5","turnId":"0417b5f3-03f5-4ced-9602-ddcb753e5abd","rootTurnId":"0417b5f3-03f5-4ced-9602-ddcb753e5abd"}
{"timestamp":"2026-08-24T15:13:07.100Z","level":"info","message":"[Steering] Populating steering for execution 0417b5f3-03f5-4ced-9602-ddcb753e5abd","conversationId":"sess_0e234331-0804-49b2-b1a6-4ad458d727e5","turnId":"0417b5f3-03f5-4ced-9602-ddcb753e5abd","rootTurnId":"0417b5f3-03f5-4ced-9602-ddcb753e5abd"}
{"timestamp":"2026-08-24T15:13:07.101Z","level":"info","message":"[Steering] ExistingFiles: /c:/Users/Student/.kiro/workspace-roots/regen-railway/vite.config.ts in 0417b5f3-03f5-4ced-9602-ddcb753e5abd","conversationId":"sess_0e234331-0804-49b2-b1a6-4ad458d727e5","turnId":"0417b5f3-03f5-4ced-9602-ddcb753e5abd","rootTurnId":"0417b5f3-03f5-4ced-9602-ddcb753e5abd"}
{"timestamp":"2026-08-24T15:13:11.500Z","level":"info","message":"[AgentIterator] Parallel invoking agent","conversationId":"sess_0e234331-0804-49b2-b1a6-4ad458d727e5","turnId":"0417b5f3-03f5-4ced-9602-ddcb753e5abd","rootTurnId":"0417b5f3-03f5-4ced-9602-ddcb753e5abd"}
{"timestamp":"2026-08-24T15:13:11.501Z","level":"info","message":"[Steering] Populating steering for execution 0417b5f3-03f5-4ced-9602-ddcb753e5abd","conversationId":"sess_0e234331-0804-49b2-b1a6-4ad458d727e5","turnId":"0417b5f3-03f5-4ced-9602-ddcb753e5abd","rootTurnId":"0417b5f3-03f5-4ced-9602-ddcb753e5abd"}
{"timestamp":"2026-08-24T15:13:11.501Z","level":"info","message":"[Steering] ExistingFiles: /c:/Users/Student/.kiro/workspace-roots/regen-railway/vite.config.ts in 0417b5f3-03f5-4ced-9602-ddcb753e5abd","conversationId":"sess_0e234331-0804-49b2-b1a6-4ad458d727e5","turnId":"0417b5f3-03f5-4ced-9602-ddcb753e5abd","rootTurnId":"0417b5f3-03f5-4ced-9602-ddcb753e5abd"}
{"timestamp":"2026-08-24T15:13:11.507Z","level":"info","message":"Injecting todo list context into conversation","conversationId":"sess_0e234331-0804-49b2-b1a6-4ad458d727e5","turnId":"0417b5f3-03f5-4ced-9602-ddcb753e5abd","rootTurnId":"0417b5f3-03f5-4ced-9602-ddcb753e5abd"}
{"timestamp":"2026-08-24T15:13:11.514Z","level":"info","message":"[q-developer-converse] Sending GenerateAssistantResponse modelId=auto agentMode=vibe origin=AI_EDITOR streaming=true conversationId=sess_0e234331-0804-49b2-b1a6-4ad458d727e5","conversationId":"sess_0e234331-0804-49b2-b1a6-4ad458d727e5","turnId":"0417b5f3-03f5-4ced-9602-ddcb753e5abd","rootTurnId":"0417b5f3-03f5-4ced-9602-ddcb753e5abd"}
{"timestamp":"2026-08-24T15:13:11.532Z","level":"info","message":"[q-developer-converse] Request payload: 2649768 chars, 194 history messages, conversationId=sess_0e234331-0804-49b2-b1a6-4ad458d727e5","conversationId":"sess_0e234331-0804-49b2-b1a6-4ad458d727e5","turnId":"0417b5f3-03f5-4ced-9602-ddcb753e5abd","rootTurnId":"0417b5f3-03f5-4ced-9602-ddcb753e5abd"}
{"timestamp":"2026-08-24T15:13:11.553Z","level":"info","message":"fs.appendMessages.ok {\"system\":\"fs\",\"sessionId\":\"sess_0e234331-0804-49b2-b1a6-4ad458d727e5\",\"messageCount\":2,\"durationMs\":62}","conversationId":"sess_0e234331-0804-49b2-b1a6-4ad458d727e5","turnId":"0417b5f3-03f5-4ced-9602-ddcb753e5abd","rootTurnId":"0417b5f3-03f5-4ced-9602-ddcb753e5abd"}
{"timestamp":"2026-08-24T15:13:11.563Z","level":"info","message":"fs.appendMessages.ok {\"system\":\"fs\",\"sessionId\":\"sess_0e234331-0804-49b2-b1a6-4ad458d727e5\",\"messageCount\":1,\"durationMs\":10}","conversationId":"sess_0e234331-0804-49b2-b1a6-4ad458d727e5","turnId":"0417b5f3-03f5-4ced-9602-ddcb753e5abd","rootTurnId":"0417b5f3-03f5-4ced-9602-ddcb753e5abd"}
{"timestamp":"2026-08-24T15:13:11.570Z","level":"info","message":"fs.appendMessages.ok {\"system\":\"fs\",\"sessionId\":\"sess_0e234331-0804-49b2-b1a6-4ad458d727e5\",\"messageCount\":1,\"durationMs\":7}","conversationId":"sess_0e234331-0804-49b2-b1a6-4ad458d727e5","turnId":"0417b5f3-03f5-4ced-9602-ddcb753e5abd","rootTurnId":"0417b5f3-03f5-4ced-9602-ddcb753e5abd"}
{"timestamp":"2026-08-24T15:13:16.446Z","level":"info","message":"[AgentIterator] Synchronizing results","conversationId":"sess_0e234331-0804-49b2-b1a6-4ad458d727e5","turnId":"0417b5f3-03f5-4ced-9602-ddcb753e5abd","rootTurnId":"0417b5f3-03f5-4ced-9602-ddcb753e5abd"}
{"timestamp":"2026-08-24T15:13:16.446Z","level":"info","message":"[AgentIterator] Processing intent detection result","conversationId":"sess_0e234331-0804-49b2-b1a6-4ad458d727e5","turnId":"0417b5f3-03f5-4ced-9602-ddcb753e5abd","rootTurnId":"0417b5f3-03f5-4ced-9602-ddcb753e5abd"}
{"timestamp":"2026-08-24T15:13:16.447Z","level":"info","message":"[ChatAgent] Processing model response stream","conversationId":"sess_0e234331-0804-49b2-b1a6-4ad458d727e5","turnId":"0417b5f3-03f5-4ced-9602-ddcb753e5abd","rootTurnId":"0417b5f3-03f5-4ced-9602-ddcb753e5abd"}
{"timestamp":"2026-08-24T15:13:16.447Z","level":"info","message":"[Steering] Populating steering for execution 0417b5f3-03f5-4ced-9602-ddcb753e5abd","conversationId":"sess_0e234331-0804-49b2-b1a6-4ad458d727e5","turnId":"0417b5f3-03f5-4ced-9602-ddcb753e5abd","rootTurnId":"0417b5f3-03f5-4ced-9602-ddcb753e5abd"}
{"timestamp":"2026-08-24T15:13:16.448Z","level":"info","message":"[Steering] ExistingFiles: /c:/Users/Student/.kiro/workspace-roots/regen-railway/vite.config.ts in 0417b5f3-03f5-4ced-9602-ddcb753e5abd","conversationId":"sess_0e234331-0804-49b2-b1a6-4ad458d727e5","turnId":"0417b5f3-03f5-4ced-9602-ddcb753e5abd","rootTurnId":"0417b5f3-03f5-4ced-9602-ddcb753e5abd"}
{"timestamp":"2026-08-24T15:13:17.490Z","level":"info","message":"fs.appendMessages.ok {\"system\":\"fs\",\"sessionId\":\"sess_0e234331-0804-49b2-b1a6-4ad458d727e5\",\"messageCount\":1,\"durationMs\":4}","conversationId":"sess_0e234331-0804-49b2-b1a6-4ad458d727e5","turnId":"0417b5f3-03f5-4ced-9602-ddcb753e5abd","rootTurnId":"0417b5f3-03f5-4ced-9602-ddcb753e5abd"}
{"timestamp":"2026-08-24T15:14:51.113Z","level":"info","message":"[ACPEventAdapter] Execution yielded {\"executionId\":\"0417b5f3-03f5-4ced-9602-ddcb753e5abd\"}","conversationId":"sess_0e234331-0804-49b2-b1a6-4ad458d727e5","turnId":"0417b5f3-03f5-4ced-9602-ddcb753e5abd","rootTurnId":"0417b5f3-03f5-4ced-9602-ddcb753e5abd"}
{"timestamp":"2026-08-24T15:14:51.116Z","level":"info","message":"acp.policy-eval.complete {\"toolId\":\"run_command\",\"effect\":\"allow\",\"capability\":\"shell\"}","conversationId":"sess_0e234331-0804-49b2-b1a6-4ad458d727e5","turnId":"0417b5f3-03f5-4ced-9602-ddcb753e5abd","rootTurnId":"0417b5f3-03f5-4ced-9602-ddcb753e5abd"}
{"timestamp":"2026-08-24T15:14:51.116Z","level":"info","message":"[ACPEventAdapter] Execution resumed {\"executionId\":\"0417b5f3-03f5-4ced-9602-ddcb753e5abd\"}","conversationId":"sess_0e234331-0804-49b2-b1a6-4ad458d727e5","turnId":"0417b5f3-03f5-4ced-9602-ddcb753e5abd","rootTurnId":"0417b5f3-03f5-4ced-9602-ddcb753e5abd"}
{"timestamp":"2026-08-24T15:14:51.117Z","level":"info","message":"acp.policy-eval.complete {\"toolId\":\"list_directory\",\"effect\":\"allow\",\"capability\":\"fs_read\"}","conversationId":"sess_0e234331-0804-49b2-b1a6-4ad458d727e5","turnId":"0417b5f3-03f5-4ced-9602-ddcb753e5abd","rootTurnId":"0417b5f3-03f5-4ced-9602-ddcb753e5abd"}
{"timestamp":"2026-08-24T15:14:51.129Z","level":"info","message":"fs.appendMessages.ok {\"system\":\"fs\",\"sessionId\":\"sess_0e234331-0804-49b2-b1a6-4ad458d727e5\",\"messageCount\":1,\"durationMs\":7}","conversationId":"sess_0e234331-0804-49b2-b1a6-4ad458d727e5","turnId":"0417b5f3-03f5-4ced-9602-ddcb753e5abd","rootTurnId":"0417b5f3-03f5-4ced-9602-ddcb753e5abd"}
{"timestamp":"2026-08-24T15:14:51.140Z","level":"info","message":"fs.appendMessages.ok {\"system\":\"fs\",\"sessionId\":\"sess_0e234331-0804-49b2-b1a6-4ad458d727e5\",\"messageCount\":1,\"durationMs\":10}","conversationId":"sess_0e234331-0804-49b2-b1a6-4ad458d727e5","turnId":"0417b5f3-03f5-4ced-9602-ddcb753e5abd","rootTurnId":"0417b5f3-03f5-4ced-9602-ddcb753e5abd"}
{"timestamp":"2026-08-24T15:14:58.562Z","level":"info","message":"[AgentIterator] Parallel invoking agent","conversationId":"sess_0e234331-0804-49b2-b1a6-4ad458d727e5","turnId":"0417b5f3-03f5-4ced-9602-ddcb753e5abd","rootTurnId":"0417b5f3-03f5-4ced-9602-ddcb753e5abd"}
{"timestamp":"2026-08-24T15:14:58.562Z","level":"info","message":"[Steering] Populating steering for execution 0417b5f3-03f5-4ced-9602-ddcb753e5abd","conversationId":"sess_0e234331-0804-49b2-b1a6-4ad458d727e5","turnId":"0417b5f3-03f5-4ced-9602-ddcb753e5abd","rootTurnId":"0417b5f3-03f5-4ced-9602-ddcb753e5abd"}
{"timestamp":"2026-08-24T15:14:58.562Z","level":"info","message":"[Steering] ExistingFiles: /c:/Users/Student/.kiro/workspace-roots/regen-railway/vite.config.ts in 0417b5f3-03f5-4ced-9602-ddcb753e5abd","conversationId":"sess_0e234331-0804-49b2-b1a6-4ad458d727e5","turnId":"0417b5f3-03f5-4ced-9602-ddcb753e5abd","rootTurnId":"0417b5f3-03f5-4ced-9602-ddcb753e5abd"}
{"timestamp":"2026-08-24T15:14:58.566Z","level":"info","message":"[q-developer-converse] Sending GenerateAssistantResponse modelId=auto agentMode=vibe origin=AI_EDITOR streaming=true conversationId=sess_0e234331-0804-49b2-b1a6-4ad458d727e5","conversationId":"sess_0e234331-0804-49b2-b1a6-4ad458d727e5","turnId":"0417b5f3-03f5-4ced-9602-ddcb753e5abd","rootTurnId":"0417b5f3-03f5-4ced-9602-ddcb753e5abd"}
{"timestamp":"2026-08-24T15:14:58.578Z","level":"info","message":"[q-developer-converse] Request payload: 2674719 chars, 196 history messages, conversationId=sess_0e234331-0804-49b2-b1a6-4ad458d727e5","conversationId":"sess_0e234331-0804-49b2-b1a6-4ad458d727e5","turnId":"0417b5f3-03f5-4ced-9602-ddcb753e5abd","rootTurnId":"0417b5f3-03f5-4ced-9602-ddcb753e5abd"}
{"timestamp":"2026-08-24T15:14:58.590Z","level":"info","message":"fs.appendMessages.ok {\"system\":\"fs\",\"sessionId\":\"sess_0e234331-0804-49b2-b1a6-4ad458d727e5\",\"messageCount\":2,\"durationMs\":32}","conversationId":"sess_0e234331-0804-49b2-b1a6-4ad458d727e5","turnId":"0417b5f3-03f5-4ced-9602-ddcb753e5abd","rootTurnId":"0417b5f3-03f5-4ced-9602-ddcb753e5abd"}
{"timestamp":"2026-08-24T15:15:03.529Z","level":"info","message":"[AgentIterator] Synchronizing results","conversationId":"sess_0e234331-0804-49b2-b1a6-4ad458d727e5","turnId":"0417b5f3-03f5-4ced-9602-ddcb753e5abd","rootTurnId":"0417b5f3-03f5-4ced-9602-ddcb753e5abd"}
{"timestamp":"2026-08-24T15:15:03.529Z","level":"info","message":"[AgentIterator] Processing intent detection result","conversationId":"sess_0e234331-0804-49b2-b1a6-4ad458d727e5","turnId":"0417b5f3-03f5-4ced-9602-ddcb753e5abd","rootTurnId":"0417b5f3-03f5-4ced-9602-ddcb753e5abd"}
{"timestamp":"2026-08-24T15:15:03.530Z","level":"info","message":"[ChatAgent] Processing model response stream","conversationId":"sess_0e234331-0804-49b2-b1a6-4ad458d727e5","turnId":"0417b5f3-03f5-4ced-9602-ddcb753e5abd","rootTurnId":"0417b5f3-03f5-4ced-9602-ddcb753e5abd"}
{"timestamp":"2026-08-24T15:15:03.530Z","level":"info","message":"[Steering] Populating steering for execution 0417b5f3-03f5-4ced-9602-ddcb753e5abd","conversationId":"sess_0e234331-0804-49b2-b1a6-4ad458d727e5","turnId":"0417b5f3-03f5-4ced-9602-ddcb753e5abd","rootTurnId":"0417b5f3-03f5-4ced-9602-ddcb753e5abd"}
{"timestamp":"2026-08-24T15:15:03.530Z","level":"info","message":"[Steering] ExistingFiles: /c:/Users/Student/.kiro/workspace-roots/regen-railway/vite.config.ts in 0417b5f3-03f5-4ced-9602-ddcb753e5abd","conversationId":"sess_0e234331-0804-49b2-b1a6-4ad458d727e5","turnId":"0417b5f3-03f5-4ced-9602-ddcb753e5abd","rootTurnId":"0417b5f3-03f5-4ced-9602-ddcb753e5abd"}
{"timestamp":"2026-08-24T15:15:46.970Z","level":"info","message":"[ACPEventAdapter] Execution yielded {\"executionId\":\"0417b5f3-03f5-4ced-9602-ddcb753e5abd\"}","conversationId":"sess_0e234331-0804-49b2-b1a6-4ad458d727e5","turnId":"0417b5f3-03f5-4ced-9602-ddcb753e5abd","rootTurnId":"0417b5f3-03f5-4ced-9602-ddcb753e5abd"}
{"timestamp":"2026-08-24T15:15:46.975Z","level":"info","message":"acp.policy-eval.complete {\"toolId\":\"run_command\",\"effect\":\"allow\",\"capability\":\"shell\"}","conversationId":"sess_0e234331-0804-49b2-b1a6-4ad458d727e5","turnId":"0417b5f3-03f5-4ced-9602-ddcb753e5abd","rootTurnId":"0417b5f3-03f5-4ced-9602-ddcb753e5abd"}
{"timestamp":"2026-08-24T15:15:46.975Z","level":"info","message":"[ACPEventAdapter] Execution resumed {\"executionId\":\"0417b5f3-03f5-4ced-9602-ddcb753e5abd\"}","conversationId":"sess_0e234331-0804-49b2-b1a6-4ad458d727e5","turnId":"0417b5f3-03f5-4ced-9602-ddcb753e5abd","rootTurnId":"0417b5f3-03f5-4ced-9602-ddcb753e5abd"}
{"timestamp":"2026-08-24T15:15:46.976Z","level":"info","message":"acp.policy-eval.complete {\"toolId\":\"list_directory\",\"effect\":\"allow\",\"capability\":\"fs_read\"}","conversationId":"sess_0e234331-0804-49b2-b1a6-4ad458d727e5","turnId":"0417b5f3-03f5-4ced-9602-ddcb753e5abd","rootTurnId":"0417b5f3-03f5-4ced-9602-ddcb753e5abd"}
{"timestamp":"2026-08-24T15:15:46.992Z","level":"info","message":"fs.appendMessages.ok {\"system\":\"fs\",\"sessionId\":\"sess_0e234331-0804-49b2-b1a6-4ad458d727e5\",\"messageCount\":1,\"durationMs\":11}","conversationId":"sess_0e234331-0804-49b2-b1a6-4ad458d727e5","turnId":"0417b5f3-03f5-4ced-9602-ddcb753e5abd","rootTurnId":"0417b5f3-03f5-4ced-9602-ddcb753e5abd"}
{"timestamp":"2026-08-24T15:15:47.001Z","level":"info","message":"fs.appendMessages.ok {\"system\":\"fs\",\"sessionId\":\"sess_0e234331-0804-49b2-b1a6-4ad458d727e5\",\"messageCount\":1,\"durationMs\":8}","conversationId":"sess_0e234331-0804-49b2-b1a6-4ad458d727e5","turnId":"0417b5f3-03f5-4ced-9602-ddcb753e5abd","rootTurnId":"0417b5f3-03f5-4ced-9602-ddcb753e5abd"}
{"timestamp":"2026-08-24T15:15:54.355Z","level":"info","message":"[AgentIterator] Parallel invoking agent","conversationId":"sess_0e234331-0804-49b2-b1a6-4ad458d727e5","turnId":"0417b5f3-03f5-4ced-9602-ddcb753e5abd","rootTurnId":"0417b5f3-03f5-4ced-9602-ddcb753e5abd"}
{"timestamp":"2026-08-24T15:15:54.356Z","level":"info","message":"[Steering] Populating steering for execution 0417b5f3-03f5-4ced-9602-ddcb753e5abd","conversationId":"sess_0e234331-0804-49b2-b1a6-4ad458d727e5","turnId":"0417b5f3-03f5-4ced-9602-ddcb753e5abd","rootTurnId":"0417b5f3-03f5-4ced-9602-ddcb753e5abd"}
{"timestamp":"2026-08-24T15:15:54.356Z","level":"info","message":"[Steering] ExistingFiles: /c:/Users/Student/.kiro/workspace-roots/regen-railway/vite.config.ts in 0417b5f3-03f5-4ced-9602-ddcb753e5abd","conversationId":"sess_0e234331-0804-49b2-b1a6-4ad458d727e5","turnId":"0417b5f3-03f5-4ced-9602-ddcb753e5abd","rootTurnId":"0417b5f3-03f5-4ced-9602-ddcb753e5abd"}
{"timestamp":"2026-08-24T15:15:54.365Z","level":"info","message":"[q-developer-converse] Sending GenerateAssistantResponse modelId=auto agentMode=vibe origin=AI_EDITOR streaming=true conversationId=sess_0e234331-0804-49b2-b1a6-4ad458d727e5","conversationId":"sess_0e234331-0804-49b2-b1a6-4ad458d727e5","turnId":"0417b5f3-03f5-4ced-9602-ddcb753e5abd","rootTurnId":"0417b5f3-03f5-4ced-9602-ddcb753e5abd"}
{"timestamp":"2026-08-24T15:15:54.384Z","level":"info","message":"[q-developer-converse] Request payload: 2687106 chars, 198 history messages, conversationId=sess_0e234331-0804-49b2-b1a6-4ad458d727e5","conversationId":"sess_0e234331-0804-49b2-b1a6-4ad458d727e5","turnId":"0417b5f3-03f5-4ced-9602-ddcb753e5abd","rootTurnId":"0417b5f3-03f5-4ced-9602-ddcb753e5abd"}
{"timestamp":"2026-08-24T15:15:54.405Z","level":"info","message":"fs.appendMessages.ok {\"system\":\"fs\",\"sessionId\":\"sess_0e234331-0804-49b2-b1a6-4ad458d727e5\",\"messageCount\":2,\"durationMs\":56}","conversationId":"sess_0e234331-0804-49b2-b1a6-4ad458d727e5","turnId":"0417b5f3-03f5-4ced-9602-ddcb753e5abd","rootTurnId":"0417b5f3-03f5-4ced-9602-ddcb753e5abd"}
{"timestamp":"2026-08-24T15:15:59.217Z","level":"info","message":"[AgentIterator] Synchronizing results","conversationId":"sess_0e234331-0804-49b2-b1a6-4ad458d727e5","turnId":"0417b5f3-03f5-4ced-9602-ddcb753e5abd","rootTurnId":"0417b5f3-03f5-4ced-9602-ddcb753e5abd"}
{"timestamp":"2026-08-24T15:15:59.217Z","level":"info","message":"[AgentIterator] Processing intent detection result","conversationId":"sess_0e234331-0804-49b2-b1a6-4ad458d727e5","turnId":"0417b5f3-03f5-4ced-9602-ddcb753e5abd","rootTurnId":"0417b5f3-03f5-4ced-9602-ddcb753e5abd"}
{"timestamp":"2026-08-24T15:15:59.219Z","level":"info","message":"[ChatAgent] Processing model response stream","conversationId":"sess_0e234331-0804-49b2-b1a6-4ad458d727e5","turnId":"0417b5f3-03f5-4ced-9602-ddcb753e5abd","rootTurnId":"0417b5f3-03f5-4ced-9602-ddcb753e5abd"}
{"timestamp":"2026-08-24T15:15:59.219Z","level":"info","message":"[Steering] Populating steering for execution 0417b5f3-03f5-4ced-9602-ddcb753e5abd","conversationId":"sess_0e234331-0804-49b2-b1a6-4ad458d727e5","turnId":"0417b5f3-03f5-4ced-9602-ddcb753e5abd","rootTurnId":"0417b5f3-03f5-4ced-9602-ddcb753e5abd"}
{"timestamp":"2026-08-24T15:15:59.219Z","level":"info","message":"[Steering] ExistingFiles: /c:/Users/Student/.kiro/workspace-roots/regen-railway/vite.config.ts in 0417b5f3-03f5-4ced-9602-ddcb753e5abd","conversationId":"sess_0e234331-0804-49b2-b1a6-4ad458d727e5","turnId":"0417b5f3-03f5-4ced-9602-ddcb753e5abd","rootTurnId":"0417b5f3-03f5-4ced-9602-ddcb753e5abd"}
{"timestamp":"2026-08-24T15:16:02.886Z","level":"info","message":"network.listAvailableModels.ok {\"system\":\"network\",\"durationMs\":1103}"}
{"timestamp":"2026-08-24T15:16:02.886Z","level":"info","message":"[ACPModelConfigProvider] Loaded 9 models"}
{"timestamp":"2026-08-24T15:16:54.065Z","level":"info","message":"[ACPEventAdapter] Execution yielded {\"executionId\":\"0417b5f3-03f5-4ced-9602-ddcb753e5abd\"}","conversationId":"sess_0e234331-0804-49b2-b1a6-4ad458d727e5","turnId":"0417b5f3-03f5-4ced-9602-ddcb753e5abd","rootTurnId":"0417b5f3-03f5-4ced-9602-ddcb753e5abd"}
{"timestamp":"2026-08-24T15:16:54.070Z","level":"info","message":"acp.policy-eval.complete {\"toolId\":\"run_command\",\"effect\":\"ask\"}","conversationId":"sess_0e234331-0804-49b2-b1a6-4ad458d727e5","turnId":"0417b5f3-03f5-4ced-9602-ddcb753e5abd","rootTurnId":"0417b5f3-03f5-4ced-9602-ddcb753e5abd"}
{"timestamp":"2026-08-24T15:16:54.101Z","level":"info","message":"[ACP ToolApproval] Requesting permission for toolId=run_command, operationId=run_command_tooluse_gZ2zzK97fixC9HSKARtnDh, sessionId=sess_0e234331-0804-49b2-b1a6-4ad458d727e5","conversationId":"sess_0e234331-0804-49b2-b1a6-4ad458d727e5","turnId":"0417b5f3-03f5-4ced-9602-ddcb753e5abd","rootTurnId":"0417b5f3-03f5-4ced-9602-ddcb753e5abd"}
{"timestamp":"2026-08-24T15:16:54.118Z","level":"info","message":"fs.appendMessages.ok {\"system\":\"fs\",\"sessionId\":\"sess_0e234331-0804-49b2-b1a6-4ad458d727e5\",\"messageCount\":1,\"durationMs\":17}","conversationId":"sess_0e234331-0804-49b2-b1a6-4ad458d727e5","turnId":"0417b5f3-03f5-4ced-9602-ddcb753e5abd","rootTurnId":"0417b5f3-03f5-4ced-9602-ddcb753e5abd"}
{"timestamp":"2026-08-24T15:16:54.129Z","level":"info","message":"fs.appendMessages.ok {\"system\":\"fs\",\"sessionId\":\"sess_0e234331-0804-49b2-b1a6-4ad458d727e5\",\"messageCount\":1,\"durationMs\":11}","conversationId":"sess_0e234331-0804-49b2-b1a6-4ad458d727e5","turnId":"0417b5f3-03f5-4ced-9602-ddcb753e5abd","rootTurnId":"0417b5f3-03f5-4ced-9602-ddcb753e5abd"}
{"timestamp":"2026-08-24T15:16:54.147Z","level":"info","message":"fs.appendMessages.ok {\"system\":\"fs\",\"sessionId\":\"sess_0e234331-0804-49b2-b1a6-4ad458d727e5\",\"messageCount\":1,\"durationMs\":18}","conversationId":"sess_0e234331-0804-49b2-b1a6-4ad458d727e5","turnId":"0417b5f3-03f5-4ced-9602-ddcb753e5abd","rootTurnId":"0417b5f3-03f5-4ced-9602-ddcb753e5abd"}
{"timestamp":"2026-08-24T15:17:19.945Z","level":"info","message":"fs.appendMessages.ok {\"system\":\"fs\",\"sessionId\":\"sess_0e234331-0804-49b2-b1a6-4ad458d727e5\",\"messageCount\":1,\"durationMs\":1}","conversationId":"sess_0e234331-0804-49b2-b1a6-4ad458d727e5","turnId":"0417b5f3-03f5-4ced-9602-ddcb753e5abd","rootTurnId":"0417b5f3-03f5-4ced-9602-ddcb753e5abd"}
{"timestamp":"2026-08-24T15:17:19.945Z","level":"info","message":"[ACP ToolApproval] Got response: {\"optionId\":\"always-accept\",\"outcome\":\"selected\"}","conversationId":"sess_0e234331-0804-49b2-b1a6-4ad458d727e5","turnId":"0417b5f3-03f5-4ced-9602-ddcb753e5abd","rootTurnId":"0417b5f3-03f5-4ced-9602-ddcb753e5abd"}
{"timestamp":"2026-08-24T15:17:20.213Z","level":"info","message":"[PolicySession] rebuild() complete: 17 rules parsed, engineActive=true, fatal=false","conversationId":"sess_0e234331-0804-49b2-b1a6-4ad458d727e5","turnId":"0417b5f3-03f5-4ced-9602-ddcb753e5abd","rootTurnId":"0417b5f3-03f5-4ced-9602-ddcb753e5abd"}
{"timestamp":"2026-08-24T15:17:20.213Z","level":"info","message":"[PolicySession] Persisted allow rule for shell matching \"Set-Content -Path \"src\\pages\\Assets.tsx\" -Value $assetsPage -Encoding UTF8\" at scope=user","conversationId":"sess_0e234331-0804-49b2-b1a6-4ad458d727e5","turnId":"0417b5f3-03f5-4ced-9602-ddcb753e5abd","rootTurnId":"0417b5f3-03f5-4ced-9602-ddcb753e5abd"}
{"timestamp":"2026-08-24T15:17:20.219Z","level":"info","message":"[ACPEventAdapter] Execution resumed {\"executionId\":\"0417b5f3-03f5-4ced-9602-ddcb753e5abd\"}","conversationId":"sess_0e234331-0804-49b2-b1a6-4ad458d727e5","turnId":"0417b5f3-03f5-4ced-9602-ddcb753e5abd","rootTurnId":"0417b5f3-03f5-4ced-9602-ddcb753e5abd"}
{"timestamp":"2026-08-24T15:17:20.220Z","level":"info","message":"acp.policy-eval.complete {\"toolId\":\"list_directory\",\"effect\":\"allow\",\"capability\":\"fs_read\"}","conversationId":"sess_0e234331-0804-49b2-b1a6-4ad458d727e5","turnId":"0417b5f3-03f5-4ced-9602-ddcb753e5abd","rootTurnId":"0417b5f3-03f5-4ced-9602-ddcb753e5abd"}
{"timestamp":"2026-08-24T15:17:27.185Z","level":"info","message":"[AgentIterator] Parallel invoking agent","conversationId":"sess_0e234331-0804-49b2-b1a6-4ad458d727e5","turnId":"0417b5f3-03f5-4ced-9602-ddcb753e5abd","rootTurnId":"0417b5f3-03f5-4ced-9602-ddcb753e5abd"}
{"timestamp":"2026-08-24T15:17:27.185Z","level":"info","message":"[Steering] Populating steering for execution 0417b5f3-03f5-4ced-9602-ddcb753e5abd","conversationId":"sess_0e234331-0804-49b2-b1a6-4ad458d727e5","turnId":"0417b5f3-03f5-4ced-9602-ddcb753e5abd","rootTurnId":"0417b5f3-03f5-4ced-9602-ddcb753e5abd"}
{"timestamp":"2026-08-24T15:17:27.185Z","level":"info","message":"[Steering] ExistingFiles: /c:/Users/Student/.kiro/workspace-roots/regen-railway/vite.config.ts in 0417b5f3-03f5-4ced-9602-ddcb753e5abd","conversationId":"sess_0e234331-0804-49b2-b1a6-4ad458d727e5","turnId":"0417b5f3-03f5-4ced-9602-ddcb753e5abd","rootTurnId":"0417b5f3-03f5-4ced-9602-ddcb753e5abd"}
{"timestamp":"2026-08-24T15:17:27.190Z","level":"info","message":"[q-developer-converse] Sending GenerateAssistantResponse modelId=auto agentMode=vibe origin=AI_EDITOR streaming=true conversationId=sess_0e234331-0804-49b2-b1a6-4ad458d727e5","conversationId":"sess_0e234331-0804-49b2-b1a6-4ad458d727e5","turnId":"0417b5f3-03f5-4ced-9602-ddcb753e5abd","rootTurnId":"0417b5f3-03f5-4ced-9602-ddcb753e5abd"}
{"timestamp":"2026-08-24T15:17:27.200Z","level":"info","message":"[q-developer-converse] Request payload: 2703554 chars, 200 history messages, conversationId=sess_0e234331-0804-49b2-b1a6-4ad458d727e5","conversationId":"sess_0e234331-0804-49b2-b1a6-4ad458d727e5","turnId":"0417b5f3-03f5-4ced-9602-ddcb753e5abd","rootTurnId":"0417b5f3-03f5-4ced-9602-ddcb753e5abd"}
{"timestamp":"2026-08-24T15:17:27.214Z","level":"info","message":"fs.appendMessages.ok {\"system\":\"fs\",\"sessionId\":\"sess_0e234331-0804-49b2-b1a6-4ad458d727e5\",\"messageCount\":2,\"durationMs\":32}","conversationId":"sess_0e234331-0804-49b2-b1a6-4ad458d727e5","turnId":"0417b5f3-03f5-4ced-9602-ddcb753e5abd","rootTurnId":"0417b5f3-03f5-4ced-9602-ddcb753e5abd"}
{"timestamp":"2026-08-24T15:17:33.371Z","level":"info","message":"[AgentIterator] Synchronizing results","conversationId":"sess_0e234331-0804-49b2-b1a6-4ad458d727e5","turnId":"0417b5f3-03f5-4ced-9602-ddcb753e5abd","rootTurnId":"0417b5f3-03f5-4ced-9602-ddcb753e5abd"}
{"timestamp":"2026-08-24T15:17:33.371Z","level":"info","message":"[AgentIterator] Processing intent detection result","conversationId":"sess_0e234331-0804-49b2-b1a6-4ad458d727e5","turnId":"0417b5f3-03f5-4ced-9602-ddcb753e5abd","rootTurnId":"0417b5f3-03f5-4ced-9602-ddcb753e5abd"}
{"timestamp":"2026-08-24T15:17:33.372Z","level":"info","message":"[ChatAgent] Processing model response stream","conversationId":"sess_0e234331-0804-49b2-b1a6-4ad458d727e5","turnId":"0417b5f3-03f5-4ced-9602-ddcb753e5abd","rootTurnId":"0417b5f3-03f5-4ced-9602-ddcb753e5abd"}
{"timestamp":"2026-08-24T15:17:33.372Z","level":"info","message":"[Steering] Populating steering for execution 0417b5f3-03f5-4ced-9602-ddcb753e5abd","conversationId":"sess_0e234331-0804-49b2-b1a6-4ad458d727e5","turnId":"0417b5f3-03f5-4ced-9602-ddcb753e5abd","rootTurnId":"0417b5f3-03f5-4ced-9602-ddcb753e5abd"}
{"timestamp":"2026-08-24T15:17:33.372Z","level":"info","message":"[Steering] ExistingFiles: /c:/Users/Student/.kiro/workspace-roots/regen-railway/vite.config.ts in 0417b5f3-03f5-4ced-9602-ddcb753e5abd","conversationId":"sess_0e234331-0804-49b2-b1a6-4ad458d727e5","turnId":"0417b5f3-03f5-4ced-9602-ddcb753e5abd","rootTurnId":"0417b5f3-03f5-4ced-9602-ddcb753e5abd"}
{"timestamp":"2026-08-24T15:18:28.966Z","level":"info","message":"[ACPEventAdapter] Execution yielded {\"executionId\":\"0417b5f3-03f5-4ced-9602-ddcb753e5abd\"}","conversationId":"sess_0e234331-0804-49b2-b1a6-4ad458d727e5","turnId":"0417b5f3-03f5-4ced-9602-ddcb753e5abd","rootTurnId":"0417b5f3-03f5-4ced-9602-ddcb753e5abd"}
{"timestamp":"2026-08-24T15:18:28.970Z","level":"info","message":"acp.policy-eval.complete {\"toolId\":\"run_command\",\"effect\":\"ask\"}","conversationId":"sess_0e234331-0804-49b2-b1a6-4ad458d727e5","turnId":"0417b5f3-03f5-4ced-9602-ddcb753e5abd","rootTurnId":"0417b5f3-03f5-4ced-9602-ddcb753e5abd"}
{"timestamp":"2026-08-24T15:18:29.000Z","level":"info","message":"[ACP ToolApproval] Requesting permission for toolId=run_command, operationId=run_command_tooluse_ILEEc3egkjlnZvnBLACW4l, sessionId=sess_0e234331-0804-49b2-b1a6-4ad458d727e5","conversationId":"sess_0e234331-0804-49b2-b1a6-4ad458d727e5","turnId":"0417b5f3-03f5-4ced-9602-ddcb753e5abd","rootTurnId":"0417b5f3-03f5-4ced-9602-ddcb753e5abd"}
{"timestamp":"2026-08-24T15:18:29.019Z","level":"info","message":"fs.appendMessages.ok {\"system\":\"fs\",\"sessionId\":\"sess_0e234331-0804-49b2-b1a6-4ad458d727e5\",\"messageCount\":1,\"durationMs\":20}","conversationId":"sess_0e234331-0804-49b2-b1a6-4ad458d727e5","turnId":"0417b5f3-03f5-4ced-9602-ddcb753e5abd","rootTurnId":"0417b5f3-03f5-4ced-9602-ddcb753e5abd"}
{"timestamp":"2026-08-24T15:18:29.034Z","level":"info","message":"fs.appendMessages.ok {\"system\":\"fs\",\"sessionId\":\"sess_0e234331-0804-49b2-b1a6-4ad458d727e5\",\"messageCount\":1,\"durationMs\":15}","conversationId":"sess_0e234331-0804-49b2-b1a6-4ad458d727e5","turnId":"0417b5f3-03f5-4ced-9602-ddcb753e5abd","rootTurnId":"0417b5f3-03f5-4ced-9602-ddcb753e5abd"}
{"timestamp":"2026-08-24T15:18:29.042Z","level":"info","message":"fs.appendMessages.ok {\"system\":\"fs\",\"sessionId\":\"sess_0e234331-0804-49b2-b1a6-4ad458d727e5\",\"messageCount\":1,\"durationMs\":8}","conversationId":"sess_0e234331-0804-49b2-b1a6-4ad458d727e5","turnId":"0417b5f3-03f5-4ced-9602-ddcb753e5abd","rootTurnId":"0417b5f3-03f5-4ced-9602-ddcb753e5abd"}
{"timestamp":"2026-08-24T15:18:35.641Z","level":"info","message":"fs.appendMessages.ok {\"system\":\"fs\",\"sessionId\":\"sess_0e234331-0804-49b2-b1a6-4ad458d727e5\",\"messageCount\":1,\"durationMs\":1}","conversationId":"sess_0e234331-0804-49b2-b1a6-4ad458d727e5","turnId":"0417b5f3-03f5-4ced-9602-ddcb753e5abd","rootTurnId":"0417b5f3-03f5-4ced-9602-ddcb753e5abd"}
{"timestamp":"2026-08-24T15:18:35.641Z","level":"info","message":"[ACP ToolApproval] Got response: {\"optionId\":\"always-accept\",\"outcome\":\"selected\"}","conversationId":"sess_0e234331-0804-49b2-b1a6-4ad458d727e5","turnId":"0417b5f3-03f5-4ced-9602-ddcb753e5abd","rootTurnId":"0417b5f3-03f5-4ced-9602-ddcb753e5abd"}
{"timestamp":"2026-08-24T15:18:35.910Z","level":"info","message":"[PolicySession] rebuild() complete: 17 rules parsed, engineActive=true, fatal=false","conversationId":"sess_0e234331-0804-49b2-b1a6-4ad458d727e5","turnId":"0417b5f3-03f5-4ced-9602-ddcb753e5abd","rootTurnId":"0417b5f3-03f5-4ced-9602-ddcb753e5abd"}
{"timestamp":"2026-08-24T15:18:35.910Z","level":"info","message":"[PolicySession] Persisted allow rule for shell matching \"Set-Content -Path \"src\\pages\\FbgMonitoring.tsx\" -Value $fbgPage -Encoding UTF8\" at scope=user","conversationId":"sess_0e234331-0804-49b2-b1a6-4ad458d727e5","turnId":"0417b5f3-03f5-4ced-9602-ddcb753e5abd","rootTurnId":"0417b5f3-03f5-4ced-9602-ddcb753e5abd"}
{"timestamp":"2026-08-24T15:18:35.930Z","level":"info","message":"[ACP ToolApproval] Requesting permission for toolId=run_command, operationId=run_command_tooluse_ILEEc3egkjlnZvnBLACW4l, sessionId=sess_0e234331-0804-49b2-b1a6-4ad458d727e5","conversationId":"sess_0e234331-0804-49b2-b1a6-4ad458d727e5","turnId":"0417b5f3-03f5-4ced-9602-ddcb753e5abd","rootTurnId":"0417b5f3-03f5-4ced-9602-ddcb753e5abd"}
{"timestamp":"2026-08-24T15:18:35.933Z","level":"info","message":"fs.appendMessages.ok {\"system\":\"fs\",\"sessionId\":\"sess_0e234331-0804-49b2-b1a6-4ad458d727e5\",\"messageCount\":1,\"durationMs\":3}","conversationId":"sess_0e234331-0804-49b2-b1a6-4ad458d727e5","turnId":"0417b5f3-03f5-4ced-9602-ddcb753e5abd","rootTurnId":"0417b5f3-03f5-4ced-9602-ddcb753e5abd"}
{"timestamp":"2026-08-24T15:18:38.641Z","level":"info","message":"fs.appendMessages.ok {\"system\":\"fs\",\"sessionId\":\"sess_0e234331-0804-49b2-b1a6-4ad458d727e5\",\"messageCount\":1,\"durationMs\":2}","conversationId":"sess_0e234331-0804-49b2-b1a6-4ad458d727e5","turnId":"0417b5f3-03f5-4ced-9602-ddcb753e5abd","rootTurnId":"0417b5f3-03f5-4ced-9602-ddcb753e5abd"}
{"timestamp":"2026-08-24T15:18:38.641Z","level":"info","message":"[ACP ToolApproval] Got response: {\"optionId\":\"always-accept\",\"outcome\":\"selected\"}","conversationId":"sess_0e234331-0804-49b2-b1a6-4ad458d727e5","turnId":"0417b5f3-03f5-4ced-9602-ddcb753e5abd","rootTurnId":"0417b5f3-03f5-4ced-9602-ddcb753e5abd"}
{"timestamp":"2026-08-24T15:18:38.909Z","level":"info","message":"[PolicySession] rebuild() complete: 17 rules parsed, engineActive=true, fatal=false","conversationId":"sess_0e234331-0804-49b2-b1a6-4ad458d727e5","turnId":"0417b5f3-03f5-4ced-9602-ddcb753e5abd","rootTurnId":"0417b5f3-03f5-4ced-9602-ddcb753e5abd"}
{"timestamp":"2026-08-24T15:18:38.909Z","level":"info","message":"[PolicySession] Persisted allow rule for shell matching \"Write-Host \"FBG done\"\" at scope=user","conversationId":"sess_0e234331-0804-49b2-b1a6-4ad458d727e5","turnId":"0417b5f3-03f5-4ced-9602-ddcb753e5abd","rootTurnId":"0417b5f3-03f5-4ced-9602-ddcb753e5abd"}
{"timestamp":"2026-08-24T15:18:38.915Z","level":"info","message":"[ACPEventAdapter] Execution resumed {\"executionId\":\"0417b5f3-03f5-4ced-9602-ddcb753e5abd\"}","conversationId":"sess_0e234331-0804-49b2-b1a6-4ad458d727e5","turnId":"0417b5f3-03f5-4ced-9602-ddcb753e5abd","rootTurnId":"0417b5f3-03f5-4ced-9602-ddcb753e5abd"}
{"timestamp":"2026-08-24T15:18:38.915Z","level":"info","message":"acp.policy-eval.complete {\"toolId\":\"list_directory\",\"effect\":\"allow\",\"capability\":\"fs_read\"}","conversationId":"sess_0e234331-0804-49b2-b1a6-4ad458d727e5","turnId":"0417b5f3-03f5-4ced-9602-ddcb753e5abd","rootTurnId":"0417b5f3-03f5-4ced-9602-ddcb753e5abd"}
{"timestamp":"2026-08-24T15:18:45.905Z","level":"info","message":"[AgentIterator] Parallel invoking agent","conversationId":"sess_0e234331-0804-49b2-b1a6-4ad458d727e5","turnId":"0417b5f3-03f5-4ced-9602-ddcb753e5abd","rootTurnId":"0417b5f3-03f5-4ced-9602-ddcb753e5abd"}
{"timestamp":"2026-08-24T15:18:45.905Z","level":"info","message":"[Steering] Populating steering for execution 0417b5f3-03f5-4ced-9602-ddcb753e5abd","conversationId":"sess_0e234331-0804-49b2-b1a6-4ad458d727e5","turnId":"0417b5f3-03f5-4ced-9602-ddcb753e5abd","rootTurnId":"0417b5f3-03f5-4ced-9602-ddcb753e5abd"}
{"timestamp":"2026-08-24T15:18:45.906Z","level":"info","message":"[Steering] ExistingFiles: /c:/Users/Student/.kiro/workspace-roots/regen-railway/vite.config.ts in 0417b5f3-03f5-4ced-9602-ddcb753e5abd","conversationId":"sess_0e234331-0804-49b2-b1a6-4ad458d727e5","turnId":"0417b5f3-03f5-4ced-9602-ddcb753e5abd","rootTurnId":"0417b5f3-03f5-4ced-9602-ddcb753e5abd"}
{"timestamp":"2026-08-24T15:18:45.910Z","level":"info","message":"[q-developer-converse] Sending GenerateAssistantResponse modelId=auto agentMode=vibe origin=AI_EDITOR streaming=true conversationId=sess_0e234331-0804-49b2-b1a6-4ad458d727e5","conversationId":"sess_0e234331-0804-49b2-b1a6-4ad458d727e5","turnId":"0417b5f3-03f5-4ced-9602-ddcb753e5abd","rootTurnId":"0417b5f3-03f5-4ced-9602-ddcb753e5abd"}
{"timestamp":"2026-08-24T15:18:45.920Z","level":"info","message":"[q-developer-converse] Request payload: 2718851 chars, 202 history messages, conversationId=sess_0e234331-0804-49b2-b1a6-4ad458d727e5","conversationId":"sess_0e234331-0804-49b2-b1a6-4ad458d727e5","turnId":"0417b5f3-03f5-4ced-9602-ddcb753e5abd","rootTurnId":"0417b5f3-03f5-4ced-9602-ddcb753e5abd"}
{"timestamp":"2026-08-24T15:18:45.933Z","level":"info","message":"fs.appendMessages.ok {\"system\":\"fs\",\"sessionId\":\"sess_0e234331-0804-49b2-b1a6-4ad458d727e5\",\"messageCount\":2,\"durationMs\":31}","conversationId":"sess_0e234331-0804-49b2-b1a6-4ad458d727e5","turnId":"0417b5f3-03f5-4ced-9602-ddcb753e5abd","rootTurnId":"0417b5f3-03f5-4ced-9602-ddcb753e5abd"}
{"timestamp":"2026-08-24T15:18:53.086Z","level":"info","message":"[AgentIterator] Synchronizing results","conversationId":"sess_0e234331-0804-49b2-b1a6-4ad458d727e5","turnId":"0417b5f3-03f5-4ced-9602-ddcb753e5abd","rootTurnId":"0417b5f3-03f5-4ced-9602-ddcb753e5abd"}
{"timestamp":"2026-08-24T15:18:53.086Z","level":"info","message":"[AgentIterator] Processing intent detection result","conversationId":"sess_0e234331-0804-49b2-b1a6-4ad458d727e5","turnId":"0417b5f3-03f5-4ced-9602-ddcb753e5abd","rootTurnId":"0417b5f3-03f5-4ced-9602-ddcb753e5abd"}
{"timestamp":"2026-08-24T15:18:53.086Z","level":"info","message":"[ChatAgent] Processing model response stream","conversationId":"sess_0e234331-0804-49b2-b1a6-4ad458d727e5","turnId":"0417b5f3-03f5-4ced-9602-ddcb753e5abd","rootTurnId":"0417b5f3-03f5-4ced-9602-ddcb753e5abd"}
{"timestamp":"2026-08-24T15:18:53.086Z","level":"info","message":"[Steering] Populating steering for execution 0417b5f3-03f5-4ced-9602-ddcb753e5abd","conversationId":"sess_0e234331-0804-49b2-b1a6-4ad458d727e5","turnId":"0417b5f3-03f5-4ced-9602-ddcb753e5abd","rootTurnId":"0417b5f3-03f5-4ced-9602-ddcb753e5abd"}
{"timestamp":"2026-08-24T15:18:53.086Z","level":"info","message":"[Steering] ExistingFiles: /c:/Users/Student/.kiro/workspace-roots/regen-railway/vite.config.ts in 0417b5f3-03f5-4ced-9602-ddcb753e5abd","conversationId":"sess_0e234331-0804-49b2-b1a6-4ad458d727e5","turnId":"0417b5f3-03f5-4ced-9602-ddcb753e5abd","rootTurnId":"0417b5f3-03f5-4ced-9602-ddcb753e5abd"}
{"timestamp":"2026-08-24T15:19:51.297Z","level":"info","message":"[ACPEventAdapter] Execution yielded {\"executionId\":\"0417b5f3-03f5-4ced-9602-ddcb753e5abd\"}","conversationId":"sess_0e234331-0804-49b2-b1a6-4ad458d727e5","turnId":"0417b5f3-03f5-4ced-9602-ddcb753e5abd","rootTurnId":"0417b5f3-03f5-4ced-9602-ddcb753e5abd"}
{"timestamp":"2026-08-24T15:19:51.301Z","level":"info","message":"acp.policy-eval.complete {\"toolId\":\"run_command\",\"effect\":\"ask\"}","conversationId":"sess_0e234331-0804-49b2-b1a6-4ad458d727e5","turnId":"0417b5f3-03f5-4ced-9602-ddcb753e5abd","rootTurnId":"0417b5f3-03f5-4ced-9602-ddcb753e5abd"}
{"timestamp":"2026-08-24T15:19:51.332Z","level":"info","message":"[ACP ToolApproval] Requesting permission for toolId=run_command, operationId=run_command_tooluse_Qrf67IyKeTkY2hmwhesYv3, sessionId=sess_0e234331-0804-49b2-b1a6-4ad458d727e5","conversationId":"sess_0e234331-0804-49b2-b1a6-4ad458d727e5","turnId":"0417b5f3-03f5-4ced-9602-ddcb753e5abd","rootTurnId":"0417b5f3-03f5-4ced-9602-ddcb753e5abd"}
{"timestamp":"2026-08-24T15:19:51.346Z","level":"info","message":"fs.appendMessages.ok {\"system\":\"fs\",\"sessionId\":\"sess_0e234331-0804-49b2-b1a6-4ad458d727e5\",\"messageCount\":1,\"durationMs\":14}","conversationId":"sess_0e234331-0804-49b2-b1a6-4ad458d727e5","turnId":"0417b5f3-03f5-4ced-9602-ddcb753e5abd","rootTurnId":"0417b5f3-03f5-4ced-9602-ddcb753e5abd"}
{"timestamp":"2026-08-24T15:19:51.363Z","level":"info","message":"fs.appendMessages.ok {\"system\":\"fs\",\"sessionId\":\"sess_0e234331-0804-49b2-b1a6-4ad458d727e5\",\"messageCount\":1,\"durationMs\":18}","conversationId":"sess_0e234331-0804-49b2-b1a6-4ad458d727e5","turnId":"0417b5f3-03f5-4ced-9602-ddcb753e5abd","rootTurnId":"0417b5f3-03f5-4ced-9602-ddcb753e5abd"}
{"timestamp":"2026-08-24T15:19:51.373Z","level":"info","message":"fs.appendMessages.ok {\"system\":\"fs\",\"sessionId\":\"sess_0e234331-0804-49b2-b1a6-4ad458d727e5\",\"messageCount\":1,\"durationMs\":10}","conversationId":"sess_0e234331-0804-49b2-b1a6-4ad458d727e5","turnId":"0417b5f3-03f5-4ced-9602-ddcb753e5abd","rootTurnId":"0417b5f3-03f5-4ced-9602-ddcb753e5abd"}
{"timestamp":"2026-08-24T15:19:57.665Z","level":"info","message":"fs.appendMessages.ok {\"system\":\"fs\",\"sessionId\":\"sess_0e234331-0804-49b2-b1a6-4ad458d727e5\",\"messageCount\":1,\"durationMs\":2}","conversationId":"sess_0e234331-0804-49b2-b1a6-4ad458d727e5","turnId":"0417b5f3-03f5-4ced-9602-ddcb753e5abd","rootTurnId":"0417b5f3-03f5-4ced-9602-ddcb753e5abd"}
{"timestamp":"2026-08-24T15:19:57.665Z","level":"info","message":"[ACP ToolApproval] Got response: {\"optionId\":\"always-accept\",\"outcome\":\"selected\"}","conversationId":"sess_0e234331-0804-49b2-b1a6-4ad458d727e5","turnId":"0417b5f3-03f5-4ced-9602-ddcb753e5abd","rootTurnId":"0417b5f3-03f5-4ced-9602-ddcb753e5abd"}
{"timestamp":"2026-08-24T15:19:57.934Z","level":"info","message":"[PolicySession] rebuild() complete: 17 rules parsed, engineActive=true, fatal=false","conversationId":"sess_0e234331-0804-49b2-b1a6-4ad458d727e5","turnId":"0417b5f3-03f5-4ced-9602-ddcb753e5abd","rootTurnId":"0417b5f3-03f5-4ced-9602-ddcb753e5abd"}
{"timestamp":"2026-08-24T15:19:57.934Z","level":"info","message":"[PolicySession] Persisted allow rule for shell matching \"Set-Content -Path \"src\\pages\\Alerts.tsx\" -Value $alertsPage -Encoding UTF8\" at scope=user","conversationId":"sess_0e234331-0804-49b2-b1a6-4ad458d727e5","turnId":"0417b5f3-03f5-4ced-9602-ddcb753e5abd","rootTurnId":"0417b5f3-03f5-4ced-9602-ddcb753e5abd"}
{"timestamp":"2026-08-24T15:19:57.939Z","level":"info","message":"[ACPEventAdapter] Execution resumed {\"executionId\":\"0417b5f3-03f5-4ced-9602-ddcb753e5abd\"}","conversationId":"sess_0e234331-0804-49b2-b1a6-4ad458d727e5","turnId":"0417b5f3-03f5-4ced-9602-ddcb753e5abd","rootTurnId":"0417b5f3-03f5-4ced-9602-ddcb753e5abd"}
{"timestamp":"2026-08-24T15:19:57.940Z","level":"info","message":"acp.policy-eval.complete {\"toolId\":\"list_directory\",\"effect\":\"allow\",\"capability\":\"fs_read\"}","conversationId":"sess_0e234331-0804-49b2-b1a6-4ad458d727e5","turnId":"0417b5f3-03f5-4ced-9602-ddcb753e5abd","rootTurnId":"0417b5f3-03f5-4ced-9602-ddcb753e5abd"}
{"timestamp":"2026-08-24T15:20:04.992Z","level":"info","message":"[AgentIterator] Parallel invoking agent","conversationId":"sess_0e234331-0804-49b2-b1a6-4ad458d727e5","turnId":"0417b5f3-03f5-4ced-9602-ddcb753e5abd","rootTurnId":"0417b5f3-03f5-4ced-9602-ddcb753e5abd"}
{"timestamp":"2026-08-24T15:20:04.992Z","level":"info","message":"[Steering] Populating steering for execution 0417b5f3-03f5-4ced-9602-ddcb753e5abd","conversationId":"sess_0e234331-0804-49b2-b1a6-4ad458d727e5","turnId":"0417b5f3-03f5-4ced-9602-ddcb753e5abd","rootTurnId":"0417b5f3-03f5-4ced-9602-ddcb753e5abd"}
{"timestamp":"2026-08-24T15:20:04.992Z","level":"info","message":"[Steering] ExistingFiles: /c:/Users/Student/.kiro/workspace-roots/regen-railway/vite.config.ts in 0417b5f3-03f5-4ced-9602-ddcb753e5abd","conversationId":"sess_0e234331-0804-49b2-b1a6-4ad458d727e5","turnId":"0417b5f3-03f5-4ced-9602-ddcb753e5abd","rootTurnId":"0417b5f3-03f5-4ced-9602-ddcb753e5abd"}
{"timestamp":"2026-08-24T15:20:04.998Z","level":"info","message":"[q-developer-converse] Sending GenerateAssistantResponse modelId=auto agentMode=vibe origin=AI_EDITOR streaming=true conversationId=sess_0e234331-0804-49b2-b1a6-4ad458d727e5","conversationId":"sess_0e234331-0804-49b2-b1a6-4ad458d727e5","turnId":"0417b5f3-03f5-4ced-9602-ddcb753e5abd","rootTurnId":"0417b5f3-03f5-4ced-9602-ddcb753e5abd"}
{"timestamp":"2026-08-24T15:20:05.009Z","level":"info","message":"[q-developer-converse] Request payload: 2735673 chars, 204 history messages, conversationId=sess_0e234331-0804-49b2-b1a6-4ad458d727e5","conversationId":"sess_0e234331-0804-49b2-b1a6-4ad458d727e5","turnId":"0417b5f3-03f5-4ced-9602-ddcb753e5abd","rootTurnId":"0417b5f3-03f5-4ced-9602-ddcb753e5abd"}
{"timestamp":"2026-08-24T15:20:05.022Z","level":"info","message":"fs.appendMessages.ok {\"system\":\"fs\",\"sessionId\":\"sess_0e234331-0804-49b2-b1a6-4ad458d727e5\",\"messageCount\":2,\"durationMs\":33}","conversationId":"sess_0e234331-0804-49b2-b1a6-4ad458d727e5","turnId":"0417b5f3-03f5-4ced-9602-ddcb753e5abd","rootTurnId":"0417b5f3-03f5-4ced-9602-ddcb753e5abd"}
{"timestamp":"2026-08-24T15:20:09.972Z","level":"info","message":"[AgentIterator] Synchronizing results","conversationId":"sess_0e234331-0804-49b2-b1a6-4ad458d727e5","turnId":"0417b5f3-03f5-4ced-9602-ddcb753e5abd","rootTurnId":"0417b5f3-03f5-4ced-9602-ddcb753e5abd"}
{"timestamp":"2026-08-24T15:20:09.972Z","level":"info","message":"[AgentIterator] Processing intent detection result","conversationId":"sess_0e234331-0804-49b2-b1a6-4ad458d727e5","turnId":"0417b5f3-03f5-4ced-9602-ddcb753e5abd","rootTurnId":"0417b5f3-03f5-4ced-9602-ddcb753e5abd"}
{"timestamp":"2026-08-24T15:20:09.972Z","level":"info","message":"[ChatAgent] Processing model response stream","conversationId":"sess_0e234331-0804-49b2-b1a6-4ad458d727e5","turnId":"0417b5f3-03f5-4ced-9602-ddcb753e5abd","rootTurnId":"0417b5f3-03f5-4ced-9602-ddcb753e5abd"}
{"timestamp":"2026-08-24T15:20:09.972Z","level":"info","message":"[Steering] Populating steering for execution 0417b5f3-03f5-4ced-9602-ddcb753e5abd","conversationId":"sess_0e234331-0804-49b2-b1a6-4ad458d727e5","turnId":"0417b5f3-03f5-4ced-9602-ddcb753e5abd","rootTurnId":"0417b5f3-03f5-4ced-9602-ddcb753e5abd"}
{"timestamp":"2026-08-24T15:20:09.972Z","level":"info","message":"[Steering] ExistingFiles: /c:/Users/Student/.kiro/workspace-roots/regen-railway/vite.config.ts in 0417b5f3-03f5-4ced-9602-ddcb753e5abd","conversationId":"sess_0e234331-0804-49b2-b1a6-4ad458d727e5","turnId":"0417b5f3-03f5-4ced-9602-ddcb753e5abd","rootTurnId":"0417b5f3-03f5-4ced-9602-ddcb753e5abd"}
{"timestamp":"2026-08-24T15:21:04.371Z","level":"info","message":"network.listAvailableModels.ok {\"system\":\"network\",\"durationMs\":1470}"}
{"timestamp":"2026-08-24T15:21:04.371Z","level":"info","message":"[ACPModelConfigProvider] Loaded 9 models"}
{"timestamp":"2026-08-24T15:21:08.514Z","level":"info","message":"[ACPEventAdapter] Execution yielded {\"executionId\":\"0417b5f3-03f5-4ced-9602-ddcb753e5abd\"}","conversationId":"sess_0e234331-0804-49b2-b1a6-4ad458d727e5","turnId":"0417b5f3-03f5-4ced-9602-ddcb753e5abd","rootTurnId":"0417b5f3-03f5-4ced-9602-ddcb753e5abd"}
{"timestamp":"2026-08-24T15:21:08.517Z","level":"info","message":"acp.policy-eval.complete {\"toolId\":\"run_command\",\"effect\":\"ask\"}","conversationId":"sess_0e234331-0804-49b2-b1a6-4ad458d727e5","turnId":"0417b5f3-03f5-4ced-9602-ddcb753e5abd","rootTurnId":"0417b5f3-03f5-4ced-9602-ddcb753e5abd"}
{"timestamp":"2026-08-24T15:21:08.533Z","level":"info","message":"[ACP ToolApproval] Requesting permission for toolId=run_command, operationId=run_command_tooluse_yYlZl4az5fuFlKVgAfbBmQ, sessionId=sess_0e234331-0804-49b2-b1a6-4ad458d727e5","conversationId":"sess_0e234331-0804-49b2-b1a6-4ad458d727e5","turnId":"0417b5f3-03f5-4ced-9602-ddcb753e5abd","rootTurnId":"0417b5f3-03f5-4ced-9602-ddcb753e5abd"}
{"timestamp":"2026-08-24T15:21:08.543Z","level":"info","message":"fs.appendMessages.ok {\"system\":\"fs\",\"sessionId\":\"sess_0e234331-0804-49b2-b1a6-4ad458d727e5\",\"messageCount\":1,\"durationMs\":10}","conversationId":"sess_0e234331-0804-49b2-b1a6-4ad458d727e5","turnId":"0417b5f3-03f5-4ced-9602-ddcb753e5abd","rootTurnId":"0417b5f3-03f5-4ced-9602-ddcb753e5abd"}
{"timestamp":"2026-08-24T15:21:08.554Z","level":"info","message":"fs.appendMessages.ok {\"system\":\"fs\",\"sessionId\":\"sess_0e234331-0804-49b2-b1a6-4ad458d727e5\",\"messageCount\":1,\"durationMs\":11}","conversationId":"sess_0e234331-0804-49b2-b1a6-4ad458d727e5","turnId":"0417b5f3-03f5-4ced-9602-ddcb753e5abd","rootTurnId":"0417b5f3-03f5-4ced-9602-ddcb753e5abd"}
{"timestamp":"2026-08-24T15:21:08.566Z","level":"info","message":"fs.appendMessages.ok {\"system\":\"fs\",\"sessionId\":\"sess_0e234331-0804-49b2-b1a6-4ad458d727e5\",\"messageCount\":1,\"durationMs\":12}","conversationId":"sess_0e234331-0804-49b2-b1a6-4ad458d727e5","turnId":"0417b5f3-03f5-4ced-9602-ddcb753e5abd","rootTurnId":"0417b5f3-03f5-4ced-9602-ddcb753e5abd"}
{"timestamp":"2026-08-24T15:21:14.368Z","level":"info","message":"fs.appendMessages.ok {\"system\":\"fs\",\"sessionId\":\"sess_0e234331-0804-49b2-b1a6-4ad458d727e5\",\"messageCount\":1,\"durationMs\":1}","conversationId":"sess_0e234331-0804-49b2-b1a6-4ad458d727e5","turnId":"0417b5f3-03f5-4ced-9602-ddcb753e5abd","rootTurnId":"0417b5f3-03f5-4ced-9602-ddcb753e5abd"}
{"timestamp":"2026-08-24T15:21:14.368Z","level":"info","message":"[ACP ToolApproval] Got response: {\"optionId\":\"always-accept\",\"outcome\":\"selected\"}","conversationId":"sess_0e234331-0804-49b2-b1a6-4ad458d727e5","turnId":"0417b5f3-03f5-4ced-9602-ddcb753e5abd","rootTurnId":"0417b5f3-03f5-4ced-9602-ddcb753e5abd"}
{"timestamp":"2026-08-24T15:21:14.636Z","level":"info","message":"[PolicySession] rebuild() complete: 17 rules parsed, engineActive=true, fatal=false","conversationId":"sess_0e234331-0804-49b2-b1a6-4ad458d727e5","turnId":"0417b5f3-03f5-4ced-9602-ddcb753e5abd","rootTurnId":"0417b5f3-03f5-4ced-9602-ddcb753e5abd"}
{"timestamp":"2026-08-24T15:21:14.636Z","level":"info","message":"[PolicySession] Persisted allow rule for shell matching \"Set-Content -Path \"src\\pages\\Inspections.tsx\" -Value $inspPage -Encoding UTF8\" at scope=user","conversationId":"sess_0e234331-0804-49b2-b1a6-4ad458d727e5","turnId":"0417b5f3-03f5-4ced-9602-ddcb753e5abd","rootTurnId":"0417b5f3-03f5-4ced-9602-ddcb753e5abd"}
{"timestamp":"2026-08-24T15:21:14.642Z","level":"info","message":"[ACPEventAdapter] Execution resumed {\"executionId\":\"0417b5f3-03f5-4ced-9602-ddcb753e5abd\"}","conversationId":"sess_0e234331-0804-49b2-b1a6-4ad458d727e5","turnId":"0417b5f3-03f5-4ced-9602-ddcb753e5abd","rootTurnId":"0417b5f3-03f5-4ced-9602-ddcb753e5abd"}
{"timestamp":"2026-08-24T15:21:14.643Z","level":"info","message":"acp.policy-eval.complete {\"toolId\":\"list_directory\",\"effect\":\"allow\",\"capability\":\"fs_read\"}","conversationId":"sess_0e234331-0804-49b2-b1a6-4ad458d727e5","turnId":"0417b5f3-03f5-4ced-9602-ddcb753e5abd","rootTurnId":"0417b5f3-03f5-4ced-9602-ddcb753e5abd"}
{"timestamp":"2026-08-24T15:21:21.673Z","level":"info","message":"[AgentIterator] Parallel invoking agent","conversationId":"sess_0e234331-0804-49b2-b1a6-4ad458d727e5","turnId":"0417b5f3-03f5-4ced-9602-ddcb753e5abd","rootTurnId":"0417b5f3-03f5-4ced-9602-ddcb753e5abd"}
{"timestamp":"2026-08-24T15:21:21.673Z","level":"info","message":"[Steering] Populating steering for execution 0417b5f3-03f5-4ced-9602-ddcb753e5abd","conversationId":"sess_0e234331-0804-49b2-b1a6-4ad458d727e5","turnId":"0417b5f3-03f5-4ced-9602-ddcb753e5abd","rootTurnId":"0417b5f3-03f5-4ced-9602-ddcb753e5abd"}
{"timestamp":"2026-08-24T15:21:21.673Z","level":"info","message":"[Steering] ExistingFiles: /c:/Users/Student/.kiro/workspace-roots/regen-railway/vite.config.ts in 0417b5f3-03f5-4ced-9602-ddcb753e5abd","conversationId":"sess_0e234331-0804-49b2-b1a6-4ad458d727e5","turnId":"0417b5f3-03f5-4ced-9602-ddcb753e5abd","rootTurnId":"0417b5f3-03f5-4ced-9602-ddcb753e5abd"}
{"timestamp":"2026-08-24T15:21:21.677Z","level":"info","message":"[q-developer-converse] Sending GenerateAssistantResponse modelId=auto agentMode=vibe origin=AI_EDITOR streaming=true conversationId=sess_0e234331-0804-49b2-b1a6-4ad458d727e5","conversationId":"sess_0e234331-0804-49b2-b1a6-4ad458d727e5","turnId":"0417b5f3-03f5-4ced-9602-ddcb753e5abd","rootTurnId":"0417b5f3-03f5-4ced-9602-ddcb753e5abd"}
{"timestamp":"2026-08-24T15:21:21.688Z","level":"info","message":"[q-developer-converse] Request payload: 2752185 chars, 206 history messages, conversationId=sess_0e234331-0804-49b2-b1a6-4ad458d727e5","conversationId":"sess_0e234331-0804-49b2-b1a6-4ad458d727e5","turnId":"0417b5f3-03f5-4ced-9602-ddcb753e5abd","rootTurnId":"0417b5f3-03f5-4ced-9602-ddcb753e5abd"}
{"timestamp":"2026-08-24T15:21:21.701Z","level":"info","message":"fs.appendMessages.ok {\"system\":\"fs\",\"sessionId\":\"sess_0e234331-0804-49b2-b1a6-4ad458d727e5\",\"messageCount\":2,\"durationMs\":32}","conversationId":"sess_0e234331-0804-49b2-b1a6-4ad458d727e5","turnId":"0417b5f3-03f5-4ced-9602-ddcb753e5abd","rootTurnId":"0417b5f3-03f5-4ced-9602-ddcb753e5abd"}
{"timestamp":"2026-08-24T15:21:28.906Z","level":"info","message":"[AgentIterator] Synchronizing results","conversationId":"sess_0e234331-0804-49b2-b1a6-4ad458d727e5","turnId":"0417b5f3-03f5-4ced-9602-ddcb753e5abd","rootTurnId":"0417b5f3-03f5-4ced-9602-ddcb753e5abd"}
{"timestamp":"2026-08-24T15:21:28.906Z","level":"info","message":"[AgentIterator] Processing intent detection result","conversationId":"sess_0e234331-0804-49b2-b1a6-4ad458d727e5","turnId":"0417b5f3-03f5-4ced-9602-ddcb753e5abd","rootTurnId":"0417b5f3-03f5-4ced-9602-ddcb753e5abd"}
{"timestamp":"2026-08-24T15:21:28.906Z","level":"info","message":"[ChatAgent] Processing model response stream","conversationId":"sess_0e234331-0804-49b2-b1a6-4ad458d727e5","turnId":"0417b5f3-03f5-4ced-9602-ddcb753e5abd","rootTurnId":"0417b5f3-03f5-4ced-9602-ddcb753e5abd"}
{"timestamp":"2026-08-24T15:21:28.906Z","level":"info","message":"[Steering] Populating steering for execution 0417b5f3-03f5-4ced-9602-ddcb753e5abd","conversationId":"sess_0e234331-0804-49b2-b1a6-4ad458d727e5","turnId":"0417b5f3-03f5-4ced-9602-ddcb753e5abd","rootTurnId":"0417b5f3-03f5-4ced-9602-ddcb753e5abd"}
{"timestamp":"2026-08-24T15:21:28.906Z","level":"info","message":"[Steering] ExistingFiles: /c:/Users/Student/.kiro/workspace-roots/regen-railway/vite.config.ts in 0417b5f3-03f5-4ced-9602-ddcb753e5abd","conversationId":"sess_0e234331-0804-49b2-b1a6-4ad458d727e5","turnId":"0417b5f3-03f5-4ced-9602-ddcb753e5abd","rootTurnId":"0417b5f3-03f5-4ced-9602-ddcb753e5abd"}
{"timestamp":"2026-08-24T15:22:34.967Z","level":"info","message":"[ACPEventAdapter] Execution yielded {\"executionId\":\"0417b5f3-03f5-4ced-9602-ddcb753e5abd\"}","conversationId":"sess_0e234331-0804-49b2-b1a6-4ad458d727e5","turnId":"0417b5f3-03f5-4ced-9602-ddcb753e5abd","rootTurnId":"0417b5f3-03f5-4ced-9602-ddcb753e5abd"}
{"timestamp":"2026-08-24T15:22:34.970Z","level":"info","message":"acp.policy-eval.complete {\"toolId\":\"run_command\",\"effect\":\"ask\"}","conversationId":"sess_0e234331-0804-49b2-b1a6-4ad458d727e5","turnId":"0417b5f3-03f5-4ced-9602-ddcb753e5abd","rootTurnId":"0417b5f3-03f5-4ced-9602-ddcb753e5abd"}
{"timestamp":"2026-08-24T15:22:34.986Z","level":"info","message":"[ACP ToolApproval] Requesting permission for toolId=run_command, operationId=run_command_tooluse_nJu2EWWgvj0td0NjEniYnj, sessionId=sess_0e234331-0804-49b2-b1a6-4ad458d727e5","conversationId":"sess_0e234331-0804-49b2-b1a6-4ad458d727e5","turnId":"0417b5f3-03f5-4ced-9602-ddcb753e5abd","rootTurnId":"0417b5f3-03f5-4ced-9602-ddcb753e5abd"}
{"timestamp":"2026-08-24T15:22:34.995Z","level":"info","message":"fs.appendMessages.ok {\"system\":\"fs\",\"sessionId\":\"sess_0e234331-0804-49b2-b1a6-4ad458d727e5\",\"messageCount\":1,\"durationMs\":9}","conversationId":"sess_0e234331-0804-49b2-b1a6-4ad458d727e5","turnId":"0417b5f3-03f5-4ced-9602-ddcb753e5abd","rootTurnId":"0417b5f3-03f5-4ced-9602-ddcb753e5abd"}
{"timestamp":"2026-08-24T15:22:35.008Z","level":"info","message":"fs.appendMessages.ok {\"system\":\"fs\",\"sessionId\":\"sess_0e234331-0804-49b2-b1a6-4ad458d727e5\",\"messageCount\":1,\"durationMs\":12}","conversationId":"sess_0e234331-0804-49b2-b1a6-4ad458d727e5","turnId":"0417b5f3-03f5-4ced-9602-ddcb753e5abd","rootTurnId":"0417b5f3-03f5-4ced-9602-ddcb753e5abd"}
{"timestamp":"2026-08-24T15:22:35.016Z","level":"info","message":"fs.appendMessages.ok {\"system\":\"fs\",\"sessionId\":\"sess_0e234331-0804-49b2-b1a6-4ad458d727e5\",\"messageCount\":1,\"durationMs\":9}","conversationId":"sess_0e234331-0804-49b2-b1a6-4ad458d727e5","turnId":"0417b5f3-03f5-4ced-9602-ddcb753e5abd","rootTurnId":"0417b5f3-03f5-4ced-9602-ddcb753e5abd"}
{"timestamp":"2026-08-24T15:22:37.793Z","level":"info","message":"fs.appendMessages.ok {\"system\":\"fs\",\"sessionId\":\"sess_0e234331-0804-49b2-b1a6-4ad458d727e5\",\"messageCount\":1,\"durationMs\":2}","conversationId":"sess_0e234331-0804-49b2-b1a6-4ad458d727e5","turnId":"0417b5f3-03f5-4ced-9602-ddcb753e5abd","rootTurnId":"0417b5f3-03f5-4ced-9602-ddcb753e5abd"}
{"timestamp":"2026-08-24T15:22:37.793Z","level":"info","message":"[ACP ToolApproval] Got response: {\"optionId\":\"always-accept\",\"outcome\":\"selected\"}","conversationId":"sess_0e234331-0804-49b2-b1a6-4ad458d727e5","turnId":"0417b5f3-03f5-4ced-9602-ddcb753e5abd","rootTurnId":"0417b5f3-03f5-4ced-9602-ddcb753e5abd"}
{"timestamp":"2026-08-24T15:22:38.067Z","level":"info","message":"[PolicySession] rebuild() complete: 17 rules parsed, engineActive=true, fatal=false","conversationId":"sess_0e234331-0804-49b2-b1a6-4ad458d727e5","turnId":"0417b5f3-03f5-4ced-9602-ddcb753e5abd","rootTurnId":"0417b5f3-03f5-4ced-9602-ddcb753e5abd"}
{"timestamp":"2026-08-24T15:22:38.067Z","level":"info","message":"[PolicySession] Persisted allow rule for shell matching \"Set-Content -Path \"src\\pages\\Maintenance.tsx\" -Value $maintPage -Encoding UTF8\" at scope=user","conversationId":"sess_0e234331-0804-49b2-b1a6-4ad458d727e5","turnId":"0417b5f3-03f5-4ced-9602-ddcb753e5abd","rootTurnId":"0417b5f3-03f5-4ced-9602-ddcb753e5abd"}
{"timestamp":"2026-08-24T15:22:38.080Z","level":"info","message":"[ACPEventAdapter] Execution resumed {\"executionId\":\"0417b5f3-03f5-4ced-9602-ddcb753e5abd\"}","conversationId":"sess_0e234331-0804-49b2-b1a6-4ad458d727e5","turnId":"0417b5f3-03f5-4ced-9602-ddcb753e5abd","rootTurnId":"0417b5f3-03f5-4ced-9602-ddcb753e5abd"}
{"timestamp":"2026-08-24T15:22:38.082Z","level":"info","message":"acp.policy-eval.complete {\"toolId\":\"list_directory\",\"effect\":\"allow\",\"capability\":\"fs_read\"}","conversationId":"sess_0e234331-0804-49b2-b1a6-4ad458d727e5","turnId":"0417b5f3-03f5-4ced-9602-ddcb753e5abd","rootTurnId":"0417b5f3-03f5-4ced-9602-ddcb753e5abd"}
{"timestamp":"2026-08-24T15:22:45.224Z","level":"info","message":"[AgentIterator] Parallel invoking agent","conversationId":"sess_0e234331-0804-49b2-b1a6-4ad458d727e5","turnId":"0417b5f3-03f5-4ced-9602-ddcb753e5abd","rootTurnId":"0417b5f3-03f5-4ced-9602-ddcb753e5abd"}
{"timestamp":"2026-08-24T15:22:45.225Z","level":"info","message":"[Steering] Populating steering for execution 0417b5f3-03f5-4ced-9602-ddcb753e5abd","conversationId":"sess_0e234331-0804-49b2-b1a6-4ad458d727e5","turnId":"0417b5f3-03f5-4ced-9602-ddcb753e5abd","rootTurnId":"0417b5f3-03f5-4ced-9602-ddcb753e5abd"}
{"timestamp":"2026-08-24T15:22:45.225Z","level":"info","message":"[Steering] ExistingFiles: /c:/Users/Student/.kiro/workspace-roots/regen-railway/vite.config.ts in 0417b5f3-03f5-4ced-9602-ddcb753e5abd","conversationId":"sess_0e234331-0804-49b2-b1a6-4ad458d727e5","turnId":"0417b5f3-03f5-4ced-9602-ddcb753e5abd","rootTurnId":"0417b5f3-03f5-4ced-9602-ddcb753e5abd"}
{"timestamp":"2026-08-24T15:22:45.230Z","level":"info","message":"[q-developer-converse] Sending GenerateAssistantResponse modelId=auto agentMode=vibe origin=AI_EDITOR streaming=true conversationId=sess_0e234331-0804-49b2-b1a6-4ad458d727e5","conversationId":"sess_0e234331-0804-49b2-b1a6-4ad458d727e5","turnId":"0417b5f3-03f5-4ced-9602-ddcb753e5abd","rootTurnId":"0417b5f3-03f5-4ced-9602-ddcb753e5abd"}
{"timestamp":"2026-08-24T15:22:45.241Z","level":"info","message":"[q-developer-converse] Request payload: 2770196 chars, 208 history messages, conversationId=sess_0e234331-0804-49b2-b1a6-4ad458d727e5","conversationId":"sess_0e234331-0804-49b2-b1a6-4ad458d727e5","turnId":"0417b5f3-03f5-4ced-9602-ddcb753e5abd","rootTurnId":"0417b5f3-03f5-4ced-9602-ddcb753e5abd"}
{"timestamp":"2026-08-24T15:22:45.254Z","level":"info","message":"fs.appendMessages.ok {\"system\":\"fs\",\"sessionId\":\"sess_0e234331-0804-49b2-b1a6-4ad458d727e5\",\"messageCount\":2,\"durationMs\":33}","conversationId":"sess_0e234331-0804-49b2-b1a6-4ad458d727e5","turnId":"0417b5f3-03f5-4ced-9602-ddcb753e5abd","rootTurnId":"0417b5f3-03f5-4ced-9602-ddcb753e5abd"}
{"timestamp":"2026-08-24T15:22:52.193Z","level":"info","message":"[AgentIterator] Synchronizing results","conversationId":"sess_0e234331-0804-49b2-b1a6-4ad458d727e5","turnId":"0417b5f3-03f5-4ced-9602-ddcb753e5abd","rootTurnId":"0417b5f3-03f5-4ced-9602-ddcb753e5abd"}
{"timestamp":"2026-08-24T15:22:52.193Z","level":"info","message":"[AgentIterator] Processing intent detection result","conversationId":"sess_0e234331-0804-49b2-b1a6-4ad458d727e5","turnId":"0417b5f3-03f5-4ced-9602-ddcb753e5abd","rootTurnId":"0417b5f3-03f5-4ced-9602-ddcb753e5abd"}
{"timestamp":"2026-08-24T15:22:52.193Z","level":"info","message":"[ChatAgent] Processing model response stream","conversationId":"sess_0e234331-0804-49b2-b1a6-4ad458d727e5","turnId":"0417b5f3-03f5-4ced-9602-ddcb753e5abd","rootTurnId":"0417b5f3-03f5-4ced-9602-ddcb753e5abd"}
{"timestamp":"2026-08-24T15:22:52.193Z","level":"info","message":"[Steering] Populating steering for execution 0417b5f3-03f5-4ced-9602-ddcb753e5abd","conversationId":"sess_0e234331-0804-49b2-b1a6-4ad458d727e5","turnId":"0417b5f3-03f5-4ced-9602-ddcb753e5abd","rootTurnId":"0417b5f3-03f5-4ced-9602-ddcb753e5abd"}
{"timestamp":"2026-08-24T15:22:52.193Z","level":"info","message":"[Steering] ExistingFiles: /c:/Users/Student/.kiro/workspace-roots/regen-railway/vite.config.ts in 0417b5f3-03f5-4ced-9602-ddcb753e5abd","conversationId":"sess_0e234331-0804-49b2-b1a6-4ad458d727e5","turnId":"0417b5f3-03f5-4ced-9602-ddcb753e5abd","rootTurnId":"0417b5f3-03f5-4ced-9602-ddcb753e5abd"}
{"timestamp":"2026-08-24T15:23:57.637Z","level":"info","message":"[ACPEventAdapter] Execution yielded {\"executionId\":\"0417b5f3-03f5-4ced-9602-ddcb753e5abd\"}","conversationId":"sess_0e234331-0804-49b2-b1a6-4ad458d727e5","turnId":"0417b5f3-03f5-4ced-9602-ddcb753e5abd","rootTurnId":"0417b5f3-03f5-4ced-9602-ddcb753e5abd"}
{"timestamp":"2026-08-24T15:23:57.641Z","level":"info","message":"acp.policy-eval.complete {\"toolId\":\"run_command\",\"effect\":\"ask\"}","conversationId":"sess_0e234331-0804-49b2-b1a6-4ad458d727e5","turnId":"0417b5f3-03f5-4ced-9602-ddcb753e5abd","rootTurnId":"0417b5f3-03f5-4ced-9602-ddcb753e5abd"}
{"timestamp":"2026-08-24T15:23:57.671Z","level":"info","message":"[ACP ToolApproval] Requesting permission for toolId=run_command, operationId=run_command_tooluse_AfSGwk0vjXBG1zHlUpk3gh, sessionId=sess_0e234331-0804-49b2-b1a6-4ad458d727e5","conversationId":"sess_0e234331-0804-49b2-b1a6-4ad458d727e5","turnId":"0417b5f3-03f5-4ced-9602-ddcb753e5abd","rootTurnId":"0417b5f3-03f5-4ced-9602-ddcb753e5abd"}
{"timestamp":"2026-08-24T15:23:57.688Z","level":"info","message":"fs.appendMessages.ok {\"system\":\"fs\",\"sessionId\":\"sess_0e234331-0804-49b2-b1a6-4ad458d727e5\",\"messageCount\":1,\"durationMs\":17}","conversationId":"sess_0e234331-0804-49b2-b1a6-4ad458d727e5","turnId":"0417b5f3-03f5-4ced-9602-ddcb753e5abd","rootTurnId":"0417b5f3-03f5-4ced-9602-ddcb753e5abd"}
{"timestamp":"2026-08-24T15:23:57.699Z","level":"info","message":"fs.appendMessages.ok {\"system\":\"fs\",\"sessionId\":\"sess_0e234331-0804-49b2-b1a6-4ad458d727e5\",\"messageCount\":1,\"durationMs\":11}","conversationId":"sess_0e234331-0804-49b2-b1a6-4ad458d727e5","turnId":"0417b5f3-03f5-4ced-9602-ddcb753e5abd","rootTurnId":"0417b5f3-03f5-4ced-9602-ddcb753e5abd"}
{"timestamp":"2026-08-24T15:23:57.708Z","level":"info","message":"fs.appendMessages.ok {\"system\":\"fs\",\"sessionId\":\"sess_0e234331-0804-49b2-b1a6-4ad458d727e5\",\"messageCount\":1,\"durationMs\":9}","conversationId":"sess_0e234331-0804-49b2-b1a6-4ad458d727e5","turnId":"0417b5f3-03f5-4ced-9602-ddcb753e5abd","rootTurnId":"0417b5f3-03f5-4ced-9602-ddcb753e5abd"}
{"timestamp":"2026-08-24T15:24:04.481Z","level":"info","message":"fs.appendMessages.ok {\"system\":\"fs\",\"sessionId\":\"sess_0e234331-0804-49b2-b1a6-4ad458d727e5\",\"messageCount\":1,\"durationMs\":2}","conversationId":"sess_0e234331-0804-49b2-b1a6-4ad458d727e5","turnId":"0417b5f3-03f5-4ced-9602-ddcb753e5abd","rootTurnId":"0417b5f3-03f5-4ced-9602-ddcb753e5abd"}
{"timestamp":"2026-08-24T15:24:04.481Z","level":"info","message":"[ACP ToolApproval] Got response: {\"optionId\":\"always-accept\",\"outcome\":\"selected\"}","conversationId":"sess_0e234331-0804-49b2-b1a6-4ad458d727e5","turnId":"0417b5f3-03f5-4ced-9602-ddcb753e5abd","rootTurnId":"0417b5f3-03f5-4ced-9602-ddcb753e5abd"}
{"timestamp":"2026-08-24T15:24:04.754Z","level":"info","message":"[PolicySession] rebuild() complete: 17 rules parsed, engineActive=true, fatal=false","conversationId":"sess_0e234331-0804-49b2-b1a6-4ad458d727e5","turnId":"0417b5f3-03f5-4ced-9602-ddcb753e5abd","rootTurnId":"0417b5f3-03f5-4ced-9602-ddcb753e5abd"}
{"timestamp":"2026-08-24T15:24:04.754Z","level":"info","message":"[PolicySession] Persisted allow rule for shell matching \"Set-Content -Path \"src\\pages\\Network.tsx\" -Value $networkPage -Encoding UTF8\" at scope=user","conversationId":"sess_0e234331-0804-49b2-b1a6-4ad458d727e5","turnId":"0417b5f3-03f5-4ced-9602-ddcb753e5abd","rootTurnId":"0417b5f3-03f5-4ced-9602-ddcb753e5abd"}
{"timestamp":"2026-08-24T15:24:04.774Z","level":"info","message":"[ACP ToolApproval] Requesting permission for toolId=run_command, operationId=run_command_tooluse_AfSGwk0vjXBG1zHlUpk3gh, sessionId=sess_0e234331-0804-49b2-b1a6-4ad458d727e5","conversationId":"sess_0e234331-0804-49b2-b1a6-4ad458d727e5","turnId":"0417b5f3-03f5-4ced-9602-ddcb753e5abd","rootTurnId":"0417b5f3-03f5-4ced-9602-ddcb753e5abd"}
{"timestamp":"2026-08-24T15:24:04.777Z","level":"info","message":"fs.appendMessages.ok {\"system\":\"fs\",\"sessionId\":\"sess_0e234331-0804-49b2-b1a6-4ad458d727e5\",\"messageCount\":1,\"durationMs\":3}","conversationId":"sess_0e234331-0804-49b2-b1a6-4ad458d727e5","turnId":"0417b5f3-03f5-4ced-9602-ddcb753e5abd","rootTurnId":"0417b5f3-03f5-4ced-9602-ddcb753e5abd"}
{"timestamp":"2026-08-24T15:24:06.264Z","level":"info","message":"fs.appendMessages.ok {\"system\":\"fs\",\"sessionId\":\"sess_0e234331-0804-49b2-b1a6-4ad458d727e5\",\"messageCount\":1,\"durationMs\":2}","conversationId":"sess_0e234331-0804-49b2-b1a6-4ad458d727e5","turnId":"0417b5f3-03f5-4ced-9602-ddcb753e5abd","rootTurnId":"0417b5f3-03f5-4ced-9602-ddcb753e5abd"}
{"timestamp":"2026-08-24T15:24:06.264Z","level":"info","message":"[ACP ToolApproval] Got response: {\"optionId\":\"always-accept\",\"outcome\":\"selected\"}","conversationId":"sess_0e234331-0804-49b2-b1a6-4ad458d727e5","turnId":"0417b5f3-03f5-4ced-9602-ddcb753e5abd","rootTurnId":"0417b5f3-03f5-4ced-9602-ddcb753e5abd"}
{"timestamp":"2026-08-24T15:24:06.539Z","level":"info","message":"[PolicySession] rebuild() complete: 17 rules parsed, engineActive=true, fatal=false","conversationId":"sess_0e234331-0804-49b2-b1a6-4ad458d727e5","turnId":"0417b5f3-03f5-4ced-9602-ddcb753e5abd","rootTurnId":"0417b5f3-03f5-4ced-9602-ddcb753e5abd"}
{"timestamp":"2026-08-24T15:24:06.539Z","level":"info","message":"[PolicySession] Persisted allow rule for shell matching \"Write-Host \"Network done\"\" at scope=user","conversationId":"sess_0e234331-0804-49b2-b1a6-4ad458d727e5","turnId":"0417b5f3-03f5-4ced-9602-ddcb753e5abd","rootTurnId":"0417b5f3-03f5-4ced-9602-ddcb753e5abd"}
{"timestamp":"2026-08-24T15:24:06.545Z","level":"info","message":"[ACPEventAdapter] Execution resumed {\"executionId\":\"0417b5f3-03f5-4ced-9602-ddcb753e5abd\"}","conversationId":"sess_0e234331-0804-49b2-b1a6-4ad458d727e5","turnId":"0417b5f3-03f5-4ced-9602-ddcb753e5abd","rootTurnId":"0417b5f3-03f5-4ced-9602-ddcb753e5abd"}
{"timestamp":"2026-08-24T15:24:06.546Z","level":"info","message":"acp.policy-eval.complete {\"toolId\":\"list_directory\",\"effect\":\"allow\",\"capability\":\"fs_read\"}","conversationId":"sess_0e234331-0804-49b2-b1a6-4ad458d727e5","turnId":"0417b5f3-03f5-4ced-9602-ddcb753e5abd","rootTurnId":"0417b5f3-03f5-4ced-9602-ddcb753e5abd"}
{"timestamp":"2026-08-24T15:24:13.504Z","level":"info","message":"[AgentIterator] Parallel invoking agent","conversationId":"sess_0e234331-0804-49b2-b1a6-4ad458d727e5","turnId":"0417b5f3-03f5-4ced-9602-ddcb753e5abd","rootTurnId":"0417b5f3-03f5-4ced-9602-ddcb753e5abd"}
{"timestamp":"2026-08-24T15:24:13.504Z","level":"info","message":"[Steering] Populating steering for execution 0417b5f3-03f5-4ced-9602-ddcb753e5abd","conversationId":"sess_0e234331-0804-49b2-b1a6-4ad458d727e5","turnId":"0417b5f3-03f5-4ced-9602-ddcb753e5abd","rootTurnId":"0417b5f3-03f5-4ced-9602-ddcb753e5abd"}
{"timestamp":"2026-08-24T15:24:13.504Z","level":"info","message":"[Steering] ExistingFiles: /c:/Users/Student/.kiro/workspace-roots/regen-railway/vite.config.ts in 0417b5f3-03f5-4ced-9602-ddcb753e5abd","conversationId":"sess_0e234331-0804-49b2-b1a6-4ad458d727e5","turnId":"0417b5f3-03f5-4ced-9602-ddcb753e5abd","rootTurnId":"0417b5f3-03f5-4ced-9602-ddcb753e5abd"}
{"timestamp":"2026-08-24T15:24:13.509Z","level":"info","message":"[q-developer-converse] Sending GenerateAssistantResponse modelId=auto agentMode=vibe origin=AI_EDITOR streaming=true conversationId=sess_0e234331-0804-49b2-b1a6-4ad458d727e5","conversationId":"sess_0e234331-0804-49b2-b1a6-4ad458d727e5","turnId":"0417b5f3-03f5-4ced-9602-ddcb753e5abd","rootTurnId":"0417b5f3-03f5-4ced-9602-ddcb753e5abd"}
{"timestamp":"2026-08-24T15:24:13.520Z","level":"info","message":"[q-developer-converse] Request payload: 2785363 chars, 210 history messages, conversationId=sess_0e234331-0804-49b2-b1a6-4ad458d727e5","conversationId":"sess_0e234331-0804-49b2-b1a6-4ad458d727e5","turnId":"0417b5f3-03f5-4ced-9602-ddcb753e5abd","rootTurnId":"0417b5f3-03f5-4ced-9602-ddcb753e5abd"}
{"timestamp":"2026-08-24T15:24:13.533Z","level":"info","message":"fs.appendMessages.ok {\"system\":\"fs\",\"sessionId\":\"sess_0e234331-0804-49b2-b1a6-4ad458d727e5\",\"messageCount\":2,\"durationMs\":32}","conversationId":"sess_0e234331-0804-49b2-b1a6-4ad458d727e5","turnId":"0417b5f3-03f5-4ced-9602-ddcb753e5abd","rootTurnId":"0417b5f3-03f5-4ced-9602-ddcb753e5abd"}
{"timestamp":"2026-08-24T15:24:18.392Z","level":"info","message":"[AgentIterator] Synchronizing results","conversationId":"sess_0e234331-0804-49b2-b1a6-4ad458d727e5","turnId":"0417b5f3-03f5-4ced-9602-ddcb753e5abd","rootTurnId":"0417b5f3-03f5-4ced-9602-ddcb753e5abd"}
{"timestamp":"2026-08-24T15:24:18.392Z","level":"info","message":"[AgentIterator] Processing intent detection result","conversationId":"sess_0e234331-0804-49b2-b1a6-4ad458d727e5","turnId":"0417b5f3-03f5-4ced-9602-ddcb753e5abd","rootTurnId":"0417b5f3-03f5-4ced-9602-ddcb753e5abd"}
{"timestamp":"2026-08-24T15:24:18.393Z","level":"info","message":"[ChatAgent] Processing model response stream","conversationId":"sess_0e234331-0804-49b2-b1a6-4ad458d727e5","turnId":"0417b5f3-03f5-4ced-9602-ddcb753e5abd","rootTurnId":"0417b5f3-03f5-4ced-9602-ddcb753e5abd"}
{"timestamp":"2026-08-24T15:24:18.393Z","level":"info","message":"[Steering] Populating steering for execution 0417b5f3-03f5-4ced-9602-ddcb753e5abd","conversationId":"sess_0e234331-0804-49b2-b1a6-4ad458d727e5","turnId":"0417b5f3-03f5-4ced-9602-ddcb753e5abd","rootTurnId":"0417b5f3-03f5-4ced-9602-ddcb753e5abd"}
{"timestamp":"2026-08-24T15:24:18.393Z","level":"info","message":"[Steering] ExistingFiles: /c:/Users/Student/.kiro/workspace-roots/regen-railway/vite.config.ts in 0417b5f3-03f5-4ced-9602-ddcb753e5abd","conversationId":"sess_0e234331-0804-49b2-b1a6-4ad458d727e5","turnId":"0417b5f3-03f5-4ced-9602-ddcb753e5abd","rootTurnId":"0417b5f3-03f5-4ced-9602-ddcb753e5abd"}
{"timestamp":"2026-08-24T15:25:27.393Z","level":"info","message":"[ACPEventAdapter] Execution yielded {\"executionId\":\"0417b5f3-03f5-4ced-9602-ddcb753e5abd\"}","conversationId":"sess_0e234331-0804-49b2-b1a6-4ad458d727e5","turnId":"0417b5f3-03f5-4ced-9602-ddcb753e5abd","rootTurnId":"0417b5f3-03f5-4ced-9602-ddcb753e5abd"}
{"timestamp":"2026-08-24T15:25:27.398Z","level":"info","message":"acp.policy-eval.complete {\"toolId\":\"run_command\",\"effect\":\"ask\"}","conversationId":"sess_0e234331-0804-49b2-b1a6-4ad458d727e5","turnId":"0417b5f3-03f5-4ced-9602-ddcb753e5abd","rootTurnId":"0417b5f3-03f5-4ced-9602-ddcb753e5abd"}
{"timestamp":"2026-08-24T15:25:27.429Z","level":"info","message":"[ACP ToolApproval] Requesting permission for toolId=run_command, operationId=run_command_tooluse_a450RVcsHAVi8c3ZD6f8K7, sessionId=sess_0e234331-0804-49b2-b1a6-4ad458d727e5","conversationId":"sess_0e234331-0804-49b2-b1a6-4ad458d727e5","turnId":"0417b5f3-03f5-4ced-9602-ddcb753e5abd","rootTurnId":"0417b5f3-03f5-4ced-9602-ddcb753e5abd"}
{"timestamp":"2026-08-24T15:25:27.444Z","level":"info","message":"fs.appendMessages.ok {\"system\":\"fs\",\"sessionId\":\"sess_0e234331-0804-49b2-b1a6-4ad458d727e5\",\"messageCount\":1,\"durationMs\":14}","conversationId":"sess_0e234331-0804-49b2-b1a6-4ad458d727e5","turnId":"0417b5f3-03f5-4ced-9602-ddcb753e5abd","rootTurnId":"0417b5f3-03f5-4ced-9602-ddcb753e5abd"}
{"timestamp":"2026-08-24T15:25:27.460Z","level":"info","message":"fs.appendMessages.ok {\"system\":\"fs\",\"sessionId\":\"sess_0e234331-0804-49b2-b1a6-4ad458d727e5\",\"messageCount\":1,\"durationMs\":16}","conversationId":"sess_0e234331-0804-49b2-b1a6-4ad458d727e5","turnId":"0417b5f3-03f5-4ced-9602-ddcb753e5abd","rootTurnId":"0417b5f3-03f5-4ced-9602-ddcb753e5abd"}
{"timestamp":"2026-08-24T15:25:27.468Z","level":"info","message":"fs.appendMessages.ok {\"system\":\"fs\",\"sessionId\":\"sess_0e234331-0804-49b2-b1a6-4ad458d727e5\",\"messageCount\":1,\"durationMs\":8}","conversationId":"sess_0e234331-0804-49b2-b1a6-4ad458d727e5","turnId":"0417b5f3-03f5-4ced-9602-ddcb753e5abd","rootTurnId":"0417b5f3-03f5-4ced-9602-ddcb753e5abd"}
{"timestamp":"2026-08-24T15:25:34.274Z","level":"info","message":"fs.appendMessages.ok {\"system\":\"fs\",\"sessionId\":\"sess_0e234331-0804-49b2-b1a6-4ad458d727e5\",\"messageCount\":1,\"durationMs\":3}","conversationId":"sess_0e234331-0804-49b2-b1a6-4ad458d727e5","turnId":"0417b5f3-03f5-4ced-9602-ddcb753e5abd","rootTurnId":"0417b5f3-03f5-4ced-9602-ddcb753e5abd"}
{"timestamp":"2026-08-24T15:25:34.274Z","level":"info","message":"[ACP ToolApproval] Got response: {\"optionId\":\"always-accept\",\"outcome\":\"selected\"}","conversationId":"sess_0e234331-0804-49b2-b1a6-4ad458d727e5","turnId":"0417b5f3-03f5-4ced-9602-ddcb753e5abd","rootTurnId":"0417b5f3-03f5-4ced-9602-ddcb753e5abd"}
{"timestamp":"2026-08-24T15:25:34.552Z","level":"info","message":"[PolicySession] rebuild() complete: 17 rules parsed, engineActive=true, fatal=false","conversationId":"sess_0e234331-0804-49b2-b1a6-4ad458d727e5","turnId":"0417b5f3-03f5-4ced-9602-ddcb753e5abd","rootTurnId":"0417b5f3-03f5-4ced-9602-ddcb753e5abd"}
{"timestamp":"2026-08-24T15:25:34.552Z","level":"info","message":"[PolicySession] Persisted allow rule for shell matching \"Set-Content -Path \"src\\pages\\Reports.tsx\" -Value $reportsPage -Encoding UTF8\" at scope=user","conversationId":"sess_0e234331-0804-49b2-b1a6-4ad458d727e5","turnId":"0417b5f3-03f5-4ced-9602-ddcb753e5abd","rootTurnId":"0417b5f3-03f5-4ced-9602-ddcb753e5abd"}
{"timestamp":"2026-08-24T15:25:34.558Z","level":"info","message":"[ACPEventAdapter] Execution resumed {\"executionId\":\"0417b5f3-03f5-4ced-9602-ddcb753e5abd\"}","conversationId":"sess_0e234331-0804-49b2-b1a6-4ad458d727e5","turnId":"0417b5f3-03f5-4ced-9602-ddcb753e5abd","rootTurnId":"0417b5f3-03f5-4ced-9602-ddcb753e5abd"}
{"timestamp":"2026-08-24T15:25:34.559Z","level":"info","message":"acp.policy-eval.complete {\"toolId\":\"list_directory\",\"effect\":\"allow\",\"capability\":\"fs_read\"}","conversationId":"sess_0e234331-0804-49b2-b1a6-4ad458d727e5","turnId":"0417b5f3-03f5-4ced-9602-ddcb753e5abd","rootTurnId":"0417b5f3-03f5-4ced-9602-ddcb753e5abd"}
{"timestamp":"2026-08-24T15:25:41.712Z","level":"info","message":"[AgentIterator] Parallel invoking agent","conversationId":"sess_0e234331-0804-49b2-b1a6-4ad458d727e5","turnId":"0417b5f3-03f5-4ced-9602-ddcb753e5abd","rootTurnId":"0417b5f3-03f5-4ced-9602-ddcb753e5abd"}
{"timestamp":"2026-08-24T15:25:41.712Z","level":"info","message":"[Steering] Populating steering for execution 0417b5f3-03f5-4ced-9602-ddcb753e5abd","conversationId":"sess_0e234331-0804-49b2-b1a6-4ad458d727e5","turnId":"0417b5f3-03f5-4ced-9602-ddcb753e5abd","rootTurnId":"0417b5f3-03f5-4ced-9602-ddcb753e5abd"}
{"timestamp":"2026-08-24T15:25:41.712Z","level":"info","message":"[Steering] ExistingFiles: /c:/Users/Student/.kiro/workspace-roots/regen-railway/vite.config.ts in 0417b5f3-03f5-4ced-9602-ddcb753e5abd","conversationId":"sess_0e234331-0804-49b2-b1a6-4ad458d727e5","turnId":"0417b5f3-03f5-4ced-9602-ddcb753e5abd","rootTurnId":"0417b5f3-03f5-4ced-9602-ddcb753e5abd"}
{"timestamp":"2026-08-24T15:25:41.717Z","level":"info","message":"[q-developer-converse] Sending GenerateAssistantResponse modelId=auto agentMode=vibe origin=AI_EDITOR streaming=true conversationId=sess_0e234331-0804-49b2-b1a6-4ad458d727e5","conversationId":"sess_0e234331-0804-49b2-b1a6-4ad458d727e5","turnId":"0417b5f3-03f5-4ced-9602-ddcb753e5abd","rootTurnId":"0417b5f3-03f5-4ced-9602-ddcb753e5abd"}
{"timestamp":"2026-08-24T15:25:41.729Z","level":"info","message":"[q-developer-converse] Request payload: 2803669 chars, 212 history messages, conversationId=sess_0e234331-0804-49b2-b1a6-4ad458d727e5","conversationId":"sess_0e234331-0804-49b2-b1a6-4ad458d727e5","turnId":"0417b5f3-03f5-4ced-9602-ddcb753e5abd","rootTurnId":"0417b5f3-03f5-4ced-9602-ddcb753e5abd"}
{"timestamp":"2026-08-24T15:25:41.743Z","level":"info","message":"fs.appendMessages.ok {\"system\":\"fs\",\"sessionId\":\"sess_0e234331-0804-49b2-b1a6-4ad458d727e5\",\"messageCount\":2,\"durationMs\":35}","conversationId":"sess_0e234331-0804-49b2-b1a6-4ad458d727e5","turnId":"0417b5f3-03f5-4ced-9602-ddcb753e5abd","rootTurnId":"0417b5f3-03f5-4ced-9602-ddcb753e5abd"}
{"timestamp":"2026-08-24T15:25:46.913Z","level":"info","message":"[AgentIterator] Synchronizing results","conversationId":"sess_0e234331-0804-49b2-b1a6-4ad458d727e5","turnId":"0417b5f3-03f5-4ced-9602-ddcb753e5abd","rootTurnId":"0417b5f3-03f5-4ced-9602-ddcb753e5abd"}
{"timestamp":"2026-08-24T15:25:46.913Z","level":"info","message":"[AgentIterator] Processing intent detection result","conversationId":"sess_0e234331-0804-49b2-b1a6-4ad458d727e5","turnId":"0417b5f3-03f5-4ced-9602-ddcb753e5abd","rootTurnId":"0417b5f3-03f5-4ced-9602-ddcb753e5abd"}
{"timestamp":"2026-08-24T15:25:46.914Z","level":"info","message":"[ChatAgent] Processing model response stream","conversationId":"sess_0e234331-0804-49b2-b1a6-4ad458d727e5","turnId":"0417b5f3-03f5-4ced-9602-ddcb753e5abd","rootTurnId":"0417b5f3-03f5-4ced-9602-ddcb753e5abd"}
{"timestamp":"2026-08-24T15:25:46.914Z","level":"info","message":"[Steering] Populating steering for execution 0417b5f3-03f5-4ced-9602-ddcb753e5abd","conversationId":"sess_0e234331-0804-49b2-b1a6-4ad458d727e5","turnId":"0417b5f3-03f5-4ced-9602-ddcb753e5abd","rootTurnId":"0417b5f3-03f5-4ced-9602-ddcb753e5abd"}
{"timestamp":"2026-08-24T15:25:46.914Z","level":"info","message":"[Steering] ExistingFiles: /c:/Users/Student/.kiro/workspace-roots/regen-railway/vite.config.ts in 0417b5f3-03f5-4ced-9602-ddcb753e5abd","conversationId":"sess_0e234331-0804-49b2-b1a6-4ad458d727e5","turnId":"0417b5f3-03f5-4ced-9602-ddcb753e5abd","rootTurnId":"0417b5f3-03f5-4ced-9602-ddcb753e5abd"}
{"timestamp":"2026-08-24T15:26:16.965Z","level":"info","message":"[ACPEventAdapter] Execution yielded {\"executionId\":\"0417b5f3-03f5-4ced-9602-ddcb753e5abd\"}","conversationId":"sess_0e234331-0804-49b2-b1a6-4ad458d727e5","turnId":"0417b5f3-03f5-4ced-9602-ddcb753e5abd","rootTurnId":"0417b5f3-03f5-4ced-9602-ddcb753e5abd"}
{"timestamp":"2026-08-24T15:26:16.968Z","level":"info","message":"acp.policy-eval.complete {\"toolId\":\"run_command\",\"effect\":\"ask\"}","conversationId":"sess_0e234331-0804-49b2-b1a6-4ad458d727e5","turnId":"0417b5f3-03f5-4ced-9602-ddcb753e5abd","rootTurnId":"0417b5f3-03f5-4ced-9602-ddcb753e5abd"}
{"timestamp":"2026-08-24T15:26:16.983Z","level":"info","message":"[ACP ToolApproval] Requesting permission for toolId=run_command, operationId=run_command_tooluse_3rsvB05kYDlXcOkOxBUnDg, sessionId=sess_0e234331-0804-49b2-b1a6-4ad458d727e5","conversationId":"sess_0e234331-0804-49b2-b1a6-4ad458d727e5","turnId":"0417b5f3-03f5-4ced-9602-ddcb753e5abd","rootTurnId":"0417b5f3-03f5-4ced-9602-ddcb753e5abd"}
{"timestamp":"2026-08-24T15:26:16.990Z","level":"info","message":"fs.appendMessages.ok {\"system\":\"fs\",\"sessionId\":\"sess_0e234331-0804-49b2-b1a6-4ad458d727e5\",\"messageCount\":1,\"durationMs\":7}","conversationId":"sess_0e234331-0804-49b2-b1a6-4ad458d727e5","turnId":"0417b5f3-03f5-4ced-9602-ddcb753e5abd","rootTurnId":"0417b5f3-03f5-4ced-9602-ddcb753e5abd"}
{"timestamp":"2026-08-24T15:26:16.999Z","level":"info","message":"fs.appendMessages.ok {\"system\":\"fs\",\"sessionId\":\"sess_0e234331-0804-49b2-b1a6-4ad458d727e5\",\"messageCount\":1,\"durationMs\":8}","conversationId":"sess_0e234331-0804-49b2-b1a6-4ad458d727e5","turnId":"0417b5f3-03f5-4ced-9602-ddcb753e5abd","rootTurnId":"0417b5f3-03f5-4ced-9602-ddcb753e5abd"}
{"timestamp":"2026-08-24T15:26:17.006Z","level":"info","message":"fs.appendMessages.ok {\"system\":\"fs\",\"sessionId\":\"sess_0e234331-0804-49b2-b1a6-4ad458d727e5\",\"messageCount\":1,\"durationMs\":7}","conversationId":"sess_0e234331-0804-49b2-b1a6-4ad458d727e5","turnId":"0417b5f3-03f5-4ced-9602-ddcb753e5abd","rootTurnId":"0417b5f3-03f5-4ced-9602-ddcb753e5abd"}
{"timestamp":"2026-08-24T15:26:50.344Z","level":"info","message":"fs.appendMessages.ok {\"system\":\"fs\",\"sessionId\":\"sess_0e234331-0804-49b2-b1a6-4ad458d727e5\",\"messageCount\":1,\"durationMs\":2}","conversationId":"sess_0e234331-0804-49b2-b1a6-4ad458d727e5","turnId":"0417b5f3-03f5-4ced-9602-ddcb753e5abd","rootTurnId":"0417b5f3-03f5-4ced-9602-ddcb753e5abd"}
{"timestamp":"2026-08-24T15:26:50.344Z","level":"info","message":"[ACP ToolApproval] Got response: {\"optionId\":\"always-accept\",\"outcome\":\"selected\"}","conversationId":"sess_0e234331-0804-49b2-b1a6-4ad458d727e5","turnId":"0417b5f3-03f5-4ced-9602-ddcb753e5abd","rootTurnId":"0417b5f3-03f5-4ced-9602-ddcb753e5abd"}
{"timestamp":"2026-08-24T15:26:50.619Z","level":"info","message":"[PolicySession] rebuild() complete: 17 rules parsed, engineActive=true, fatal=false","conversationId":"sess_0e234331-0804-49b2-b1a6-4ad458d727e5","turnId":"0417b5f3-03f5-4ced-9602-ddcb753e5abd","rootTurnId":"0417b5f3-03f5-4ced-9602-ddcb753e5abd"}
{"timestamp":"2026-08-24T15:26:50.619Z","level":"info","message":"[PolicySession] Persisted allow rule for shell matching \"Set-Content -Path \"src\\pages\\System.tsx\" -Value $systemPage -Encoding UTF8\" at scope=user","conversationId":"sess_0e234331-0804-49b2-b1a6-4ad458d727e5","turnId":"0417b5f3-03f5-4ced-9602-ddcb753e5abd","rootTurnId":"0417b5f3-03f5-4ced-9602-ddcb753e5abd"}
{"timestamp":"2026-08-24T15:26:50.639Z","level":"info","message":"[ACP ToolApproval] Requesting permission for toolId=run_command, operationId=run_command_tooluse_3rsvB05kYDlXcOkOxBUnDg, sessionId=sess_0e234331-0804-49b2-b1a6-4ad458d727e5","conversationId":"sess_0e234331-0804-49b2-b1a6-4ad458d727e5","turnId":"0417b5f3-03f5-4ced-9602-ddcb753e5abd","rootTurnId":"0417b5f3-03f5-4ced-9602-ddcb753e5abd"}
{"timestamp":"2026-08-24T15:26:50.642Z","level":"info","message":"fs.appendMessages.ok {\"system\":\"fs\",\"sessionId\":\"sess_0e234331-0804-49b2-b1a6-4ad458d727e5\",\"messageCount\":1,\"durationMs\":3}","conversationId":"sess_0e234331-0804-49b2-b1a6-4ad458d727e5","turnId":"0417b5f3-03f5-4ced-9602-ddcb753e5abd","rootTurnId":"0417b5f3-03f5-4ced-9602-ddcb753e5abd"}
{"timestamp":"2026-08-24T15:26:51.920Z","level":"info","message":"fs.appendMessages.ok {\"system\":\"fs\",\"sessionId\":\"sess_0e234331-0804-49b2-b1a6-4ad458d727e5\",\"messageCount\":1,\"durationMs\":1}","conversationId":"sess_0e234331-0804-49b2-b1a6-4ad458d727e5","turnId":"0417b5f3-03f5-4ced-9602-ddcb753e5abd","rootTurnId":"0417b5f3-03f5-4ced-9602-ddcb753e5abd"}
{"timestamp":"2026-08-24T15:26:51.920Z","level":"info","message":"[ACP ToolApproval] Got response: {\"optionId\":\"always-accept\",\"outcome\":\"selected\"}","conversationId":"sess_0e234331-0804-49b2-b1a6-4ad458d727e5","turnId":"0417b5f3-03f5-4ced-9602-ddcb753e5abd","rootTurnId":"0417b5f3-03f5-4ced-9602-ddcb753e5abd"}
{"timestamp":"2026-08-24T15:26:52.193Z","level":"info","message":"[PolicySession] rebuild() complete: 17 rules parsed, engineActive=true, fatal=false","conversationId":"sess_0e234331-0804-49b2-b1a6-4ad458d727e5","turnId":"0417b5f3-03f5-4ced-9602-ddcb753e5abd","rootTurnId":"0417b5f3-03f5-4ced-9602-ddcb753e5abd"}
{"timestamp":"2026-08-24T15:26:52.193Z","level":"info","message":"[PolicySession] Persisted allow rule for shell matching \"Write-Host \"System page done\"\" at scope=user","conversationId":"sess_0e234331-0804-49b2-b1a6-4ad458d727e5","turnId":"0417b5f3-03f5-4ced-9602-ddcb753e5abd","rootTurnId":"0417b5f3-03f5-4ced-9602-ddcb753e5abd"}
{"timestamp":"2026-08-24T15:26:52.199Z","level":"info","message":"[ACPEventAdapter] Execution resumed {\"executionId\":\"0417b5f3-03f5-4ced-9602-ddcb753e5abd\"}","conversationId":"sess_0e234331-0804-49b2-b1a6-4ad458d727e5","turnId":"0417b5f3-03f5-4ced-9602-ddcb753e5abd","rootTurnId":"0417b5f3-03f5-4ced-9602-ddcb753e5abd"}
{"timestamp":"2026-08-24T15:26:52.199Z","level":"info","message":"acp.policy-eval.complete {\"toolId\":\"list_directory\",\"effect\":\"allow\",\"capability\":\"fs_read\"}","conversationId":"sess_0e234331-0804-49b2-b1a6-4ad458d727e5","turnId":"0417b5f3-03f5-4ced-9602-ddcb753e5abd","rootTurnId":"0417b5f3-03f5-4ced-9602-ddcb753e5abd"}
{"timestamp":"2026-08-24T15:26:59.218Z","level":"info","message":"[AgentIterator] Parallel invoking agent","conversationId":"sess_0e234331-0804-49b2-b1a6-4ad458d727e5","turnId":"0417b5f3-03f5-4ced-9602-ddcb753e5abd","rootTurnId":"0417b5f3-03f5-4ced-9602-ddcb753e5abd"}
{"timestamp":"2026-08-24T15:26:59.218Z","level":"info","message":"[Steering] Populating steering for execution 0417b5f3-03f5-4ced-9602-ddcb753e5abd","conversationId":"sess_0e234331-0804-49b2-b1a6-4ad458d727e5","turnId":"0417b5f3-03f5-4ced-9602-ddcb753e5abd","rootTurnId":"0417b5f3-03f5-4ced-9602-ddcb753e5abd"}
{"timestamp":"2026-08-24T15:26:59.219Z","level":"info","message":"[Steering] ExistingFiles: /c:/Users/Student/.kiro/workspace-roots/regen-railway/vite.config.ts in 0417b5f3-03f5-4ced-9602-ddcb753e5abd","conversationId":"sess_0e234331-0804-49b2-b1a6-4ad458d727e5","turnId":"0417b5f3-03f5-4ced-9602-ddcb753e5abd","rootTurnId":"0417b5f3-03f5-4ced-9602-ddcb753e5abd"}
{"timestamp":"2026-08-24T15:26:59.229Z","level":"info","message":"[q-developer-converse] Sending GenerateAssistantResponse modelId=auto agentMode=vibe origin=AI_EDITOR streaming=true conversationId=sess_0e234331-0804-49b2-b1a6-4ad458d727e5","conversationId":"sess_0e234331-0804-49b2-b1a6-4ad458d727e5","turnId":"0417b5f3-03f5-4ced-9602-ddcb753e5abd","rootTurnId":"0417b5f3-03f5-4ced-9602-ddcb753e5abd"}
{"timestamp":"2026-08-24T15:26:59.245Z","level":"info","message":"[q-developer-converse] Request payload: 2812329 chars, 214 history messages, conversationId=sess_0e234331-0804-49b2-b1a6-4ad458d727e5","conversationId":"sess_0e234331-0804-49b2-b1a6-4ad458d727e5","turnId":"0417b5f3-03f5-4ced-9602-ddcb753e5abd","rootTurnId":"0417b5f3-03f5-4ced-9602-ddcb753e5abd"}
{"timestamp":"2026-08-24T15:26:59.268Z","level":"info","message":"fs.appendMessages.ok {\"system\":\"fs\",\"sessionId\":\"sess_0e234331-0804-49b2-b1a6-4ad458d727e5\",\"messageCount\":2,\"durationMs\":56}","conversationId":"sess_0e234331-0804-49b2-b1a6-4ad458d727e5","turnId":"0417b5f3-03f5-4ced-9602-ddcb753e5abd","rootTurnId":"0417b5f3-03f5-4ced-9602-ddcb753e5abd"}
{"timestamp":"2026-08-24T15:27:03.997Z","level":"info","message":"[AgentIterator] Synchronizing results","conversationId":"sess_0e234331-0804-49b2-b1a6-4ad458d727e5","turnId":"0417b5f3-03f5-4ced-9602-ddcb753e5abd","rootTurnId":"0417b5f3-03f5-4ced-9602-ddcb753e5abd"}
{"timestamp":"2026-08-24T15:27:03.997Z","level":"info","message":"[AgentIterator] Processing intent detection result","conversationId":"sess_0e234331-0804-49b2-b1a6-4ad458d727e5","turnId":"0417b5f3-03f5-4ced-9602-ddcb753e5abd","rootTurnId":"0417b5f3-03f5-4ced-9602-ddcb753e5abd"}
{"timestamp":"2026-08-24T15:27:03.998Z","level":"info","message":"[ChatAgent] Processing model response stream","conversationId":"sess_0e234331-0804-49b2-b1a6-4ad458d727e5","turnId":"0417b5f3-03f5-4ced-9602-ddcb753e5abd","rootTurnId":"0417b5f3-03f5-4ced-9602-ddcb753e5abd"}
{"timestamp":"2026-08-24T15:27:03.998Z","level":"info","message":"[Steering] Populating steering for execution 0417b5f3-03f5-4ced-9602-ddcb753e5abd","conversationId":"sess_0e234331-0804-49b2-b1a6-4ad458d727e5","turnId":"0417b5f3-03f5-4ced-9602-ddcb753e5abd","rootTurnId":"0417b5f3-03f5-4ced-9602-ddcb753e5abd"}
{"timestamp":"2026-08-24T15:27:03.998Z","level":"info","message":"[Steering] ExistingFiles: /c:/Users/Student/.kiro/workspace-roots/regen-railway/vite.config.ts in 0417b5f3-03f5-4ced-9602-ddcb753e5abd","conversationId":"sess_0e234331-0804-49b2-b1a6-4ad458d727e5","turnId":"0417b5f3-03f5-4ced-9602-ddcb753e5abd","rootTurnId":"0417b5f3-03f5-4ced-9602-ddcb753e5abd"}
{"timestamp":"2026-08-24T15:27:04.601Z","level":"info","message":"fs.appendMessages.ok {\"system\":\"fs\",\"sessionId\":\"sess_0e234331-0804-49b2-b1a6-4ad458d727e5\",\"messageCount\":1,\"durationMs\":3}","conversationId":"sess_0e234331-0804-49b2-b1a6-4ad458d727e5","turnId":"0417b5f3-03f5-4ced-9602-ddcb753e5abd","rootTurnId":"0417b5f3-03f5-4ced-9602-ddcb753e5abd"}
{"timestamp":"2026-08-24T15:27:12.967Z","level":"info","message":"[ACPEventAdapter] Execution yielded {\"executionId\":\"0417b5f3-03f5-4ced-9602-ddcb753e5abd\"}","conversationId":"sess_0e234331-0804-49b2-b1a6-4ad458d727e5","turnId":"0417b5f3-03f5-4ced-9602-ddcb753e5abd","rootTurnId":"0417b5f3-03f5-4ced-9602-ddcb753e5abd"}
{"timestamp":"2026-08-24T15:27:12.970Z","level":"info","message":"acp.policy-eval.complete {\"toolId\":\"run_command\",\"effect\":\"allow\",\"capability\":\"shell\"}","conversationId":"sess_0e234331-0804-49b2-b1a6-4ad458d727e5","turnId":"0417b5f3-03f5-4ced-9602-ddcb753e5abd","rootTurnId":"0417b5f3-03f5-4ced-9602-ddcb753e5abd"}
{"timestamp":"2026-08-24T15:27:12.970Z","level":"info","message":"[ACPEventAdapter] Execution resumed {\"executionId\":\"0417b5f3-03f5-4ced-9602-ddcb753e5abd\"}","conversationId":"sess_0e234331-0804-49b2-b1a6-4ad458d727e5","turnId":"0417b5f3-03f5-4ced-9602-ddcb753e5abd","rootTurnId":"0417b5f3-03f5-4ced-9602-ddcb753e5abd"}
{"timestamp":"2026-08-24T15:27:12.971Z","level":"info","message":"acp.policy-eval.complete {\"toolId\":\"list_directory\",\"effect\":\"allow\",\"capability\":\"fs_read\"}","conversationId":"sess_0e234331-0804-49b2-b1a6-4ad458d727e5","turnId":"0417b5f3-03f5-4ced-9602-ddcb753e5abd","rootTurnId":"0417b5f3-03f5-4ced-9602-ddcb753e5abd"}
{"timestamp":"2026-08-24T15:27:12.986Z","level":"info","message":"fs.appendMessages.ok {\"system\":\"fs\",\"sessionId\":\"sess_0e234331-0804-49b2-b1a6-4ad458d727e5\",\"messageCount\":1,\"durationMs\":11}","conversationId":"sess_0e234331-0804-49b2-b1a6-4ad458d727e5","turnId":"0417b5f3-03f5-4ced-9602-ddcb753e5abd","rootTurnId":"0417b5f3-03f5-4ced-9602-ddcb753e5abd"}
{"timestamp":"2026-08-24T15:27:12.996Z","level":"info","message":"fs.appendMessages.ok {\"system\":\"fs\",\"sessionId\":\"sess_0e234331-0804-49b2-b1a6-4ad458d727e5\",\"messageCount\":1,\"durationMs\":10}","conversationId":"sess_0e234331-0804-49b2-b1a6-4ad458d727e5","turnId":"0417b5f3-03f5-4ced-9602-ddcb753e5abd","rootTurnId":"0417b5f3-03f5-4ced-9602-ddcb753e5abd"}
{"timestamp":"2026-08-24T15:27:18.504Z","level":"info","message":"[AgentIterator] Parallel invoking agent","conversationId":"sess_0e234331-0804-49b2-b1a6-4ad458d727e5","turnId":"0417b5f3-03f5-4ced-9602-ddcb753e5abd","rootTurnId":"0417b5f3-03f5-4ced-9602-ddcb753e5abd"}
{"timestamp":"2026-08-24T15:27:18.504Z","level":"info","message":"[Steering] Populating steering for execution 0417b5f3-03f5-4ced-9602-ddcb753e5abd","conversationId":"sess_0e234331-0804-49b2-b1a6-4ad458d727e5","turnId":"0417b5f3-03f5-4ced-9602-ddcb753e5abd","rootTurnId":"0417b5f3-03f5-4ced-9602-ddcb753e5abd"}
{"timestamp":"2026-08-24T15:27:18.504Z","level":"info","message":"[Steering] ExistingFiles: /c:/Users/Student/.kiro/workspace-roots/regen-railway/vite.config.ts in 0417b5f3-03f5-4ced-9602-ddcb753e5abd","conversationId":"sess_0e234331-0804-49b2-b1a6-4ad458d727e5","turnId":"0417b5f3-03f5-4ced-9602-ddcb753e5abd","rootTurnId":"0417b5f3-03f5-4ced-9602-ddcb753e5abd"}
{"timestamp":"2026-08-24T15:27:18.511Z","level":"info","message":"[q-developer-converse] Sending GenerateAssistantResponse modelId=auto agentMode=vibe origin=AI_EDITOR streaming=true conversationId=sess_0e234331-0804-49b2-b1a6-4ad458d727e5","conversationId":"sess_0e234331-0804-49b2-b1a6-4ad458d727e5","turnId":"0417b5f3-03f5-4ced-9602-ddcb753e5abd","rootTurnId":"0417b5f3-03f5-4ced-9602-ddcb753e5abd"}
{"timestamp":"2026-08-24T15:27:18.527Z","level":"info","message":"[q-developer-converse] Request payload: 2815455 chars, 216 history messages, conversationId=sess_0e234331-0804-49b2-b1a6-4ad458d727e5","conversationId":"sess_0e234331-0804-49b2-b1a6-4ad458d727e5","turnId":"0417b5f3-03f5-4ced-9602-ddcb753e5abd","rootTurnId":"0417b5f3-03f5-4ced-9602-ddcb753e5abd"}
{"timestamp":"2026-08-24T15:27:18.551Z","level":"info","message":"fs.appendMessages.ok {\"system\":\"fs\",\"sessionId\":\"sess_0e234331-0804-49b2-b1a6-4ad458d727e5\",\"messageCount\":2,\"durationMs\":55}","conversationId":"sess_0e234331-0804-49b2-b1a6-4ad458d727e5","turnId":"0417b5f3-03f5-4ced-9602-ddcb753e5abd","rootTurnId":"0417b5f3-03f5-4ced-9602-ddcb753e5abd"}
{"timestamp":"2026-08-24T15:27:23.542Z","level":"info","message":"[AgentIterator] Synchronizing results","conversationId":"sess_0e234331-0804-49b2-b1a6-4ad458d727e5","turnId":"0417b5f3-03f5-4ced-9602-ddcb753e5abd","rootTurnId":"0417b5f3-03f5-4ced-9602-ddcb753e5abd"}
{"timestamp":"2026-08-24T15:27:23.542Z","level":"info","message":"[AgentIterator] Processing intent detection result","conversationId":"sess_0e234331-0804-49b2-b1a6-4ad458d727e5","turnId":"0417b5f3-03f5-4ced-9602-ddcb753e5abd","rootTurnId":"0417b5f3-03f5-4ced-9602-ddcb753e5abd"}
{"timestamp":"2026-08-24T15:27:23.543Z","level":"info","message":"[ChatAgent] Processing model response stream","conversationId":"sess_0e234331-0804-49b2-b1a6-4ad458d727e5","turnId":"0417b5f3-03f5-4ced-9602-ddcb753e5abd","rootTurnId":"0417b5f3-03f5-4ced-9602-ddcb753e5abd"}
{"timestamp":"2026-08-24T15:27:23.543Z","level":"info","message":"[Steering] Populating steering for execution 0417b5f3-03f5-4ced-9602-ddcb753e5abd","conversationId":"sess_0e234331-0804-49b2-b1a6-4ad458d727e5","turnId":"0417b5f3-03f5-4ced-9602-ddcb753e5abd","rootTurnId":"0417b5f3-03f5-4ced-9602-ddcb753e5abd"}
{"timestamp":"2026-08-24T15:27:23.543Z","level":"info","message":"[Steering] ExistingFiles: /c:/Users/Student/.kiro/workspace-roots/regen-railway/vite.config.ts in 0417b5f3-03f5-4ced-9602-ddcb753e5abd","conversationId":"sess_0e234331-0804-49b2-b1a6-4ad458d727e5","turnId":"0417b5f3-03f5-4ced-9602-ddcb753e5abd","rootTurnId":"0417b5f3-03f5-4ced-9602-ddcb753e5abd"}
{"timestamp":"2026-08-24T15:27:24.517Z","level":"info","message":"[ACPEventAdapter] Execution yielded {\"executionId\":\"0417b5f3-03f5-4ced-9602-ddcb753e5abd\"}","conversationId":"sess_0e234331-0804-49b2-b1a6-4ad458d727e5","turnId":"0417b5f3-03f5-4ced-9602-ddcb753e5abd","rootTurnId":"0417b5f3-03f5-4ced-9602-ddcb753e5abd"}
{"timestamp":"2026-08-24T15:27:24.520Z","level":"info","message":"acp.policy-eval.complete {\"toolId\":\"run_command\",\"effect\":\"ask\"}","conversationId":"sess_0e234331-0804-49b2-b1a6-4ad458d727e5","turnId":"0417b5f3-03f5-4ced-9602-ddcb753e5abd","rootTurnId":"0417b5f3-03f5-4ced-9602-ddcb753e5abd"}
{"timestamp":"2026-08-24T15:27:24.545Z","level":"info","message":"[ACP ToolApproval] Requesting permission for toolId=run_command, operationId=run_command_tooluse_kn24w4lZiXlPtpZWbzuDxs, sessionId=sess_0e234331-0804-49b2-b1a6-4ad458d727e5","conversationId":"sess_0e234331-0804-49b2-b1a6-4ad458d727e5","turnId":"0417b5f3-03f5-4ced-9602-ddcb753e5abd","rootTurnId":"0417b5f3-03f5-4ced-9602-ddcb753e5abd"}
{"timestamp":"2026-08-24T15:27:24.555Z","level":"info","message":"fs.appendMessages.ok {\"system\":\"fs\",\"sessionId\":\"sess_0e234331-0804-49b2-b1a6-4ad458d727e5\",\"messageCount\":1,\"durationMs\":9}","conversationId":"sess_0e234331-0804-49b2-b1a6-4ad458d727e5","turnId":"0417b5f3-03f5-4ced-9602-ddcb753e5abd","rootTurnId":"0417b5f3-03f5-4ced-9602-ddcb753e5abd"}
{"timestamp":"2026-08-24T15:27:24.562Z","level":"info","message":"fs.appendMessages.ok {\"system\":\"fs\",\"sessionId\":\"sess_0e234331-0804-49b2-b1a6-4ad458d727e5\",\"messageCount\":1,\"durationMs\":7}","conversationId":"sess_0e234331-0804-49b2-b1a6-4ad458d727e5","turnId":"0417b5f3-03f5-4ced-9602-ddcb753e5abd","rootTurnId":"0417b5f3-03f5-4ced-9602-ddcb753e5abd"}
{"timestamp":"2026-08-24T15:27:24.580Z","level":"info","message":"fs.appendMessages.ok {\"system\":\"fs\",\"sessionId\":\"sess_0e234331-0804-49b2-b1a6-4ad458d727e5\",\"messageCount\":1,\"durationMs\":18}","conversationId":"sess_0e234331-0804-49b2-b1a6-4ad458d727e5","turnId":"0417b5f3-03f5-4ced-9602-ddcb753e5abd","rootTurnId":"0417b5f3-03f5-4ced-9602-ddcb753e5abd"}
{"timestamp":"2026-08-24T15:27:36.296Z","level":"info","message":"fs.appendMessages.ok {\"system\":\"fs\",\"sessionId\":\"sess_0e234331-0804-49b2-b1a6-4ad458d727e5\",\"messageCount\":1,\"durationMs\":2}","conversationId":"sess_0e234331-0804-49b2-b1a6-4ad458d727e5","turnId":"0417b5f3-03f5-4ced-9602-ddcb753e5abd","rootTurnId":"0417b5f3-03f5-4ced-9602-ddcb753e5abd"}
{"timestamp":"2026-08-24T15:27:36.297Z","level":"info","message":"[ACP ToolApproval] Got response: {\"optionId\":\"always-accept\",\"outcome\":\"selected\"}","conversationId":"sess_0e234331-0804-49b2-b1a6-4ad458d727e5","turnId":"0417b5f3-03f5-4ced-9602-ddcb753e5abd","rootTurnId":"0417b5f3-03f5-4ced-9602-ddcb753e5abd"}
{"timestamp":"2026-08-24T15:27:36.572Z","level":"info","message":"[PolicySession] rebuild() complete: 17 rules parsed, engineActive=true, fatal=false","conversationId":"sess_0e234331-0804-49b2-b1a6-4ad458d727e5","turnId":"0417b5f3-03f5-4ced-9602-ddcb753e5abd","rootTurnId":"0417b5f3-03f5-4ced-9602-ddcb753e5abd"}
{"timestamp":"2026-08-24T15:27:36.572Z","level":"info","message":"[PolicySession] Persisted allow rule for shell matching \"Select-Object -Last 30\" at scope=user","conversationId":"sess_0e234331-0804-49b2-b1a6-4ad458d727e5","turnId":"0417b5f3-03f5-4ced-9602-ddcb753e5abd","rootTurnId":"0417b5f3-03f5-4ced-9602-ddcb753e5abd"}
{"timestamp":"2026-08-24T15:27:36.577Z","level":"info","message":"[ACPEventAdapter] Execution resumed {\"executionId\":\"0417b5f3-03f5-4ced-9602-ddcb753e5abd\"}","conversationId":"sess_0e234331-0804-49b2-b1a6-4ad458d727e5","turnId":"0417b5f3-03f5-4ced-9602-ddcb753e5abd","rootTurnId":"0417b5f3-03f5-4ced-9602-ddcb753e5abd"}
{"timestamp":"2026-08-24T15:27:36.577Z","level":"info","message":"acp.policy-eval.complete {\"toolId\":\"list_directory\",\"effect\":\"allow\",\"capability\":\"fs_read\"}","conversationId":"sess_0e234331-0804-49b2-b1a6-4ad458d727e5","turnId":"0417b5f3-03f5-4ced-9602-ddcb753e5abd","rootTurnId":"0417b5f3-03f5-4ced-9602-ddcb753e5abd"}
{"timestamp":"2026-08-24T15:27:39.824Z","level":"info","message":"[AgentIterator] Parallel invoking agent","conversationId":"sess_0e234331-0804-49b2-b1a6-4ad458d727e5","turnId":"0417b5f3-03f5-4ced-9602-ddcb753e5abd","rootTurnId":"0417b5f3-03f5-4ced-9602-ddcb753e5abd"}
{"timestamp":"2026-08-24T15:27:39.824Z","level":"info","message":"[Steering] Populating steering for execution 0417b5f3-03f5-4ced-9602-ddcb753e5abd","conversationId":"sess_0e234331-0804-49b2-b1a6-4ad458d727e5","turnId":"0417b5f3-03f5-4ced-9602-ddcb753e5abd","rootTurnId":"0417b5f3-03f5-4ced-9602-ddcb753e5abd"}
{"timestamp":"2026-08-24T15:27:39.824Z","level":"info","message":"[Steering] ExistingFiles: /c:/Users/Student/.kiro/workspace-roots/regen-railway/vite.config.ts in 0417b5f3-03f5-4ced-9602-ddcb753e5abd","conversationId":"sess_0e234331-0804-49b2-b1a6-4ad458d727e5","turnId":"0417b5f3-03f5-4ced-9602-ddcb753e5abd","rootTurnId":"0417b5f3-03f5-4ced-9602-ddcb753e5abd"}
{"timestamp":"2026-08-24T15:27:39.829Z","level":"info","message":"[q-developer-converse] Sending GenerateAssistantResponse modelId=auto agentMode=vibe origin=AI_EDITOR streaming=true conversationId=sess_0e234331-0804-49b2-b1a6-4ad458d727e5","conversationId":"sess_0e234331-0804-49b2-b1a6-4ad458d727e5","turnId":"0417b5f3-03f5-4ced-9602-ddcb753e5abd","rootTurnId":"0417b5f3-03f5-4ced-9602-ddcb753e5abd"}
{"timestamp":"2026-08-24T15:27:39.842Z","level":"info","message":"[q-developer-converse] Request payload: 2816372 chars, 218 history messages, conversationId=sess_0e234331-0804-49b2-b1a6-4ad458d727e5","conversationId":"sess_0e234331-0804-49b2-b1a6-4ad458d727e5","turnId":"0417b5f3-03f5-4ced-9602-ddcb753e5abd","rootTurnId":"0417b5f3-03f5-4ced-9602-ddcb753e5abd"}
{"timestamp":"2026-08-24T15:27:39.856Z","level":"info","message":"fs.appendMessages.ok {\"system\":\"fs\",\"sessionId\":\"sess_0e234331-0804-49b2-b1a6-4ad458d727e5\",\"messageCount\":2,\"durationMs\":36}","conversationId":"sess_0e234331-0804-49b2-b1a6-4ad458d727e5","turnId":"0417b5f3-03f5-4ced-9602-ddcb753e5abd","rootTurnId":"0417b5f3-03f5-4ced-9602-ddcb753e5abd"}
{"timestamp":"2026-08-24T15:27:44.577Z","level":"info","message":"[AgentIterator] Synchronizing results","conversationId":"sess_0e234331-0804-49b2-b1a6-4ad458d727e5","turnId":"0417b5f3-03f5-4ced-9602-ddcb753e5abd","rootTurnId":"0417b5f3-03f5-4ced-9602-ddcb753e5abd"}
{"timestamp":"2026-08-24T15:27:44.577Z","level":"info","message":"[AgentIterator] Processing intent detection result","conversationId":"sess_0e234331-0804-49b2-b1a6-4ad458d727e5","turnId":"0417b5f3-03f5-4ced-9602-ddcb753e5abd","rootTurnId":"0417b5f3-03f5-4ced-9602-ddcb753e5abd"}
{"timestamp":"2026-08-24T15:27:44.577Z","level":"info","message":"[ChatAgent] Processing model response stream","conversationId":"sess_0e234331-0804-49b2-b1a6-4ad458d727e5","turnId":"0417b5f3-03f5-4ced-9602-ddcb753e5abd","rootTurnId":"0417b5f3-03f5-4ced-9602-ddcb753e5abd"}
{"timestamp":"2026-08-24T15:27:44.577Z","level":"info","message":"[Steering] Populating steering for execution 0417b5f3-03f5-4ced-9602-ddcb753e5abd","conversationId":"sess_0e234331-0804-49b2-b1a6-4ad458d727e5","turnId":"0417b5f3-03f5-4ced-9602-ddcb753e5abd","rootTurnId":"0417b5f3-03f5-4ced-9602-ddcb753e5abd"}
{"timestamp":"2026-08-24T15:27:44.577Z","level":"info","message":"[Steering] ExistingFiles: /c:/Users/Student/.kiro/workspace-roots/regen-railway/vite.config.ts in 0417b5f3-03f5-4ced-9602-ddcb753e5abd","conversationId":"sess_0e234331-0804-49b2-b1a6-4ad458d727e5","turnId":"0417b5f3-03f5-4ced-9602-ddcb753e5abd","rootTurnId":"0417b5f3-03f5-4ced-9602-ddcb753e5abd"}
{"timestamp":"2026-08-24T15:27:45.348Z","level":"info","message":"acp.policy-eval.complete {\"toolId\":\"read_file\",\"effect\":\"allow\",\"capability\":\"fs_read\"}","conversationId":"sess_0e234331-0804-49b2-b1a6-4ad458d727e5","turnId":"0417b5f3-03f5-4ced-9602-ddcb753e5abd","rootTurnId":"0417b5f3-03f5-4ced-9602-ddcb753e5abd"}
{"timestamp":"2026-08-24T15:27:45.354Z","level":"info","message":"fs.appendMessages.ok {\"system\":\"fs\",\"sessionId\":\"sess_0e234331-0804-49b2-b1a6-4ad458d727e5\",\"messageCount\":2,\"durationMs\":3}","conversationId":"sess_0e234331-0804-49b2-b1a6-4ad458d727e5","turnId":"0417b5f3-03f5-4ced-9602-ddcb753e5abd","rootTurnId":"0417b5f3-03f5-4ced-9602-ddcb753e5abd"}
{"timestamp":"2026-08-24T15:27:45.361Z","level":"info","message":"[AgentIterator] Parallel invoking agent","conversationId":"sess_0e234331-0804-49b2-b1a6-4ad458d727e5","turnId":"0417b5f3-03f5-4ced-9602-ddcb753e5abd","rootTurnId":"0417b5f3-03f5-4ced-9602-ddcb753e5abd"}
{"timestamp":"2026-08-24T15:27:45.361Z","level":"info","message":"[Steering] Populating steering for execution 0417b5f3-03f5-4ced-9602-ddcb753e5abd","conversationId":"sess_0e234331-0804-49b2-b1a6-4ad458d727e5","turnId":"0417b5f3-03f5-4ced-9602-ddcb753e5abd","rootTurnId":"0417b5f3-03f5-4ced-9602-ddcb753e5abd"}
{"timestamp":"2026-08-24T15:27:45.361Z","level":"info","message":"[Steering] ExistingFiles: /c:/Users/Student/.kiro/workspace-roots/regen-railway/vite.config.ts, /c:/Users/Student/.kiro/workspace-roots/regen-railway/src/pages/Alerts.tsx in 0417b5f3-03f5-4ced-9602-ddcb753e5abd","conversationId":"sess_0e234331-0804-49b2-b1a6-4ad458d727e5","turnId":"0417b5f3-03f5-4ced-9602-ddcb753e5abd","rootTurnId":"0417b5f3-03f5-4ced-9602-ddcb753e5abd"}
{"timestamp":"2026-08-24T15:27:45.365Z","level":"info","message":"[q-developer-converse] Sending GenerateAssistantResponse modelId=auto agentMode=vibe origin=AI_EDITOR streaming=true conversationId=sess_0e234331-0804-49b2-b1a6-4ad458d727e5","conversationId":"sess_0e234331-0804-49b2-b1a6-4ad458d727e5","turnId":"0417b5f3-03f5-4ced-9602-ddcb753e5abd","rootTurnId":"0417b5f3-03f5-4ced-9602-ddcb753e5abd"}
{"timestamp":"2026-08-24T15:27:45.376Z","level":"info","message":"[q-developer-converse] Request payload: 2818108 chars, 220 history messages, conversationId=sess_0e234331-0804-49b2-b1a6-4ad458d727e5","conversationId":"sess_0e234331-0804-49b2-b1a6-4ad458d727e5","turnId":"0417b5f3-03f5-4ced-9602-ddcb753e5abd","rootTurnId":"0417b5f3-03f5-4ced-9602-ddcb753e5abd"}
{"timestamp":"2026-08-24T15:27:45.388Z","level":"info","message":"fs.appendMessages.ok {\"system\":\"fs\",\"sessionId\":\"sess_0e234331-0804-49b2-b1a6-4ad458d727e5\",\"messageCount\":1,\"durationMs\":34}","conversationId":"sess_0e234331-0804-49b2-b1a6-4ad458d727e5","turnId":"0417b5f3-03f5-4ced-9602-ddcb753e5abd","rootTurnId":"0417b5f3-03f5-4ced-9602-ddcb753e5abd"}
{"timestamp":"2026-08-24T15:27:45.397Z","level":"info","message":"fs.appendMessages.ok {\"system\":\"fs\",\"sessionId\":\"sess_0e234331-0804-49b2-b1a6-4ad458d727e5\",\"messageCount\":1,\"durationMs\":8}","conversationId":"sess_0e234331-0804-49b2-b1a6-4ad458d727e5","turnId":"0417b5f3-03f5-4ced-9602-ddcb753e5abd","rootTurnId":"0417b5f3-03f5-4ced-9602-ddcb753e5abd"}
{"timestamp":"2026-08-24T15:27:50.310Z","level":"info","message":"[AgentIterator] Synchronizing results","conversationId":"sess_0e234331-0804-49b2-b1a6-4ad458d727e5","turnId":"0417b5f3-03f5-4ced-9602-ddcb753e5abd","rootTurnId":"0417b5f3-03f5-4ced-9602-ddcb753e5abd"}
{"timestamp":"2026-08-24T15:27:50.310Z","level":"info","message":"[AgentIterator] Processing intent detection result","conversationId":"sess_0e234331-0804-49b2-b1a6-4ad458d727e5","turnId":"0417b5f3-03f5-4ced-9602-ddcb753e5abd","rootTurnId":"0417b5f3-03f5-4ced-9602-ddcb753e5abd"}
{"timestamp":"2026-08-24T15:27:50.310Z","level":"info","message":"[ChatAgent] Processing model response stream","conversationId":"sess_0e234331-0804-49b2-b1a6-4ad458d727e5","turnId":"0417b5f3-03f5-4ced-9602-ddcb753e5abd","rootTurnId":"0417b5f3-03f5-4ced-9602-ddcb753e5abd"}
{"timestamp":"2026-08-24T15:27:50.310Z","level":"info","message":"[Steering] Populating steering for execution 0417b5f3-03f5-4ced-9602-ddcb753e5abd","conversationId":"sess_0e234331-0804-49b2-b1a6-4ad458d727e5","turnId":"0417b5f3-03f5-4ced-9602-ddcb753e5abd","rootTurnId":"0417b5f3-03f5-4ced-9602-ddcb753e5abd"}
{"timestamp":"2026-08-24T15:27:50.311Z","level":"info","message":"[Steering] ExistingFiles: /c:/Users/Student/.kiro/workspace-roots/regen-railway/vite.config.ts, /c:/Users/Student/.kiro/workspace-roots/regen-railway/src/pages/Alerts.tsx in 0417b5f3-03f5-4ced-9602-ddcb753e5abd","conversationId":"sess_0e234331-0804-49b2-b1a6-4ad458d727e5","turnId":"0417b5f3-03f5-4ced-9602-ddcb753e5abd","rootTurnId":"0417b5f3-03f5-4ced-9602-ddcb753e5abd"}
{"timestamp":"2026-08-24T15:27:51.817Z","level":"info","message":"[ACPEventAdapter] Execution yielded {\"executionId\":\"0417b5f3-03f5-4ced-9602-ddcb753e5abd\"}","conversationId":"sess_0e234331-0804-49b2-b1a6-4ad458d727e5","turnId":"0417b5f3-03f5-4ced-9602-ddcb753e5abd","rootTurnId":"0417b5f3-03f5-4ced-9602-ddcb753e5abd"}
{"timestamp":"2026-08-24T15:27:51.821Z","level":"info","message":"acp.policy-eval.complete {\"toolId\":\"run_command\",\"effect\":\"ask\"}","conversationId":"sess_0e234331-0804-49b2-b1a6-4ad458d727e5","turnId":"0417b5f3-03f5-4ced-9602-ddcb753e5abd","rootTurnId":"0417b5f3-03f5-4ced-9602-ddcb753e5abd"}
{"timestamp":"2026-08-24T15:27:51.839Z","level":"info","message":"[ACP ToolApproval] Requesting permission for toolId=run_command, operationId=run_command_tooluse_glV4C5ji2T3qw4Xx32ZPca, sessionId=sess_0e234331-0804-49b2-b1a6-4ad458d727e5","conversationId":"sess_0e234331-0804-49b2-b1a6-4ad458d727e5","turnId":"0417b5f3-03f5-4ced-9602-ddcb753e5abd","rootTurnId":"0417b5f3-03f5-4ced-9602-ddcb753e5abd"}
{"timestamp":"2026-08-24T15:27:51.845Z","level":"info","message":"fs.appendMessages.ok {\"system\":\"fs\",\"sessionId\":\"sess_0e234331-0804-49b2-b1a6-4ad458d727e5\",\"messageCount\":1,\"durationMs\":6}","conversationId":"sess_0e234331-0804-49b2-b1a6-4ad458d727e5","turnId":"0417b5f3-03f5-4ced-9602-ddcb753e5abd","rootTurnId":"0417b5f3-03f5-4ced-9602-ddcb753e5abd"}
{"timestamp":"2026-08-24T15:27:51.862Z","level":"info","message":"fs.appendMessages.ok {\"system\":\"fs\",\"sessionId\":\"sess_0e234331-0804-49b2-b1a6-4ad458d727e5\",\"messageCount\":1,\"durationMs\":17}","conversationId":"sess_0e234331-0804-49b2-b1a6-4ad458d727e5","turnId":"0417b5f3-03f5-4ced-9602-ddcb753e5abd","rootTurnId":"0417b5f3-03f5-4ced-9602-ddcb753e5abd"}
{"timestamp":"2026-08-24T15:27:51.873Z","level":"info","message":"fs.appendMessages.ok {\"system\":\"fs\",\"sessionId\":\"sess_0e234331-0804-49b2-b1a6-4ad458d727e5\",\"messageCount\":1,\"durationMs\":12}","conversationId":"sess_0e234331-0804-49b2-b1a6-4ad458d727e5","turnId":"0417b5f3-03f5-4ced-9602-ddcb753e5abd","rootTurnId":"0417b5f3-03f5-4ced-9602-ddcb753e5abd"}
{"timestamp":"2026-08-24T15:27:56.697Z","level":"info","message":"fs.appendMessages.ok {\"system\":\"fs\",\"sessionId\":\"sess_0e234331-0804-49b2-b1a6-4ad458d727e5\",\"messageCount\":1,\"durationMs\":1}","conversationId":"sess_0e234331-0804-49b2-b1a6-4ad458d727e5","turnId":"0417b5f3-03f5-4ced-9602-ddcb753e5abd","rootTurnId":"0417b5f3-03f5-4ced-9602-ddcb753e5abd"}
{"timestamp":"2026-08-24T15:27:56.697Z","level":"info","message":"[ACP ToolApproval] Got response: {\"optionId\":\"always-accept\",\"outcome\":\"selected\"}","conversationId":"sess_0e234331-0804-49b2-b1a6-4ad458d727e5","turnId":"0417b5f3-03f5-4ced-9602-ddcb753e5abd","rootTurnId":"0417b5f3-03f5-4ced-9602-ddcb753e5abd"}
{"timestamp":"2026-08-24T15:27:56.975Z","level":"info","message":"[PolicySession] rebuild() complete: 17 rules parsed, engineActive=true, fatal=false","conversationId":"sess_0e234331-0804-49b2-b1a6-4ad458d727e5","turnId":"0417b5f3-03f5-4ced-9602-ddcb753e5abd","rootTurnId":"0417b5f3-03f5-4ced-9602-ddcb753e5abd"}
{"timestamp":"2026-08-24T15:27:56.975Z","level":"info","message":"[PolicySession] Persisted allow rule for shell matching \"Set-Content \"src\\pages\\Alerts.tsx\" -Encoding UTF8\" at scope=user","conversationId":"sess_0e234331-0804-49b2-b1a6-4ad458d727e5","turnId":"0417b5f3-03f5-4ced-9602-ddcb753e5abd","rootTurnId":"0417b5f3-03f5-4ced-9602-ddcb753e5abd"}
{"timestamp":"2026-08-24T15:27:56.996Z","level":"info","message":"[ACP ToolApproval] Requesting permission for toolId=run_command, operationId=run_command_tooluse_glV4C5ji2T3qw4Xx32ZPca, sessionId=sess_0e234331-0804-49b2-b1a6-4ad458d727e5","conversationId":"sess_0e234331-0804-49b2-b1a6-4ad458d727e5","turnId":"0417b5f3-03f5-4ced-9602-ddcb753e5abd","rootTurnId":"0417b5f3-03f5-4ced-9602-ddcb753e5abd"}
{"timestamp":"2026-08-24T15:27:56.999Z","level":"info","message":"fs.appendMessages.ok {\"system\":\"fs\",\"sessionId\":\"sess_0e234331-0804-49b2-b1a6-4ad458d727e5\",\"messageCount\":1,\"durationMs\":3}","conversationId":"sess_0e234331-0804-49b2-b1a6-4ad458d727e5","turnId":"0417b5f3-03f5-4ced-9602-ddcb753e5abd","rootTurnId":"0417b5f3-03f5-4ced-9602-ddcb753e5abd"}
{"timestamp":"2026-08-24T15:27:59.384Z","level":"info","message":"fs.appendMessages.ok {\"system\":\"fs\",\"sessionId\":\"sess_0e234331-0804-49b2-b1a6-4ad458d727e5\",\"messageCount\":1,\"durationMs\":2}","conversationId":"sess_0e234331-0804-49b2-b1a6-4ad458d727e5","turnId":"0417b5f3-03f5-4ced-9602-ddcb753e5abd","rootTurnId":"0417b5f3-03f5-4ced-9602-ddcb753e5abd"}
{"timestamp":"2026-08-24T15:27:59.385Z","level":"info","message":"[ACP ToolApproval] Got response: {\"optionId\":\"always-accept\",\"outcome\":\"selected\"}","conversationId":"sess_0e234331-0804-49b2-b1a6-4ad458d727e5","turnId":"0417b5f3-03f5-4ced-9602-ddcb753e5abd","rootTurnId":"0417b5f3-03f5-4ced-9602-ddcb753e5abd"}
{"timestamp":"2026-08-24T15:27:59.661Z","level":"info","message":"[PolicySession] rebuild() complete: 17 rules parsed, engineActive=true, fatal=false","conversationId":"sess_0e234331-0804-49b2-b1a6-4ad458d727e5","turnId":"0417b5f3-03f5-4ced-9602-ddcb753e5abd","rootTurnId":"0417b5f3-03f5-4ced-9602-ddcb753e5abd"}
{"timestamp":"2026-08-24T15:27:59.661Z","level":"info","message":"[PolicySession] Persisted allow rule for shell matching \"Write-Host \"Fixed\"\" at scope=user","conversationId":"sess_0e234331-0804-49b2-b1a6-4ad458d727e5","turnId":"0417b5f3-03f5-4ced-9602-ddcb753e5abd","rootTurnId":"0417b5f3-03f5-4ced-9602-ddcb753e5abd"}
{"timestamp":"2026-08-24T15:27:59.667Z","level":"info","message":"[ACPEventAdapter] Execution resumed {\"executionId\":\"0417b5f3-03f5-4ced-9602-ddcb753e5abd\"}","conversationId":"sess_0e234331-0804-49b2-b1a6-4ad458d727e5","turnId":"0417b5f3-03f5-4ced-9602-ddcb753e5abd","rootTurnId":"0417b5f3-03f5-4ced-9602-ddcb753e5abd"}
{"timestamp":"2026-08-24T15:27:59.667Z","level":"info","message":"acp.policy-eval.complete {\"toolId\":\"list_directory\",\"effect\":\"allow\",\"capability\":\"fs_read\"}","conversationId":"sess_0e234331-0804-49b2-b1a6-4ad458d727e5","turnId":"0417b5f3-03f5-4ced-9602-ddcb753e5abd","rootTurnId":"0417b5f3-03f5-4ced-9602-ddcb753e5abd"}
{"timestamp":"2026-08-24T15:27:59.762Z","level":"info","message":"[AgentIterator] Parallel invoking agent","conversationId":"sess_0e234331-0804-49b2-b1a6-4ad458d727e5","turnId":"0417b5f3-03f5-4ced-9602-ddcb753e5abd","rootTurnId":"0417b5f3-03f5-4ced-9602-ddcb753e5abd"}
{"timestamp":"2026-08-24T15:27:59.762Z","level":"info","message":"[Steering] Populating steering for execution 0417b5f3-03f5-4ced-9602-ddcb753e5abd","conversationId":"sess_0e234331-0804-49b2-b1a6-4ad458d727e5","turnId":"0417b5f3-03f5-4ced-9602-ddcb753e5abd","rootTurnId":"0417b5f3-03f5-4ced-9602-ddcb753e5abd"}
{"timestamp":"2026-08-24T15:27:59.763Z","level":"info","message":"[Steering] ExistingFiles: /c:/Users/Student/.kiro/workspace-roots/regen-railway/vite.config.ts, /c:/Users/Student/.kiro/workspace-roots/regen-railway/src/pages/Alerts.tsx in 0417b5f3-03f5-4ced-9602-ddcb753e5abd","conversationId":"sess_0e234331-0804-49b2-b1a6-4ad458d727e5","turnId":"0417b5f3-03f5-4ced-9602-ddcb753e5abd","rootTurnId":"0417b5f3-03f5-4ced-9602-ddcb753e5abd"}
{"timestamp":"2026-08-24T15:27:59.767Z","level":"info","message":"[q-developer-converse] Sending GenerateAssistantResponse modelId=auto agentMode=vibe origin=AI_EDITOR streaming=true conversationId=sess_0e234331-0804-49b2-b1a6-4ad458d727e5","conversationId":"sess_0e234331-0804-49b2-b1a6-4ad458d727e5","turnId":"0417b5f3-03f5-4ced-9602-ddcb753e5abd","rootTurnId":"0417b5f3-03f5-4ced-9602-ddcb753e5abd"}
{"timestamp":"2026-08-24T15:27:59.778Z","level":"info","message":"[q-developer-converse] Request payload: 2818907 chars, 222 history messages, conversationId=sess_0e234331-0804-49b2-b1a6-4ad458d727e5","conversationId":"sess_0e234331-0804-49b2-b1a6-4ad458d727e5","turnId":"0417b5f3-03f5-4ced-9602-ddcb753e5abd","rootTurnId":"0417b5f3-03f5-4ced-9602-ddcb753e5abd"}
{"timestamp":"2026-08-24T15:27:59.792Z","level":"info","message":"fs.appendMessages.ok {\"system\":\"fs\",\"sessionId\":\"sess_0e234331-0804-49b2-b1a6-4ad458d727e5\",\"messageCount\":2,\"durationMs\":33}","conversationId":"sess_0e234331-0804-49b2-b1a6-4ad458d727e5","turnId":"0417b5f3-03f5-4ced-9602-ddcb753e5abd","rootTurnId":"0417b5f3-03f5-4ced-9602-ddcb753e5abd"}
{"timestamp":"2026-08-24T15:28:04.725Z","level":"info","message":"[AgentIterator] Synchronizing results","conversationId":"sess_0e234331-0804-49b2-b1a6-4ad458d727e5","turnId":"0417b5f3-03f5-4ced-9602-ddcb753e5abd","rootTurnId":"0417b5f3-03f5-4ced-9602-ddcb753e5abd"}
{"timestamp":"2026-08-24T15:28:04.725Z","level":"info","message":"[AgentIterator] Processing intent detection result","conversationId":"sess_0e234331-0804-49b2-b1a6-4ad458d727e5","turnId":"0417b5f3-03f5-4ced-9602-ddcb753e5abd","rootTurnId":"0417b5f3-03f5-4ced-9602-ddcb753e5abd"}
{"timestamp":"2026-08-24T15:28:04.726Z","level":"info","message":"[ChatAgent] Processing model response stream","conversationId":"sess_0e234331-0804-49b2-b1a6-4ad458d727e5","turnId":"0417b5f3-03f5-4ced-9602-ddcb753e5abd","rootTurnId":"0417b5f3-03f5-4ced-9602-ddcb753e5abd"}
{"timestamp":"2026-08-24T15:28:04.726Z","level":"info","message":"[Steering] Populating steering for execution 0417b5f3-03f5-4ced-9602-ddcb753e5abd","conversationId":"sess_0e234331-0804-49b2-b1a6-4ad458d727e5","turnId":"0417b5f3-03f5-4ced-9602-ddcb753e5abd","rootTurnId":"0417b5f3-03f5-4ced-9602-ddcb753e5abd"}
{"timestamp":"2026-08-24T15:28:04.726Z","level":"info","message":"[Steering] ExistingFiles: /c:/Users/Student/.kiro/workspace-roots/regen-railway/vite.config.ts, /c:/Users/Student/.kiro/workspace-roots/regen-railway/src/pages/Alerts.tsx in 0417b5f3-03f5-4ced-9602-ddcb753e5abd","conversationId":"sess_0e234331-0804-49b2-b1a6-4ad458d727e5","turnId":"0417b5f3-03f5-4ced-9602-ddcb753e5abd","rootTurnId":"0417b5f3-03f5-4ced-9602-ddcb753e5abd"}
{"timestamp":"2026-08-24T15:28:05.415Z","level":"info","message":"[ACPEventAdapter] Execution yielded {\"executionId\":\"0417b5f3-03f5-4ced-9602-ddcb753e5abd\"}","conversationId":"sess_0e234331-0804-49b2-b1a6-4ad458d727e5","turnId":"0417b5f3-03f5-4ced-9602-ddcb753e5abd","rootTurnId":"0417b5f3-03f5-4ced-9602-ddcb753e5abd"}
{"timestamp":"2026-08-24T15:28:05.418Z","level":"info","message":"acp.policy-eval.complete {\"toolId\":\"run_command\",\"effect\":\"ask\"}","conversationId":"sess_0e234331-0804-49b2-b1a6-4ad458d727e5","turnId":"0417b5f3-03f5-4ced-9602-ddcb753e5abd","rootTurnId":"0417b5f3-03f5-4ced-9602-ddcb753e5abd"}
{"timestamp":"2026-08-24T15:28:05.431Z","level":"info","message":"[ACP ToolApproval] Requesting permission for toolId=run_command, operationId=run_command_tooluse_ReKgjLchbdFSxIuQS8kSkW, sessionId=sess_0e234331-0804-49b2-b1a6-4ad458d727e5","conversationId":"sess_0e234331-0804-49b2-b1a6-4ad458d727e5","turnId":"0417b5f3-03f5-4ced-9602-ddcb753e5abd","rootTurnId":"0417b5f3-03f5-4ced-9602-ddcb753e5abd"}
{"timestamp":"2026-08-24T15:28:05.436Z","level":"info","message":"fs.appendMessages.ok {\"system\":\"fs\",\"sessionId\":\"sess_0e234331-0804-49b2-b1a6-4ad458d727e5\",\"messageCount\":1,\"durationMs\":5}","conversationId":"sess_0e234331-0804-49b2-b1a6-4ad458d727e5","turnId":"0417b5f3-03f5-4ced-9602-ddcb753e5abd","rootTurnId":"0417b5f3-03f5-4ced-9602-ddcb753e5abd"}
{"timestamp":"2026-08-24T15:28:05.446Z","level":"info","message":"fs.appendMessages.ok {\"system\":\"fs\",\"sessionId\":\"sess_0e234331-0804-49b2-b1a6-4ad458d727e5\",\"messageCount\":1,\"durationMs\":10}","conversationId":"sess_0e234331-0804-49b2-b1a6-4ad458d727e5","turnId":"0417b5f3-03f5-4ced-9602-ddcb753e5abd","rootTurnId":"0417b5f3-03f5-4ced-9602-ddcb753e5abd"}
{"timestamp":"2026-08-24T15:28:05.455Z","level":"info","message":"fs.appendMessages.ok {\"system\":\"fs\",\"sessionId\":\"sess_0e234331-0804-49b2-b1a6-4ad458d727e5\",\"messageCount\":1,\"durationMs\":8}","conversationId":"sess_0e234331-0804-49b2-b1a6-4ad458d727e5","turnId":"0417b5f3-03f5-4ced-9602-ddcb753e5abd","rootTurnId":"0417b5f3-03f5-4ced-9602-ddcb753e5abd"}
{"timestamp":"2026-08-24T15:28:07.777Z","level":"info","message":"fs.appendMessages.ok {\"system\":\"fs\",\"sessionId\":\"sess_0e234331-0804-49b2-b1a6-4ad458d727e5\",\"messageCount\":1,\"durationMs\":2}","conversationId":"sess_0e234331-0804-49b2-b1a6-4ad458d727e5","turnId":"0417b5f3-03f5-4ced-9602-ddcb753e5abd","rootTurnId":"0417b5f3-03f5-4ced-9602-ddcb753e5abd"}
{"timestamp":"2026-08-24T15:28:07.777Z","level":"info","message":"[ACP ToolApproval] Got response: {\"optionId\":\"always-accept\",\"outcome\":\"selected\"}","conversationId":"sess_0e234331-0804-49b2-b1a6-4ad458d727e5","turnId":"0417b5f3-03f5-4ced-9602-ddcb753e5abd","rootTurnId":"0417b5f3-03f5-4ced-9602-ddcb753e5abd"}
{"timestamp":"2026-08-24T15:28:08.058Z","level":"info","message":"[PolicySession] rebuild() complete: 17 rules parsed, engineActive=true, fatal=false","conversationId":"sess_0e234331-0804-49b2-b1a6-4ad458d727e5","turnId":"0417b5f3-03f5-4ced-9602-ddcb753e5abd","rootTurnId":"0417b5f3-03f5-4ced-9602-ddcb753e5abd"}
{"timestamp":"2026-08-24T15:28:08.058Z","level":"info","message":"[PolicySession] Persisted allow rule for shell matching \"Select-Object -Last 20\" at scope=user","conversationId":"sess_0e234331-0804-49b2-b1a6-4ad458d727e5","turnId":"0417b5f3-03f5-4ced-9602-ddcb753e5abd","rootTurnId":"0417b5f3-03f5-4ced-9602-ddcb753e5abd"}
{"timestamp":"2026-08-24T15:28:08.064Z","level":"info","message":"[ACPEventAdapter] Execution resumed {\"executionId\":\"0417b5f3-03f5-4ced-9602-ddcb753e5abd\"}","conversationId":"sess_0e234331-0804-49b2-b1a6-4ad458d727e5","turnId":"0417b5f3-03f5-4ced-9602-ddcb753e5abd","rootTurnId":"0417b5f3-03f5-4ced-9602-ddcb753e5abd"}
{"timestamp":"2026-08-24T15:28:08.064Z","level":"info","message":"acp.policy-eval.complete {\"toolId\":\"list_directory\",\"effect\":\"allow\",\"capability\":\"fs_read\"}","conversationId":"sess_0e234331-0804-49b2-b1a6-4ad458d727e5","turnId":"0417b5f3-03f5-4ced-9602-ddcb753e5abd","rootTurnId":"0417b5f3-03f5-4ced-9602-ddcb753e5abd"}
{"timestamp":"2026-08-24T15:28:10.242Z","level":"info","message":"[AgentIterator] Parallel invoking agent","conversationId":"sess_0e234331-0804-49b2-b1a6-4ad458d727e5","turnId":"0417b5f3-03f5-4ced-9602-ddcb753e5abd","rootTurnId":"0417b5f3-03f5-4ced-9602-ddcb753e5abd"}
{"timestamp":"2026-08-24T15:28:10.242Z","level":"info","message":"[Steering] Populating steering for execution 0417b5f3-03f5-4ced-9602-ddcb753e5abd","conversationId":"sess_0e234331-0804-49b2-b1a6-4ad458d727e5","turnId":"0417b5f3-03f5-4ced-9602-ddcb753e5abd","rootTurnId":"0417b5f3-03f5-4ced-9602-ddcb753e5abd"}
{"timestamp":"2026-08-24T15:28:10.242Z","level":"info","message":"[Steering] ExistingFiles: /c:/Users/Student/.kiro/workspace-roots/regen-railway/vite.config.ts, /c:/Users/Student/.kiro/workspace-roots/regen-railway/src/pages/Alerts.tsx in 0417b5f3-03f5-4ced-9602-ddcb753e5abd","conversationId":"sess_0e234331-0804-49b2-b1a6-4ad458d727e5","turnId":"0417b5f3-03f5-4ced-9602-ddcb753e5abd","rootTurnId":"0417b5f3-03f5-4ced-9602-ddcb753e5abd"}
{"timestamp":"2026-08-24T15:28:10.247Z","level":"info","message":"[q-developer-converse] Sending GenerateAssistantResponse modelId=auto agentMode=vibe origin=AI_EDITOR streaming=true conversationId=sess_0e234331-0804-49b2-b1a6-4ad458d727e5","conversationId":"sess_0e234331-0804-49b2-b1a6-4ad458d727e5","turnId":"0417b5f3-03f5-4ced-9602-ddcb753e5abd","rootTurnId":"0417b5f3-03f5-4ced-9602-ddcb753e5abd"}
{"timestamp":"2026-08-24T15:28:10.259Z","level":"info","message":"[q-developer-converse] Request payload: 2821845 chars, 224 history messages, conversationId=sess_0e234331-0804-49b2-b1a6-4ad458d727e5","conversationId":"sess_0e234331-0804-49b2-b1a6-4ad458d727e5","turnId":"0417b5f3-03f5-4ced-9602-ddcb753e5abd","rootTurnId":"0417b5f3-03f5-4ced-9602-ddcb753e5abd"}
{"timestamp":"2026-08-24T15:28:10.276Z","level":"info","message":"fs.appendMessages.ok {\"system\":\"fs\",\"sessionId\":\"sess_0e234331-0804-49b2-b1a6-4ad458d727e5\",\"messageCount\":2,\"durationMs\":38}","conversationId":"sess_0e234331-0804-49b2-b1a6-4ad458d727e5","turnId":"0417b5f3-03f5-4ced-9602-ddcb753e5abd","rootTurnId":"0417b5f3-03f5-4ced-9602-ddcb753e5abd"}
{"timestamp":"2026-08-24T15:28:15.911Z","level":"info","message":"[AgentIterator] Synchronizing results","conversationId":"sess_0e234331-0804-49b2-b1a6-4ad458d727e5","turnId":"0417b5f3-03f5-4ced-9602-ddcb753e5abd","rootTurnId":"0417b5f3-03f5-4ced-9602-ddcb753e5abd"}
{"timestamp":"2026-08-24T15:28:15.911Z","level":"info","message":"[AgentIterator] Processing intent detection result","conversationId":"sess_0e234331-0804-49b2-b1a6-4ad458d727e5","turnId":"0417b5f3-03f5-4ced-9602-ddcb753e5abd","rootTurnId":"0417b5f3-03f5-4ced-9602-ddcb753e5abd"}
{"timestamp":"2026-08-24T15:28:15.912Z","level":"info","message":"[ChatAgent] Processing model response stream","conversationId":"sess_0e234331-0804-49b2-b1a6-4ad458d727e5","turnId":"0417b5f3-03f5-4ced-9602-ddcb753e5abd","rootTurnId":"0417b5f3-03f5-4ced-9602-ddcb753e5abd"}
{"timestamp":"2026-08-24T15:28:15.912Z","level":"info","message":"[Steering] Populating steering for execution 0417b5f3-03f5-4ced-9602-ddcb753e5abd","conversationId":"sess_0e234331-0804-49b2-b1a6-4ad458d727e5","turnId":"0417b5f3-03f5-4ced-9602-ddcb753e5abd","rootTurnId":"0417b5f3-03f5-4ced-9602-ddcb753e5abd"}
{"timestamp":"2026-08-24T15:28:15.912Z","level":"info","message":"[Steering] ExistingFiles: /c:/Users/Student/.kiro/workspace-roots/regen-railway/vite.config.ts, /c:/Users/Student/.kiro/workspace-roots/regen-railway/src/pages/Alerts.tsx in 0417b5f3-03f5-4ced-9602-ddcb753e5abd","conversationId":"sess_0e234331-0804-49b2-b1a6-4ad458d727e5","turnId":"0417b5f3-03f5-4ced-9602-ddcb753e5abd","rootTurnId":"0417b5f3-03f5-4ced-9602-ddcb753e5abd"}
{"timestamp":"2026-08-24T15:28:28.804Z","level":"info","message":"[ACPEventAdapter] Execution yielded {\"executionId\":\"0417b5f3-03f5-4ced-9602-ddcb753e5abd\"}","conversationId":"sess_0e234331-0804-49b2-b1a6-4ad458d727e5","turnId":"0417b5f3-03f5-4ced-9602-ddcb753e5abd","rootTurnId":"0417b5f3-03f5-4ced-9602-ddcb753e5abd"}
{"timestamp":"2026-08-24T15:28:28.814Z","level":"info","message":"acp.policy-eval.complete {\"toolId\":\"run_command\",\"effect\":\"ask\"}","conversationId":"sess_0e234331-0804-49b2-b1a6-4ad458d727e5","turnId":"0417b5f3-03f5-4ced-9602-ddcb753e5abd","rootTurnId":"0417b5f3-03f5-4ced-9602-ddcb753e5abd"}
{"timestamp":"2026-08-24T15:28:28.863Z","level":"info","message":"[ACP ToolApproval] Requesting permission for toolId=run_command, operationId=run_command_tooluse_uK39uMFZmd6xjadAf3jMJo, sessionId=sess_0e234331-0804-49b2-b1a6-4ad458d727e5","conversationId":"sess_0e234331-0804-49b2-b1a6-4ad458d727e5","turnId":"0417b5f3-03f5-4ced-9602-ddcb753e5abd","rootTurnId":"0417b5f3-03f5-4ced-9602-ddcb753e5abd"}
{"timestamp":"2026-08-24T15:28:28.869Z","level":"info","message":"fs.appendMessages.ok {\"system\":\"fs\",\"sessionId\":\"sess_0e234331-0804-49b2-b1a6-4ad458d727e5\",\"messageCount\":1,\"durationMs\":6}","conversationId":"sess_0e234331-0804-49b2-b1a6-4ad458d727e5","turnId":"0417b5f3-03f5-4ced-9602-ddcb753e5abd","rootTurnId":"0417b5f3-03f5-4ced-9602-ddcb753e5abd"}
{"timestamp":"2026-08-24T15:28:28.879Z","level":"info","message":"fs.appendMessages.ok {\"system\":\"fs\",\"sessionId\":\"sess_0e234331-0804-49b2-b1a6-4ad458d727e5\",\"messageCount\":1,\"durationMs\":10}","conversationId":"sess_0e234331-0804-49b2-b1a6-4ad458d727e5","turnId":"0417b5f3-03f5-4ced-9602-ddcb753e5abd","rootTurnId":"0417b5f3-03f5-4ced-9602-ddcb753e5abd"}
{"timestamp":"2026-08-24T15:28:28.890Z","level":"info","message":"fs.appendMessages.ok {\"system\":\"fs\",\"sessionId\":\"sess_0e234331-0804-49b2-b1a6-4ad458d727e5\",\"messageCount\":1,\"durationMs\":10}","conversationId":"sess_0e234331-0804-49b2-b1a6-4ad458d727e5","turnId":"0417b5f3-03f5-4ced-9602-ddcb753e5abd","rootTurnId":"0417b5f3-03f5-4ced-9602-ddcb753e5abd"}
{"timestamp":"2026-08-24T15:28:31.865Z","level":"info","message":"fs.appendMessages.ok {\"system\":\"fs\",\"sessionId\":\"sess_0e234331-0804-49b2-b1a6-4ad458d727e5\",\"messageCount\":1,\"durationMs\":1}","conversationId":"sess_0e234331-0804-49b2-b1a6-4ad458d727e5","turnId":"0417b5f3-03f5-4ced-9602-ddcb753e5abd","rootTurnId":"0417b5f3-03f5-4ced-9602-ddcb753e5abd"}
{"timestamp":"2026-08-24T15:28:31.865Z","level":"info","message":"[ACP ToolApproval] Got response: {\"optionId\":\"always-accept\",\"outcome\":\"selected\"}","conversationId":"sess_0e234331-0804-49b2-b1a6-4ad458d727e5","turnId":"0417b5f3-03f5-4ced-9602-ddcb753e5abd","rootTurnId":"0417b5f3-03f5-4ced-9602-ddcb753e5abd"}
{"timestamp":"2026-08-24T15:28:32.144Z","level":"info","message":"[PolicySession] rebuild() complete: 17 rules parsed, engineActive=true, fatal=false","conversationId":"sess_0e234331-0804-49b2-b1a6-4ad458d727e5","turnId":"0417b5f3-03f5-4ced-9602-ddcb753e5abd","rootTurnId":"0417b5f3-03f5-4ced-9602-ddcb753e5abd"}
{"timestamp":"2026-08-24T15:28:32.144Z","level":"info","message":"[PolicySession] Persisted allow rule for shell matching \"Get-Content $f -Raw\" at scope=user","conversationId":"sess_0e234331-0804-49b2-b1a6-4ad458d727e5","turnId":"0417b5f3-03f5-4ced-9602-ddcb753e5abd","rootTurnId":"0417b5f3-03f5-4ced-9602-ddcb753e5abd"}
{"timestamp":"2026-08-24T15:28:32.197Z","level":"info","message":"[ACP ToolApproval] Requesting permission for toolId=run_command, operationId=run_command_tooluse_uK39uMFZmd6xjadAf3jMJo, sessionId=sess_0e234331-0804-49b2-b1a6-4ad458d727e5","conversationId":"sess_0e234331-0804-49b2-b1a6-4ad458d727e5","turnId":"0417b5f3-03f5-4ced-9602-ddcb753e5abd","rootTurnId":"0417b5f3-03f5-4ced-9602-ddcb753e5abd"}
{"timestamp":"2026-08-24T15:28:32.200Z","level":"info","message":"fs.appendMessages.ok {\"system\":\"fs\",\"sessionId\":\"sess_0e234331-0804-49b2-b1a6-4ad458d727e5\",\"messageCount\":1,\"durationMs\":3}","conversationId":"sess_0e234331-0804-49b2-b1a6-4ad458d727e5","turnId":"0417b5f3-03f5-4ced-9602-ddcb753e5abd","rootTurnId":"0417b5f3-03f5-4ced-9602-ddcb753e5abd"}
{"timestamp":"2026-08-24T15:28:34.201Z","level":"info","message":"fs.appendMessages.ok {\"system\":\"fs\",\"sessionId\":\"sess_0e234331-0804-49b2-b1a6-4ad458d727e5\",\"messageCount\":1,\"durationMs\":2}","conversationId":"sess_0e234331-0804-49b2-b1a6-4ad458d727e5","turnId":"0417b5f3-03f5-4ced-9602-ddcb753e5abd","rootTurnId":"0417b5f3-03f5-4ced-9602-ddcb753e5abd"}
{"timestamp":"2026-08-24T15:28:34.201Z","level":"info","message":"[ACP ToolApproval] Got response: {\"optionId\":\"always-accept\",\"outcome\":\"selected\"}","conversationId":"sess_0e234331-0804-49b2-b1a6-4ad458d727e5","turnId":"0417b5f3-03f5-4ced-9602-ddcb753e5abd","rootTurnId":"0417b5f3-03f5-4ced-9602-ddcb753e5abd"}
{"timestamp":"2026-08-24T15:28:34.478Z","level":"info","message":"[PolicySession] rebuild() complete: 17 rules parsed, engineActive=true, fatal=false","conversationId":"sess_0e234331-0804-49b2-b1a6-4ad458d727e5","turnId":"0417b5f3-03f5-4ced-9602-ddcb753e5abd","rootTurnId":"0417b5f3-03f5-4ced-9602-ddcb753e5abd"}
{"timestamp":"2026-08-24T15:28:34.478Z","level":"info","message":"[PolicySession] Persisted allow rule for shell matching \"Set-Content $f -Value $c -Encoding UTF8\" at scope=user","conversationId":"sess_0e234331-0804-49b2-b1a6-4ad458d727e5","turnId":"0417b5f3-03f5-4ced-9602-ddcb753e5abd","rootTurnId":"0417b5f3-03f5-4ced-9602-ddcb753e5abd"}
{"timestamp":"2026-08-24T15:28:34.531Z","level":"info","message":"[ACP ToolApproval] Requesting permission for toolId=run_command, operationId=run_command_tooluse_uK39uMFZmd6xjadAf3jMJo, sessionId=sess_0e234331-0804-49b2-b1a6-4ad458d727e5","conversationId":"sess_0e234331-0804-49b2-b1a6-4ad458d727e5","turnId":"0417b5f3-03f5-4ced-9602-ddcb753e5abd","rootTurnId":"0417b5f3-03f5-4ced-9602-ddcb753e5abd"}
{"timestamp":"2026-08-24T15:28:34.536Z","level":"info","message":"fs.appendMessages.ok {\"system\":\"fs\",\"sessionId\":\"sess_0e234331-0804-49b2-b1a6-4ad458d727e5\",\"messageCount\":1,\"durationMs\":5}","conversationId":"sess_0e234331-0804-49b2-b1a6-4ad458d727e5","turnId":"0417b5f3-03f5-4ced-9602-ddcb753e5abd","rootTurnId":"0417b5f3-03f5-4ced-9602-ddcb753e5abd"}
{"timestamp":"2026-08-24T15:28:35.881Z","level":"info","message":"fs.appendMessages.ok {\"system\":\"fs\",\"sessionId\":\"sess_0e234331-0804-49b2-b1a6-4ad458d727e5\",\"messageCount\":1,\"durationMs\":2}","conversationId":"sess_0e234331-0804-49b2-b1a6-4ad458d727e5","turnId":"0417b5f3-03f5-4ced-9602-ddcb753e5abd","rootTurnId":"0417b5f3-03f5-4ced-9602-ddcb753e5abd"}
{"timestamp":"2026-08-24T15:28:35.881Z","level":"info","message":"[ACP ToolApproval] Got response: {\"optionId\":\"always-accept\",\"outcome\":\"selected\"}","conversationId":"sess_0e234331-0804-49b2-b1a6-4ad458d727e5","turnId":"0417b5f3-03f5-4ced-9602-ddcb753e5abd","rootTurnId":"0417b5f3-03f5-4ced-9602-ddcb753e5abd"}
{"timestamp":"2026-08-24T15:28:36.160Z","level":"info","message":"[PolicySession] rebuild() complete: 17 rules parsed, engineActive=true, fatal=false","conversationId":"sess_0e234331-0804-49b2-b1a6-4ad458d727e5","turnId":"0417b5f3-03f5-4ced-9602-ddcb753e5abd","rootTurnId":"0417b5f3-03f5-4ced-9602-ddcb753e5abd"}
{"timestamp":"2026-08-24T15:28:36.160Z","level":"info","message":"[PolicySession] Persisted allow rule for shell matching \"Set-Content \"src\\pages\\Reports.tsx\" -Value $c -Encoding UTF8\" at scope=user","conversationId":"sess_0e234331-0804-49b2-b1a6-4ad458d727e5","turnId":"0417b5f3-03f5-4ced-9602-ddcb753e5abd","rootTurnId":"0417b5f3-03f5-4ced-9602-ddcb753e5abd"}
{"timestamp":"2026-08-24T15:28:36.213Z","level":"info","message":"[ACP ToolApproval] Requesting permission for toolId=run_command, operationId=run_command_tooluse_uK39uMFZmd6xjadAf3jMJo, sessionId=sess_0e234331-0804-49b2-b1a6-4ad458d727e5","conversationId":"sess_0e234331-0804-49b2-b1a6-4ad458d727e5","turnId":"0417b5f3-03f5-4ced-9602-ddcb753e5abd","rootTurnId":"0417b5f3-03f5-4ced-9602-ddcb753e5abd"}
{"timestamp":"2026-08-24T15:28:36.216Z","level":"info","message":"fs.appendMessages.ok {\"system\":\"fs\",\"sessionId\":\"sess_0e234331-0804-49b2-b1a6-4ad458d727e5\",\"messageCount\":1,\"durationMs\":3}","conversationId":"sess_0e234331-0804-49b2-b1a6-4ad458d727e5","turnId":"0417b5f3-03f5-4ced-9602-ddcb753e5abd","rootTurnId":"0417b5f3-03f5-4ced-9602-ddcb753e5abd"}
{"timestamp":"2026-08-24T15:28:37.728Z","level":"info","message":"fs.appendMessages.ok {\"system\":\"fs\",\"sessionId\":\"sess_0e234331-0804-49b2-b1a6-4ad458d727e5\",\"messageCount\":1,\"durationMs\":1}","conversationId":"sess_0e234331-0804-49b2-b1a6-4ad458d727e5","turnId":"0417b5f3-03f5-4ced-9602-ddcb753e5abd","rootTurnId":"0417b5f3-03f5-4ced-9602-ddcb753e5abd"}
{"timestamp":"2026-08-24T15:28:37.729Z","level":"info","message":"[ACP ToolApproval] Got response: {\"optionId\":\"always-accept\",\"outcome\":\"selected\"}","conversationId":"sess_0e234331-0804-49b2-b1a6-4ad458d727e5","turnId":"0417b5f3-03f5-4ced-9602-ddcb753e5abd","rootTurnId":"0417b5f3-03f5-4ced-9602-ddcb753e5abd"}
{"timestamp":"2026-08-24T15:28:38.011Z","level":"info","message":"[PolicySession] rebuild() complete: 17 rules parsed, engineActive=true, fatal=false","conversationId":"sess_0e234331-0804-49b2-b1a6-4ad458d727e5","turnId":"0417b5f3-03f5-4ced-9602-ddcb753e5abd","rootTurnId":"0417b5f3-03f5-4ced-9602-ddcb753e5abd"}
{"timestamp":"2026-08-24T15:28:38.011Z","level":"info","message":"[PolicySession] Persisted allow rule for shell matching \"[regex]::Escape($old)\" at scope=user","conversationId":"sess_0e234331-0804-49b2-b1a6-4ad458d727e5","turnId":"0417b5f3-03f5-4ced-9602-ddcb753e5abd","rootTurnId":"0417b5f3-03f5-4ced-9602-ddcb753e5abd"}
{"timestamp":"2026-08-24T15:28:38.064Z","level":"info","message":"[ACP ToolApproval] Requesting permission for toolId=run_command, operationId=run_command_tooluse_uK39uMFZmd6xjadAf3jMJo, sessionId=sess_0e234331-0804-49b2-b1a6-4ad458d727e5","conversationId":"sess_0e234331-0804-49b2-b1a6-4ad458d727e5","turnId":"0417b5f3-03f5-4ced-9602-ddcb753e5abd","rootTurnId":"0417b5f3-03f5-4ced-9602-ddcb753e5abd"}
{"timestamp":"2026-08-24T15:28:38.067Z","level":"info","message":"fs.appendMessages.ok {\"system\":\"fs\",\"sessionId\":\"sess_0e234331-0804-49b2-b1a6-4ad458d727e5\",\"messageCount\":1,\"durationMs\":3}","conversationId":"sess_0e234331-0804-49b2-b1a6-4ad458d727e5","turnId":"0417b5f3-03f5-4ced-9602-ddcb753e5abd","rootTurnId":"0417b5f3-03f5-4ced-9602-ddcb753e5abd"}
{"timestamp":"2026-08-24T15:28:39.744Z","level":"info","message":"fs.appendMessages.ok {\"system\":\"fs\",\"sessionId\":\"sess_0e234331-0804-49b2-b1a6-4ad458d727e5\",\"messageCount\":1,\"durationMs\":1}","conversationId":"sess_0e234331-0804-49b2-b1a6-4ad458d727e5","turnId":"0417b5f3-03f5-4ced-9602-ddcb753e5abd","rootTurnId":"0417b5f3-03f5-4ced-9602-ddcb753e5abd"}
{"timestamp":"2026-08-24T15:28:39.744Z","level":"info","message":"[ACP ToolApproval] Got response: {\"optionId\":\"always-accept\",\"outcome\":\"selected\"}","conversationId":"sess_0e234331-0804-49b2-b1a6-4ad458d727e5","turnId":"0417b5f3-03f5-4ced-9602-ddcb753e5abd","rootTurnId":"0417b5f3-03f5-4ced-9602-ddcb753e5abd"}
{"timestamp":"2026-08-24T15:28:40.029Z","level":"info","message":"[PolicySession] rebuild() complete: 17 rules parsed, engineActive=true, fatal=false","conversationId":"sess_0e234331-0804-49b2-b1a6-4ad458d727e5","turnId":"0417b5f3-03f5-4ced-9602-ddcb753e5abd","rootTurnId":"0417b5f3-03f5-4ced-9602-ddcb753e5abd"}
{"timestamp":"2026-08-24T15:28:40.029Z","level":"info","message":"[PolicySession] Persisted allow rule for shell matching \"Set-Content \"src\\pages\\Inspections.tsx\" -Value $c -Encoding UTF8\" at scope=user","conversationId":"sess_0e234331-0804-49b2-b1a6-4ad458d727e5","turnId":"0417b5f3-03f5-4ced-9602-ddcb753e5abd","rootTurnId":"0417b5f3-03f5-4ced-9602-ddcb753e5abd"}
{"timestamp":"2026-08-24T15:28:40.089Z","level":"info","message":"[ACP ToolApproval] Requesting permission for toolId=run_command, operationId=run_command_tooluse_uK39uMFZmd6xjadAf3jMJo, sessionId=sess_0e234331-0804-49b2-b1a6-4ad458d727e5","conversationId":"sess_0e234331-0804-49b2-b1a6-4ad458d727e5","turnId":"0417b5f3-03f5-4ced-9602-ddcb753e5abd","rootTurnId":"0417b5f3-03f5-4ced-9602-ddcb753e5abd"}
{"timestamp":"2026-08-24T15:28:40.096Z","level":"info","message":"fs.appendMessages.ok {\"system\":\"fs\",\"sessionId\":\"sess_0e234331-0804-49b2-b1a6-4ad458d727e5\",\"messageCount\":1,\"durationMs\":7}","conversationId":"sess_0e234331-0804-49b2-b1a6-4ad458d727e5","turnId":"0417b5f3-03f5-4ced-9602-ddcb753e5abd","rootTurnId":"0417b5f3-03f5-4ced-9602-ddcb753e5abd"}
{"timestamp":"2026-08-24T15:28:42.737Z","level":"info","message":"fs.appendMessages.ok {\"system\":\"fs\",\"sessionId\":\"sess_0e234331-0804-49b2-b1a6-4ad458d727e5\",\"messageCount\":1,\"durationMs\":2}","conversationId":"sess_0e234331-0804-49b2-b1a6-4ad458d727e5","turnId":"0417b5f3-03f5-4ced-9602-ddcb753e5abd","rootTurnId":"0417b5f3-03f5-4ced-9602-ddcb753e5abd"}
{"timestamp":"2026-08-24T15:28:42.737Z","level":"info","message":"[ACP ToolApproval] Got response: {\"optionId\":\"always-accept\",\"outcome\":\"selected\"}","conversationId":"sess_0e234331-0804-49b2-b1a6-4ad458d727e5","turnId":"0417b5f3-03f5-4ced-9602-ddcb753e5abd","rootTurnId":"0417b5f3-03f5-4ced-9602-ddcb753e5abd"}
{"timestamp":"2026-08-24T15:28:43.016Z","level":"info","message":"[PolicySession] rebuild() complete: 17 rules parsed, engineActive=true, fatal=false","conversationId":"sess_0e234331-0804-49b2-b1a6-4ad458d727e5","turnId":"0417b5f3-03f5-4ced-9602-ddcb753e5abd","rootTurnId":"0417b5f3-03f5-4ced-9602-ddcb753e5abd"}
{"timestamp":"2026-08-24T15:28:43.016Z","level":"info","message":"[PolicySession] Persisted allow rule for shell matching \"[regex]::Escape($old2)\" at scope=user","conversationId":"sess_0e234331-0804-49b2-b1a6-4ad458d727e5","turnId":"0417b5f3-03f5-4ced-9602-ddcb753e5abd","rootTurnId":"0417b5f3-03f5-4ced-9602-ddcb753e5abd"}
{"timestamp":"2026-08-24T15:28:43.070Z","level":"info","message":"[ACP ToolApproval] Requesting permission for toolId=run_command, operationId=run_command_tooluse_uK39uMFZmd6xjadAf3jMJo, sessionId=sess_0e234331-0804-49b2-b1a6-4ad458d727e5","conversationId":"sess_0e234331-0804-49b2-b1a6-4ad458d727e5","turnId":"0417b5f3-03f5-4ced-9602-ddcb753e5abd","rootTurnId":"0417b5f3-03f5-4ced-9602-ddcb753e5abd"}
{"timestamp":"2026-08-24T15:28:43.073Z","level":"info","message":"fs.appendMessages.ok {\"system\":\"fs\",\"sessionId\":\"sess_0e234331-0804-49b2-b1a6-4ad458d727e5\",\"messageCount\":1,\"durationMs\":3}","conversationId":"sess_0e234331-0804-49b2-b1a6-4ad458d727e5","turnId":"0417b5f3-03f5-4ced-9602-ddcb753e5abd","rootTurnId":"0417b5f3-03f5-4ced-9602-ddcb753e5abd"}
{"timestamp":"2026-08-24T15:28:45.200Z","level":"info","message":"fs.appendMessages.ok {\"system\":\"fs\",\"sessionId\":\"sess_0e234331-0804-49b2-b1a6-4ad458d727e5\",\"messageCount\":1,\"durationMs\":1}","conversationId":"sess_0e234331-0804-49b2-b1a6-4ad458d727e5","turnId":"0417b5f3-03f5-4ced-9602-ddcb753e5abd","rootTurnId":"0417b5f3-03f5-4ced-9602-ddcb753e5abd"}
{"timestamp":"2026-08-24T15:28:45.200Z","level":"info","message":"[ACP ToolApproval] Got response: {\"optionId\":\"always-accept\",\"outcome\":\"selected\"}","conversationId":"sess_0e234331-0804-49b2-b1a6-4ad458d727e5","turnId":"0417b5f3-03f5-4ced-9602-ddcb753e5abd","rootTurnId":"0417b5f3-03f5-4ced-9602-ddcb753e5abd"}
{"timestamp":"2026-08-24T15:28:45.483Z","level":"info","message":"[PolicySession] rebuild() complete: 17 rules parsed, engineActive=true, fatal=false","conversationId":"sess_0e234331-0804-49b2-b1a6-4ad458d727e5","turnId":"0417b5f3-03f5-4ced-9602-ddcb753e5abd","rootTurnId":"0417b5f3-03f5-4ced-9602-ddcb753e5abd"}
{"timestamp":"2026-08-24T15:28:45.483Z","level":"info","message":"[PolicySession] Persisted allow rule for shell matching \"Get-Content \"src\\pages\\System.tsx\" -Raw\" at scope=user","conversationId":"sess_0e234331-0804-49b2-b1a6-4ad458d727e5","turnId":"0417b5f3-03f5-4ced-9602-ddcb753e5abd","rootTurnId":"0417b5f3-03f5-4ced-9602-ddcb753e5abd"}
{"timestamp":"2026-08-24T15:28:45.538Z","level":"info","message":"[ACP ToolApproval] Requesting permission for toolId=run_command, operationId=run_command_tooluse_uK39uMFZmd6xjadAf3jMJo, sessionId=sess_0e234331-0804-49b2-b1a6-4ad458d727e5","conversationId":"sess_0e234331-0804-49b2-b1a6-4ad458d727e5","turnId":"0417b5f3-03f5-4ced-9602-ddcb753e5abd","rootTurnId":"0417b5f3-03f5-4ced-9602-ddcb753e5abd"}
{"timestamp":"2026-08-24T15:28:45.545Z","level":"info","message":"fs.appendMessages.ok {\"system\":\"fs\",\"sessionId\":\"sess_0e234331-0804-49b2-b1a6-4ad458d727e5\",\"messageCount\":1,\"durationMs\":7}","conversationId":"sess_0e234331-0804-49b2-b1a6-4ad458d727e5","turnId":"0417b5f3-03f5-4ced-9602-ddcb753e5abd","rootTurnId":"0417b5f3-03f5-4ced-9602-ddcb753e5abd"}
{"timestamp":"2026-08-24T15:28:46.657Z","level":"info","message":"fs.appendMessages.ok {\"system\":\"fs\",\"sessionId\":\"sess_0e234331-0804-49b2-b1a6-4ad458d727e5\",\"messageCount\":1,\"durationMs\":2}","conversationId":"sess_0e234331-0804-49b2-b1a6-4ad458d727e5","turnId":"0417b5f3-03f5-4ced-9602-ddcb753e5abd","rootTurnId":"0417b5f3-03f5-4ced-9602-ddcb753e5abd"}
{"timestamp":"2026-08-24T15:28:46.657Z","level":"info","message":"[ACP ToolApproval] Got response: {\"optionId\":\"always-accept\",\"outcome\":\"selected\"}","conversationId":"sess_0e234331-0804-49b2-b1a6-4ad458d727e5","turnId":"0417b5f3-03f5-4ced-9602-ddcb753e5abd","rootTurnId":"0417b5f3-03f5-4ced-9602-ddcb753e5abd"}
{"timestamp":"2026-08-24T15:28:46.939Z","level":"info","message":"[PolicySession] rebuild() complete: 17 rules parsed, engineActive=true, fatal=false","conversationId":"sess_0e234331-0804-49b2-b1a6-4ad458d727e5","turnId":"0417b5f3-03f5-4ced-9602-ddcb753e5abd","rootTurnId":"0417b5f3-03f5-4ced-9602-ddcb753e5abd"}
{"timestamp":"2026-08-24T15:28:46.939Z","level":"info","message":"[PolicySession] Persisted allow rule for shell matching \"Set-Content \"src\\pages\\System.tsx\" -Value $c -Encoding UTF8\" at scope=user","conversationId":"sess_0e234331-0804-49b2-b1a6-4ad458d727e5","turnId":"0417b5f3-03f5-4ced-9602-ddcb753e5abd","rootTurnId":"0417b5f3-03f5-4ced-9602-ddcb753e5abd"}
{"timestamp":"2026-08-24T15:28:46.992Z","level":"info","message":"[ACP ToolApproval] Requesting permission for toolId=run_command, operationId=run_command_tooluse_uK39uMFZmd6xjadAf3jMJo, sessionId=sess_0e234331-0804-49b2-b1a6-4ad458d727e5","conversationId":"sess_0e234331-0804-49b2-b1a6-4ad458d727e5","turnId":"0417b5f3-03f5-4ced-9602-ddcb753e5abd","rootTurnId":"0417b5f3-03f5-4ced-9602-ddcb753e5abd"}
{"timestamp":"2026-08-24T15:28:46.995Z","level":"info","message":"fs.appendMessages.ok {\"system\":\"fs\",\"sessionId\":\"sess_0e234331-0804-49b2-b1a6-4ad458d727e5\",\"messageCount\":1,\"durationMs\":3}","conversationId":"sess_0e234331-0804-49b2-b1a6-4ad458d727e5","turnId":"0417b5f3-03f5-4ced-9602-ddcb753e5abd","rootTurnId":"0417b5f3-03f5-4ced-9602-ddcb753e5abd"}
{"timestamp":"2026-08-24T15:28:48.377Z","level":"info","message":"fs.appendMessages.ok {\"system\":\"fs\",\"sessionId\":\"sess_0e234331-0804-49b2-b1a6-4ad458d727e5\",\"messageCount\":1,\"durationMs\":2}","conversationId":"sess_0e234331-0804-49b2-b1a6-4ad458d727e5","turnId":"0417b5f3-03f5-4ced-9602-ddcb753e5abd","rootTurnId":"0417b5f3-03f5-4ced-9602-ddcb753e5abd"}
{"timestamp":"2026-08-24T15:28:48.377Z","level":"info","message":"[ACP ToolApproval] Got response: {\"optionId\":\"always-accept\",\"outcome\":\"selected\"}","conversationId":"sess_0e234331-0804-49b2-b1a6-4ad458d727e5","turnId":"0417b5f3-03f5-4ced-9602-ddcb753e5abd","rootTurnId":"0417b5f3-03f5-4ced-9602-ddcb753e5abd"}
{"timestamp":"2026-08-24T15:28:48.662Z","level":"info","message":"[PolicySession] rebuild() complete: 17 rules parsed, engineActive=true, fatal=false","conversationId":"sess_0e234331-0804-49b2-b1a6-4ad458d727e5","turnId":"0417b5f3-03f5-4ced-9602-ddcb753e5abd","rootTurnId":"0417b5f3-03f5-4ced-9602-ddcb753e5abd"}
{"timestamp":"2026-08-24T15:28:48.662Z","level":"info","message":"[PolicySession] Persisted allow rule for shell matching \"Write-Host \"All fixes applied\"\" at scope=user","conversationId":"sess_0e234331-0804-49b2-b1a6-4ad458d727e5","turnId":"0417b5f3-03f5-4ced-9602-ddcb753e5abd","rootTurnId":"0417b5f3-03f5-4ced-9602-ddcb753e5abd"}
{"timestamp":"2026-08-24T15:28:48.674Z","level":"info","message":"[ACPEventAdapter] Execution resumed {\"executionId\":\"0417b5f3-03f5-4ced-9602-ddcb753e5abd\"}","conversationId":"sess_0e234331-0804-49b2-b1a6-4ad458d727e5","turnId":"0417b5f3-03f5-4ced-9602-ddcb753e5abd","rootTurnId":"0417b5f3-03f5-4ced-9602-ddcb753e5abd"}
{"timestamp":"2026-08-24T15:28:48.675Z","level":"info","message":"acp.policy-eval.complete {\"toolId\":\"list_directory\",\"effect\":\"allow\",\"capability\":\"fs_read\"}","conversationId":"sess_0e234331-0804-49b2-b1a6-4ad458d727e5","turnId":"0417b5f3-03f5-4ced-9602-ddcb753e5abd","rootTurnId":"0417b5f3-03f5-4ced-9602-ddcb753e5abd"}
{"timestamp":"2026-08-24T15:28:50.169Z","level":"info","message":"[AgentIterator] Parallel invoking agent","conversationId":"sess_0e234331-0804-49b2-b1a6-4ad458d727e5","turnId":"0417b5f3-03f5-4ced-9602-ddcb753e5abd","rootTurnId":"0417b5f3-03f5-4ced-9602-ddcb753e5abd"}
{"timestamp":"2026-08-24T15:28:50.169Z","level":"info","message":"[Steering] Populating steering for execution 0417b5f3-03f5-4ced-9602-ddcb753e5abd","conversationId":"sess_0e234331-0804-49b2-b1a6-4ad458d727e5","turnId":"0417b5f3-03f5-4ced-9602-ddcb753e5abd","rootTurnId":"0417b5f3-03f5-4ced-9602-ddcb753e5abd"}
{"timestamp":"2026-08-24T15:28:50.169Z","level":"info","message":"[Steering] ExistingFiles: /c:/Users/Student/.kiro/workspace-roots/regen-railway/vite.config.ts, /c:/Users/Student/.kiro/workspace-roots/regen-railway/src/pages/Alerts.tsx in 0417b5f3-03f5-4ced-9602-ddcb753e5abd","conversationId":"sess_0e234331-0804-49b2-b1a6-4ad458d727e5","turnId":"0417b5f3-03f5-4ced-9602-ddcb753e5abd","rootTurnId":"0417b5f3-03f5-4ced-9602-ddcb753e5abd"}
{"timestamp":"2026-08-24T15:28:50.174Z","level":"info","message":"[q-developer-converse] Sending GenerateAssistantResponse modelId=auto agentMode=vibe origin=AI_EDITOR streaming=true conversationId=sess_0e234331-0804-49b2-b1a6-4ad458d727e5","conversationId":"sess_0e234331-0804-49b2-b1a6-4ad458d727e5","turnId":"0417b5f3-03f5-4ced-9602-ddcb753e5abd","rootTurnId":"0417b5f3-03f5-4ced-9602-ddcb753e5abd"}
{"timestamp":"2026-08-24T15:28:50.184Z","level":"info","message":"[q-developer-converse] Request payload: 2824858 chars, 226 history messages, conversationId=sess_0e234331-0804-49b2-b1a6-4ad458d727e5","conversationId":"sess_0e234331-0804-49b2-b1a6-4ad458d727e5","turnId":"0417b5f3-03f5-4ced-9602-ddcb753e5abd","rootTurnId":"0417b5f3-03f5-4ced-9602-ddcb753e5abd"}
{"timestamp":"2026-08-24T15:28:50.200Z","level":"info","message":"fs.appendMessages.ok {\"system\":\"fs\",\"sessionId\":\"sess_0e234331-0804-49b2-b1a6-4ad458d727e5\",\"messageCount\":2,\"durationMs\":35}","conversationId":"sess_0e234331-0804-49b2-b1a6-4ad458d727e5","turnId":"0417b5f3-03f5-4ced-9602-ddcb753e5abd","rootTurnId":"0417b5f3-03f5-4ced-9602-ddcb753e5abd"}
{"timestamp":"2026-08-24T15:28:54.918Z","level":"info","message":"[AgentIterator] Synchronizing results","conversationId":"sess_0e234331-0804-49b2-b1a6-4ad458d727e5","turnId":"0417b5f3-03f5-4ced-9602-ddcb753e5abd","rootTurnId":"0417b5f3-03f5-4ced-9602-ddcb753e5abd"}
{"timestamp":"2026-08-24T15:28:54.918Z","level":"info","message":"[AgentIterator] Processing intent detection result","conversationId":"sess_0e234331-0804-49b2-b1a6-4ad458d727e5","turnId":"0417b5f3-03f5-4ced-9602-ddcb753e5abd","rootTurnId":"0417b5f3-03f5-4ced-9602-ddcb753e5abd"}
{"timestamp":"2026-08-24T15:28:54.918Z","level":"info","message":"[ChatAgent] Processing model response stream","conversationId":"sess_0e234331-0804-49b2-b1a6-4ad458d727e5","turnId":"0417b5f3-03f5-4ced-9602-ddcb753e5abd","rootTurnId":"0417b5f3-03f5-4ced-9602-ddcb753e5abd"}
{"timestamp":"2026-08-24T15:28:54.918Z","level":"info","message":"[Steering] Populating steering for execution 0417b5f3-03f5-4ced-9602-ddcb753e5abd","conversationId":"sess_0e234331-0804-49b2-b1a6-4ad458d727e5","turnId":"0417b5f3-03f5-4ced-9602-ddcb753e5abd","rootTurnId":"0417b5f3-03f5-4ced-9602-ddcb753e5abd"}
{"timestamp":"2026-08-24T15:28:54.919Z","level":"info","message":"[Steering] ExistingFiles: /c:/Users/Student/.kiro/workspace-roots/regen-railway/vite.config.ts, /c:/Users/Student/.kiro/workspace-roots/regen-railway/src/pages/Alerts.tsx in 0417b5f3-03f5-4ced-9602-ddcb753e5abd","conversationId":"sess_0e234331-0804-49b2-b1a6-4ad458d727e5","turnId":"0417b5f3-03f5-4ced-9602-ddcb753e5abd","rootTurnId":"0417b5f3-03f5-4ced-9602-ddcb753e5abd"}
{"timestamp":"2026-08-24T15:28:55.574Z","level":"info","message":"[ACPEventAdapter] Execution yielded {\"executionId\":\"0417b5f3-03f5-4ced-9602-ddcb753e5abd\"}","conversationId":"sess_0e234331-0804-49b2-b1a6-4ad458d727e5","turnId":"0417b5f3-03f5-4ced-9602-ddcb753e5abd","rootTurnId":"0417b5f3-03f5-4ced-9602-ddcb753e5abd"}
{"timestamp":"2026-08-24T15:28:55.578Z","level":"info","message":"acp.policy-eval.complete {\"toolId\":\"run_command\",\"effect\":\"allow\",\"capability\":\"shell\"}","conversationId":"sess_0e234331-0804-49b2-b1a6-4ad458d727e5","turnId":"0417b5f3-03f5-4ced-9602-ddcb753e5abd","rootTurnId":"0417b5f3-03f5-4ced-9602-ddcb753e5abd"}
{"timestamp":"2026-08-24T15:28:55.578Z","level":"info","message":"[ACPEventAdapter] Execution resumed {\"executionId\":\"0417b5f3-03f5-4ced-9602-ddcb753e5abd\"}","conversationId":"sess_0e234331-0804-49b2-b1a6-4ad458d727e5","turnId":"0417b5f3-03f5-4ced-9602-ddcb753e5abd","rootTurnId":"0417b5f3-03f5-4ced-9602-ddcb753e5abd"}
{"timestamp":"2026-08-24T15:28:55.579Z","level":"info","message":"acp.policy-eval.complete {\"toolId\":\"list_directory\",\"effect\":\"allow\",\"capability\":\"fs_read\"}","conversationId":"sess_0e234331-0804-49b2-b1a6-4ad458d727e5","turnId":"0417b5f3-03f5-4ced-9602-ddcb753e5abd","rootTurnId":"0417b5f3-03f5-4ced-9602-ddcb753e5abd"}
{"timestamp":"2026-08-24T15:28:55.591Z","level":"info","message":"fs.appendMessages.ok {\"system\":\"fs\",\"sessionId\":\"sess_0e234331-0804-49b2-b1a6-4ad458d727e5\",\"messageCount\":1,\"durationMs\":9}","conversationId":"sess_0e234331-0804-49b2-b1a6-4ad458d727e5","turnId":"0417b5f3-03f5-4ced-9602-ddcb753e5abd","rootTurnId":"0417b5f3-03f5-4ced-9602-ddcb753e5abd"}
{"timestamp":"2026-08-24T15:28:55.601Z","level":"info","message":"fs.appendMessages.ok {\"system\":\"fs\",\"sessionId\":\"sess_0e234331-0804-49b2-b1a6-4ad458d727e5\",\"messageCount\":1,\"durationMs\":10}","conversationId":"sess_0e234331-0804-49b2-b1a6-4ad458d727e5","turnId":"0417b5f3-03f5-4ced-9602-ddcb753e5abd","rootTurnId":"0417b5f3-03f5-4ced-9602-ddcb753e5abd"}
{"timestamp":"2026-08-24T15:29:03.007Z","level":"info","message":"[AgentIterator] Parallel invoking agent","conversationId":"sess_0e234331-0804-49b2-b1a6-4ad458d727e5","turnId":"0417b5f3-03f5-4ced-9602-ddcb753e5abd","rootTurnId":"0417b5f3-03f5-4ced-9602-ddcb753e5abd"}
{"timestamp":"2026-08-24T15:29:03.007Z","level":"info","message":"[Steering] Populating steering for execution 0417b5f3-03f5-4ced-9602-ddcb753e5abd","conversationId":"sess_0e234331-0804-49b2-b1a6-4ad458d727e5","turnId":"0417b5f3-03f5-4ced-9602-ddcb753e5abd","rootTurnId":"0417b5f3-03f5-4ced-9602-ddcb753e5abd"}
{"timestamp":"2026-08-24T15:29:03.007Z","level":"info","message":"[Steering] ExistingFiles: /c:/Users/Student/.kiro/workspace-roots/regen-railway/vite.config.ts, /c:/Users/Student/.kiro/workspace-roots/regen-railway/src/pages/Alerts.tsx in 0417b5f3-03f5-4ced-9602-ddcb753e5abd","conversationId":"sess_0e234331-0804-49b2-b1a6-4ad458d727e5","turnId":"0417b5f3-03f5-4ced-9602-ddcb753e5abd","rootTurnId":"0417b5f3-03f5-4ced-9602-ddcb753e5abd"}
{"timestamp":"2026-08-24T15:29:03.015Z","level":"info","message":"[q-developer-converse] Sending GenerateAssistantResponse modelId=auto agentMode=vibe origin=AI_EDITOR streaming=true conversationId=sess_0e234331-0804-49b2-b1a6-4ad458d727e5","conversationId":"sess_0e234331-0804-49b2-b1a6-4ad458d727e5","turnId":"0417b5f3-03f5-4ced-9602-ddcb753e5abd","rootTurnId":"0417b5f3-03f5-4ced-9602-ddcb753e5abd"}
{"timestamp":"2026-08-24T15:29:03.031Z","level":"info","message":"[q-developer-converse] Request payload: 2826227 chars, 228 history messages, conversationId=sess_0e234331-0804-49b2-b1a6-4ad458d727e5","conversationId":"sess_0e234331-0804-49b2-b1a6-4ad458d727e5","turnId":"0417b5f3-03f5-4ced-9602-ddcb753e5abd","rootTurnId":"0417b5f3-03f5-4ced-9602-ddcb753e5abd"}
{"timestamp":"2026-08-24T15:29:03.053Z","level":"info","message":"fs.appendMessages.ok {\"system\":\"fs\",\"sessionId\":\"sess_0e234331-0804-49b2-b1a6-4ad458d727e5\",\"messageCount\":2,\"durationMs\":52}","conversationId":"sess_0e234331-0804-49b2-b1a6-4ad458d727e5","turnId":"0417b5f3-03f5-4ced-9602-ddcb753e5abd","rootTurnId":"0417b5f3-03f5-4ced-9602-ddcb753e5abd"}
{"timestamp":"2026-08-24T15:29:05.759Z","level":"info","message":"q-client-retry.retry-after-hint.applied {\"clampedDelay\":300000,\"rawHintMs\":300000,\"source\":\"modeled-header\"}","conversationId":"sess_0e234331-0804-49b2-b1a6-4ad458d727e5","turnId":"0417b5f3-03f5-4ced-9602-ddcb753e5abd","rootTurnId":"0417b5f3-03f5-4ced-9602-ddcb753e5abd"}
{"timestamp":"2026-08-24T15:31:05.997Z","level":"info","message":"network.listAvailableModels.ok {\"system\":\"network\",\"durationMs\":1623}"}
{"timestamp":"2026-08-24T15:31:05.997Z","level":"info","message":"[ACPModelConfigProvider] Loaded 9 models"}
{"timestamp":"2026-08-24T15:34:08.592Z","level":"error","message":"Failed to stream response chunks (inputSize=2826227, historyMessages=228) {\"$metadata\":{\"httpStatusCode\":400,\"requestId\":\"cb1bde39-1a5d-4194-bc4d-630133c53512\",\"attempts\":2,\"totalRetryDelay\":300000},\"$fault\":\"client\",\"$response\":{\"statusCode\":400,\"headers\":{}},\"name\":\"ServiceQuotaExceededException\",\"reason\":\"MONTHLY_REQUEST_COUNT\"}","conversationId":"sess_0e234331-0804-49b2-b1a6-4ad458d727e5","turnId":"0417b5f3-03f5-4ced-9602-ddcb753e5abd","rootTurnId":"0417b5f3-03f5-4ced-9602-ddcb753e5abd"}
{"timestamp":"2026-08-24T15:34:08.596Z","level":"error","message":"UsageLimitReachedError: Usage limit reached","conversationId":"sess_0e234331-0804-49b2-b1a6-4ad458d727e5","turnId":"0417b5f3-03f5-4ced-9602-ddcb753e5abd","rootTurnId":"0417b5f3-03f5-4ced-9602-ddcb753e5abd"}
{"timestamp":"2026-08-24T15:34:08.596Z","level":"info","message":"[Execution] Completed with error {\"requestId\":\"cb1bde39-1a5d-4194-bc4d-630133c53512\",\"streamPosition\":\"BeforeResponse\",\"emissions\":{\"text\":false,\"reasoning\":false,\"tool\":false,\"metering\":false,\"references\":false,\"contextUsage\":false,\"tokenMetadata\":false,\"stopReason\":false},\"name\":\"UsageLimitReachedError\",\"userMessage\":\"You've reached your monthly usage limit. Please return next month to continue building.\",\"cause\":{\"$metadata\":{\"httpStatusCode\":400,\"requestId\":\"cb1bde39-1a5d-4194-bc4d-630133c53512\",\"attempts\":2,\"totalRetryDelay\":300000},\"$fault\":\"client\",\"$response\":{\"statusCode\":400,\"headers\":{}},\"name\":\"ServiceQuotaExceededException\",\"reason\":\"MONTHLY_REQUEST_COUNT\"},\"pregelTaskId\":\"31a100b1-f1cc-570b-ae2a-641842435f39\",\"userFacingSessionErrorMessage\":\"You've reached your monthly usage limit. Please return next month to continue building. (Request ID: cb1bde39-1a5d-4194-bc4d-630133c53512)\"}","conversationId":"sess_0e234331-0804-49b2-b1a6-4ad458d727e5","turnId":"0417b5f3-03f5-4ced-9602-ddcb753e5abd","rootTurnId":"0417b5f3-03f5-4ced-9602-ddcb753e5abd"}
{"timestamp":"2026-08-24T15:34:08.597Z","level":"info","message":"[ACPEventAdapter] Execution failed {\"executionId\":\"0417b5f3-03f5-4ced-9602-ddcb753e5abd\"}","conversationId":"sess_0e234331-0804-49b2-b1a6-4ad458d727e5","turnId":"0417b5f3-03f5-4ced-9602-ddcb753e5abd","rootTurnId":"0417b5f3-03f5-4ced-9602-ddcb753e5abd"}
{"timestamp":"2026-08-24T15:34:08.601Z","level":"info","message":"fs.appendMessages.ok {\"system\":\"fs\",\"sessionId\":\"sess_0e234331-0804-49b2-b1a6-4ad458d727e5\",\"messageCount\":1,\"durationMs\":4}","conversationId":"sess_0e234331-0804-49b2-b1a6-4ad458d727e5","turnId":"0417b5f3-03f5-4ced-9602-ddcb753e5abd","rootTurnId":"0417b5f3-03f5-4ced-9602-ddcb753e5abd"}
{"timestamp":"2026-08-24T15:34:08.613Z","level":"info","message":"fs.appendMessages.ok {\"system\":\"fs\",\"sessionId\":\"sess_0e234331-0804-49b2-b1a6-4ad458d727e5\",\"messageCount\":3,\"durationMs\":11}","conversationId":"sess_0e234331-0804-49b2-b1a6-4ad458d727e5","turnId":"0417b5f3-03f5-4ced-9602-ddcb753e5abd","rootTurnId":"0417b5f3-03f5-4ced-9602-ddcb753e5abd"}
{"timestamp":"2026-08-24T15:34:08.619Z","level":"info","message":"[agent-controller] Progressing model queue {\"activeExecution\":false,\"queueSize\":0}","conversationId":"sess_0e234331-0804-49b2-b1a6-4ad458d727e5","turnId":"0417b5f3-03f5-4ced-9602-ddcb753e5abd","rootTurnId":"0417b5f3-03f5-4ced-9602-ddcb753e5abd"}
{"timestamp":"2026-08-24T15:34:08.620Z","level":"error","message":"[KiroAgent] Error processing prompt: {\"requestId\":\"cb1bde39-1a5d-4194-bc4d-630133c53512\",\"streamPosition\":\"BeforeResponse\",\"emissions\":{\"text\":false,\"reasoning\":false,\"tool\":false,\"metering\":false,\"references\":false,\"contextUsage\":false,\"tokenMetadata\":false,\"stopReason\":false},\"name\":\"UsageLimitReachedError\",\"userMessage\":\"You've reached your monthly usage limit. Please return next month to continue building.\",\"cause\":{\"$metadata\":{\"httpStatusCode\":400,\"requestId\":\"cb1bde39-1a5d-4194-bc4d-630133c53512\",\"attempts\":2,\"totalRetryDelay\":300000},\"$fault\":\"client\",\"$response\":{\"statusCode\":400,\"headers\":{}},\"name\":\"ServiceQuotaExceededException\",\"reason\":\"MONTHLY_REQUEST_COUNT\"},\"pregelTaskId\":\"31a100b1-f1cc-570b-ae2a-641842435f39\",\"userFacingSessionErrorMessage\":\"You've reached your monthly usage limit. Please return next month to continue building. (Request ID: cb1bde39-1a5d-4194-bc4d-630133c53512)\"}","conversationId":"sess_0e234331-0804-49b2-b1a6-4ad458d727e5"}
{"timestamp":"2026-08-24T15:34:08.635Z","level":"info","message":"[SessionPersistence] Updated metadata for session sess_0e234331-0804-49b2-b1a6-4ad458d727e5","conversationId":"sess_0e234331-0804-49b2-b1a6-4ad458d727e5","turnId":"0417b5f3-03f5-4ced-9602-ddcb753e5abd","rootTurnId":"0417b5f3-03f5-4ced-9602-ddcb753e5abd"}
{"timestamp":"2026-08-24T15:36:07.064Z","level":"info","message":"network.listAvailableModels.ok {\"system\":\"network\",\"durationMs\":1057}"}
{"timestamp":"2026-08-24T15:36:07.064Z","level":"info","message":"[ACPModelConfigProvider] Loaded 9 models"}
{"timestamp":"2026-08-24T15:41:08.577Z","level":"info","message":"network.listAvailableModels.ok {\"system\":\"network\",\"durationMs\":1513}"}
{"timestamp":"2026-08-24T15:41:08.577Z","level":"info","message":"[ACPModelConfigProvider] Loaded 9 models"}
{"timestamp":"2026-08-24T15:46:09.669Z","level":"info","message":"network.listAvailableModels.ok {\"system\":\"network\",\"durationMs\":1081}"}
{"timestamp":"2026-08-24T15:46:09.669Z","level":"info","message":"[ACPModelConfigProvider] Loaded 9 models"}
{"timestamp":"2026-08-24T15:51:11.114Z","level":"info","message":"network.listAvailableModels.ok {\"system\":\"network\",\"durationMs\":1444}"}
{"timestamp":"2026-08-24T15:51:11.114Z","level":"info","message":"[ACPModelConfigProvider] Loaded 9 models"}
{"timestamp":"2026-08-24T15:56:12.227Z","level":"info","message":"network.listAvailableModels.ok {\"system\":\"network\",\"durationMs\":1110}"}
{"timestamp":"2026-08-24T15:56:12.227Z","level":"info","message":"[ACPModelConfigProvider] Loaded 9 models"}
{"timestamp":"2026-08-24T16:01:13.676Z","level":"info","message":"network.listAvailableModels.ok {\"system\":\"network\",\"durationMs\":1434}"}
{"timestamp":"2026-08-24T16:01:13.676Z","level":"info","message":"[ACPModelConfigProvider] Loaded 9 models"}
{"timestamp":"2026-08-24T16:06:14.781Z","level":"info","message":"network.listAvailableModels.ok {\"system\":\"network\",\"durationMs\":1094}"}
{"timestamp":"2026-08-24T16:06:14.781Z","level":"info","message":"[ACPModelConfigProvider] Loaded 9 models"}
